Urun_ID,Ana_Kategori,Alt_Kategori,Marka,Model,Fiyat_TL,Kaynak_Site,Segment,Kullanim_Amaci,Ozellikler,Enerji_Sinifi,Renk,Garanti_Ay,Puan,Yorum_Sayisi,Stok_Durumu,Elektrikli_Mi
EV-00001,Akıllı Ev Sistemleri,Akıllı Sensör,Xiaomi,Xiaomi Akıllı Sensör XIA-AKI-0001,450,Trendyol,Üst,Günlük Kullanım,"Wi-Fi/Bluetooth, mobil uygulama, Siri Shortcuts uyumlu",C,Beyaz,12,4.1,12081,Hızlı teslimat,Evet
EV-00002,İçecek Hazırlama,Türk Kahve Makinesi,Arçelik,Arçelik Türk Kahve Makinesi ARÇ-TÜR-0002,1250,Trendyol,Orta,Pratik Kullanım,"1207 W, çelik gövde",C,Mor,24,4.4,449,Hızlı teslimat,Evet
EV-00003,Akıllı Ev Sistemleri,Akıllı Kamera,Tapo,Tapo Akıllı Kamera TAP-AKI-0003,10950,n11,Giriş,Akıllı Ev,"Wi-Fi/Bluetooth, mobil uygulama, Alexa uyumlu",A+,Gri,24,4.8,11453,Kampanyalı,Evet
EV-00004,İçecek Hazırlama,Su Isıtıcı & Kettle,Philips,Philips Su Isıtıcı & Kettle PHI-SU -0004,2800,Teknosa,Giriş,Ev Kullanımı,"888 W, çelik gövde",A,Beyaz,36,4.8,9906,Stokta var,Evet
EV-00005,Aydınlatma Ürünleri,LED Şerit,Cata,Cata LED Şerit CAT-LED-0005,4250,n11,Fiyat/Performans,Pratik Kullanım,"RGB, 6 W, dimmer destekli",C,Inox,24,4.2,3165,Stokta var,Evet
EV-00006,Mutfak,Blender,Bosch,Bosch Blender BOS-BLE-0006,1850,Teknosa,Premium,Günlük Kullanım,"1158 W, çelik bıçak",A++,Krem,24,4.3,5992,Az stok,Evet
EV-00007,Aydınlatma Ürünleri,Akıllı Ampul,Yeelight,Yeelight Akıllı Ampul YEE-AKI-0007,1800,MediaMarkt,Orta,Pratik Kullanım,"Wi-Fi/Bluetooth, mobil uygulama, Siri Shortcuts uyumlu",A++,Lacivert,24,4.3,10500,Az stok,Evet
EV-00008,İçecek Hazırlama,Türk Kahve Makinesi,Korkmaz,Korkmaz Türk Kahve Makinesi KOR-TÜR-0008,2700,Teknosa,Premium,Pratik Kullanım,"1444 W, otomatik kapanma",C,Turuncu,36,3.9,9307,Hızlı teslimat,Evet
EV-00009,Süpürgeler,Islak Kuru Süpürge,Arzum,Arzum Islak Kuru Süpürge ARZ-ISL-0009,5550,Amazon Türkiye,Orta,Pratik Kullanım,"2894 W motor, Siklon filtre, Kablolu",A+,Inox,24,4.5,4319,Hızlı teslimat,Evet
EV-00010,İçecek Hazırlama,Çay Makinesi,Schafer,Schafer Çay Makinesi SCH-ÇAY-0010,1000,Trendyol,Giriş,Ev Kullanımı,"2021 W, otomatik kapanma",A,Mor,12,4.6,11164,Hızlı teslimat,Evet
EV-00011,Aydınlatma Ürünleri,Masa & Gece Lambası,Baseus,Baseus Masa & Gece Lambası BAS-MAS-0011,3800,Amazon Türkiye,Giriş,Pratik Kullanım,"Sıcak beyaz, 29 W, dimmer destekli",C,Lacivert,24,4.7,11184,Kampanyalı,Evet
EV-00012,Isıtma & Soğutma,Kombi,Vaillant,Vaillant Kombi VAI-KOM-0012,40200,Amazon Türkiye,Giriş,Isıtma,"36 kW, yoğuşmalı, dijital ekran",A+++,Krem,12,4.9,4330,Az stok,Evet
EV-00013,Süpürgeler,Islak Kuru Süpürge,Arzum,Arzum Islak Kuru Süpürge ARZ-ISL-0013,21500,Vatan Bilgisayar,Orta,Günlük Kullanım,"2953 W motor, Siklon filtre, Kablolu",A+++,Beyaz,24,4.9,8704,Kampanyalı,Evet
EV-00014,Mutfak,Mikser,Arzum,Arzum Mikser ARZ-MIK-0014,2000,Hepsiburada,Fiyat/Performans,Günlük Kullanım,"1490 W, cam hazne",A++,Turuncu,12,3.9,7977,Az stok,Evet
EV-00015,Mutfak,Doğrayıcı & Rondo,Philips,Philips Doğrayıcı & Rondo PHI-DOĞ-0015,4350,Trendyol,Premium,Pratik Kullanım,"811 W, çoklu hız ayarı",A+,Mor,24,4.9,12389,Hızlı teslimat,Evet
EV-00016,Aydınlatma Ürünleri,Masa & Gece Lambası,Benks,Benks Masa & Gece Lambası BEN-MAS-0016,1050,Trendyol,Orta,Pratik Kullanım,"Ayarlanabilir beyaz, 12 W, dimmer destekli",B,Inox,24,3.9,359,Stokta var,Evet
EV-00017,Akıllı Ev Sistemleri,Akıllı Sensör,Xiaomi,Xiaomi Akıllı Sensör XIA-AKI-0017,1750,Hepsiburada,Giriş,Pratik Kullanım,"Wi-Fi/Bluetooth, mobil uygulama, Google Assistant uyumlu",A+,Turuncu,24,4.8,1175,Az stok,Evet
EV-00018,Akıllı Ev Sistemleri,Akıllı Priz,Wiz,Wiz Akıllı Priz WIZ-AKI-0018,3300,n11,Orta,Günlük Kullanım,"Wi-Fi/Bluetooth, mobil uygulama, Google Assistant uyumlu",A+++,Mor,24,4.4,6684,Hızlı teslimat,Evet
EV-00019,Isıtma & Soğutma,Vantilatör,Vantil,Vantil Vantilatör VAN-VAN-0019,1150,Hepsiburada,Giriş,Günlük Kullanım,"909 W, günlük kullanıma uygun, kompakt tasarım",A++,Inox,12,4.3,5574,Hızlı teslimat,Evet
EV-00020,Süpürgeler,Dikey Süpürge,Dreame,Dreame Dikey Süpürge DRE-DIK-0020,11850,MediaMarkt,Üst,Ev Temizliği,"2754 W motor, HEPA filtre, Kablosuz",C,Siyah,24,4.1,1250,Az stok,Evet
EV-00021,Süpürgeler,Toz Torbalı Süpürge,Beko,Beko Toz Torbalı Süpürge BEK-TOZ-0021,14100,Trendyol,Premium,Günlük Kullanım,"2052 W motor, HEPA filtre, Kablolu",A+,Turuncu,24,4.8,975,Hızlı teslimat,Evet
EV-00022,Evcil Hayvan Ürünleri,Akıllı Kedi Tuvaleti,Pawbby,Pawbby Akıllı Kedi Tuvaleti PAW-AKI-0022,43850,Trendyol,Premium,Günlük Kullanım,"Wi-Fi/Bluetooth, mobil uygulama, Siri Shortcuts uyumlu",C,Siyah,24,4.0,3581,Stokta var,Evet
EV-00023,İçecek Hazırlama,Espresso Kahve Makinesi,Krups,Krups Espresso Kahve Makinesi KRU-ESP-0023,26900,n11,Fiyat/Performans,Pratik Kullanım,"964 W, otomatik kapanma",A+++,Beyaz,24,4.4,946,Hızlı teslimat,Evet
EV-00024,Süpürgeler,Robot Süpürge,Anker,Anker Robot Süpürge ANK-ROB-0024,18100,Vatan Bilgisayar,Fiyat/Performans,Akıllı Ev,"Gyro navigasyon, 7281 Pa emiş, 170 dk çalışma",A+,Inox,24,3.8,1358,Az stok,Evet
EV-00025,Mutfak,Doğrayıcı & Rondo,Tefal,Tefal Doğrayıcı & Rondo TEF-DOĞ-0025,1300,MediaMarkt,Üst,Günlük Kullanım,"419 W, çelik bıçak",B,Beyaz,24,4.2,12333,Az stok,Evet
EV-00026,Hava Nemlendirici & Temizleyiciler,Hava Temizleyici & Nemlendirici,Xiaomi,Xiaomi Hava Temizleyici & Nemlendirici XIA-HAV-0026,11250,Hepsiburada,Üst,Ev Kullanımı,"HEPA H13 filtre, 48 m² etki alanı",Belirtilmemiş,Krem,12,4.9,6069,Stokta var,Evet
EV-00027,Evcil Hayvan Ürünleri,Akıllı Su Pınarı,Kiwi,Kiwi Akıllı Su Pınarı KIW-AKI-0027,4600,Trendyol,Giriş,Pratik Kullanım,"Wi-Fi/Bluetooth, mobil uygulama, Siri Shortcuts uyumlu",A++,Krem,24,4.1,1768,Az stok,Evet
EV-00028,Mutfak,Dondurma Makinesi,Karaca,Karaca Dondurma Makinesi KAR-DON-0028,20050,Vatan Bilgisayar,Üst,Günlük Kullanım,"1699 W, günlük kullanıma uygun, kompakt tasarım",A,Krem,24,4.4,847,Stokta var,Evet
EV-00029,Mutfak,Dondurma Makinesi,Karaca,Karaca Dondurma Makinesi KAR-DON-0029,18800,Trendyol,Üst,Pratik Kullanım,"1275 W, günlük kullanıma uygun, kompakt tasarım",B,Siyah,24,4.7,9053,Stokta var,Evet
EV-00030,Evcil Hayvan Ürünleri,Akıllı Kedi Tuvaleti,Xiaomi,Xiaomi Akıllı Kedi Tuvaleti XIA-AKI-0030,37900,n11,Giriş,Günlük Kullanım,"Wi-Fi/Bluetooth, mobil uygulama, Alexa uyumlu",A++,Siyah,24,4.2,9067,Kampanyalı,Evet
EV-00031,İçecek Hazırlama,Türk Kahve Makinesi,Karaca,Karaca Türk Kahve Makinesi KAR-TÜR-0031,2000,Amazon Türkiye,Orta,Ev Kullanımı,"2071 W, çelik gövde",A++,Inox,24,3.9,9188,Az stok,Evet
EV-00032,Isıtma & Soğutma,Vantilatör,Fakir,Fakir Vantilatör FAK-VAN-0032,2750,n11,Üst,Pratik Kullanım,"2060 W, günlük kullanıma uygun, kompakt tasarım",A++,Krem,24,4.9,10990,Stokta var,Evet
EV-00033,Ütüler,Buharlı Dikey Ütü,Philips,Philips Buharlı Dikey Ütü PHI-BUH-0033,13200,Trendyol,Orta,Ev Kullanımı,"2512 W, 93 g/dk buhar, kireç önleme",A++,Siyah,24,4.8,7556,Hızlı teslimat,Evet
EV-00034,Mutfak,Dondurma Makinesi,Arzum,Arzum Dondurma Makinesi ARZ-DON-0034,24600,n11,Giriş,Pratik Kullanım,"1218 W, günlük kullanıma uygun, kompakt tasarım",C,Lacivert,24,4.1,10525,Stokta var,Evet
EV-00035,Mutfak,Doğrayıcı & Rondo,Fakir,Fakir Doğrayıcı & Rondo FAK-DOĞ-0035,4200,Hepsiburada,Üst,Ev Kullanımı,"1042 W, çelik bıçak",B,Beyaz,36,3.9,7134,Az stok,Evet
EV-00036,Mutfak,Doğrayıcı & Rondo,Arzum,Arzum Doğrayıcı & Rondo ARZ-DOĞ-0036,5000,Hepsiburada,Premium,Pratik Kullanım,"803 W, çelik bıçak",A,Beyaz,24,4.4,8836,Kampanyalı,Evet
EV-00037,Evcil Hayvan Ürünleri,Akıllı Su Pınarı,Xiaomi,Xiaomi Akıllı Su Pınarı XIA-AKI-0037,4600,Teknosa,Fiyat/Performans,Ev Kullanımı,"Wi-Fi/Bluetooth, mobil uygulama, Siri Shortcuts uyumlu",A+,Gri,24,4.6,5359,Hızlı teslimat,Evet
EV-00038,Evcil Hayvan Ürünleri,Akıllı Su Pınarı,Trixie,Trixie Akıllı Su Pınarı TRI-AKI-0038,3000,Vatan Bilgisayar,Fiyat/Performans,Günlük Kullanım,"Wi-Fi/Bluetooth, mobil uygulama, Alexa uyumlu",A+,Inox,36,4.2,8992,Kampanyalı,Evet
EV-00039,Isıtma & Soğutma,Isıtıcı,Arzum,Arzum Isıtıcı ARZ-ISI-0039,6250,Vatan Bilgisayar,Orta,Günlük Kullanım,"1749 W, günlük kullanıma uygun, kompakt tasarım",A+++,Krem,12,4.4,12072,Kampanyalı,Evet
EV-00040,İçecek Hazırlama,Çay Makinesi,Schafer,Schafer Çay Makinesi SCH-ÇAY-0040,5500,Amazon Türkiye,Orta,Günlük Kullanım,"850 W, otomatik kapanma",A++,Turuncu,12,4.2,3277,Stokta var,Evet
EV-00041,Isıtma & Soğutma,Isıtıcı,Arzum,Arzum Isıtıcı ARZ-ISI-0041,8650,Trendyol,Fiyat/Performans,Ev Kullanımı,"1218 W, günlük kullanıma uygun, kompakt tasarım",A++,Gri,24,4.7,6306,Stokta var,Evet
EV-00042,Isıtma & Soğutma,Kombi,Vaillant,Vaillant Kombi VAI-KOM-0042,26000,MediaMarkt,Fiyat/Performans,Isıtma,"34 kW, yoğuşmalı, dijital ekran",A++,Turuncu,12,3.9,4097,Kampanyalı,Evet
EV-00043,Isıtma & Soğutma,Şofben & Termosifon,Demirdöküm,Demirdöküm Şofben & Termosifon DEM-ŞOF-0043,23350,MediaMarkt,Fiyat/Performans,Ev Kullanımı,"725 W, günlük kullanıma uygun, kompakt tasarım",C,Turuncu,36,4.8,8991,Kampanyalı,Evet
EV-00044,Mutfak,Mikser,Karaca,Karaca Mikser KAR-MIK-0044,2250,MediaMarkt,Fiyat/Performans,Ev Kullanımı,"558 W, çoklu hız ayarı",A+,Inox,24,4.6,4514,Kampanyalı,Evet
EV-00045,Mutfak,Su Arıtma,Aqua,Aqua Su Arıtma AQU-SU -0045,3550,Trendyol,Orta,Günlük Kullanım,"1846 W, günlük kullanıma uygun, kompakt tasarım",A++,Beyaz,36,4.1,11384,Hızlı teslimat,Evet
EV-00046,Mutfak,Dondurma Makinesi,Yonanas,Yonanas Dondurma Makinesi YON-DON-0046,14400,Hepsiburada,Premium,Ev Kullanımı,"1976 W, günlük kullanıma uygun, kompakt tasarım",B,Siyah,12,4.0,6898,Hızlı teslimat,Evet
EV-00047,Hava Nemlendirici & Temizleyiciler,Hava Temizleyici,Xiaomi,Xiaomi Hava Temizleyici XIA-HAV-0047,20500,n11,Üst,Alerji,"Aktif karbon filtre, 34 m² etki alanı",A+,Mor,36,4.3,6880,Stokta var,Evet
EV-00048,Ütüler,Buharlı Dikey Ütü,Arzum,Arzum Buharlı Dikey Ütü ARZ-BUH-0048,11550,n11,Orta,Pratik Kullanım,"2746 W, 41 g/dk buhar, kireç önleme",A,Siyah,24,4.4,2106,Hızlı teslimat,Evet
EV-00049,Süpürgeler,Dikey Süpürge,Bosch,Bosch Dikey Süpürge BOS-DIK-0049,26100,Hepsiburada,Orta,Hızlı Temizlik,"2362 W motor, Siklon filtre, Kablolu",Belirtilmemiş,Mor,24,4.1,5378,Hızlı teslimat,Evet
EV-00050,Mutfak,Doğrayıcı & Rondo,Arzum,Arzum Doğrayıcı & Rondo ARZ-DOĞ-0050,3500,Amazon Türkiye,Giriş,Günlük Kullanım,"540 W, çoklu hız ayarı",A+++,Siyah,24,4.4,5748,Az stok,Evet
EV-00051,İçecek Hazırlama,Filtre Kahve Makinesi,Grundig,Grundig Filtre Kahve Makinesi GRU-FIL-0051,1750,Trendyol,Orta,Pratik Kullanım,"1246 W, ısı ayarı",C,Krem,24,4.4,1889,Az stok,Evet
EV-00052,Akıllı Ev Sistemleri,Akıllı Kapı Zili,Imou,Imou Akıllı Kapı Zili IMO-AKI-0052,10750,n11,Giriş,Günlük Kullanım,"Wi-Fi/Bluetooth, mobil uygulama, Siri Shortcuts uyumlu",A+++,Krem,12,4.8,5111,Hızlı teslimat,Evet
EV-00053,Isıtma & Soğutma,Klima,Beko,Beko Klima BEK-KLI-0053,22750,Amazon Türkiye,Fiyat/Performans,Soğutma,"18000 BTU, inverter, Wi-Fi var",Belirtilmemiş,Siyah,24,4.8,3993,Hızlı teslimat,Evet
EV-00054,Evcil Hayvan Ürünleri,Akıllı Su Pınarı,Pawise,Pawise Akıllı Su Pınarı PAW-AKI-0054,1650,Amazon Türkiye,Fiyat/Performans,Ev Kullanımı,"Wi-Fi/Bluetooth, mobil uygulama, Google Assistant uyumlu",A,Lacivert,36,4.2,6897,Az stok,Evet
EV-00055,Isıtma & Soğutma,Kombi,Vaillant,Vaillant Kombi VAI-KOM-0055,54550,Amazon Türkiye,Fiyat/Performans,Sıcak Su,"34 kW, yoğuşmalı, dijital ekran",A,Krem,24,4.1,8832,Az stok,Evet
EV-00056,İçecek Hazırlama,Çay Makinesi,Karaca,Karaca Çay Makinesi KAR-ÇAY-0056,3550,n11,Orta,Pratik Kullanım,"1576 W, ısı ayarı",A+++,Turuncu,24,4.4,10014,Az stok,Evet
EV-00057,Hava Nemlendirici & Temizleyiciler,Hava Nemlendirici,Philips,Philips Hava Nemlendirici PHI-HAV-0057,5300,Teknosa,Üst,Pratik Kullanım,"Aktif karbon filtre, 55 m² etki alanı",A+++,Inox,24,4.1,9782,Az stok,Evet
EV-00058,Isıtma & Soğutma,Vantilatör,Vantil,Vantil Vantilatör VAN-VAN-0058,7600,Amazon Türkiye,Orta,Ev Kullanımı,"1317 W, günlük kullanıma uygun, kompakt tasarım",Belirtilmemiş,Siyah,24,4.4,11677,Kampanyalı,Evet
EV-00059,Mutfak,Blender,Fakir,Fakir Blender FAK-BLE-0059,3700,Amazon Türkiye,Üst,Pratik Kullanım,"1487 W, çelik bıçak",A,Lacivert,24,4.5,7768,Hızlı teslimat,Evet
EV-00060,Mutfak,Tost Makinesi,Tefal,Tefal Tost Makinesi TEF-TOS-0060,3900,Hepsiburada,Orta,Günlük Kullanım,"1921 W, günlük kullanıma uygun, kompakt tasarım",B,Gri,24,4.7,5184,Az stok,Evet
EV-00061,Hava Nemlendirici & Temizleyiciler,Hava Temizleyici,Dyson,Dyson Hava Temizleyici DYS-HAV-0061,32650,Vatan Bilgisayar,Fiyat/Performans,Alerji,"Aktif karbon filtre, 34 m² etki alanı",A+,Gri,24,4.1,1662,Stokta var,Evet
EV-00062,Aydınlatma Ürünleri,Akıllı Ampul,Xiaomi,Xiaomi Akıllı Ampul XIA-AKI-0062,2000,Hepsiburada,Giriş,Günlük Kullanım,"Wi-Fi/Bluetooth, mobil uygulama, Siri Shortcuts uyumlu",Belirtilmemiş,Turuncu,24,4.5,11441,Stokta var,Evet
EV-00063,Akıllı Ev Sistemleri,Akıllı Priz,Tapo,Tapo Akıllı Priz TAP-AKI-0063,3300,MediaMarkt,Premium,Ev Kullanımı,"Wi-Fi/Bluetooth, mobil uygulama, Alexa uyumlu",A+++,Beyaz,36,4.2,856,Hızlı teslimat,Evet
EV-00064,İçecek Hazırlama,Kapsüllü Kahve Makinesi,Bosch,Bosch Kapsüllü Kahve Makinesi BOS-KAP-0064,3550,Trendyol,Orta,Günlük Kullanım,"1308 W, otomatik kapanma",B,Mor,12,4.8,4993,Az stok,Evet
EV-00065,Aydınlatma Ürünleri,Masa & Gece Lambası,Benks,Benks Masa & Gece Lambası BEN-MAS-0065,3150,Teknosa,Premium,Ev Kullanımı,"Ayarlanabilir beyaz, 24 W, dimmer destekli",A+++,Beyaz,24,4.8,7040,Az stok,Evet
EV-00066,Mutfak,Doğrayıcı & Rondo,Bosch,Bosch Doğrayıcı & Rondo BOS-DOĞ-0066,1000,Trendyol,Orta,Günlük Kullanım,"405 W, çelik bıçak",A,Turuncu,24,4.0,1244,Stokta var,Evet
EV-00067,Mutfak,Blender,Arzum,Arzum Blender ARZ-BLE-0067,4200,Hepsiburada,Premium,Pratik Kullanım,"805 W, çelik bıçak",A+++,Inox,24,4.6,4349,Kampanyalı,Evet
EV-00068,Süpürgeler,Islak Kuru Süpürge,Karcher,Karcher Islak Kuru Süpürge KAR-ISL-0068,3500,n11,Orta,Pratik Kullanım,"1682 W motor, Siklon filtre, Kablosuz",A,Krem,36,4.2,12285,Kampanyalı,Evet
EV-00069,Hava Nemlendirici & Temizleyiciler,Hava Temizleyici & Nemlendirici,Levoit,Levoit Hava Temizleyici & Nemlendirici LEV-HAV-0069,26900,Vatan Bilgisayar,Giriş,Pratik Kullanım,"Aktif karbon filtre, 58 m² etki alanı",A+,Siyah,24,3.8,7093,Az stok,Evet
EV-00070,Evcil Hayvan Ürünleri,Kedi Köpek Tıraş Makinesi,Pawise,Pawise Kedi Köpek Tıraş Makinesi PAW-KED-0070,750,Vatan Bilgisayar,Üst,Günlük Kullanım,"1363 W, günlük kullanıma uygun, kompakt tasarım",B,Turuncu,24,3.8,12405,Az stok,Evet
EV-00071,Akıllı Ev Sistemleri,Akıllı Kamera,Ezviz,Ezviz Akıllı Kamera EZV-AKI-0071,8700,Hepsiburada,Premium,Akıllı Ev,"Wi-Fi/Bluetooth, mobil uygulama, Alexa uyumlu",C,Beyaz,24,4.4,6705,Kampanyalı,Evet
EV-00072,Isıtma & Soğutma,Vantilatör,Rowenta,Rowenta Vantilatör ROW-VAN-0072,6800,Amazon Türkiye,Üst,Pratik Kullanım,"475 W, günlük kullanıma uygun, kompakt tasarım",A,Beyaz,24,4.9,12475,Kampanyalı,Evet
EV-00073,Mutfak,Su Arıtma,Arçelik,Arçelik Su Arıtma ARÇ-SU -0073,21250,n11,Premium,Pratik Kullanım,"2180 W, günlük kullanıma uygun, kompakt tasarım",B,Turuncu,36,4.4,33,Stokta var,Evet
EV-00074,Süpürgeler,Halı Yıkama Makinesi,Arnica,Arnica Halı Yıkama Makinesi ARN-HAL-0074,13750,n11,Fiyat/Performans,Günlük Kullanım,"816 W, günlük kullanıma uygun, kompakt tasarım",A+,Gri,24,4.4,7257,Hızlı teslimat,Evet
EV-00075,Evcil Hayvan Ürünleri,Akıllı Kedi Tuvaleti,Pura,Pura Akıllı Kedi Tuvaleti PUR-AKI-0075,16200,Amazon Türkiye,Giriş,Pratik Kullanım,"Wi-Fi/Bluetooth, mobil uygulama, Google Assistant uyumlu",A+,Siyah,12,4.5,3935,Hızlı teslimat,Evet
EV-00076,İçecek Hazırlama,Çay Makinesi,Beko,Beko Çay Makinesi BEK-ÇAY-0076,1400,Hepsiburada,Premium,Ev Kullanımı,"1397 W, çelik gövde",C,Krem,36,4.6,2537,Hızlı teslimat,Evet
EV-00077,Hava Nemlendirici & Temizleyiciler,Hava Temizleyici,Philips,Philips Hava Temizleyici PHI-HAV-0077,25850,Trendyol,Fiyat/Performans,Alerji,"HEPA H13 filtre, 37 m² etki alanı",Belirtilmemiş,Mor,24,4.3,9835,Kampanyalı,Evet
EV-00078,İçecek Hazırlama,Kahve Makinesi,Beko,Beko Kahve Makinesi BEK-KAH-0078,4700,Vatan Bilgisayar,Fiyat/Performans,Günlük Kullanım,"1714 W, çelik gövde",A,Lacivert,24,5.0,8037,Hızlı teslimat,Evet
EV-00079,Isıtma & Soğutma,Isıtıcı,Fakir,Fakir Isıtıcı FAK-ISI-0079,3000,Vatan Bilgisayar,Orta,Günlük Kullanım,"1051 W, günlük kullanıma uygun, kompakt tasarım",C,Turuncu,36,4.3,6745,Hızlı teslimat,Evet
EV-00080,Evcil Hayvan Ürünleri,Akıllı Su Pınarı,Petkit,Petkit Akıllı Su Pınarı PET-AKI-0080,7100,Trendyol,Giriş,Ev Kullanımı,"Wi-Fi/Bluetooth, mobil uygulama, Google Assistant uyumlu",Belirtilmemiş,Turuncu,24,4.4,9684,Hızlı teslimat,Evet
EV-00081,İçecek Hazırlama,Kahve Makinesi,Delonghi,Delonghi Kahve Makinesi DEL-KAH-0081,2700,n11,Premium,Günlük Kullanım,"1761 W, ısı ayarı",A+,Mor,24,4.6,2544,Kampanyalı,Evet
EV-00082,Evcil Hayvan Ürünleri,Kedi Köpek Tıraş Makinesi,Pawise,Pawise Kedi Köpek Tıraş Makinesi PAW-KED-0082,5350,Amazon Türkiye,Üst,Ev Kullanımı,"2186 W, günlük kullanıma uygun, kompakt tasarım",B,Siyah,12,4.7,12457,Stokta var,Evet
EV-00083,Mutfak,Mikser,Karaca,Karaca Mikser KAR-MIK-0083,4850,Trendyol,Üst,Günlük Kullanım,"605 W, çelik bıçak",A++,Krem,24,4.7,7125,Stokta var,Evet
EV-00084,Mutfak,Su Arıtma,Arçelik,Arçelik Su Arıtma ARÇ-SU -0084,9000,Teknosa,Üst,Pratik Kullanım,"1243 W, günlük kullanıma uygun, kompakt tasarım",B,Gri,24,4.3,4015,Az stok,Evet
EV-00085,İçecek Hazırlama,Çay Makinesi,Fakir,Fakir Çay Makinesi FAK-ÇAY-0085,3100,Amazon Türkiye,Fiyat/Performans,Günlük Kullanım,"1275 W, ısı ayarı",C,Krem,36,4.1,9569,Kampanyalı,Evet
EV-00086,Evcil Hayvan Ürünleri,Akıllı Su Pınarı,Xiaomi,Xiaomi Akıllı Su Pınarı XIA-AKI-0086,6750,Amazon Türkiye,Üst,Ev Kullanımı,"Wi-Fi/Bluetooth, mobil uygulama, Alexa uyumlu",B,Krem,36,4.5,1225,Kampanyalı,Evet
EV-00087,Isıtma & Soğutma,Isıtıcı,Fakir,Fakir Isıtıcı FAK-ISI-0087,3100,n11,Premium,Ev Kullanımı,"1571 W, günlük kullanıma uygun, kompakt tasarım",A+,Krem,24,4.4,3901,Stokta var,Evet
EV-00088,Evcil Hayvan Ürünleri,Akıllı Su Pınarı,Trixie,Trixie Akıllı Su Pınarı TRI-AKI-0088,4300,Vatan Bilgisayar,Giriş,Günlük Kullanım,"Wi-Fi/Bluetooth, mobil uygulama, Siri Shortcuts uyumlu",C,Turuncu,24,4.8,12215,Az stok,Evet
EV-00089,Akıllı Ev Sistemleri,Akıllı Kapı Zili,Ring,Ring Akıllı Kapı Zili RIN-AKI-0089,4000,Vatan Bilgisayar,Orta,Pratik Kullanım,"Wi-Fi/Bluetooth, mobil uygulama, Siri Shortcuts uyumlu",C,Gri,24,4.1,12394,Stokta var,Evet
EV-00090,Mutfak,Meyve Sıkacağı,Fakir,Fakir Meyve Sıkacağı FAK-MEY-0090,1300,Teknosa,Fiyat/Performans,Ev Kullanımı,"1069 W, çoklu hız ayarı",A,Gri,24,4.7,1491,Az stok,Evet
EV-00091,Aydınlatma Ürünleri,Akıllı Ampul,TP-Link,TP-Link Akıllı Ampul TP--AKI-0091,3450,n11,Üst,Ev Kullanımı,"Wi-Fi/Bluetooth, mobil uygulama, Siri Shortcuts uyumlu",Belirtilmemiş,Lacivert,24,4.0,7909,Hızlı teslimat,Evet
EV-00092,İçecek Hazırlama,Kapsüllü Kahve Makinesi,Tchibo,Tchibo Kapsüllü Kahve Makinesi TCH-KAP-0092,7950,n11,Premium,Günlük Kullanım,"1608 W, otomatik kapanma",A+,Beyaz,36,4.8,6007,Kampanyalı,Evet
EV-00093,Evcil Hayvan Ürünleri,Kedi Köpek Tıraş Makinesi,Trixie,Trixie Kedi Köpek Tıraş Makinesi TRI-KED-0093,5350,Hepsiburada,Üst,Günlük Kullanım,"1668 W, günlük kullanıma uygun, kompakt tasarım",B,Lacivert,12,4.6,7739,Az stok,Evet
EV-00094,Evcil Hayvan Ürünleri,Otomatik Mama Kabı,Xiaomi,Xiaomi Otomatik Mama Kabı XIA-OTO-0094,17450,Amazon Türkiye,Premium,Günlük Kullanım,"686 W, günlük kullanıma uygun, kompakt tasarım",A+++,Siyah,24,4.2,6704,Hızlı teslimat,Evet
EV-00095,Süpürgeler,Robot Süpürge,Roborock,Roborock Robot Süpürge ROB-ROB-0095,17500,Trendyol,Fiyat/Performans,Evcil Hayvanlı Ev,"Gyro navigasyon, 6925 Pa emiş, 197 dk çalışma",B,Gri,36,4.3,6093,Stokta var,Evet
EV-00096,Hava Nemlendirici & Temizleyiciler,Hava Nemlendirici,Fakir,Fakir Hava Nemlendirici FAK-HAV-0096,6000,Hepsiburada,Üst,Ev Kullanımı,"Aktif karbon filtre, 80 m² etki alanı",A++,Lacivert,24,4.6,3574,Kampanyalı,Evet
EV-00097,Aydınlatma Ürünleri,Akıllı Ampul,Yeelight,Yeelight Akıllı Ampul YEE-AKI-0097,2500,MediaMarkt,Giriş,Ev Kullanımı,"Wi-Fi/Bluetooth, mobil uygulama, Google Assistant uyumlu",C,Inox,12,4.1,2016,Stokta var,Evet
EV-00098,İçecek Hazırlama,Espresso Kahve Makinesi,Siemens,Siemens Espresso Kahve Makinesi SIE-ESP-0098,14950,n11,Orta,Pratik Kullanım,"1224 W, çelik gövde",A++,Inox,24,4.5,1139,Az stok,Evet
EV-00099,Akıllı Ev Sistemleri,Akıllı Kapı Zili,Xiaomi,Xiaomi Akıllı Kapı Zili XIA-AKI-0099,4700,Trendyol,Orta,Günlük Kullanım,"Wi-Fi/Bluetooth, mobil uygulama, Siri Shortcuts uyumlu",Belirtilmemiş,Siyah,24,4.4,2873,Stokta var,Evet
EV-00100,Ütüler,Buharlı Ütü,Tefal,Tefal Buharlı Ütü TEF-BUH-0100,4800,Trendyol,Giriş,Pratik Kullanım,"2631 W, 169 g/dk buhar, kireç önleme",A+++,Beyaz,36,4.1,2091,Hızlı teslimat,Evet
EV-00101,Ütüler,Buhar Kazanlı Ütü,Arçelik,Arçelik Buhar Kazanlı Ütü ARÇ-BUH-0101,18150,MediaMarkt,Giriş,Günlük Kullanım,"2944 W, 168 g/dk buhar, kireç önleme",A+,Turuncu,24,4.4,10092,Stokta var,Evet
EV-00102,Hava Nemlendirici & Temizleyiciler,Hava Temizleyici,Levoit,Levoit Hava Temizleyici LEV-HAV-0102,24300,MediaMarkt,Giriş,Alerji,"HEPA H13 filtre, 40 m² etki alanı",B,Gri,24,4.7,7282,Az stok,Evet
EV-00103,Mutfak,Tost Makinesi,Korkmaz,Korkmaz Tost Makinesi KOR-TOS-0103,7700,MediaMarkt,Üst,Ev Kullanımı,"1329 W, günlük kullanıma uygun, kompakt tasarım",B,Mor,24,5.0,8707,Stokta var,Evet
EV-00104,Evcil Hayvan Ürünleri,Otomatik Mama Kabı,Petcube,Petcube Otomatik Mama Kabı PET-OTO-0104,6700,MediaMarkt,Premium,Ev Kullanımı,"2094 W, günlük kullanıma uygun, kompakt tasarım",A,Mor,36,4.9,6794,Stokta var,Evet
EV-00105,Mutfak,Su Arıtma,Brita,Brita Su Arıtma BRI-SU -0105,9500,Teknosa,Üst,Ev Kullanımı,"537 W, günlük kullanıma uygun, kompakt tasarım",A+++,Beyaz,24,4.9,11267,Hızlı teslimat,Evet
EV-00106,İçecek Hazırlama,Su Isıtıcı & Kettle,Tefal,Tefal Su Isıtıcı & Kettle TEF-SU -0106,2750,Vatan Bilgisayar,Orta,Pratik Kullanım,"1475 W, çelik gövde",A+++,Mor,24,3.9,9216,Hızlı teslimat,Evet
EV-00107,İçecek Hazırlama,Espresso Kahve Makinesi,Siemens,Siemens Espresso Kahve Makinesi SIE-ESP-0107,33200,Teknosa,Üst,Günlük Kullanım,"1116 W, çelik gövde",A,Inox,24,3.9,8328,Kampanyalı,Evet
EV-00108,Aydınlatma Ürünleri,LED Şerit,Cata,Cata LED Şerit CAT-LED-0108,950,Vatan Bilgisayar,Üst,Pratik Kullanım,"Ayarlanabilir beyaz, 24 W, dimmer destekli",C,Siyah,12,4.1,7045,Kampanyalı,Evet
EV-00109,İçecek Hazırlama,Filtre Kahve Makinesi,Tefal,Tefal Filtre Kahve Makinesi TEF-FIL-0109,2500,Teknosa,Üst,Günlük Kullanım,"1959 W, çelik gövde",A,Beyaz,24,4.2,2987,Stokta var,Evet
EV-00110,İçecek Hazırlama,Çay Makinesi,Korkmaz,Korkmaz Çay Makinesi KOR-ÇAY-0110,4050,MediaMarkt,Orta,Günlük Kullanım,"1557 W, ısı ayarı",C,Lacivert,12,4.3,5600,Stokta var,Evet
EV-00111,İçecek Hazırlama,Espresso Kahve Makinesi,Philips,Philips Espresso Kahve Makinesi PHI-ESP-0111,10550,Hepsiburada,Fiyat/Performans,Ev Kullanımı,"2155 W, ısı ayarı",A,Turuncu,36,4.6,4473,Kampanyalı,Evet
EV-00112,Süpürgeler,Koltuk Yıkama Makinesi,Kiwi,Kiwi Koltuk Yıkama Makinesi KIW-KOL-0112,6400,MediaMarkt,Üst,Pratik Kullanım,"1614 W, günlük kullanıma uygun, kompakt tasarım",A,Krem,24,3.9,11126,Az stok,Evet
EV-00113,Isıtma & Soğutma,Klima,Daikin,Daikin Klima DAI-KLI-0113,15750,Teknosa,Orta,Isıtma,"18000 BTU, inverter, Wi-Fi yok",A+++,Siyah,36,4.9,2263,Hızlı teslimat,Evet
EV-00114,Süpürgeler,Toz Torbasız Süpürge,Bosch,Bosch Toz Torbasız Süpürge BOS-TOZ-0114,11200,Amazon Türkiye,Fiyat/Performans,Pratik Kullanım,"1950 W motor, HEPA filtre, Kablolu",Belirtilmemiş,Siyah,36,4.1,9169,Stokta var,Evet
EV-00115,Isıtma & Soğutma,Isıtıcı,Ufo,Ufo Isıtıcı UFO-ISI-0115,4600,MediaMarkt,Fiyat/Performans,Pratik Kullanım,"1255 W, günlük kullanıma uygun, kompakt tasarım",A+,Beyaz,36,4.5,11639,Stokta var,Evet
EV-00116,Mutfak,Su Arıtma,Beko,Beko Su Arıtma BEK-SU -0116,22000,MediaMarkt,Fiyat/Performans,Günlük Kullanım,"1294 W, günlük kullanıma uygun, kompakt tasarım",Belirtilmemiş,Beyaz,24,4.8,5943,Hızlı teslimat,Evet
EV-00117,Akıllı Ev Sistemleri,Akıllı Kamera,Ezviz,Ezviz Akıllı Kamera EZV-AKI-0117,7300,MediaMarkt,Giriş,Akıllı Ev,"Wi-Fi/Bluetooth, mobil uygulama, Google Assistant uyumlu",A+,Gri,24,4.8,12234,Stokta var,Evet
EV-00118,Aydınlatma Ürünleri,Masa & Gece Lambası,Ikea,Ikea Masa & Gece Lambası IKE-MAS-0118,1500,Teknosa,Üst,Günlük Kullanım,"RGB, 8 W, dimmer destekli",A++,Krem,24,4.7,10589,Az stok,Evet
EV-00119,Akıllı Ev Sistemleri,Akıllı Kapı Zili,Ezviz,Ezviz Akıllı Kapı Zili EZV-AKI-0119,10900,Trendyol,Giriş,Ev Kullanımı,"Wi-Fi/Bluetooth, mobil uygulama, Alexa uyumlu",Belirtilmemiş,Turuncu,12,4.9,10303,Kampanyalı,Evet
EV-00120,Akıllı Ev Sistemleri,Akıllı Sensör,Tapo,Tapo Akıllı Sensör TAP-AKI-0120,1250,Hepsiburada,Premium,Ev Kullanımı,"Wi-Fi/Bluetooth, mobil uygulama, Alexa uyumlu",B,Siyah,24,4.4,10359,Stokta var,Evet
EV-00121,Mutfak,Meyve Sıkacağı,Fakir,Fakir Meyve Sıkacağı FAK-MEY-0121,6650,Hepsiburada,Giriş,Günlük Kullanım,"584 W, çoklu hız ayarı",B,Mor,36,4.2,4718,Stokta var,Evet
EV-00122,Isıtma & Soğutma,Şofben & Termosifon,Demirdöküm,Demirdöküm Şofben & Termosifon DEM-ŞOF-0122,19150,Teknosa,Orta,Günlük Kullanım,"526 W, günlük kullanıma uygun, kompakt tasarım",A,Beyaz,24,4.5,8229,Stokta var,Evet
EV-00123,Hava Nemlendirici & Temizleyiciler,Hava Temizleyici & Nemlendirici,Philips,Philips Hava Temizleyici & Nemlendirici PHI-HAV-0123,6500,Amazon Türkiye,Orta,Pratik Kullanım,"UV-C filtre, 59 m² etki alanı",A++,Lacivert,24,4.3,7214,Kampanyalı,Evet
EV-00124,Ütüler,Buharlı Dikey Ütü,Fakir,Fakir Buharlı Dikey Ütü FAK-BUH-0124,9850,Hepsiburada,Fiyat/Performans,Ev Kullanımı,"2267 W, 119 g/dk buhar, kireç önleme",A+++,Mor,24,4.7,10620,Kampanyalı,Evet
EV-00125,Evcil Hayvan Ürünleri,Akıllı Su Pınarı,Kiwi,Kiwi Akıllı Su Pınarı KIW-AKI-0125,2700,Hepsiburada,Üst,Ev Kullanımı,"Wi-Fi/Bluetooth, mobil uygulama, Alexa uyumlu",C,Mor,24,4.5,2332,Stokta var,Evet
EV-00126,Mutfak,Meyve Sıkacağı,Karaca,Karaca Meyve Sıkacağı KAR-MEY-0126,5700,n11,Üst,Pratik Kullanım,"1478 W, cam hazne",C,Mor,12,4.0,11530,Kampanyalı,Evet
EV-00127,İçecek Hazırlama,Filtre Kahve Makinesi,Russell Hobbs,Russell Hobbs Filtre Kahve Makinesi RUS-FIL-0127,2750,Trendyol,Orta,Günlük Kullanım,"1263 W, otomatik kapanma",A++,Beyaz,24,4.2,7982,Stokta var,Evet
EV-00128,Hava Nemlendirici & Temizleyiciler,Hava Temizleyici & Nemlendirici,Dyson,Dyson Hava Temizleyici & Nemlendirici DYS-HAV-0128,38350,n11,Üst,Ev Kullanımı,"HEPA H13 filtre, 30 m² etki alanı",A++,Gri,36,4.5,9800,Stokta var,Evet
EV-00129,Isıtma & Soğutma,Vantilatör,Raks,Raks Vantilatör RAK-VAN-0129,3500,Vatan Bilgisayar,Premium,Ev Kullanımı,"879 W, günlük kullanıma uygun, kompakt tasarım",B,Inox,24,4.1,12279,Hızlı teslimat,Evet
EV-00130,Süpürgeler,Halı Yıkama Makinesi,Arzum,Arzum Halı Yıkama Makinesi ARZ-HAL-0130,21850,MediaMarkt,Fiyat/Performans,Ev Kullanımı,"1429 W, günlük kullanıma uygun, kompakt tasarım",B,Mor,24,4.4,4631,Az stok,Evet
EV-00131,Akıllı Ev Sistemleri,Akıllı Kapı Zili,Ezviz,Ezviz Akıllı Kapı Zili EZV-AKI-0131,12350,Hepsiburada,Üst,Pratik Kullanım,"Wi-Fi/Bluetooth, mobil uygulama, Google Assistant uyumlu",C,Beyaz,24,4.6,6096,Stokta var,Evet
EV-00132,Süpürgeler,Toz Torbalı Süpürge,Arçelik,Arçelik Toz Torbalı Süpürge ARÇ-TOZ-0132,13200,Trendyol,Fiyat/Performans,Günlük Kullanım,"2347 W motor, Siklon filtre, Kablosuz",A,Siyah,36,4.8,1517,Kampanyalı,Evet
EV-00133,Mutfak,Mikser,Philips,Philips Mikser PHI-MIK-0133,1000,Trendyol,Üst,Pratik Kullanım,"1086 W, cam hazne",A++,Siyah,24,3.8,1638,Hızlı teslimat,Evet
EV-00134,Evcil Hayvan Ürünleri,Akıllı Kedi Tuvaleti,Xiaomi,Xiaomi Akıllı Kedi Tuvaleti XIA-AKI-0134,48850,MediaMarkt,Premium,Günlük Kullanım,"Wi-Fi/Bluetooth, mobil uygulama, Alexa uyumlu",A++,Gri,12,4.5,1313,Hızlı teslimat,Evet
EV-00135,Süpürgeler,Robot Süpürge,Philips,Philips Robot Süpürge PHI-ROB-0135,20250,Teknosa,Orta,Akıllı Ev,"Gyro navigasyon, 7602 Pa emiş, 207 dk çalışma",A+++,Beyaz,36,3.9,3921,Stokta var,Evet
EV-00136,Akıllı Ev Sistemleri,Akıllı Sensör,Bosch,Bosch Akıllı Sensör BOS-AKI-0136,3950,Amazon Türkiye,Orta,Günlük Kullanım,"Wi-Fi/Bluetooth, mobil uygulama, Siri Shortcuts uyumlu",A+,Inox,12,4.0,7047,Hızlı teslimat,Evet
EV-00137,Süpürgeler,Toz Torbasız Süpürge,Rowenta,Rowenta Toz Torbasız Süpürge ROW-TOZ-0137,3650,Teknosa,Fiyat/Performans,Pratik Kullanım,"2578 W motor, Yıkanabilir filtre, Kablosuz",A,Turuncu,24,3.9,8633,Hızlı teslimat,Evet
EV-00138,Ütüler,Buhar Kazanlı Ütü,Braun,Braun Buhar Kazanlı Ütü BRA-BUH-0138,22100,Teknosa,Giriş,Günlük Kullanım,"2950 W, 61 g/dk buhar, kireç önleme",Belirtilmemiş,Lacivert,24,4.7,5664,Stokta var,Evet
EV-00139,Ütüler,Buharlı Ütü,Fakir,Fakir Buharlı Ütü FAK-BUH-0139,5000,n11,Orta,Pratik Kullanım,"2690 W, 81 g/dk buhar, kireç önleme",Belirtilmemiş,Gri,24,4.7,7627,Hızlı teslimat,Evet
EV-00140,İçecek Hazırlama,Türk Kahve Makinesi,Karaca,Karaca Türk Kahve Makinesi KAR-TÜR-0140,1950,n11,Giriş,Ev Kullanımı,"1435 W, çelik gövde",A,Turuncu,24,4.0,701,Stokta var,Evet
EV-00141,Evcil Hayvan Ürünleri,Otomatik Mama Kabı,Petkit,Petkit Otomatik Mama Kabı PET-OTO-0141,8500,n11,Üst,Ev Kullanımı,"959 W, günlük kullanıma uygun, kompakt tasarım",A+++,Lacivert,36,4.7,10758,Hızlı teslimat,Evet
EV-00142,Isıtma & Soğutma,Şofben & Termosifon,Bosch,Bosch Şofben & Termosifon BOS-ŞOF-0142,11150,MediaMarkt,Orta,Pratik Kullanım,"946 W, günlük kullanıma uygun, kompakt tasarım",Belirtilmemiş,Beyaz,36,4.6,6033,Stokta var,Evet
EV-00143,Isıtma & Soğutma,Kombi,ECA,ECA Kombi ECA-KOM-0143,59100,Vatan Bilgisayar,Orta,Isıtma,"30 kW, yoğuşmalı, dijital ekran",C,Krem,24,4.2,1695,Hızlı teslimat,Evet
EV-00144,Akıllı Ev Sistemleri,Akıllı Kapı Zili,Tapo,Tapo Akıllı Kapı Zili TAP-AKI-0144,3300,Teknosa,Premium,Ev Kullanımı,"Wi-Fi/Bluetooth, mobil uygulama, Siri Shortcuts uyumlu",A,Krem,24,4.3,11923,Stokta var,Evet
EV-00145,Evcil Hayvan Ürünleri,Akıllı Su Pınarı,Trixie,Trixie Akıllı Su Pınarı TRI-AKI-0145,5450,n11,Fiyat/Performans,Günlük Kullanım,"Wi-Fi/Bluetooth, mobil uygulama, Google Assistant uyumlu",Belirtilmemiş,Turuncu,24,4.7,2636,Az stok,Evet
EV-00146,İçecek Hazırlama,Kapsüllü Kahve Makinesi,Tchibo,Tchibo Kapsüllü Kahve Makinesi TCH-KAP-0146,11550,MediaMarkt,Üst,Pratik Kullanım,"1114 W, çelik gövde",A,Lacivert,24,4.9,545,Hızlı teslimat,Evet
EV-00147,İçecek Hazırlama,Kapsüllü Kahve Makinesi,Bosch,Bosch Kapsüllü Kahve Makinesi BOS-KAP-0147,5700,Teknosa,Fiyat/Performans,Ev Kullanımı,"1311 W, otomatik kapanma",A+++,Gri,36,4.3,10657,Hızlı teslimat,Evet
EV-00148,Aydınlatma Ürünleri,LED Şerit,Xiaomi,Xiaomi LED Şerit XIA-LED-0148,1900,Amazon Türkiye,Üst,Ev Kullanımı,"Ayarlanabilir beyaz, 20 W, dimmer destekli",A++,Beyaz,24,4.3,10039,Stokta var,Evet
EV-00149,Isıtma & Soğutma,Şofben & Termosifon,Beko,Beko Şofben & Termosifon BEK-ŞOF-0149,20750,Hepsiburada,Premium,Pratik Kullanım,"1111 W, günlük kullanıma uygun, kompakt tasarım",C,Beyaz,12,4.8,5251,Kampanyalı,Evet
EV-00150,Mutfak,Meyve Sıkacağı,Arzum,Arzum Meyve Sıkacağı ARZ-MEY-0150,10000,n11,Orta,Günlük Kullanım,"811 W, cam hazne",A++,Turuncu,24,4.2,3688,Kampanyalı,Evet
EV-00151,Aydınlatma Ürünleri,LED Şerit,TP-Link,TP-Link LED Şerit TP--LED-0151,2600,n11,Premium,Pratik Kullanım,"RGB, 7 W, dimmer destekli",A+,Mor,36,5.0,2141,Hızlı teslimat,Evet
EV-00152,Isıtma & Soğutma,Vantilatör,Kiwi,Kiwi Vantilatör KIW-VAN-0152,1400,Teknosa,Orta,Ev Kullanımı,"1792 W, günlük kullanıma uygun, kompakt tasarım",B,Lacivert,24,4.6,7387,Az stok,Evet
EV-00153,Süpürgeler,Dikey Süpürge,Dreame,Dreame Dikey Süpürge DRE-DIK-0153,28200,n11,Giriş,Ev Temizliği,"1174 W motor, HEPA filtre, Kablolu",C,Inox,24,3.9,2522,Kampanyalı,Evet
EV-00154,İçecek Hazırlama,Çay Makinesi,Karaca,Karaca Çay Makinesi KAR-ÇAY-0154,1950,Teknosa,Fiyat/Performans,Pratik Kullanım,"1892 W, otomatik kapanma",B,Gri,12,4.0,4976,Az stok,Evet
EV-00155,Süpürgeler,Toz Torbalı Süpürge,Electrolux,Electrolux Toz Torbalı Süpürge ELE-TOZ-0155,10300,Hepsiburada,Fiyat/Performans,Günlük Kullanım,"686 W motor, Yıkanabilir filtre, Kablolu",C,Inox,12,4.8,479,Hızlı teslimat,Evet
EV-00156,Akıllı Ev Sistemleri,Akıllı Termostat,Netatmo,Netatmo Akıllı Termostat NET-AKI-0156,15200,Teknosa,Fiyat/Performans,Ev Kullanımı,"Wi-Fi/Bluetooth, mobil uygulama, Google Assistant uyumlu",Belirtilmemiş,Mor,24,4.6,4964,Hızlı teslimat,Evet
EV-00157,İçecek Hazırlama,Kapsüllü Kahve Makinesi,Nespresso,Nespresso Kapsüllü Kahve Makinesi NES-KAP-0157,6200,MediaMarkt,Premium,Ev Kullanımı,"2042 W, otomatik kapanma",A+,Lacivert,24,4.4,3357,Hızlı teslimat,Evet
EV-00158,Süpürgeler,Dikey Süpürge,Bosch,Bosch Dikey Süpürge BOS-DIK-0158,21450,Vatan Bilgisayar,Fiyat/Performans,Ev Temizliği,"1001 W motor, Siklon filtre, Kablolu",A++,Gri,24,3.9,3975,Stokta var,Evet
EV-00159,Mutfak,Airfryer,Karaca,Karaca Airfryer KAR-AIR-0159,17550,Trendyol,Premium,Pratik Yemek,"8 L hazne, 1938 W, sıcak hava teknolojisi",A+,Inox,24,5.0,2631,Hızlı teslimat,Evet
EV-00160,Hava Nemlendirici & Temizleyiciler,Hava Temizleyici & Nemlendirici,Levoit,Levoit Hava Temizleyici & Nemlendirici LEV-HAV-0160,30000,MediaMarkt,Üst,Pratik Kullanım,"Aktif karbon filtre, 35 m² etki alanı",A++,Lacivert,24,3.8,6457,Stokta var,Evet
EV-00161,Mutfak,Airfryer,Karaca,Karaca Airfryer KAR-AIR-0161,17050,Teknosa,Premium,Pratik Yemek,"5 L hazne, 2103 W, sıcak hava teknolojisi",A+,Lacivert,36,4.4,1776,Kampanyalı,Evet
EV-00162,İçecek Hazırlama,Türk Kahve Makinesi,Arzum,Arzum Türk Kahve Makinesi ARZ-TÜR-0162,1000,Vatan Bilgisayar,Fiyat/Performans,Ev Kullanımı,"950 W, ısı ayarı",B,Turuncu,12,4.0,9079,Kampanyalı,Evet
EV-00163,Akıllı Ev Sistemleri,Akıllı Termostat,Cosa,Cosa Akıllı Termostat COS-AKI-0163,5500,Hepsiburada,Orta,Pratik Kullanım,"Wi-Fi/Bluetooth, mobil uygulama, Alexa uyumlu",Belirtilmemiş,Gri,24,4.3,5570,Hızlı teslimat,Evet
EV-00164,Hava Nemlendirici & Temizleyiciler,Hava Temizleyici & Nemlendirici,Dyson,Dyson Hava Temizleyici & Nemlendirici DYS-HAV-0164,6800,Trendyol,Giriş,Pratik Kullanım,"Aktif karbon filtre, 29 m² etki alanı",B,Gri,24,4.7,7776,Kampanyalı,Evet
EV-00165,Süpürgeler,Toz Torbalı Süpürge,Beko,Beko Toz Torbalı Süpürge BEK-TOZ-0165,9350,Teknosa,Fiyat/Performans,Pratik Kullanım,"2506 W motor, Yıkanabilir filtre, Kablolu",A,Siyah,24,4.4,8366,Kampanyalı,Evet
EV-00166,Evcil Hayvan Ürünleri,Kedi Köpek Tıraş Makinesi,Fakir,Fakir Kedi Köpek Tıraş Makinesi FAK-KED-0166,5800,Teknosa,Fiyat/Performans,Pratik Kullanım,"1688 W, günlük kullanıma uygun, kompakt tasarım",A+++,Turuncu,24,4.8,11898,Az stok,Evet
EV-00167,İçecek Hazırlama,Espresso Kahve Makinesi,Krups,Krups Espresso Kahve Makinesi KRU-ESP-0167,27050,Vatan Bilgisayar,Orta,Ev Kullanımı,"1102 W, çelik gövde",A++,Siyah,12,4.6,10168,Stokta var,Evet
EV-00168,Süpürgeler,Halı Yıkama Makinesi,Karcher,Karcher Halı Yıkama Makinesi KAR-HAL-0168,15750,MediaMarkt,Üst,Günlük Kullanım,"1240 W, günlük kullanıma uygun, kompakt tasarım",B,Turuncu,24,4.0,11328,Az stok,Evet
EV-00169,Aydınlatma Ürünleri,Masa & Gece Lambası,Philips,Philips Masa & Gece Lambası PHI-MAS-0169,3850,Amazon Türkiye,Üst,Ev Kullanımı,"RGB, 19 W, dimmer destekli",B,Lacivert,12,4.4,6188,Kampanyalı,Evet
EV-00170,Evcil Hayvan Ürünleri,Kedi Köpek Tıraş Makinesi,Trixie,Trixie Kedi Köpek Tıraş Makinesi TRI-KED-0170,6650,Trendyol,Orta,Günlük Kullanım,"1009 W, günlük kullanıma uygun, kompakt tasarım",Belirtilmemiş,Krem,24,4.1,4905,Hızlı teslimat,Evet
EV-00171,Mutfak,Su Arıtma,Brita,Brita Su Arıtma BRI-SU -0171,10400,n11,Fiyat/Performans,Günlük Kullanım,"1574 W, günlük kullanıma uygun, kompakt tasarım",C,Mor,36,4.7,4730,Kampanyalı,Evet
EV-00172,Süpürgeler,Islak Kuru Süpürge,Arzum,Arzum Islak Kuru Süpürge ARZ-ISL-0172,3050,Amazon Türkiye,Üst,Pratik Kullanım,"1550 W motor, Yıkanabilir filtre, Kablolu",A++,Inox,12,3.9,7262,Kampanyalı,Evet
EV-00173,Aydınlatma Ürünleri,LED Şerit,Govee,Govee LED Şerit GOV-LED-0173,1950,Hepsiburada,Orta,Günlük Kullanım,"RGB, 6 W, dimmer destekli",C,Inox,24,4.5,9629,Stokta var,Evet
EV-00174,İçecek Hazırlama,Su Isıtıcı & Kettle,Fakir,Fakir Su Isıtıcı & Kettle FAK-SU -0174,2500,Hepsiburada,Premium,Günlük Kullanım,"1927 W, otomatik kapanma",A,Turuncu,36,4.6,2267,Az stok,Evet
EV-00175,Mutfak,Airfryer,Tefal,Tefal Airfryer TEF-AIR-0175,9100,n11,Giriş,Sağlıklı Pişirme,"8 L hazne, 1956 W, sıcak hava teknolojisi",C,Siyah,24,3.9,9421,Hızlı teslimat,Evet
EV-00176,Süpürgeler,Toz Torbasız Süpürge,Philips,Philips Toz Torbasız Süpürge PHI-TOZ-0176,11650,Trendyol,Premium,Günlük Kullanım,"537 W motor, Siklon filtre, Kablosuz",A+,Krem,36,4.9,4757,Hızlı teslimat,Evet
EV-00177,Süpürgeler,Dikey Süpürge,Bosch,Bosch Dikey Süpürge BOS-DIK-0177,28300,Teknosa,Premium,Ev Temizliği,"1165 W motor, Yıkanabilir filtre, Kablolu",C,Krem,24,4.0,1860,Stokta var,Evet
EV-00178,Mutfak,Dondurma Makinesi,Arzum,Arzum Dondurma Makinesi ARZ-DON-0178,17000,Trendyol,Orta,Ev Kullanımı,"2093 W, günlük kullanıma uygun, kompakt tasarım",A,Lacivert,24,4.5,10479,Hızlı teslimat,Evet
EV-00179,Evcil Hayvan Ürünleri,Akıllı Su Pınarı,Xiaomi,Xiaomi Akıllı Su Pınarı XIA-AKI-0179,3150,MediaMarkt,Orta,Günlük Kullanım,"Wi-Fi/Bluetooth, mobil uygulama, Alexa uyumlu",A,Inox,36,4.2,4079,Kampanyalı,Evet
EV-00180,Mutfak,Dondurma Makinesi,Arzum,Arzum Dondurma Makinesi ARZ-DON-0180,17400,Hepsiburada,Fiyat/Performans,Pratik Kullanım,"883 W, günlük kullanıma uygun, kompakt tasarım",A+++,Beyaz,36,4.1,5905,Kampanyalı,Evet
EV-00181,Süpürgeler,Toz Torbalı Süpürge,Beko,Beko Toz Torbalı Süpürge BEK-TOZ-0181,14550,Amazon Türkiye,Üst,Ev Kullanımı,"1404 W motor, HEPA filtre, Kablosuz",A,Gri,36,3.9,4848,Kampanyalı,Evet
EV-00182,Isıtma & Soğutma,Vantilatör,Rowenta,Rowenta Vantilatör ROW-VAN-0182,7500,n11,Premium,Günlük Kullanım,"1960 W, günlük kullanıma uygun, kompakt tasarım",A++,Beyaz,12,4.4,10895,Hızlı teslimat,Evet
EV-00183,Aydınlatma Ürünleri,Masa & Gece Lambası,Ttec,Ttec Masa & Gece Lambası TTE-MAS-0183,2600,Vatan Bilgisayar,Giriş,Pratik Kullanım,"RGB, 23 W, dimmer destekli",B,Gri,24,3.9,8987,Kampanyalı,Evet
EV-00184,Aydınlatma Ürünleri,Masa & Gece Lambası,Benks,Benks Masa & Gece Lambası BEN-MAS-0184,1000,Amazon Türkiye,Orta,Pratik Kullanım,"Sıcak beyaz, 30 W, dimmer destekli",A+++,Turuncu,24,4.5,1504,Hızlı teslimat,Evet
EV-00185,Isıtma & Soğutma,Isıtıcı,Luxell,Luxell Isıtıcı LUX-ISI-0185,1300,MediaMarkt,Fiyat/Performans,Pratik Kullanım,"444 W, günlük kullanıma uygun, kompakt tasarım",A,Krem,24,4.6,5064,Az stok,Evet
EV-00186,Akıllı Ev Sistemleri,Akıllı Kamera,Xiaomi,Xiaomi Akıllı Kamera XIA-AKI-0186,1150,Teknosa,Premium,Güvenlik,"Wi-Fi/Bluetooth, mobil uygulama, Google Assistant uyumlu",A,Siyah,24,4.6,8881,Hızlı teslimat,Evet
EV-00187,Süpürgeler,Toz Torbasız Süpürge,Bosch,Bosch Toz Torbasız Süpürge BOS-TOZ-0187,17900,Teknosa,Premium,Ev Kullanımı,"2046 W motor, Siklon filtre, Kablosuz",C,Gri,24,5.0,6281,Stokta var,Evet
EV-00188,Süpürgeler,Toz Torbasız Süpürge,Fakir,Fakir Toz Torbasız Süpürge FAK-TOZ-0188,11550,Trendyol,Fiyat/Performans,Günlük Kullanım,"593 W motor, Siklon filtre, Kablolu",C,Mor,12,4.7,3663,Hızlı teslimat,Evet
EV-00189,Mutfak,Blender,Tefal,Tefal Blender TEF-BLE-0189,6450,Trendyol,Üst,Günlük Kullanım,"465 W, çoklu hız ayarı",A,Siyah,24,4.1,11893,Az stok,Evet
EV-00190,İçecek Hazırlama,Kapsüllü Kahve Makinesi,Nespresso,Nespresso Kapsüllü Kahve Makinesi NES-KAP-0190,3050,Vatan Bilgisayar,Premium,Günlük Kullanım,"890 W, ısı ayarı",A,Inox,12,4.6,812,Az stok,Evet
EV-00191,İçecek Hazırlama,Espresso Kahve Makinesi,Philips,Philips Espresso Kahve Makinesi PHI-ESP-0191,28250,Trendyol,Üst,Pratik Kullanım,"1453 W, çelik gövde",B,Lacivert,24,4.8,12000,Kampanyalı,Evet
EV-00192,Süpürgeler,Islak Kuru Süpürge,Bissell,Bissell Islak Kuru Süpürge BIS-ISL-0192,15300,MediaMarkt,Orta,Pratik Kullanım,"2923 W motor, Yıkanabilir filtre, Kablosuz",C,Mor,12,4.2,1013,Hızlı teslimat,Evet
EV-00193,İçecek Hazırlama,Espresso Kahve Makinesi,Siemens,Siemens Espresso Kahve Makinesi SIE-ESP-0193,35400,n11,Premium,Ev Kullanımı,"1636 W, otomatik kapanma",A+,Mor,24,4.4,11423,Hızlı teslimat,Evet
EV-00194,Mutfak,Mikser,Fakir,Fakir Mikser FAK-MIK-0194,2400,n11,Orta,Pratik Kullanım,"1245 W, çelik bıçak",B,Gri,36,4.4,959,Az stok,Evet
EV-00195,Mutfak,Doğrayıcı & Rondo,Fakir,Fakir Doğrayıcı & Rondo FAK-DOĞ-0195,2600,MediaMarkt,Giriş,Pratik Kullanım,"790 W, cam hazne",A+,Mor,12,4.8,1529,Stokta var,Evet
EV-00196,İçecek Hazırlama,Kapsüllü Kahve Makinesi,Tchibo,Tchibo Kapsüllü Kahve Makinesi TCH-KAP-0196,7750,Trendyol,Premium,Ev Kullanımı,"831 W, otomatik kapanma",A++,Beyaz,36,4.8,5470,Az stok,Evet
EV-00197,Evcil Hayvan Ürünleri,Akıllı Kedi Tuvaleti,Pawbby,Pawbby Akıllı Kedi Tuvaleti PAW-AKI-0197,46000,MediaMarkt,Orta,Ev Kullanımı,"Wi-Fi/Bluetooth, mobil uygulama, Alexa uyumlu",A,Turuncu,12,4.9,9060,Kampanyalı,Evet
EV-00198,Mutfak,Meyve Sıkacağı,Tefal,Tefal Meyve Sıkacağı TEF-MEY-0198,5500,MediaMarkt,Fiyat/Performans,Ev Kullanımı,"1055 W, cam hazne",A+,Lacivert,36,4.4,11851,Stokta var,Evet
EV-00199,Akıllı Ev Sistemleri,Akıllı Priz,Xiaomi,Xiaomi Akıllı Priz XIA-AKI-0199,1200,Teknosa,Giriş,Pratik Kullanım,"Wi-Fi/Bluetooth, mobil uygulama, Siri Shortcuts uyumlu",A,Krem,24,4.5,9583,Az stok,Evet
EV-00200,Mutfak,Dondurma Makinesi,Karaca,Karaca Dondurma Makinesi KAR-DON-0200,12200,n11,Fiyat/Performans,Pratik Kullanım,"1802 W, günlük kullanıma uygun, kompakt tasarım",A+,Krem,36,4.1,9036,Hızlı teslimat,Evet
EV-00201,Isıtma & Soğutma,Isıtıcı,Kumtel,Kumtel Isıtıcı KUM-ISI-0201,5100,Trendyol,Orta,Günlük Kullanım,"1510 W, günlük kullanıma uygun, kompakt tasarım",C,Siyah,12,4.7,8015,Stokta var,Evet
EV-00202,İçecek Hazırlama,Kapsüllü Kahve Makinesi,Nespresso,Nespresso Kapsüllü Kahve Makinesi NES-KAP-0202,2350,Trendyol,Premium,Günlük Kullanım,"1109 W, otomatik kapanma",A++,Turuncu,24,4.8,3806,Stokta var,Evet
EV-00203,Akıllı Ev Sistemleri,Akıllı Termostat,Cosa,Cosa Akıllı Termostat COS-AKI-0203,14850,Hepsiburada,Premium,Ev Kullanımı,"Wi-Fi/Bluetooth, mobil uygulama, Google Assistant uyumlu",A+++,Krem,12,3.8,9053,Kampanyalı,Evet
EV-00204,İçecek Hazırlama,Filtre Kahve Makinesi,Grundig,Grundig Filtre Kahve Makinesi GRU-FIL-0204,6000,n11,Premium,Günlük Kullanım,"997 W, çelik gövde",A++,Inox,24,4.9,2952,Kampanyalı,Evet
EV-00205,Ütüler,Buharlı Ütü,Arzum,Arzum Buharlı Ütü ARZ-BUH-0205,5750,Teknosa,Giriş,Pratik Kullanım,"2449 W, 92 g/dk buhar, kireç önleme",A+,Beyaz,24,5.0,7535,Stokta var,Evet
EV-00206,Isıtma & Soğutma,Klima,LG,LG Klima LG-KLI-0206,53600,MediaMarkt,Fiyat/Performans,Ev Konforu,"12000 BTU, inverter, Wi-Fi var",A,Mor,24,3.9,169,Stokta var,Evet
EV-00207,Aydınlatma Ürünleri,Masa & Gece Lambası,Xiaomi,Xiaomi Masa & Gece Lambası XIA-MAS-0207,1750,n11,Orta,Ev Kullanımı,"Sıcak beyaz, 6 W, dimmer destekli",A+++,Krem,12,4.6,9301,Stokta var,Evet
EV-00208,Süpürgeler,Toz Torbasız Süpürge,Arçelik,Arçelik Toz Torbasız Süpürge ARÇ-TOZ-0208,1900,Vatan Bilgisayar,Orta,Ev Kullanımı,"815 W motor, Siklon filtre, Kablosuz",B,Inox,12,4.0,11692,Hızlı teslimat,Evet
EV-00209,Evcil Hayvan Ürünleri,Kedi Köpek Tıraş Makinesi,Pawise,Pawise Kedi Köpek Tıraş Makinesi PAW-KED-0209,4700,n11,Premium,Pratik Kullanım,"560 W, günlük kullanıma uygun, kompakt tasarım",B,Lacivert,24,4.7,11308,Stokta var,Evet
EV-00210,Isıtma & Soğutma,Kombi,Vaillant,Vaillant Kombi VAI-KOM-0210,59900,Teknosa,Giriş,Sıcak Su,"30 kW, yoğuşmalı, dijital ekran",A+++,Krem,36,4.5,10072,Hızlı teslimat,Evet
EV-00211,Mutfak,Blender,Arzum,Arzum Blender ARZ-BLE-0211,7650,MediaMarkt,Premium,Pratik Kullanım,"1178 W, cam hazne",Belirtilmemiş,Krem,24,4.0,9613,Stokta var,Evet
EV-00212,İçecek Hazırlama,Çay Makinesi,Karaca,Karaca Çay Makinesi KAR-ÇAY-0212,1650,Amazon Türkiye,Premium,Pratik Kullanım,"1597 W, ısı ayarı",A+,Beyaz,24,4.7,2542,Stokta var,Evet
EV-00213,Mutfak,Meyve Sıkacağı,Fakir,Fakir Meyve Sıkacağı FAK-MEY-0213,5500,Hepsiburada,Üst,Ev Kullanımı,"1319 W, çoklu hız ayarı",B,Mor,24,4.0,3085,Stokta var,Evet
EV-00214,İçecek Hazırlama,Çay Makinesi,Karaca,Karaca Çay Makinesi KAR-ÇAY-0214,4200,Vatan Bilgisayar,Giriş,Ev Kullanımı,"825 W, ısı ayarı",A,Mor,24,4.5,5330,Az stok,Evet
EV-00215,Akıllı Ev Sistemleri,Akıllı Priz,Wiz,Wiz Akıllı Priz WIZ-AKI-0215,1350,Trendyol,Premium,Ev Kullanımı,"Wi-Fi/Bluetooth, mobil uygulama, Alexa uyumlu",A++,Beyaz,24,4.0,4948,Hızlı teslimat,Evet
EV-00216,Mutfak,Tost Makinesi,Fakir,Fakir Tost Makinesi FAK-TOS-0216,4500,n11,Premium,Günlük Kullanım,"1876 W, günlük kullanıma uygun, kompakt tasarım",C,Turuncu,12,3.9,4138,Az stok,Evet
EV-00217,Isıtma & Soğutma,Isıtıcı,Ufo,Ufo Isıtıcı UFO-ISI-0217,2300,Hepsiburada,Üst,Pratik Kullanım,"1178 W, günlük kullanıma uygun, kompakt tasarım",Belirtilmemiş,Lacivert,36,4.9,5458,Kampanyalı,Evet
EV-00218,Isıtma & Soğutma,Kombi,Ariston,Ariston Kombi ARI-KOM-0218,47400,Teknosa,Orta,Isıtma,"35 kW, yoğuşmalı, dijital ekran",A+,Gri,36,4.2,11406,Kampanyalı,Evet
EV-00219,Mutfak,Airfryer,Cosori,Cosori Airfryer COS-AIR-0219,18000,Vatan Bilgisayar,Premium,Pratik Yemek,"6 L hazne, 2036 W, sıcak hava teknolojisi",Belirtilmemiş,Mor,24,4.7,5354,Stokta var,Evet
EV-00220,Akıllı Ev Sistemleri,Akıllı Priz,Xiaomi,Xiaomi Akıllı Priz XIA-AKI-0220,1450,Hepsiburada,Fiyat/Performans,Pratik Kullanım,"Wi-Fi/Bluetooth, mobil uygulama, Google Assistant uyumlu",A,Krem,24,4.9,7578,Hızlı teslimat,Evet
EV-00221,Evcil Hayvan Ürünleri,Kedi Köpek Tıraş Makinesi,Goldmaster,Goldmaster Kedi Köpek Tıraş Makinesi GOL-KED-0221,2250,Trendyol,Üst,Pratik Kullanım,"1266 W, günlük kullanıma uygun, kompakt tasarım",Belirtilmemiş,Mor,24,4.1,2540,Hızlı teslimat,Evet
EV-00222,Akıllı Ev Sistemleri,Akıllı Kapı Zili,Tapo,Tapo Akıllı Kapı Zili TAP-AKI-0222,8650,Vatan Bilgisayar,Premium,Ev Kullanımı,"Wi-Fi/Bluetooth, mobil uygulama, Siri Shortcuts uyumlu",A+++,Lacivert,12,4.4,11347,Stokta var,Evet
EV-00223,İçecek Hazırlama,Su Isıtıcı & Kettle,Arzum,Arzum Su Isıtıcı & Kettle ARZ-SU -0223,2650,Amazon Türkiye,Orta,Pratik Kullanım,"2187 W, çelik gövde",A,Lacivert,36,4.5,9242,Stokta var,Evet
EV-00224,İçecek Hazırlama,Kahve Makinesi,Philips,Philips Kahve Makinesi PHI-KAH-0224,4200,Vatan Bilgisayar,Orta,Pratik Kullanım,"1978 W, otomatik kapanma",A,Lacivert,36,4.7,9157,Hızlı teslimat,Evet
EV-00225,Evcil Hayvan Ürünleri,Kedi Köpek Tıraş Makinesi,Pawise,Pawise Kedi Köpek Tıraş Makinesi PAW-KED-0225,6900,Teknosa,Orta,Günlük Kullanım,"1005 W, günlük kullanıma uygun, kompakt tasarım",A,Beyaz,24,5.0,7924,Az stok,Evet
EV-00226,Ütüler,Buharlı Ütü,Arzum,Arzum Buharlı Ütü ARZ-BUH-0226,5050,n11,Premium,Ev Kullanımı,"2687 W, 59 g/dk buhar, kireç önleme",A,Turuncu,24,4.0,7927,Stokta var,Evet
EV-00227,Mutfak,Meyve Sıkacağı,Philips,Philips Meyve Sıkacağı PHI-MEY-0227,11250,Hepsiburada,Giriş,Günlük Kullanım,"736 W, çoklu hız ayarı",A++,Gri,12,4.8,10631,Az stok,Evet
EV-00228,Mutfak,Dondurma Makinesi,Yonanas,Yonanas Dondurma Makinesi YON-DON-0228,13400,Trendyol,Premium,Günlük Kullanım,"781 W, günlük kullanıma uygun, kompakt tasarım",C,Mor,36,4.8,10332,Stokta var,Evet
EV-00229,Akıllı Ev Sistemleri,Akıllı Termostat,Google Nest,Google Nest Akıllı Termostat GOO-AKI-0229,14000,MediaMarkt,Fiyat/Performans,Günlük Kullanım,"Wi-Fi/Bluetooth, mobil uygulama, Google Assistant uyumlu",A+,Beyaz,12,4.3,11561,Stokta var,Evet
EV-00230,Aydınlatma Ürünleri,Akıllı Ampul,Xiaomi,Xiaomi Akıllı Ampul XIA-AKI-0230,2550,Trendyol,Üst,Pratik Kullanım,"Wi-Fi/Bluetooth, mobil uygulama, Alexa uyumlu",B,Lacivert,12,4.3,4313,Hızlı teslimat,Evet
EV-00231,Akıllı Ev Sistemleri,Akıllı Termostat,Tado,Tado Akıllı Termostat TAD-AKI-0231,17500,Teknosa,Giriş,Pratik Kullanım,"Wi-Fi/Bluetooth, mobil uygulama, Google Assistant uyumlu",Belirtilmemiş,Krem,12,4.2,7516,Stokta var,Evet
EV-00232,Evcil Hayvan Ürünleri,Kedi Köpek Tıraş Makinesi,Kiwi,Kiwi Kedi Köpek Tıraş Makinesi KIW-KED-0232,4500,Trendyol,Giriş,Ev Kullanımı,"1820 W, günlük kullanıma uygun, kompakt tasarım",A++,Mor,36,4.2,3014,Az stok,Evet
EV-00233,Akıllı Ev Sistemleri,Akıllı Priz,Meross,Meross Akıllı Priz MER-AKI-0233,3000,MediaMarkt,Orta,Pratik Kullanım,"Wi-Fi/Bluetooth, mobil uygulama, Google Assistant uyumlu",B,Gri,36,4.6,11376,Kampanyalı,Evet
EV-00234,Süpürgeler,Dikey Süpürge,Philips,Philips Dikey Süpürge PHI-DIK-0234,18600,Vatan Bilgisayar,Premium,Hızlı Temizlik,"2484 W motor, HEPA filtre, Kablosuz",Belirtilmemiş,Mor,12,3.9,5897,Hızlı teslimat,Evet
EV-00235,Isıtma & Soğutma,Vantilatör,Rowenta,Rowenta Vantilatör ROW-VAN-0235,6750,Amazon Türkiye,Premium,Günlük Kullanım,"569 W, günlük kullanıma uygun, kompakt tasarım",B,Siyah,24,4.8,8021,Kampanyalı,Evet
EV-00236,İçecek Hazırlama,Türk Kahve Makinesi,Karaca,Karaca Türk Kahve Makinesi KAR-TÜR-0236,2100,Teknosa,Fiyat/Performans,Pratik Kullanım,"1814 W, çelik gövde",B,Beyaz,12,4.0,7507,Stokta var,Evet
EV-00237,Mutfak,Tost Makinesi,Korkmaz,Korkmaz Tost Makinesi KOR-TOS-0237,5350,n11,Fiyat/Performans,Pratik Kullanım,"1303 W, günlük kullanıma uygun, kompakt tasarım",B,Inox,36,4.7,12466,Stokta var,Evet
EV-00238,Evcil Hayvan Ürünleri,Otomatik Mama Kabı,Petkit,Petkit Otomatik Mama Kabı PET-OTO-0238,8800,MediaMarkt,Giriş,Ev Kullanımı,"2172 W, günlük kullanıma uygun, kompakt tasarım",A+++,Inox,24,4.1,1440,Kampanyalı,Evet
EV-00239,Akıllı Ev Sistemleri,Akıllı Termostat,Tado,Tado Akıllı Termostat TAD-AKI-0239,6700,Trendyol,Fiyat/Performans,Günlük Kullanım,"Wi-Fi/Bluetooth, mobil uygulama, Siri Shortcuts uyumlu",A+,Krem,12,4.7,3405,Az stok,Evet
EV-00240,Mutfak,Su Arıtma,İhlas,İhlas Su Arıtma IHL-SU -0240,8950,Vatan Bilgisayar,Üst,Pratik Kullanım,"2069 W, günlük kullanıma uygun, kompakt tasarım",A+++,Gri,36,4.1,8443,Stokta var,Evet
EV-00241,Mutfak,Tost Makinesi,Schafer,Schafer Tost Makinesi SCH-TOS-0241,2300,Trendyol,Orta,Günlük Kullanım,"1959 W, günlük kullanıma uygun, kompakt tasarım",Belirtilmemiş,Mor,36,4.0,5292,Az stok,Evet
EV-00242,Akıllı Ev Sistemleri,Akıllı Priz,Sonoff,Sonoff Akıllı Priz SON-AKI-0242,2000,MediaMarkt,Premium,Günlük Kullanım,"Wi-Fi/Bluetooth, mobil uygulama, Alexa uyumlu",B,Krem,24,4.3,10396,Hızlı teslimat,Evet
EV-00243,Hava Nemlendirici & Temizleyiciler,Hava Nemlendirici,Weewell,Weewell Hava Nemlendirici WEE-HAV-0243,8200,n11,Giriş,Günlük Kullanım,"UV-C filtre, 49 m² etki alanı",C,Lacivert,24,4.7,12019,Hızlı teslimat,Evet
EV-00244,Süpürgeler,Koltuk Yıkama Makinesi,Arnica,Arnica Koltuk Yıkama Makinesi ARN-KOL-0244,24600,MediaMarkt,Orta,Ev Kullanımı,"1520 W, günlük kullanıma uygun, kompakt tasarım",B,Gri,12,4.1,4661,Hızlı teslimat,Evet
EV-00245,Mutfak,Dondurma Makinesi,Ninja,Ninja Dondurma Makinesi NIN-DON-0245,3650,Amazon Türkiye,Giriş,Günlük Kullanım,"654 W, günlük kullanıma uygun, kompakt tasarım",Belirtilmemiş,Gri,36,4.7,7544,Hızlı teslimat,Evet
EV-00246,İçecek Hazırlama,Kahve Makinesi,Karaca,Karaca Kahve Makinesi KAR-KAH-0246,3450,Amazon Türkiye,Orta,Günlük Kullanım,"2140 W, ısı ayarı",A+,Beyaz,24,4.2,4504,Az stok,Evet
EV-00247,İçecek Hazırlama,Espresso Kahve Makinesi,Sage,Sage Espresso Kahve Makinesi SAG-ESP-0247,34500,Amazon Türkiye,Üst,Ev Kullanımı,"2142 W, otomatik kapanma",C,Beyaz,24,4.6,3851,Az stok,Evet
EV-00248,Hava Nemlendirici & Temizleyiciler,Hava Temizleyici,Xiaomi,Xiaomi Hava Temizleyici XIA-HAV-0248,9250,Trendyol,Fiyat/Performans,Alerji,"HEPA H13 filtre, 64 m² etki alanı",A+,Beyaz,36,4.4,7306,Az stok,Evet
EV-00249,Hava Nemlendirici & Temizleyiciler,Hava Temizleyici,Xiaomi,Xiaomi Hava Temizleyici XIA-HAV-0249,14200,Hepsiburada,Premium,Alerji,"Aktif karbon filtre, 43 m² etki alanı",A+,Gri,36,4.7,1693,Az stok,Evet
EV-00250,Evcil Hayvan Ürünleri,Otomatik Mama Kabı,Petkit,Petkit Otomatik Mama Kabı PET-OTO-0250,2950,Vatan Bilgisayar,Fiyat/Performans,Günlük Kullanım,"1301 W, günlük kullanıma uygun, kompakt tasarım",A+,Inox,24,3.8,10664,Hızlı teslimat,Evet
EV-00251,Akıllı Ev Sistemleri,Akıllı Termostat,Tado,Tado Akıllı Termostat TAD-AKI-0251,8050,Hepsiburada,Giriş,Pratik Kullanım,"Wi-Fi/Bluetooth, mobil uygulama, Siri Shortcuts uyumlu",A,Lacivert,36,4.0,2032,Kampanyalı,Evet
EV-00252,Süpürgeler,Dikey Süpürge,Philips,Philips Dikey Süpürge PHI-DIK-0252,16650,Trendyol,Giriş,Ev Temizliği,"609 W motor, Yıkanabilir filtre, Kablolu",A++,Inox,36,4.5,9845,Kampanyalı,Evet
EV-00253,Evcil Hayvan Ürünleri,Otomatik Mama Kabı,Xiaomi,Xiaomi Otomatik Mama Kabı XIA-OTO-0253,7300,MediaMarkt,Premium,Pratik Kullanım,"1616 W, günlük kullanıma uygun, kompakt tasarım",A+++,Siyah,24,3.9,8200,Kampanyalı,Evet
EV-00254,Süpürgeler,Dikey Süpürge,Dreame,Dreame Dikey Süpürge DRE-DIK-0254,31600,Teknosa,Premium,Ev Temizliği,"798 W motor, HEPA filtre, Kablosuz",A+++,Krem,24,4.5,2845,Stokta var,Evet
EV-00255,İçecek Hazırlama,Espresso Kahve Makinesi,Sage,Sage Espresso Kahve Makinesi SAG-ESP-0255,28400,Amazon Türkiye,Üst,Ev Kullanımı,"1623 W, otomatik kapanma",C,Gri,24,4.7,6821,Stokta var,Evet
EV-00256,Mutfak,Meyve Sıkacağı,Philips,Philips Meyve Sıkacağı PHI-MEY-0256,7400,n11,Orta,Ev Kullanımı,"535 W, çelik bıçak",C,Mor,24,4.0,5368,Stokta var,Evet
EV-00257,Mutfak,Mikser,Arzum,Arzum Mikser ARZ-MIK-0257,6400,Hepsiburada,Premium,Günlük Kullanım,"1033 W, çoklu hız ayarı",C,Gri,24,4.3,9990,Stokta var,Evet
EV-00258,Süpürgeler,Dikey Süpürge,Arzum,Arzum Dikey Süpürge ARZ-DIK-0258,3050,MediaMarkt,Orta,Ev Temizliği,"1183 W motor, Siklon filtre, Kablosuz",C,Krem,24,4.9,8583,Stokta var,Evet
EV-00259,Mutfak,Dondurma Makinesi,Cuisinart,Cuisinart Dondurma Makinesi CUI-DON-0259,9450,Hepsiburada,Fiyat/Performans,Pratik Kullanım,"557 W, günlük kullanıma uygun, kompakt tasarım",A,Turuncu,12,4.1,9462,Kampanyalı,Evet
EV-00260,İçecek Hazırlama,Espresso Kahve Makinesi,Sage,Sage Espresso Kahve Makinesi SAG-ESP-0260,31500,Teknosa,Orta,Pratik Kullanım,"2180 W, çelik gövde",A+++,Inox,12,4.0,1700,Stokta var,Evet
EV-00261,İçecek Hazırlama,Türk Kahve Makinesi,Korkmaz,Korkmaz Türk Kahve Makinesi KOR-TÜR-0261,6200,Trendyol,Giriş,Ev Kullanımı,"1107 W, otomatik kapanma",Belirtilmemiş,Siyah,12,3.9,5978,Hızlı teslimat,Evet
EV-00262,Mutfak,Blender,Arzum,Arzum Blender ARZ-BLE-0262,3750,Amazon Türkiye,Premium,Pratik Kullanım,"1163 W, cam hazne",B,Siyah,24,4.2,1291,Az stok,Evet
EV-00263,Aydınlatma Ürünleri,Masa & Gece Lambası,Xiaomi,Xiaomi Masa & Gece Lambası XIA-MAS-0263,2850,MediaMarkt,Giriş,Ev Kullanımı,"RGB, 22 W, dimmer destekli",A,Siyah,24,4.8,5105,Az stok,Evet
EV-00264,Mutfak,Airfryer,Arzum,Arzum Airfryer ARZ-AIR-0264,9550,Trendyol,Fiyat/Performans,Pratik Yemek,"5 L hazne, 1950 W, sıcak hava teknolojisi",B,Inox,24,4.4,9709,Stokta var,Evet
EV-00265,Isıtma & Soğutma,Vantilatör,Fakir,Fakir Vantilatör FAK-VAN-0265,3450,Teknosa,Fiyat/Performans,Günlük Kullanım,"1086 W, günlük kullanıma uygun, kompakt tasarım",A+++,Mor,24,4.6,11376,Stokta var,Evet
EV-00266,Süpürgeler,Koltuk Yıkama Makinesi,Kiwi,Kiwi Koltuk Yıkama Makinesi KIW-KOL-0266,9550,MediaMarkt,Premium,Pratik Kullanım,"973 W, günlük kullanıma uygun, kompakt tasarım",A+++,Siyah,24,5.0,2347,Hızlı teslimat,Evet
EV-00267,Evcil Hayvan Ürünleri,Akıllı Kedi Tuvaleti,Catlink,Catlink Akıllı Kedi Tuvaleti CAT-AKI-0267,33450,Vatan Bilgisayar,Giriş,Pratik Kullanım,"Wi-Fi/Bluetooth, mobil uygulama, Alexa uyumlu",A+++,Siyah,36,3.9,2202,Az stok,Evet
EV-00268,Mutfak,Mikser,Bosch,Bosch Mikser BOS-MIK-0268,2150,n11,Üst,Ev Kullanımı,"1051 W, çelik bıçak",A+,Inox,24,4.3,12063,Az stok,Evet
EV-00269,Süpürgeler,Dikey Süpürge,Bosch,Bosch Dikey Süpürge BOS-DIK-0269,32400,Trendyol,Giriş,Ev Temizliği,"1786 W motor, Siklon filtre, Kablosuz",B,Lacivert,24,3.9,7380,Hızlı teslimat,Evet
EV-00270,Mutfak,Meyve Sıkacağı,Fakir,Fakir Meyve Sıkacağı FAK-MEY-0270,4250,Hepsiburada,Giriş,Ev Kullanımı,"482 W, cam hazne",Belirtilmemiş,Lacivert,24,4.0,11255,Stokta var,Evet
EV-00271,Mutfak,Mikser,Bosch,Bosch Mikser BOS-MIK-0271,3000,Hepsiburada,Fiyat/Performans,Günlük Kullanım,"463 W, çelik bıçak",Belirtilmemiş,Turuncu,12,4.6,4277,Az stok,Evet
EV-00272,İçecek Hazırlama,Su Isıtıcı & Kettle,Fakir,Fakir Su Isıtıcı & Kettle FAK-SU -0272,1050,Hepsiburada,Orta,Günlük Kullanım,"1205 W, ısı ayarı",A+,Beyaz,12,3.8,3656,Kampanyalı,Evet
EV-00273,İçecek Hazırlama,Kapsüllü Kahve Makinesi,Nespresso,Nespresso Kapsüllü Kahve Makinesi NES-KAP-0273,3850,Amazon Türkiye,Orta,Günlük Kullanım,"1479 W, otomatik kapanma",A+++,Turuncu,24,4.3,2125,Az stok,Evet
EV-00274,Akıllı Ev Sistemleri,Akıllı Priz,Meross,Meross Akıllı Priz MER-AKI-0274,2800,Hepsiburada,Premium,Günlük Kullanım,"Wi-Fi/Bluetooth, mobil uygulama, Alexa uyumlu",A++,Gri,24,4.3,7005,Kampanyalı,Evet
EV-00275,Isıtma & Soğutma,Şofben & Termosifon,Beko,Beko Şofben & Termosifon BEK-ŞOF-0275,3350,Vatan Bilgisayar,Fiyat/Performans,Ev Kullanımı,"1421 W, günlük kullanıma uygun, kompakt tasarım",A,Turuncu,24,4.5,10620,Stokta var,Evet
EV-00276,Mutfak,Tost Makinesi,Fakir,Fakir Tost Makinesi FAK-TOS-0276,2450,Trendyol,Premium,Günlük Kullanım,"1691 W, günlük kullanıma uygun, kompakt tasarım",Belirtilmemiş,Siyah,36,4.6,8629,Kampanyalı,Evet
EV-00277,Hava Nemlendirici & Temizleyiciler,Hava Temizleyici,Samsung,Samsung Hava Temizleyici SAM-HAV-0277,27300,Vatan Bilgisayar,Üst,Hava Kalitesi,"HEPA H13 filtre, 21 m² etki alanı",A+,Inox,24,4.4,6378,Kampanyalı,Evet
EV-00278,İçecek Hazırlama,Espresso Kahve Makinesi,Sage,Sage Espresso Kahve Makinesi SAG-ESP-0278,29600,n11,Üst,Günlük Kullanım,"1005 W, otomatik kapanma",C,Inox,24,4.5,3828,Stokta var,Evet
EV-00279,Mutfak,Blender,Karaca,Karaca Blender KAR-BLE-0279,5550,n11,Üst,Günlük Kullanım,"884 W, çoklu hız ayarı",A+,Lacivert,12,5.0,2861,Stokta var,Evet
EV-00280,Evcil Hayvan Ürünleri,Akıllı Kedi Tuvaleti,Catlink,Catlink Akıllı Kedi Tuvaleti CAT-AKI-0280,58500,Vatan Bilgisayar,Fiyat/Performans,Ev Kullanımı,"Wi-Fi/Bluetooth, mobil uygulama, Siri Shortcuts uyumlu",A+,Gri,36,4.0,3099,Stokta var,Evet
EV-00281,İçecek Hazırlama,Çay Makinesi,Arçelik,Arçelik Çay Makinesi ARÇ-ÇAY-0281,2150,Trendyol,Fiyat/Performans,Günlük Kullanım,"1479 W, çelik gövde",A++,Gri,24,3.8,7846,Az stok,Evet
EV-00282,Mutfak,Su Arıtma,Arçelik,Arçelik Su Arıtma ARÇ-SU -0282,2050,Vatan Bilgisayar,Orta,Günlük Kullanım,"2133 W, günlük kullanıma uygun, kompakt tasarım",B,Lacivert,24,4.6,2335,Kampanyalı,Evet
EV-00283,Evcil Hayvan Ürünleri,Akıllı Su Pınarı,Trixie,Trixie Akıllı Su Pınarı TRI-AKI-0283,8300,Teknosa,Giriş,Günlük Kullanım,"Wi-Fi/Bluetooth, mobil uygulama, Siri Shortcuts uyumlu",A,Turuncu,24,4.2,2250,Az stok,Evet
EV-00284,Aydınlatma Ürünleri,LED Şerit,Govee,Govee LED Şerit GOV-LED-0284,4150,Trendyol,Üst,Ev Kullanımı,"Sıcak beyaz, 28 W, dimmer destekli",C,Krem,24,4.6,2887,Az stok,Evet
EV-00285,İçecek Hazırlama,Kahve Makinesi,Delonghi,Delonghi Kahve Makinesi DEL-KAH-0285,8200,n11,Premium,Günlük Kullanım,"1172 W, çelik gövde",A+,Inox,12,5.0,9312,Stokta var,Evet
EV-00286,Hava Nemlendirici & Temizleyiciler,Hava Nemlendirici,Philips,Philips Hava Nemlendirici PHI-HAV-0286,5000,Trendyol,Giriş,Günlük Kullanım,"UV-C filtre, 76 m² etki alanı",A+++,Lacivert,36,4.2,5249,Stokta var,Evet
EV-00287,Mutfak,Doğrayıcı & Rondo,Fakir,Fakir Doğrayıcı & Rondo FAK-DOĞ-0287,2050,Teknosa,Giriş,Pratik Kullanım,"402 W, cam hazne",A,Turuncu,36,4.1,1785,Az stok,Evet
EV-00288,Isıtma & Soğutma,Vantilatör,Vantil,Vantil Vantilatör VAN-VAN-0288,5300,Vatan Bilgisayar,Üst,Pratik Kullanım,"1733 W, günlük kullanıma uygun, kompakt tasarım",Belirtilmemiş,Inox,24,4.3,7870,Hızlı teslimat,Evet
EV-00289,İçecek Hazırlama,Kapsüllü Kahve Makinesi,Nespresso,Nespresso Kapsüllü Kahve Makinesi NES-KAP-0289,9700,Teknosa,Giriş,Günlük Kullanım,"1500 W, otomatik kapanma",A,Gri,24,4.1,1730,Stokta var,Evet
EV-00290,Mutfak,Dondurma Makinesi,Yonanas,Yonanas Dondurma Makinesi YON-DON-0290,27700,MediaMarkt,Fiyat/Performans,Pratik Kullanım,"737 W, günlük kullanıma uygun, kompakt tasarım",B,Mor,24,4.6,7081,Stokta var,Evet
EV-00291,İçecek Hazırlama,Su Isıtıcı & Kettle,Karaca,Karaca Su Isıtıcı & Kettle KAR-SU -0291,1700,MediaMarkt,Orta,Pratik Kullanım,"1906 W, ısı ayarı",C,Krem,24,4.6,11844,Az stok,Evet
EV-00292,İçecek Hazırlama,Su Isıtıcı & Kettle,Philips,Philips Su Isıtıcı & Kettle PHI-SU -0292,2900,Vatan Bilgisayar,Fiyat/Performans,Günlük Kullanım,"1538 W, otomatik kapanma",A,Beyaz,24,4.8,2531,Hızlı teslimat,Evet
EV-00293,Süpürgeler,Halı Yıkama Makinesi,Karcher,Karcher Halı Yıkama Makinesi KAR-HAL-0293,5150,Trendyol,Orta,Ev Kullanımı,"2128 W, günlük kullanıma uygun, kompakt tasarım",A+++,Krem,36,4.6,1357,Hızlı teslimat,Evet
EV-00294,Hava Nemlendirici & Temizleyiciler,Hava Nemlendirici,Levoit,Levoit Hava Nemlendirici LEV-HAV-0294,4150,Amazon Türkiye,Giriş,Ev Kullanımı,"Aktif karbon filtre, 43 m² etki alanı",A++,Turuncu,24,4.5,3044,Kampanyalı,Evet
EV-00295,Isıtma & Soğutma,Şofben & Termosifon,Bosch,Bosch Şofben & Termosifon BOS-ŞOF-0295,9200,n11,Orta,Günlük Kullanım,"1940 W, günlük kullanıma uygun, kompakt tasarım",C,Beyaz,24,4.1,1024,Kampanyalı,Evet
EV-00296,Aydınlatma Ürünleri,Akıllı Ampul,Wiz,Wiz Akıllı Ampul WIZ-AKI-0296,1700,Hepsiburada,Fiyat/Performans,Ev Kullanımı,"Wi-Fi/Bluetooth, mobil uygulama, Siri Shortcuts uyumlu",C,Turuncu,12,4.8,8576,Az stok,Evet
EV-00297,Hava Nemlendirici & Temizleyiciler,Hava Temizleyici,Dyson,Dyson Hava Temizleyici DYS-HAV-0297,6500,n11,Premium,Alerji,"HEPA H13 filtre, 80 m² etki alanı",Belirtilmemiş,Turuncu,24,4.7,8241,Az stok,Evet
EV-00298,Süpürgeler,Koltuk Yıkama Makinesi,Bissell,Bissell Koltuk Yıkama Makinesi BIS-KOL-0298,6700,MediaMarkt,Giriş,Ev Kullanımı,"813 W, günlük kullanıma uygun, kompakt tasarım",Belirtilmemiş,Gri,12,3.9,11207,Kampanyalı,Evet
EV-00299,Mutfak,Su Arıtma,İhlas,İhlas Su Arıtma IHL-SU -0299,3200,MediaMarkt,Giriş,Ev Kullanımı,"2154 W, günlük kullanıma uygun, kompakt tasarım",A+,Turuncu,24,4.5,9059,Hızlı teslimat,Evet
EV-00300,Süpürgeler,Robot Süpürge,Ecovacs,Ecovacs Robot Süpürge ECO-ROB-0300,13150,Vatan Bilgisayar,Orta,Ev Temizliği,"Lidar navigasyon, 7109 Pa emiş, 115 dk çalışma",Belirtilmemiş,Krem,12,4.5,12440,Kampanyalı,Evet
EV-00301,Isıtma & Soğutma,Vantilatör,Raks,Raks Vantilatör RAK-VAN-0301,5400,Vatan Bilgisayar,Premium,Günlük Kullanım,"964 W, günlük kullanıma uygun, kompakt tasarım",A,Gri,12,4.5,628,Hızlı teslimat,Evet
EV-00302,İçecek Hazırlama,Türk Kahve Makinesi,Arzum,Arzum Türk Kahve Makinesi ARZ-TÜR-0302,6350,Amazon Türkiye,Üst,Ev Kullanımı,"1350 W, ısı ayarı",A+++,Lacivert,24,4.1,12233,Kampanyalı,Evet
EV-00303,Mutfak,Tost Makinesi,Fakir,Fakir Tost Makinesi FAK-TOS-0303,1950,Trendyol,Orta,Ev Kullanımı,"1985 W, günlük kullanıma uygun, kompakt tasarım",Belirtilmemiş,Lacivert,24,4.2,12200,Hızlı teslimat,Evet
EV-00304,Akıllı Ev Sistemleri,Akıllı Kapı Zili,Xiaomi,Xiaomi Akıllı Kapı Zili XIA-AKI-0304,3600,Trendyol,Premium,Pratik Kullanım,"Wi-Fi/Bluetooth, mobil uygulama, Alexa uyumlu",Belirtilmemiş,Lacivert,24,4.9,6686,Az stok,Evet
EV-00305,İçecek Hazırlama,Kapsüllü Kahve Makinesi,Krups,Krups Kapsüllü Kahve Makinesi KRU-KAP-0305,15150,Trendyol,Premium,Pratik Kullanım,"859 W, otomatik kapanma",A++,Inox,24,4.7,8604,Az stok,Evet
EV-00306,İçecek Hazırlama,Türk Kahve Makinesi,Arzum,Arzum Türk Kahve Makinesi ARZ-TÜR-0306,1000,Amazon Türkiye,Üst,Ev Kullanımı,"1834 W, ısı ayarı",C,Beyaz,24,4.0,6050,Az stok,Evet
EV-00307,Ütüler,Buhar Kazanlı Ütü,Bosch,Bosch Buhar Kazanlı Ütü BOS-BUH-0307,18200,Trendyol,Premium,Pratik Kullanım,"2764 W, 124 g/dk buhar, kireç önleme",A+,Gri,24,5.0,7790,Stokta var,Evet
EV-00308,Mutfak,Airfryer,Philips,Philips Airfryer PHI-AIR-0308,11650,Trendyol,Giriş,Sağlıklı Pişirme,"9 L hazne, 1430 W, sıcak hava teknolojisi",C,Inox,24,4.8,3526,Hızlı teslimat,Evet
EV-00309,Hava Nemlendirici & Temizleyiciler,Hava Temizleyici & Nemlendirici,Dyson,Dyson Hava Temizleyici & Nemlendirici DYS-HAV-0309,44450,MediaMarkt,Giriş,Günlük Kullanım,"UV-C filtre, 71 m² etki alanı",A+++,Inox,24,4.9,10621,Kampanyalı,Evet
EV-00310,Evcil Hayvan Ürünleri,Otomatik Mama Kabı,Pawise,Pawise Otomatik Mama Kabı PAW-OTO-0310,12000,n11,Premium,Günlük Kullanım,"1355 W, günlük kullanıma uygun, kompakt tasarım",A+,Mor,12,4.2,4143,Stokta var,Evet
EV-00311,İçecek Hazırlama,Kahve Makinesi,Tefal,Tefal Kahve Makinesi TEF-KAH-0311,5650,Amazon Türkiye,Fiyat/Performans,Ev Kullanımı,"1021 W, ısı ayarı",A+++,Lacivert,24,4.5,4646,Kampanyalı,Evet
EV-00312,Mutfak,Tost Makinesi,Tefal,Tefal Tost Makinesi TEF-TOS-0312,4500,Trendyol,Orta,Günlük Kullanım,"2049 W, günlük kullanıma uygun, kompakt tasarım",Belirtilmemiş,Mor,24,4.4,3952,Az stok,Evet
EV-00313,İçecek Hazırlama,Filtre Kahve Makinesi,Fakir,Fakir Filtre Kahve Makinesi FAK-FIL-0313,3950,Teknosa,Üst,Ev Kullanımı,"872 W, çelik gövde",C,Inox,24,4.9,6643,Az stok,Evet
EV-00314,Evcil Hayvan Ürünleri,Kedi Köpek Tıraş Makinesi,Pawise,Pawise Kedi Köpek Tıraş Makinesi PAW-KED-0314,6550,Vatan Bilgisayar,Üst,Pratik Kullanım,"2195 W, günlük kullanıma uygun, kompakt tasarım",B,Gri,24,4.2,2800,Stokta var,Evet
EV-00315,Hava Nemlendirici & Temizleyiciler,Hava Temizleyici,Philips,Philips Hava Temizleyici PHI-HAV-0315,15700,n11,Fiyat/Performans,Hava Kalitesi,"UV-C filtre, 25 m² etki alanı",A++,Lacivert,24,4.9,11151,Kampanyalı,Evet
EV-00316,Isıtma & Soğutma,Vantilatör,Raks,Raks Vantilatör RAK-VAN-0316,5250,Vatan Bilgisayar,Üst,Ev Kullanımı,"509 W, günlük kullanıma uygun, kompakt tasarım",Belirtilmemiş,Beyaz,36,4.2,1944,Az stok,Evet
EV-00317,Hava Nemlendirici & Temizleyiciler,Hava Temizleyici & Nemlendirici,Dyson,Dyson Hava Temizleyici & Nemlendirici DYS-HAV-0317,39350,Vatan Bilgisayar,Premium,Günlük Kullanım,"HEPA H13 filtre, 32 m² etki alanı",A+,Mor,12,4.2,900,Hızlı teslimat,Evet
EV-00318,Süpürgeler,Islak Kuru Süpürge,Arzum,Arzum Islak Kuru Süpürge ARZ-ISL-0318,24050,n11,Orta,Pratik Kullanım,"1224 W motor, Siklon filtre, Kablosuz",A+++,Turuncu,24,3.9,5464,Az stok,Evet
EV-00319,Süpürgeler,Toz Torbalı Süpürge,Fakir,Fakir Toz Torbalı Süpürge FAK-TOZ-0319,5750,n11,Premium,Günlük Kullanım,"2276 W motor, Yıkanabilir filtre, Kablolu",A,Mor,36,4.7,1457,Hızlı teslimat,Evet
EV-00320,İçecek Hazırlama,Kahve Makinesi,Philips,Philips Kahve Makinesi PHI-KAH-0320,7700,Amazon Türkiye,Orta,Ev Kullanımı,"1887 W, otomatik kapanma",A+++,Siyah,24,4.2,245,Az stok,Evet
EV-00321,Evcil Hayvan Ürünleri,Akıllı Kedi Tuvaleti,Catlink,Catlink Akıllı Kedi Tuvaleti CAT-AKI-0321,25950,Hepsiburada,Orta,Ev Kullanımı,"Wi-Fi/Bluetooth, mobil uygulama, Google Assistant uyumlu",A+++,Siyah,24,4.3,9659,Kampanyalı,Evet
EV-00322,Isıtma & Soğutma,Isıtıcı,Rowenta,Rowenta Isıtıcı ROW-ISI-0322,7250,Vatan Bilgisayar,Fiyat/Performans,Günlük Kullanım,"1101 W, günlük kullanıma uygun, kompakt tasarım",A,Lacivert,24,4.2,11267,Az stok,Evet
EV-00323,Isıtma & Soğutma,Klima,Daikin,Daikin Klima DAI-KLI-0323,38350,Amazon Türkiye,Orta,Ev Konforu,"9000 BTU, inverter, Wi-Fi var",A+++,Lacivert,24,5.0,3475,Hızlı teslimat,Evet
EV-00324,Akıllı Ev Sistemleri,Akıllı Sensör,Tapo,Tapo Akıllı Sensör TAP-AKI-0324,3700,Hepsiburada,Fiyat/Performans,Pratik Kullanım,"Wi-Fi/Bluetooth, mobil uygulama, Google Assistant uyumlu",C,Siyah,24,4.5,800,Stokta var,Evet
EV-00325,Isıtma & Soğutma,Vantilatör,Vantil,Vantil Vantilatör VAN-VAN-0325,5350,Vatan Bilgisayar,Giriş,Günlük Kullanım,"820 W, günlük kullanıma uygun, kompakt tasarım",C,Siyah,24,4.1,11514,Hızlı teslimat,Evet
EV-00326,Evcil Hayvan Ürünleri,Akıllı Su Pınarı,Xiaomi,Xiaomi Akıllı Su Pınarı XIA-AKI-0326,7450,Vatan Bilgisayar,Üst,Ev Kullanımı,"Wi-Fi/Bluetooth, mobil uygulama, Google Assistant uyumlu",B,Beyaz,24,4.5,2262,Stokta var,Evet
EV-00327,İçecek Hazırlama,Su Isıtıcı & Kettle,Fakir,Fakir Su Isıtıcı & Kettle FAK-SU -0327,1650,Trendyol,Fiyat/Performans,Günlük Kullanım,"1533 W, çelik gövde",A,Krem,24,4.7,8586,Stokta var,Evet
EV-00328,Aydınlatma Ürünleri,LED Şerit,Yeelight,Yeelight LED Şerit YEE-LED-0328,1550,Teknosa,Premium,Pratik Kullanım,"RGB, 8 W, dimmer destekli",Belirtilmemiş,Turuncu,24,4.1,223,Stokta var,Evet
EV-00329,Hava Nemlendirici & Temizleyiciler,Hava Temizleyici & Nemlendirici,Dyson,Dyson Hava Temizleyici & Nemlendirici DYS-HAV-0329,41500,Teknosa,Giriş,Ev Kullanımı,"Aktif karbon filtre, 49 m² etki alanı",A+++,Beyaz,24,4.6,7498,Stokta var,Evet
EV-00330,Mutfak,Airfryer,Tefal,Tefal Airfryer TEF-AIR-0330,9800,Amazon Türkiye,Premium,Sağlıklı Pişirme,"4 L hazne, 2072 W, sıcak hava teknolojisi",A++,Gri,24,3.9,12437,Kampanyalı,Evet
EV-00331,Isıtma & Soğutma,Şofben & Termosifon,Demirdöküm,Demirdöküm Şofben & Termosifon DEM-ŞOF-0331,9350,Teknosa,Giriş,Günlük Kullanım,"1220 W, günlük kullanıma uygun, kompakt tasarım",A,Turuncu,24,4.8,3011,Hızlı teslimat,Evet
EV-00332,Evcil Hayvan Ürünleri,Akıllı Kedi Tuvaleti,Pura,Pura Akıllı Kedi Tuvaleti PUR-AKI-0332,50950,Amazon Türkiye,Premium,Günlük Kullanım,"Wi-Fi/Bluetooth, mobil uygulama, Google Assistant uyumlu",C,Siyah,24,4.9,2747,Stokta var,Evet
EV-00333,Isıtma & Soğutma,Vantilatör,Kiwi,Kiwi Vantilatör KIW-VAN-0333,6650,Amazon Türkiye,Fiyat/Performans,Ev Kullanımı,"1995 W, günlük kullanıma uygun, kompakt tasarım",A+,Siyah,24,4.3,10030,Hızlı teslimat,Evet
EV-00334,Hava Nemlendirici & Temizleyiciler,Hava Nemlendirici,Xiaomi,Xiaomi Hava Nemlendirici XIA-HAV-0334,6050,Hepsiburada,Premium,Ev Kullanımı,"HEPA H13 filtre, 65 m² etki alanı",Belirtilmemiş,Inox,24,3.9,10746,Stokta var,Evet
EV-00335,Isıtma & Soğutma,Kombi,Ariston,Ariston Kombi ARI-KOM-0335,54200,MediaMarkt,Orta,Sıcak Su,"24 kW, yoğuşmalı, dijital ekran",Belirtilmemiş,Siyah,24,4.2,11095,Az stok,Evet
EV-00336,Hava Nemlendirici & Temizleyiciler,Hava Temizleyici & Nemlendirici,Levoit,Levoit Hava Temizleyici & Nemlendirici LEV-HAV-0336,29850,Hepsiburada,Orta,Günlük Kullanım,"Aktif karbon filtre, 37 m² etki alanı",A+++,Inox,12,4.7,5268,Hızlı teslimat,Evet
EV-00337,Isıtma & Soğutma,Klima,Beko,Beko Klima BEK-KLI-0337,23050,MediaMarkt,Premium,Soğutma,"24000 BTU, inverter, Wi-Fi yok",A+,Beyaz,36,4.8,7356,Stokta var,Evet
EV-00338,İçecek Hazırlama,Su Isıtıcı & Kettle,Fakir,Fakir Su Isıtıcı & Kettle FAK-SU -0338,3000,Vatan Bilgisayar,Giriş,Pratik Kullanım,"2067 W, çelik gövde",A+,Inox,36,4.5,1504,Kampanyalı,Evet
EV-00339,Ütüler,Buhar Kazanlı Ütü,Philips,Philips Buhar Kazanlı Ütü PHI-BUH-0339,23900,n11,Orta,Pratik Kullanım,"2814 W, 156 g/dk buhar, kireç önleme",C,Lacivert,36,4.3,9192,Stokta var,Evet
EV-00340,İçecek Hazırlama,Su Isıtıcı & Kettle,Tefal,Tefal Su Isıtıcı & Kettle TEF-SU -0340,1800,Teknosa,Giriş,Ev Kullanımı,"1921 W, çelik gövde",A+,Beyaz,24,4.2,10396,Az stok,Evet
EV-00341,Hava Nemlendirici & Temizleyiciler,Hava Nemlendirici,Philips,Philips Hava Nemlendirici PHI-HAV-0341,11300,Hepsiburada,Premium,Günlük Kullanım,"HEPA H13 filtre, 79 m² etki alanı",Belirtilmemiş,Mor,24,4.1,3224,Hızlı teslimat,Evet
EV-00342,Süpürgeler,Halı Yıkama Makinesi,Arzum,Arzum Halı Yıkama Makinesi ARZ-HAL-0342,7250,Hepsiburada,Premium,Pratik Kullanım,"652 W, günlük kullanıma uygun, kompakt tasarım",Belirtilmemiş,Turuncu,36,4.9,11027,Az stok,Evet
EV-00343,Hava Nemlendirici & Temizleyiciler,Hava Nemlendirici,Xiaomi,Xiaomi Hava Nemlendirici XIA-HAV-0343,7550,Vatan Bilgisayar,Giriş,Ev Kullanımı,"UV-C filtre, 69 m² etki alanı",A++,Gri,24,4.9,9601,Stokta var,Evet
EV-00344,Ütüler,Buharlı Dikey Ütü,Xiaomi,Xiaomi Buharlı Dikey Ütü XIA-BUH-0344,9400,MediaMarkt,Fiyat/Performans,Pratik Kullanım,"2980 W, 98 g/dk buhar, kireç önleme",A+,Mor,24,4.3,9992,Kampanyalı,Evet
EV-00345,Isıtma & Soğutma,Şofben & Termosifon,Beko,Beko Şofben & Termosifon BEK-ŞOF-0345,6000,Vatan Bilgisayar,Premium,Pratik Kullanım,"1012 W, günlük kullanıma uygun, kompakt tasarım",Belirtilmemiş,Lacivert,12,4.6,12277,Az stok,Evet
EV-00346,Süpürgeler,Halı Yıkama Makinesi,Fakir,Fakir Halı Yıkama Makinesi FAK-HAL-0346,20450,Amazon Türkiye,Üst,Günlük Kullanım,"1854 W, günlük kullanıma uygun, kompakt tasarım",C,Gri,12,4.2,11031,Kampanyalı,Evet
EV-00347,Süpürgeler,Robot Süpürge,Philips,Philips Robot Süpürge PHI-ROB-0347,23500,MediaMarkt,Fiyat/Performans,Evcil Hayvanlı Ev,"Kamera navigasyon, 6873 Pa emiş, 163 dk çalışma",Belirtilmemiş,Mor,24,4.5,10945,Stokta var,Evet
EV-00348,İçecek Hazırlama,Filtre Kahve Makinesi,Arzum,Arzum Filtre Kahve Makinesi ARZ-FIL-0348,1700,Amazon Türkiye,Giriş,Günlük Kullanım,"1386 W, çelik gövde",A+,Gri,24,3.9,4389,Kampanyalı,Evet
EV-00349,Süpürgeler,Koltuk Yıkama Makinesi,Kiwi,Kiwi Koltuk Yıkama Makinesi KIW-KOL-0349,4300,n11,Üst,Pratik Kullanım,"1914 W, günlük kullanıma uygun, kompakt tasarım",B,Inox,12,4.3,10109,Hızlı teslimat,Evet
EV-00350,Mutfak,Mikser,Tefal,Tefal Mikser TEF-MIK-0350,5500,Amazon Türkiye,Üst,Ev Kullanımı,"1253 W, çoklu hız ayarı",A+,Siyah,24,4.6,6266,Kampanyalı,Evet
EV-00351,Süpürgeler,Halı Yıkama Makinesi,Arnica,Arnica Halı Yıkama Makinesi ARN-HAL-0351,26700,n11,Premium,Pratik Kullanım,"1853 W, günlük kullanıma uygun, kompakt tasarım",C,Lacivert,12,4.1,10398,Az stok,Evet
EV-00352,Süpürgeler,Halı Yıkama Makinesi,Arzum,Arzum Halı Yıkama Makinesi ARZ-HAL-0352,15950,Amazon Türkiye,Orta,Pratik Kullanım,"1452 W, günlük kullanıma uygun, kompakt tasarım",A+++,Mor,24,3.9,2862,Hızlı teslimat,Evet
EV-00353,Mutfak,Tost Makinesi,Korkmaz,Korkmaz Tost Makinesi KOR-TOS-0353,4050,Trendyol,Orta,Günlük Kullanım,"1076 W, günlük kullanıma uygun, kompakt tasarım",A,Gri,24,4.5,4193,Az stok,Evet
EV-00354,Mutfak,Su Arıtma,Aqua,Aqua Su Arıtma AQU-SU -0354,2800,n11,Fiyat/Performans,Pratik Kullanım,"1526 W, günlük kullanıma uygun, kompakt tasarım",A+,Beyaz,24,4.6,8052,Az stok,Evet
EV-00355,Süpürgeler,Toz Torbasız Süpürge,Fakir,Fakir Toz Torbasız Süpürge FAK-TOZ-0355,3200,Trendyol,Fiyat/Performans,Ev Kullanımı,"876 W motor, Siklon filtre, Kablosuz",A++,Lacivert,24,4.3,8813,Kampanyalı,Evet
EV-00356,Mutfak,Airfryer,Xiaomi,Xiaomi Airfryer XIA-AIR-0356,17600,MediaMarkt,Fiyat/Performans,Sağlıklı Pişirme,"4 L hazne, 1884 W, sıcak hava teknolojisi",A+,Turuncu,24,5.0,12337,Az stok,Evet
EV-00357,İçecek Hazırlama,Türk Kahve Makinesi,Schafer,Schafer Türk Kahve Makinesi SCH-TÜR-0357,6350,MediaMarkt,Üst,Ev Kullanımı,"1325 W, çelik gövde",C,Krem,24,4.9,1872,Kampanyalı,Evet
EV-00358,Hava Nemlendirici & Temizleyiciler,Hava Temizleyici & Nemlendirici,Levoit,Levoit Hava Temizleyici & Nemlendirici LEV-HAV-0358,29400,Teknosa,Giriş,Ev Kullanımı,"UV-C filtre, 25 m² etki alanı",A+++,Gri,12,4.9,3169,Stokta var,Evet
EV-00359,Akıllı Ev Sistemleri,Akıllı Sensör,Xiaomi,Xiaomi Akıllı Sensör XIA-AKI-0359,1600,n11,Orta,Günlük Kullanım,"Wi-Fi/Bluetooth, mobil uygulama, Siri Shortcuts uyumlu",Belirtilmemiş,Mor,24,4.6,1717,Az stok,Evet
EV-00360,İçecek Hazırlama,Filtre Kahve Makinesi,Arzum,Arzum Filtre Kahve Makinesi ARZ-FIL-0360,5350,Hepsiburada,Üst,Günlük Kullanım,"1315 W, çelik gövde",A+++,Inox,24,3.9,904,Hızlı teslimat,Evet
EV-00361,Ütüler,Buharlı Dikey Ütü,Fakir,Fakir Buharlı Dikey Ütü FAK-BUH-0361,11550,Teknosa,Premium,Günlük Kullanım,"2747 W, 36 g/dk buhar, kireç önleme",C,Beyaz,12,3.8,11046,Stokta var,Evet
EV-00362,Evcil Hayvan Ürünleri,Akıllı Kedi Tuvaleti,Petkit,Petkit Akıllı Kedi Tuvaleti PET-AKI-0362,28300,Hepsiburada,Fiyat/Performans,Ev Kullanımı,"Wi-Fi/Bluetooth, mobil uygulama, Siri Shortcuts uyumlu",A+++,Krem,36,4.1,11252,Hızlı teslimat,Evet
EV-00363,Isıtma & Soğutma,Klima,Daikin,Daikin Klima DAI-KLI-0363,63500,Vatan Bilgisayar,Orta,Isıtma,"18000 BTU, inverter, Wi-Fi var",A+,Lacivert,24,4.1,12249,Az stok,Evet
EV-00364,Süpürgeler,Robot Süpürge,Roborock,Roborock Robot Süpürge ROB-ROB-0364,5750,Vatan Bilgisayar,Fiyat/Performans,Ev Temizliği,"Kamera navigasyon, 4220 Pa emiş, 178 dk çalışma",A++,Mor,12,4.3,8985,Az stok,Evet
EV-00365,Süpürgeler,Toz Torbalı Süpürge,Philips,Philips Toz Torbalı Süpürge PHI-TOZ-0365,7350,n11,Fiyat/Performans,Günlük Kullanım,"2823 W motor, HEPA filtre, Kablolu",C,Beyaz,24,4.1,1892,Stokta var,Evet
EV-00366,Mutfak,Doğrayıcı & Rondo,Arzum,Arzum Doğrayıcı & Rondo ARZ-DOĞ-0366,1750,MediaMarkt,Fiyat/Performans,Günlük Kullanım,"880 W, cam hazne",A+,Beyaz,24,4.9,5866,Kampanyalı,Evet
EV-00367,Hava Nemlendirici & Temizleyiciler,Hava Nemlendirici,Beurer,Beurer Hava Nemlendirici BEU-HAV-0367,5000,Amazon Türkiye,Fiyat/Performans,Günlük Kullanım,"UV-C filtre, 56 m² etki alanı",A+,Lacivert,36,4.2,9586,Az stok,Evet
EV-00368,İçecek Hazırlama,Kahve Makinesi,Beko,Beko Kahve Makinesi BEK-KAH-0368,4050,Amazon Türkiye,Orta,Ev Kullanımı,"1536 W, otomatik kapanma",C,Lacivert,36,4.7,7160,Hızlı teslimat,Evet
EV-00369,Isıtma & Soğutma,Şofben & Termosifon,Vestel,Vestel Şofben & Termosifon VES-ŞOF-0369,22300,MediaMarkt,Üst,Pratik Kullanım,"1642 W, günlük kullanıma uygun, kompakt tasarım",A+++,Krem,24,4.5,2894,Az stok,Evet
EV-00370,Mutfak,Doğrayıcı & Rondo,Bosch,Bosch Doğrayıcı & Rondo BOS-DOĞ-0370,4500,Amazon Türkiye,Giriş,Pratik Kullanım,"463 W, çoklu hız ayarı",B,Mor,12,3.9,320,Az stok,Evet
EV-00371,İçecek Hazırlama,Türk Kahve Makinesi,Fakir,Fakir Türk Kahve Makinesi FAK-TÜR-0371,2350,Vatan Bilgisayar,Fiyat/Performans,Ev Kullanımı,"1603 W, otomatik kapanma",Belirtilmemiş,Krem,24,4.4,2450,Hızlı teslimat,Evet
EV-00372,Hava Nemlendirici & Temizleyiciler,Hava Temizleyici & Nemlendirici,Dyson,Dyson Hava Temizleyici & Nemlendirici DYS-HAV-0372,24800,Vatan Bilgisayar,Üst,Pratik Kullanım,"UV-C filtre, 30 m² etki alanı",Belirtilmemiş,Gri,36,3.8,3928,Az stok,Evet
EV-00373,Süpürgeler,Toz Torbasız Süpürge,Fakir,Fakir Toz Torbasız Süpürge FAK-TOZ-0373,15950,Amazon Türkiye,Orta,Günlük Kullanım,"1396 W motor, Siklon filtre, Kablosuz",A+++,Krem,24,4.7,5893,Az stok,Evet
EV-00374,İçecek Hazırlama,Türk Kahve Makinesi,Schafer,Schafer Türk Kahve Makinesi SCH-TÜR-0374,2000,n11,Fiyat/Performans,Ev Kullanımı,"895 W, otomatik kapanma",C,Lacivert,24,4.2,7710,Kampanyalı,Evet
EV-00375,Mutfak,Doğrayıcı & Rondo,Philips,Philips Doğrayıcı & Rondo PHI-DOĞ-0375,3950,Trendyol,Fiyat/Performans,Ev Kullanımı,"559 W, çoklu hız ayarı",A+,Mor,24,4.3,6216,Hızlı teslimat,Evet
EV-00376,Ütüler,Buharlı Ütü,Arzum,Arzum Buharlı Ütü ARZ-BUH-0376,6900,Vatan Bilgisayar,Premium,Ev Kullanımı,"2369 W, 93 g/dk buhar, kireç önleme",A+++,Krem,24,3.8,2291,Az stok,Evet
EV-00377,Süpürgeler,Toz Torbasız Süpürge,Bosch,Bosch Toz Torbasız Süpürge BOS-TOZ-0377,10750,Amazon Türkiye,Fiyat/Performans,Günlük Kullanım,"2198 W motor, Siklon filtre, Kablosuz",A,Turuncu,36,4.8,10846,Az stok,Evet
EV-00378,Akıllı Ev Sistemleri,Akıllı Kamera,TP-Link,TP-Link Akıllı Kamera TP--AKI-0378,8850,Hepsiburada,Premium,Güvenlik,"Wi-Fi/Bluetooth, mobil uygulama, Google Assistant uyumlu",C,Siyah,12,4.1,2110,Az stok,Evet
EV-00379,İçecek Hazırlama,Espresso Kahve Makinesi,Philips,Philips Espresso Kahve Makinesi PHI-ESP-0379,15700,Vatan Bilgisayar,Orta,Pratik Kullanım,"2105 W, otomatik kapanma",C,Krem,24,4.9,9834,Az stok,Evet
EV-00380,Isıtma & Soğutma,Şofben & Termosifon,Demirdöküm,Demirdöküm Şofben & Termosifon DEM-ŞOF-0380,14550,Trendyol,Premium,Pratik Kullanım,"692 W, günlük kullanıma uygun, kompakt tasarım",Belirtilmemiş,Gri,12,4.1,6745,Kampanyalı,Evet
EV-00381,Süpürgeler,Toz Torbalı Süpürge,Electrolux,Electrolux Toz Torbalı Süpürge ELE-TOZ-0381,10450,Vatan Bilgisayar,Premium,Ev Kullanımı,"2078 W motor, HEPA filtre, Kablosuz",A+++,Inox,12,4.5,3780,Hızlı teslimat,Evet
EV-00382,Süpürgeler,Islak Kuru Süpürge,Bosch,Bosch Islak Kuru Süpürge BOS-ISL-0382,4450,MediaMarkt,Orta,Günlük Kullanım,"2676 W motor, Yıkanabilir filtre, Kablosuz",A+++,Turuncu,24,4.9,9842,Stokta var,Evet
EV-00383,Evcil Hayvan Ürünleri,Kedi Köpek Tıraş Makinesi,Goldmaster,Goldmaster Kedi Köpek Tıraş Makinesi GOL-KED-0383,5850,n11,Üst,Ev Kullanımı,"869 W, günlük kullanıma uygun, kompakt tasarım",Belirtilmemiş,Turuncu,36,3.9,8695,Kampanyalı,Evet
EV-00384,Akıllı Ev Sistemleri,Akıllı Kamera,Imou,Imou Akıllı Kamera IMO-AKI-0384,10300,Hepsiburada,Fiyat/Performans,Akıllı Ev,"Wi-Fi/Bluetooth, mobil uygulama, Google Assistant uyumlu",Belirtilmemiş,Beyaz,24,4.3,4185,Hızlı teslimat,Evet
EV-00385,Mutfak,Doğrayıcı & Rondo,Fakir,Fakir Doğrayıcı & Rondo FAK-DOĞ-0385,500,Vatan Bilgisayar,Giriş,Günlük Kullanım,"1168 W, çoklu hız ayarı",A++,Lacivert,36,4.4,8530,Kampanyalı,Evet
EV-00386,İçecek Hazırlama,Su Isıtıcı & Kettle,Arzum,Arzum Su Isıtıcı & Kettle ARZ-SU -0386,3100,Teknosa,Fiyat/Performans,Ev Kullanımı,"1956 W, ısı ayarı",B,Krem,36,4.1,8798,Az stok,Evet
EV-00387,Isıtma & Soğutma,Vantilatör,Kiwi,Kiwi Vantilatör KIW-VAN-0387,7600,Trendyol,Premium,Ev Kullanımı,"919 W, günlük kullanıma uygun, kompakt tasarım",A+,Lacivert,36,4.2,9106,Az stok,Evet
EV-00388,Evcil Hayvan Ürünleri,Akıllı Su Pınarı,Xiaomi,Xiaomi Akıllı Su Pınarı XIA-AKI-0388,3700,n11,Premium,Günlük Kullanım,"Wi-Fi/Bluetooth, mobil uygulama, Google Assistant uyumlu",B,Mor,24,4.6,2665,Stokta var,Evet
EV-00389,Süpürgeler,Toz Torbalı Süpürge,Beko,Beko Toz Torbalı Süpürge BEK-TOZ-0389,1800,n11,Giriş,Ev Kullanımı,"861 W motor, HEPA filtre, Kablolu",A++,Lacivert,24,4.0,9849,Stokta var,Evet
EV-00390,Ütüler,Buharlı Dikey Ütü,Fakir,Fakir Buharlı Dikey Ütü FAK-BUH-0390,14500,Amazon Türkiye,Üst,Günlük Kullanım,"2855 W, 161 g/dk buhar, kireç önleme",A,Siyah,24,5.0,956,Kampanyalı,Evet
EV-00391,Süpürgeler,Halı Yıkama Makinesi,Karcher,Karcher Halı Yıkama Makinesi KAR-HAL-0391,24550,Vatan Bilgisayar,Fiyat/Performans,Pratik Kullanım,"747 W, günlük kullanıma uygun, kompakt tasarım",C,Siyah,24,4.4,3810,Az stok,Evet
EV-00392,Evcil Hayvan Ürünleri,Otomatik Mama Kabı,Xiaomi,Xiaomi Otomatik Mama Kabı XIA-OTO-0392,5200,Teknosa,Giriş,Pratik Kullanım,"1209 W, günlük kullanıma uygun, kompakt tasarım",A,Inox,12,4.7,5800,Stokta var,Evet
EV-00393,İçecek Hazırlama,Kapsüllü Kahve Makinesi,Nespresso,Nespresso Kapsüllü Kahve Makinesi NES-KAP-0393,9450,Vatan Bilgisayar,Fiyat/Performans,Günlük Kullanım,"2041 W, otomatik kapanma",A,Mor,12,4.2,4545,Stokta var,Evet
EV-00394,Mutfak,Doğrayıcı & Rondo,Fakir,Fakir Doğrayıcı & Rondo FAK-DOĞ-0394,3100,Hepsiburada,Fiyat/Performans,Ev Kullanımı,"1096 W, cam hazne",Belirtilmemiş,Krem,12,4.5,8258,Kampanyalı,Evet
EV-00395,Evcil Hayvan Ürünleri,Akıllı Kedi Tuvaleti,Pura,Pura Akıllı Kedi Tuvaleti PUR-AKI-0395,59450,Vatan Bilgisayar,Premium,Ev Kullanımı,"Wi-Fi/Bluetooth, mobil uygulama, Alexa uyumlu",C,Turuncu,12,4.4,4000,Stokta var,Evet
EV-00396,Hava Nemlendirici & Temizleyiciler,Hava Temizleyici,Xiaomi,Xiaomi Hava Temizleyici XIA-HAV-0396,15700,MediaMarkt,Giriş,Alerji,"Aktif karbon filtre, 46 m² etki alanı",A+,Siyah,24,4.6,3625,Az stok,Evet
EV-00397,Mutfak,Airfryer,Philips,Philips Airfryer PHI-AIR-0397,12000,Hepsiburada,Üst,Pratik Yemek,"6 L hazne, 1562 W, sıcak hava teknolojisi",A++,Krem,24,4.5,2939,Az stok,Evet
EV-00398,Hava Nemlendirici & Temizleyiciler,Hava Nemlendirici,Levoit,Levoit Hava Nemlendirici LEV-HAV-0398,3350,Amazon Türkiye,Orta,Günlük Kullanım,"HEPA H13 filtre, 32 m² etki alanı",Belirtilmemiş,Inox,12,4.1,4363,Kampanyalı,Evet
EV-00399,Süpürgeler,Islak Kuru Süpürge,Karcher,Karcher Islak Kuru Süpürge KAR-ISL-0399,5050,Amazon Türkiye,Giriş,Pratik Kullanım,"527 W motor, Yıkanabilir filtre, Kablosuz",Belirtilmemiş,Turuncu,24,4.9,8086,Kampanyalı,Evet
EV-00400,Hava Nemlendirici & Temizleyiciler,Hava Nemlendirici,Fakir,Fakir Hava Nemlendirici FAK-HAV-0400,11900,MediaMarkt,Üst,Ev Kullanımı,"Aktif karbon filtre, 34 m² etki alanı",Belirtilmemiş,Gri,24,4.0,8389,Hızlı teslimat,Evet
EV-00401,Hava Nemlendirici & Temizleyiciler,Hava Temizleyici,Samsung,Samsung Hava Temizleyici SAM-HAV-0401,4150,Teknosa,Fiyat/Performans,Alerji,"Aktif karbon filtre, 27 m² etki alanı",C,Turuncu,24,4.3,11259,Stokta var,Evet
EV-00402,İçecek Hazırlama,Kahve Makinesi,Delonghi,Delonghi Kahve Makinesi DEL-KAH-0402,3550,Vatan Bilgisayar,Premium,Pratik Kullanım,"1331 W, otomatik kapanma",B,Krem,24,3.9,5939,Kampanyalı,Evet
EV-00403,Hava Nemlendirici & Temizleyiciler,Hava Temizleyici,Samsung,Samsung Hava Temizleyici SAM-HAV-0403,20050,Trendyol,Üst,Hava Kalitesi,"UV-C filtre, 68 m² etki alanı",A+,Lacivert,36,4.4,3464,Kampanyalı,Evet
EV-00404,Isıtma & Soğutma,Şofben & Termosifon,Beko,Beko Şofben & Termosifon BEK-ŞOF-0404,17100,Vatan Bilgisayar,Orta,Pratik Kullanım,"952 W, günlük kullanıma uygun, kompakt tasarım",Belirtilmemiş,Inox,12,4.6,1651,Hızlı teslimat,Evet
EV-00405,Ütüler,Buharlı Dikey Ütü,Tefal,Tefal Buharlı Dikey Ütü TEF-BUH-0405,4900,MediaMarkt,Orta,Ev Kullanımı,"2711 W, 69 g/dk buhar, kireç önleme",Belirtilmemiş,Lacivert,36,4.8,2908,Kampanyalı,Evet
EV-00406,Mutfak,Doğrayıcı & Rondo,Philips,Philips Doğrayıcı & Rondo PHI-DOĞ-0406,4100,MediaMarkt,Giriş,Günlük Kullanım,"841 W, çelik bıçak",A,Beyaz,36,3.9,2691,Kampanyalı,Evet
EV-00407,Mutfak,Doğrayıcı & Rondo,Karaca,Karaca Doğrayıcı & Rondo KAR-DOĞ-0407,2800,Vatan Bilgisayar,Fiyat/Performans,Ev Kullanımı,"440 W, çelik bıçak",A+++,Lacivert,12,4.9,4237,Az stok,Evet
EV-00408,Akıllı Ev Sistemleri,Akıllı Priz,Wiz,Wiz Akıllı Priz WIZ-AKI-0408,1400,Teknosa,Üst,Ev Kullanımı,"Wi-Fi/Bluetooth, mobil uygulama, Siri Shortcuts uyumlu",A,Beyaz,36,4.2,8378,Kampanyalı,Evet
EV-00409,Isıtma & Soğutma,Isıtıcı,Rowenta,Rowenta Isıtıcı ROW-ISI-0409,2450,Amazon Türkiye,Orta,Ev Kullanımı,"1692 W, günlük kullanıma uygun, kompakt tasarım",B,Mor,24,4.8,5542,Stokta var,Evet
EV-00410,Süpürgeler,Toz Torbalı Süpürge,Arçelik,Arçelik Toz Torbalı Süpürge ARÇ-TOZ-0410,7500,Teknosa,Üst,Ev Kullanımı,"2979 W motor, Yıkanabilir filtre, Kablolu",A+,Turuncu,24,4.6,11654,Hızlı teslimat,Evet
EV-00411,Isıtma & Soğutma,Vantilatör,Arzum,Arzum Vantilatör ARZ-VAN-0411,2850,Trendyol,Giriş,Ev Kullanımı,"1923 W, günlük kullanıma uygun, kompakt tasarım",C,Beyaz,24,4.7,10861,Az stok,Evet
EV-00412,Isıtma & Soğutma,Klima,Mitsubishi,Mitsubishi Klima MIT-KLI-0412,24750,MediaMarkt,Giriş,Isıtma,"9000 BTU, inverter, Wi-Fi var",A+,Gri,24,4.5,446,Hızlı teslimat,Evet
EV-00413,Mutfak,Meyve Sıkacağı,Arzum,Arzum Meyve Sıkacağı ARZ-MEY-0413,4050,MediaMarkt,Üst,Pratik Kullanım,"749 W, cam hazne",A+++,Lacivert,24,4.6,2165,Hızlı teslimat,Evet
EV-00414,Isıtma & Soğutma,Isıtıcı,Luxell,Luxell Isıtıcı LUX-ISI-0414,4050,MediaMarkt,Fiyat/Performans,Pratik Kullanım,"762 W, günlük kullanıma uygun, kompakt tasarım",B,Turuncu,12,4.0,11444,Hızlı teslimat,Evet
EV-00415,Aydınlatma Ürünleri,Masa & Gece Lambası,Ttec,Ttec Masa & Gece Lambası TTE-MAS-0415,4350,Teknosa,Fiyat/Performans,Pratik Kullanım,"RGB, 30 W, dimmer destekli",A+++,Turuncu,24,4.9,7906,Kampanyalı,Evet
EV-00416,Isıtma & Soğutma,Vantilatör,Raks,Raks Vantilatör RAK-VAN-0416,2450,Hepsiburada,Üst,Günlük Kullanım,"1104 W, günlük kullanıma uygun, kompakt tasarım",A+,Turuncu,12,3.8,12438,Stokta var,Evet
EV-00417,Evcil Hayvan Ürünleri,Akıllı Kedi Tuvaleti,Pura,Pura Akıllı Kedi Tuvaleti PUR-AKI-0417,58450,Teknosa,Premium,Ev Kullanımı,"Wi-Fi/Bluetooth, mobil uygulama, Siri Shortcuts uyumlu",A++,Siyah,12,3.8,7067,Kampanyalı,Evet
EV-00418,Süpürgeler,Halı Yıkama Makinesi,Bissell,Bissell Halı Yıkama Makinesi BIS-HAL-0418,27050,MediaMarkt,Fiyat/Performans,Pratik Kullanım,"1909 W, günlük kullanıma uygun, kompakt tasarım",C,Mor,36,4.3,2690,Az stok,Evet
EV-00419,Mutfak,Doğrayıcı & Rondo,Arzum,Arzum Doğrayıcı & Rondo ARZ-DOĞ-0419,3200,Vatan Bilgisayar,Orta,Pratik Kullanım,"956 W, çelik bıçak",C,Krem,36,4.7,10061,Az stok,Evet
EV-00420,İçecek Hazırlama,Kapsüllü Kahve Makinesi,Tchibo,Tchibo Kapsüllü Kahve Makinesi TCH-KAP-0420,5650,Hepsiburada,Üst,Ev Kullanımı,"1357 W, çelik gövde",B,Turuncu,24,4.6,10135,Kampanyalı,Evet
EV-00421,İçecek Hazırlama,Filtre Kahve Makinesi,Tefal,Tefal Filtre Kahve Makinesi TEF-FIL-0421,1100,Hepsiburada,Fiyat/Performans,Ev Kullanımı,"1351 W, otomatik kapanma",C,Turuncu,24,4.0,1690,Az stok,Evet
EV-00422,İçecek Hazırlama,Çay Makinesi,Beko,Beko Çay Makinesi BEK-ÇAY-0422,750,Trendyol,Premium,Ev Kullanımı,"1560 W, ısı ayarı",C,Siyah,24,4.2,5119,Stokta var,Evet
EV-00423,Süpürgeler,Islak Kuru Süpürge,Karcher,Karcher Islak Kuru Süpürge KAR-ISL-0423,8800,Hepsiburada,Premium,Günlük Kullanım,"1524 W motor, Siklon filtre, Kablosuz",A+++,Inox,36,4.5,2990,Hızlı teslimat,Evet
EV-00424,Mutfak,Mikser,Karaca,Karaca Mikser KAR-MIK-0424,700,MediaMarkt,Orta,Pratik Kullanım,"826 W, çelik bıçak",A,Krem,24,4.7,1554,Az stok,Evet
EV-00425,Akıllı Ev Sistemleri,Akıllı Sensör,Xiaomi,Xiaomi Akıllı Sensör XIA-AKI-0425,3800,Hepsiburada,Fiyat/Performans,Ev Kullanımı,"Wi-Fi/Bluetooth, mobil uygulama, Google Assistant uyumlu",A+,Siyah,24,4.1,10476,Stokta var,Evet
EV-00426,Mutfak,Mikser,Karaca,Karaca Mikser KAR-MIK-0426,3250,Hepsiburada,Üst,Pratik Kullanım,"645 W, çelik bıçak",Belirtilmemiş,Inox,24,4.0,4538,Stokta var,Evet
EV-00427,Akıllı Ev Sistemleri,Akıllı Kamera,Imou,Imou Akıllı Kamera IMO-AKI-0427,6650,Trendyol,Fiyat/Performans,Güvenlik,"Wi-Fi/Bluetooth, mobil uygulama, Google Assistant uyumlu",A,Beyaz,12,4.2,1481,Kampanyalı,Evet
EV-00428,Akıllı Ev Sistemleri,Akıllı Sensör,Xiaomi,Xiaomi Akıllı Sensör XIA-AKI-0428,650,Amazon Türkiye,Üst,Günlük Kullanım,"Wi-Fi/Bluetooth, mobil uygulama, Google Assistant uyumlu",A,Inox,24,4.0,8802,Kampanyalı,Evet
EV-00429,Isıtma & Soğutma,Şofben & Termosifon,Ariston,Ariston Şofben & Termosifon ARI-ŞOF-0429,7400,Amazon Türkiye,Giriş,Günlük Kullanım,"913 W, günlük kullanıma uygun, kompakt tasarım",A+++,Turuncu,36,4.3,11883,Kampanyalı,Evet
EV-00430,Aydınlatma Ürünleri,Akıllı Ampul,Yeelight,Yeelight Akıllı Ampul YEE-AKI-0430,3350,Vatan Bilgisayar,Orta,Ev Kullanımı,"Wi-Fi/Bluetooth, mobil uygulama, Siri Shortcuts uyumlu",A,Krem,12,4.0,5711,Az stok,Evet
EV-00431,İçecek Hazırlama,Kapsüllü Kahve Makinesi,Bosch,Bosch Kapsüllü Kahve Makinesi BOS-KAP-0431,6150,Teknosa,Premium,Ev Kullanımı,"1729 W, otomatik kapanma",Belirtilmemiş,Mor,24,4.8,8888,Stokta var,Evet
EV-00432,Akıllı Ev Sistemleri,Akıllı Termostat,Bosch,Bosch Akıllı Termostat BOS-AKI-0432,8600,Amazon Türkiye,Üst,Ev Kullanımı,"Wi-Fi/Bluetooth, mobil uygulama, Google Assistant uyumlu",B,Turuncu,12,3.9,8845,Az stok,Evet
EV-00433,Akıllı Ev Sistemleri,Akıllı Termostat,Bosch,Bosch Akıllı Termostat BOS-AKI-0433,10750,Amazon Türkiye,Premium,Pratik Kullanım,"Wi-Fi/Bluetooth, mobil uygulama, Siri Shortcuts uyumlu",A+++,Siyah,24,4.2,1592,Az stok,Evet
EV-00434,İçecek Hazırlama,Türk Kahve Makinesi,Beko,Beko Türk Kahve Makinesi BEK-TÜR-0434,1350,Trendyol,Premium,Pratik Kullanım,"1595 W, çelik gövde",A,Krem,24,3.9,9370,Kampanyalı,Evet
EV-00435,Mutfak,Blender,Karaca,Karaca Blender KAR-BLE-0435,1500,Trendyol,Giriş,Ev Kullanımı,"524 W, çelik bıçak",B,Mor,24,4.6,1325,Stokta var,Evet
EV-00436,Akıllı Ev Sistemleri,Akıllı Termostat,Bosch,Bosch Akıllı Termostat BOS-AKI-0436,16000,Amazon Türkiye,Giriş,Günlük Kullanım,"Wi-Fi/Bluetooth, mobil uygulama, Google Assistant uyumlu",B,Beyaz,24,3.9,4994,Az stok,Evet
EV-00437,Aydınlatma Ürünleri,Akıllı Ampul,Wiz,Wiz Akıllı Ampul WIZ-AKI-0437,1450,Vatan Bilgisayar,Orta,Pratik Kullanım,"Wi-Fi/Bluetooth, mobil uygulama, Google Assistant uyumlu",B,Mor,24,4.6,9354,Kampanyalı,Evet
EV-00438,Evcil Hayvan Ürünleri,Kedi Köpek Tıraş Makinesi,Goldmaster,Goldmaster Kedi Köpek Tıraş Makinesi GOL-KED-0438,5950,Trendyol,Giriş,Ev Kullanımı,"1433 W, günlük kullanıma uygun, kompakt tasarım",A+,Gri,12,4.8,9025,Hızlı teslimat,Evet
EV-00439,Ütüler,Buharlı Ütü,Arzum,Arzum Buharlı Ütü ARZ-BUH-0439,4850,MediaMarkt,Üst,Pratik Kullanım,"2531 W, 96 g/dk buhar, kireç önleme",B,Inox,36,4.7,7069,Kampanyalı,Evet
EV-00440,Ütüler,Buhar Kazanlı Ütü,Bosch,Bosch Buhar Kazanlı Ütü BOS-BUH-0440,14450,Hepsiburada,Premium,Pratik Kullanım,"2216 W, 167 g/dk buhar, kireç önleme",A++,Krem,24,4.7,4675,Kampanyalı,Evet
EV-00441,Mutfak,Blender,Tefal,Tefal Blender TEF-BLE-0441,4600,n11,Giriş,Ev Kullanımı,"1533 W, çoklu hız ayarı",B,Gri,24,4.8,11315,Stokta var,Evet
EV-00442,Isıtma & Soğutma,Isıtıcı,Fakir,Fakir Isıtıcı FAK-ISI-0442,2550,Teknosa,Orta,Günlük Kullanım,"877 W, günlük kullanıma uygun, kompakt tasarım",A+,Krem,24,4.2,9553,Hızlı teslimat,Evet
EV-00443,Akıllı Ev Sistemleri,Akıllı Priz,Xiaomi,Xiaomi Akıllı Priz XIA-AKI-0443,750,n11,Üst,Pratik Kullanım,"Wi-Fi/Bluetooth, mobil uygulama, Siri Shortcuts uyumlu",B,Beyaz,12,4.4,8014,Kampanyalı,Evet
EV-00444,İçecek Hazırlama,Türk Kahve Makinesi,Schafer,Schafer Türk Kahve Makinesi SCH-TÜR-0444,5850,MediaMarkt,Fiyat/Performans,Ev Kullanımı,"1512 W, ısı ayarı",A,Beyaz,24,3.9,931,Stokta var,Evet
EV-00445,Akıllı Ev Sistemleri,Akıllı Sensör,Sonoff,Sonoff Akıllı Sensör SON-AKI-0445,600,Vatan Bilgisayar,Üst,Pratik Kullanım,"Wi-Fi/Bluetooth, mobil uygulama, Google Assistant uyumlu",A+,Inox,24,3.8,8861,Stokta var,Evet
EV-00446,Evcil Hayvan Ürünleri,Kedi Köpek Tıraş Makinesi,Goldmaster,Goldmaster Kedi Köpek Tıraş Makinesi GOL-KED-0446,6200,Vatan Bilgisayar,Fiyat/Performans,Ev Kullanımı,"993 W, günlük kullanıma uygun, kompakt tasarım",Belirtilmemiş,Mor,24,4.4,3653,Az stok,Evet
EV-00447,Mutfak,Dondurma Makinesi,Ninja,Ninja Dondurma Makinesi NIN-DON-0447,14650,Amazon Türkiye,Fiyat/Performans,Ev Kullanımı,"574 W, günlük kullanıma uygun, kompakt tasarım",A,Mor,24,3.9,6555,Az stok,Evet
EV-00448,Hava Nemlendirici & Temizleyiciler,Hava Temizleyici,Samsung,Samsung Hava Temizleyici SAM-HAV-0448,12600,MediaMarkt,Premium,Alerji,"HEPA H13 filtre, 24 m² etki alanı",A+,Mor,24,4.6,3227,Stokta var,Evet
EV-00449,Süpürgeler,Robot Süpürge,Viomi,Viomi Robot Süpürge VIO-ROB-0449,26650,Teknosa,Premium,Akıllı Ev,"Gyro navigasyon, 7869 Pa emiş, 96 dk çalışma",Belirtilmemiş,Krem,24,4.2,5269,Kampanyalı,Evet
EV-00450,Akıllı Ev Sistemleri,Akıllı Termostat,Tado,Tado Akıllı Termostat TAD-AKI-0450,6200,Hepsiburada,Premium,Günlük Kullanım,"Wi-Fi/Bluetooth, mobil uygulama, Siri Shortcuts uyumlu",A+,Gri,24,4.9,3840,Stokta var,Evet
EV-00451,İçecek Hazırlama,Espresso Kahve Makinesi,Philips,Philips Espresso Kahve Makinesi PHI-ESP-0451,34250,n11,Orta,Günlük Kullanım,"1503 W, çelik gövde",Belirtilmemiş,Beyaz,24,4.8,4728,Hızlı teslimat,Evet
EV-00452,Hava Nemlendirici & Temizleyiciler,Hava Temizleyici,Xiaomi,Xiaomi Hava Temizleyici XIA-HAV-0452,19450,Amazon Türkiye,Orta,Hava Kalitesi,"UV-C filtre, 50 m² etki alanı",B,Gri,24,4.4,3354,Hızlı teslimat,Evet
EV-00453,Akıllı Ev Sistemleri,Akıllı Kamera,Imou,Imou Akıllı Kamera IMO-AKI-0453,7300,Teknosa,Giriş,Güvenlik,"Wi-Fi/Bluetooth, mobil uygulama, Siri Shortcuts uyumlu",B,Krem,24,4.0,4668,Hızlı teslimat,Evet
EV-00454,Evcil Hayvan Ürünleri,Otomatik Mama Kabı,Xiaomi,Xiaomi Otomatik Mama Kabı XIA-OTO-0454,2900,Amazon Türkiye,Premium,Ev Kullanımı,"2170 W, günlük kullanıma uygun, kompakt tasarım",A+++,Siyah,24,4.1,10830,Hızlı teslimat,Evet
EV-00455,Mutfak,Blender,Fakir,Fakir Blender FAK-BLE-0455,7100,Teknosa,Giriş,Pratik Kullanım,"580 W, cam hazne",A++,Turuncu,12,4.4,9797,Stokta var,Evet
EV-00456,İçecek Hazırlama,Türk Kahve Makinesi,Beko,Beko Türk Kahve Makinesi BEK-TÜR-0456,4050,Teknosa,Üst,Günlük Kullanım,"837 W, ısı ayarı",C,Lacivert,24,4.4,12211,Kampanyalı,Evet
EV-00457,Mutfak,Mikser,Tefal,Tefal Mikser TEF-MIK-0457,2250,Amazon Türkiye,Giriş,Günlük Kullanım,"1536 W, çelik bıçak",A++,Gri,24,4.1,6358,Hızlı teslimat,Evet
EV-00458,Evcil Hayvan Ürünleri,Akıllı Su Pınarı,Petkit,Petkit Akıllı Su Pınarı PET-AKI-0458,1900,Vatan Bilgisayar,Premium,Pratik Kullanım,"Wi-Fi/Bluetooth, mobil uygulama, Siri Shortcuts uyumlu",A++,Mor,24,5.0,10049,Az stok,Evet
EV-00459,Isıtma & Soğutma,Kombi,Demirdöküm,Demirdöküm Kombi DEM-KOM-0459,63550,Teknosa,Fiyat/Performans,Isıtma,"24 kW, yoğuşmalı, dijital ekran",B,Inox,24,4.3,2173,Kampanyalı,Evet
EV-00460,Evcil Hayvan Ürünleri,Akıllı Kedi Tuvaleti,Pawbby,Pawbby Akıllı Kedi Tuvaleti PAW-AKI-0460,56550,MediaMarkt,Orta,Pratik Kullanım,"Wi-Fi/Bluetooth, mobil uygulama, Siri Shortcuts uyumlu",A++,Lacivert,24,5.0,2393,Stokta var,Evet
EV-00461,Süpürgeler,Toz Torbasız Süpürge,Arçelik,Arçelik Toz Torbasız Süpürge ARÇ-TOZ-0461,5200,n11,Giriş,Ev Kullanımı,"1742 W motor, Siklon filtre, Kablolu",A++,Inox,24,4.2,6798,Az stok,Evet
EV-00462,Süpürgeler,Toz Torbasız Süpürge,Philips,Philips Toz Torbasız Süpürge PHI-TOZ-0462,17150,Teknosa,Fiyat/Performans,Günlük Kullanım,"2942 W motor, HEPA filtre, Kablosuz",C,Siyah,24,4.5,10047,Stokta var,Evet
EV-00463,Evcil Hayvan Ürünleri,Akıllı Kedi Tuvaleti,Pura,Pura Akıllı Kedi Tuvaleti PUR-AKI-0463,16850,n11,Fiyat/Performans,Pratik Kullanım,"Wi-Fi/Bluetooth, mobil uygulama, Alexa uyumlu",A++,Mor,36,4.5,11680,Hızlı teslimat,Evet
EV-00464,Süpürgeler,Dikey Süpürge,Philips,Philips Dikey Süpürge PHI-DIK-0464,12350,Hepsiburada,Orta,Ev Temizliği,"2191 W motor, HEPA filtre, Kablosuz",Belirtilmemiş,Inox,24,4.3,260,Az stok,Evet
EV-00465,Isıtma & Soğutma,Şofben & Termosifon,Demirdöküm,Demirdöküm Şofben & Termosifon DEM-ŞOF-0465,15000,n11,Üst,Ev Kullanımı,"1229 W, günlük kullanıma uygun, kompakt tasarım",Belirtilmemiş,Siyah,12,4.3,4058,Hızlı teslimat,Evet
EV-00466,Mutfak,Su Arıtma,Brita,Brita Su Arıtma BRI-SU -0466,17150,Vatan Bilgisayar,Fiyat/Performans,Pratik Kullanım,"2011 W, günlük kullanıma uygun, kompakt tasarım",A+++,Beyaz,36,4.4,10523,Hızlı teslimat,Evet
EV-00467,İçecek Hazırlama,Türk Kahve Makinesi,Beko,Beko Türk Kahve Makinesi BEK-TÜR-0467,4000,MediaMarkt,Fiyat/Performans,Pratik Kullanım,"1593 W, çelik gövde",Belirtilmemiş,Siyah,24,5.0,658,Kampanyalı,Evet
EV-00468,Isıtma & Soğutma,Şofben & Termosifon,Bosch,Bosch Şofben & Termosifon BOS-ŞOF-0468,10250,MediaMarkt,Üst,Pratik Kullanım,"511 W, günlük kullanıma uygun, kompakt tasarım",C,Gri,36,4.0,4838,Hızlı teslimat,Evet
EV-00469,İçecek Hazırlama,Çay Makinesi,Korkmaz,Korkmaz Çay Makinesi KOR-ÇAY-0469,3900,Trendyol,Giriş,Pratik Kullanım,"1077 W, ısı ayarı",A,Lacivert,36,4.7,11420,Stokta var,Evet
EV-00470,Süpürgeler,Toz Torbasız Süpürge,Beko,Beko Toz Torbasız Süpürge BEK-TOZ-0470,16600,MediaMarkt,Orta,Pratik Kullanım,"1171 W motor, Yıkanabilir filtre, Kablosuz",A+++,Beyaz,36,3.9,5324,Kampanyalı,Evet
EV-00471,İçecek Hazırlama,Çay Makinesi,Fakir,Fakir Çay Makinesi FAK-ÇAY-0471,5200,Amazon Türkiye,Premium,Pratik Kullanım,"1127 W, ısı ayarı",B,Mor,24,4.7,8398,Az stok,Evet
EV-00472,Mutfak,Dondurma Makinesi,Yonanas,Yonanas Dondurma Makinesi YON-DON-0472,24800,Trendyol,Orta,Pratik Kullanım,"505 W, günlük kullanıma uygun, kompakt tasarım",A,Krem,24,4.8,2945,Hızlı teslimat,Evet
EV-00473,Mutfak,Airfryer,Cosori,Cosori Airfryer COS-AIR-0473,6400,Trendyol,Giriş,Pratik Yemek,"4 L hazne, 1669 W, sıcak hava teknolojisi",A,Turuncu,12,5.0,72,Stokta var,Evet
EV-00474,Akıllı Ev Sistemleri,Akıllı Kapı Zili,Tapo,Tapo Akıllı Kapı Zili TAP-AKI-0474,4200,Vatan Bilgisayar,Orta,Ev Kullanımı,"Wi-Fi/Bluetooth, mobil uygulama, Alexa uyumlu",A+++,Siyah,24,4.6,7449,Kampanyalı,Evet
EV-00475,Akıllı Ev Sistemleri,Akıllı Termostat,Cosa,Cosa Akıllı Termostat COS-AKI-0475,7800,Trendyol,Giriş,Ev Kullanımı,"Wi-Fi/Bluetooth, mobil uygulama, Google Assistant uyumlu",A++,Siyah,12,4.0,10718,Kampanyalı,Evet
EV-00476,Mutfak,Dondurma Makinesi,Ninja,Ninja Dondurma Makinesi NIN-DON-0476,3750,MediaMarkt,Giriş,Pratik Kullanım,"982 W, günlük kullanıma uygun, kompakt tasarım",B,Gri,36,5.0,2658,Kampanyalı,Evet
EV-00477,İçecek Hazırlama,Türk Kahve Makinesi,Arçelik,Arçelik Türk Kahve Makinesi ARÇ-TÜR-0477,5600,Teknosa,Üst,Günlük Kullanım,"1675 W, çelik gövde",A+++,Krem,36,4.2,6223,Az stok,Evet
EV-00478,Süpürgeler,Robot Süpürge,Viomi,Viomi Robot Süpürge VIO-ROB-0478,19550,Vatan Bilgisayar,Üst,Evcil Hayvanlı Ev,"Lidar navigasyon, 7513 Pa emiş, 104 dk çalışma",A+++,Beyaz,36,4.3,3453,Kampanyalı,Evet
EV-00479,Isıtma & Soğutma,Kombi,ECA,ECA Kombi ECA-KOM-0479,60400,Teknosa,Üst,Sıcak Su,"24 kW, yoğuşmalı, dijital ekran",B,Turuncu,12,4.4,10226,Hızlı teslimat,Evet
EV-00480,Hava Nemlendirici & Temizleyiciler,Hava Nemlendirici,Philips,Philips Hava Nemlendirici PHI-HAV-0480,8600,Amazon Türkiye,Orta,Günlük Kullanım,"HEPA H13 filtre, 21 m² etki alanı",A,Beyaz,24,4.1,3186,Hızlı teslimat,Evet
EV-00481,Isıtma & Soğutma,Vantilatör,Fakir,Fakir Vantilatör FAK-VAN-0481,4750,Vatan Bilgisayar,Üst,Günlük Kullanım,"1711 W, günlük kullanıma uygun, kompakt tasarım",A++,Krem,24,4.8,3493,Stokta var,Evet
EV-00482,Mutfak,Meyve Sıkacağı,Tefal,Tefal Meyve Sıkacağı TEF-MEY-0482,7350,Teknosa,Fiyat/Performans,Pratik Kullanım,"1082 W, çelik bıçak",A,Siyah,24,4.7,1880,Az stok,Evet
EV-00483,Mutfak,Dondurma Makinesi,Arzum,Arzum Dondurma Makinesi ARZ-DON-0483,26100,MediaMarkt,Premium,Günlük Kullanım,"1386 W, günlük kullanıma uygun, kompakt tasarım",A++,Turuncu,12,4.8,10593,Kampanyalı,Evet
EV-00484,Isıtma & Soğutma,Isıtıcı,Arzum,Arzum Isıtıcı ARZ-ISI-0484,1300,Teknosa,Fiyat/Performans,Ev Kullanımı,"1537 W, günlük kullanıma uygun, kompakt tasarım",B,Siyah,24,4.5,11126,Kampanyalı,Evet
EV-00485,Ütüler,Buharlı Ütü,Philips,Philips Buharlı Ütü PHI-BUH-0485,2600,n11,Üst,Pratik Kullanım,"2747 W, 77 g/dk buhar, kireç önleme",B,Mor,24,3.8,6162,Stokta var,Evet
EV-00486,Mutfak,Meyve Sıkacağı,Bosch,Bosch Meyve Sıkacağı BOS-MEY-0486,11850,Amazon Türkiye,Üst,Günlük Kullanım,"1417 W, cam hazne",A+,Turuncu,24,3.8,6795,Az stok,Evet
EV-00487,Aydınlatma Ürünleri,Masa & Gece Lambası,Baseus,Baseus Masa & Gece Lambası BAS-MAS-0487,1400,Teknosa,Giriş,Günlük Kullanım,"Sıcak beyaz, 21 W, dimmer destekli",A+++,Turuncu,12,4.7,3326,Az stok,Evet
EV-00488,Süpürgeler,Halı Yıkama Makinesi,Arzum,Arzum Halı Yıkama Makinesi ARZ-HAL-0488,28100,Amazon Türkiye,Premium,Ev Kullanımı,"693 W, günlük kullanıma uygun, kompakt tasarım",Belirtilmemiş,Beyaz,12,4.8,5099,Az stok,Evet
EV-00489,Süpürgeler,Koltuk Yıkama Makinesi,Karcher,Karcher Koltuk Yıkama Makinesi KAR-KOL-0489,15250,Amazon Türkiye,Premium,Günlük Kullanım,"1036 W, günlük kullanıma uygun, kompakt tasarım",A+++,Beyaz,24,4.8,1912,Hızlı teslimat,Evet
EV-00490,İçecek Hazırlama,Türk Kahve Makinesi,Arçelik,Arçelik Türk Kahve Makinesi ARÇ-TÜR-0490,4000,Hepsiburada,Üst,Pratik Kullanım,"1229 W, ısı ayarı",A++,Inox,24,4.5,5129,Kampanyalı,Evet
EV-00491,Aydınlatma Ürünleri,Akıllı Ampul,TP-Link,TP-Link Akıllı Ampul TP--AKI-0491,3050,Teknosa,Giriş,Günlük Kullanım,"Wi-Fi/Bluetooth, mobil uygulama, Google Assistant uyumlu",B,Beyaz,24,4.0,4498,Kampanyalı,Evet
EV-00492,Aydınlatma Ürünleri,LED Şerit,Cata,Cata LED Şerit CAT-LED-0492,1950,Amazon Türkiye,Orta,Günlük Kullanım,"RGB, 7 W, dimmer destekli",A+,Lacivert,12,4.8,9420,Hızlı teslimat,Evet
EV-00493,İçecek Hazırlama,Espresso Kahve Makinesi,Philips,Philips Espresso Kahve Makinesi PHI-ESP-0493,3950,Amazon Türkiye,Premium,Günlük Kullanım,"976 W, ısı ayarı",A,Gri,12,3.9,6299,Hızlı teslimat,Evet
EV-00494,Akıllı Ev Sistemleri,Akıllı Termostat,Bosch,Bosch Akıllı Termostat BOS-AKI-0494,10450,n11,Üst,Pratik Kullanım,"Wi-Fi/Bluetooth, mobil uygulama, Siri Shortcuts uyumlu",A+++,Turuncu,12,4.0,12440,Az stok,Evet
EV-00495,İçecek Hazırlama,Çay Makinesi,Schafer,Schafer Çay Makinesi SCH-ÇAY-0495,5150,Hepsiburada,Premium,Pratik Kullanım,"1753 W, ısı ayarı",A++,Inox,24,4.3,11229,Kampanyalı,Evet
EV-00496,Ütüler,Buhar Kazanlı Ütü,Bosch,Bosch Buhar Kazanlı Ütü BOS-BUH-0496,7650,n11,Üst,Ev Kullanımı,"2699 W, 42 g/dk buhar, kireç önleme",A+++,Turuncu,24,4.8,5335,Kampanyalı,Evet
EV-00497,Hava Nemlendirici & Temizleyiciler,Hava Temizleyici,Levoit,Levoit Hava Temizleyici LEV-HAV-0497,11200,n11,Üst,Alerji,"UV-C filtre, 26 m² etki alanı",A,Beyaz,24,4.2,9430,Stokta var,Evet
EV-00498,Mutfak,Meyve Sıkacağı,Karaca,Karaca Meyve Sıkacağı KAR-MEY-0498,6800,Vatan Bilgisayar,Premium,Günlük Kullanım,"1522 W, cam hazne",A,Mor,24,4.3,10187,Kampanyalı,Evet
EV-00499,Süpürgeler,Koltuk Yıkama Makinesi,Kiwi,Kiwi Koltuk Yıkama Makinesi KIW-KOL-0499,14500,Vatan Bilgisayar,Premium,Pratik Kullanım,"883 W, günlük kullanıma uygun, kompakt tasarım",A++,Beyaz,12,4.7,8936,Hızlı teslimat,Evet
EV-00500,Süpürgeler,Robot Süpürge,Anker,Anker Robot Süpürge ANK-ROB-0500,36000,Teknosa,Premium,Ev Temizliği,"Kamera navigasyon, 5824 Pa emiş, 107 dk çalışma",B,Beyaz,12,4.5,7309,Hızlı teslimat,Evet
EV-00501,Mutfak,Su Arıtma,Brita,Brita Su Arıtma BRI-SU -0501,18000,Hepsiburada,Giriş,Pratik Kullanım,"1946 W, günlük kullanıma uygun, kompakt tasarım",C,Siyah,24,4.1,2291,Az stok,Evet
EV-00502,Isıtma & Soğutma,Şofben & Termosifon,Demirdöküm,Demirdöküm Şofben & Termosifon DEM-ŞOF-0502,9950,Vatan Bilgisayar,Premium,Günlük Kullanım,"1795 W, günlük kullanıma uygun, kompakt tasarım",A+,Krem,12,4.5,3220,Kampanyalı,Evet
EV-00503,Isıtma & Soğutma,Kombi,Ariston,Ariston Kombi ARI-KOM-0503,63850,Hepsiburada,Üst,Sıcak Su,"24 kW, yoğuşmalı, dijital ekran",Belirtilmemiş,Krem,24,4.5,10033,Kampanyalı,Evet
EV-00504,Aydınlatma Ürünleri,LED Şerit,Xiaomi,Xiaomi LED Şerit XIA-LED-0504,250,n11,Fiyat/Performans,Ev Kullanımı,"RGB, 12 W, dimmer destekli",A,Mor,24,5.0,1812,Hızlı teslimat,Evet
EV-00505,Isıtma & Soğutma,Klima,LG,LG Klima LG-KLI-0505,59550,Trendyol,Fiyat/Performans,Soğutma,"12000 BTU, inverter, Wi-Fi yok",Belirtilmemiş,Lacivert,36,4.6,7795,Az stok,Evet
EV-00506,Mutfak,Airfryer,Fakir,Fakir Airfryer FAK-AIR-0506,5000,Hepsiburada,Orta,Sağlıklı Pişirme,"9 L hazne, 2106 W, sıcak hava teknolojisi",A,Mor,24,3.9,272,Stokta var,Evet
EV-00507,Süpürgeler,Dikey Süpürge,Arzum,Arzum Dikey Süpürge ARZ-DIK-0507,23750,n11,Premium,Hızlı Temizlik,"2361 W motor, Yıkanabilir filtre, Kablolu",B,Turuncu,36,4.6,6989,Kampanyalı,Evet
EV-00508,Mutfak,Blender,Tefal,Tefal Blender TEF-BLE-0508,6000,Hepsiburada,Fiyat/Performans,Günlük Kullanım,"1427 W, çelik bıçak",A,Lacivert,24,4.5,11990,Stokta var,Evet
EV-00509,Akıllı Ev Sistemleri,Akıllı Priz,Meross,Meross Akıllı Priz MER-AKI-0509,2650,Vatan Bilgisayar,Giriş,Günlük Kullanım,"Wi-Fi/Bluetooth, mobil uygulama, Google Assistant uyumlu",C,Krem,36,4.4,11328,Stokta var,Evet
EV-00510,Aydınlatma Ürünleri,Masa & Gece Lambası,Ikea,Ikea Masa & Gece Lambası IKE-MAS-0510,850,MediaMarkt,Orta,Pratik Kullanım,"RGB, 26 W, dimmer destekli",C,Krem,12,4.6,10889,Stokta var,Evet
EV-00511,Mutfak,Dondurma Makinesi,Yonanas,Yonanas Dondurma Makinesi YON-DON-0511,22400,MediaMarkt,Giriş,Pratik Kullanım,"1902 W, günlük kullanıma uygun, kompakt tasarım",A+,Mor,24,4.3,7702,Kampanyalı,Evet
EV-00512,Mutfak,Airfryer,Xiaomi,Xiaomi Airfryer XIA-AIR-0512,2700,Amazon Türkiye,Fiyat/Performans,Pratik Yemek,"4 L hazne, 1844 W, sıcak hava teknolojisi",A,Gri,12,4.2,9250,Stokta var,Evet
EV-00513,Evcil Hayvan Ürünleri,Akıllı Su Pınarı,Pawise,Pawise Akıllı Su Pınarı PAW-AKI-0513,8750,Teknosa,Giriş,Pratik Kullanım,"Wi-Fi/Bluetooth, mobil uygulama, Google Assistant uyumlu",Belirtilmemiş,Krem,24,4.4,2092,Az stok,Evet
EV-00514,Akıllı Ev Sistemleri,Akıllı Termostat,Bosch,Bosch Akıllı Termostat BOS-AKI-0514,9500,Hepsiburada,Üst,Günlük Kullanım,"Wi-Fi/Bluetooth, mobil uygulama, Siri Shortcuts uyumlu",C,Gri,36,4.7,9908,Kampanyalı,Evet
EV-00515,Süpürgeler,Toz Torbasız Süpürge,Arçelik,Arçelik Toz Torbasız Süpürge ARÇ-TOZ-0515,7500,Trendyol,Premium,Ev Kullanımı,"845 W motor, HEPA filtre, Kablosuz",Belirtilmemiş,Turuncu,36,4.8,557,Hızlı teslimat,Evet
EV-00516,Mutfak,Mikser,Karaca,Karaca Mikser KAR-MIK-0516,3300,Trendyol,Orta,Günlük Kullanım,"941 W, cam hazne",A+++,Gri,36,4.5,5668,Hızlı teslimat,Evet
EV-00517,Hava Nemlendirici & Temizleyiciler,Hava Temizleyici,Dyson,Dyson Hava Temizleyici DYS-HAV-0517,26850,Trendyol,Fiyat/Performans,Hava Kalitesi,"Aktif karbon filtre, 36 m² etki alanı",A++,Mor,24,4.3,11575,Kampanyalı,Evet
EV-00518,Isıtma & Soğutma,Şofben & Termosifon,Bosch,Bosch Şofben & Termosifon BOS-ŞOF-0518,19850,Vatan Bilgisayar,Üst,Günlük Kullanım,"1488 W, günlük kullanıma uygun, kompakt tasarım",C,Lacivert,36,4.6,687,Kampanyalı,Evet
EV-00519,Mutfak,Dondurma Makinesi,Arzum,Arzum Dondurma Makinesi ARZ-DON-0519,9300,Teknosa,Giriş,Ev Kullanımı,"1983 W, günlük kullanıma uygun, kompakt tasarım",C,Inox,12,4.6,6423,Az stok,Evet
EV-00520,Aydınlatma Ürünleri,Masa & Gece Lambası,Baseus,Baseus Masa & Gece Lambası BAS-MAS-0520,4600,Teknosa,Orta,Günlük Kullanım,"RGB, 5 W, dimmer destekli",A,Beyaz,12,4.5,11038,Stokta var,Evet
EV-00521,Evcil Hayvan Ürünleri,Kedi Köpek Tıraş Makinesi,Goldmaster,Goldmaster Kedi Köpek Tıraş Makinesi GOL-KED-0521,4950,Amazon Türkiye,Orta,Günlük Kullanım,"448 W, günlük kullanıma uygun, kompakt tasarım",B,Beyaz,24,4.1,3178,Az stok,Evet
EV-00522,Akıllı Ev Sistemleri,Akıllı Kapı Zili,Xiaomi,Xiaomi Akıllı Kapı Zili XIA-AKI-0522,10250,Hepsiburada,Giriş,Ev Kullanımı,"Wi-Fi/Bluetooth, mobil uygulama, Siri Shortcuts uyumlu",Belirtilmemiş,Gri,24,4.8,2143,Az stok,Evet
EV-00523,Mutfak,Doğrayıcı & Rondo,Karaca,Karaca Doğrayıcı & Rondo KAR-DOĞ-0523,3450,Amazon Türkiye,Giriş,Ev Kullanımı,"1062 W, çelik bıçak",A++,Beyaz,24,4.3,4543,Stokta var,Evet
EV-00524,Ütüler,Buharlı Dikey Ütü,Fakir,Fakir Buharlı Dikey Ütü FAK-BUH-0524,9700,Teknosa,Giriş,Günlük Kullanım,"2651 W, 52 g/dk buhar, kireç önleme",A,Inox,12,4.9,4351,Hızlı teslimat,Evet
EV-00525,Süpürgeler,Toz Torbasız Süpürge,Rowenta,Rowenta Toz Torbasız Süpürge ROW-TOZ-0525,14050,Trendyol,Giriş,Günlük Kullanım,"935 W motor, Siklon filtre, Kablolu",A+++,Siyah,24,4.4,7080,Stokta var,Evet
EV-00526,Akıllı Ev Sistemleri,Akıllı Priz,Sonoff,Sonoff Akıllı Priz SON-AKI-0526,1900,Hepsiburada,Premium,Pratik Kullanım,"Wi-Fi/Bluetooth, mobil uygulama, Siri Shortcuts uyumlu",A+++,Siyah,36,4.9,2453,Kampanyalı,Evet
EV-00527,Süpürgeler,Islak Kuru Süpürge,Bissell,Bissell Islak Kuru Süpürge BIS-ISL-0527,10400,Vatan Bilgisayar,Premium,Ev Kullanımı,"2458 W motor, Siklon filtre, Kablolu",Belirtilmemiş,Beyaz,12,3.8,11608,Az stok,Evet
EV-00528,İçecek Hazırlama,Kahve Makinesi,Karaca,Karaca Kahve Makinesi KAR-KAH-0528,7050,Vatan Bilgisayar,Giriş,Ev Kullanımı,"2196 W, ısı ayarı",A,Siyah,24,4.4,5895,Kampanyalı,Evet
EV-00529,Aydınlatma Ürünleri,Akıllı Ampul,TP-Link,TP-Link Akıllı Ampul TP--AKI-0529,750,n11,Premium,Günlük Kullanım,"Wi-Fi/Bluetooth, mobil uygulama, Google Assistant uyumlu",B,Siyah,36,4.7,10628,Az stok,Evet
EV-00530,Mutfak,Meyve Sıkacağı,Bosch,Bosch Meyve Sıkacağı BOS-MEY-0530,5850,Amazon Türkiye,Giriş,Günlük Kullanım,"1296 W, çoklu hız ayarı",A++,Gri,24,4.6,7985,Az stok,Evet
EV-00531,İçecek Hazırlama,Filtre Kahve Makinesi,Fakir,Fakir Filtre Kahve Makinesi FAK-FIL-0531,4550,MediaMarkt,Orta,Pratik Kullanım,"1430 W, ısı ayarı",B,Turuncu,24,4.3,8871,Stokta var,Evet
EV-00532,Mutfak,Dondurma Makinesi,Ninja,Ninja Dondurma Makinesi NIN-DON-0532,11100,MediaMarkt,Giriş,Pratik Kullanım,"1471 W, günlük kullanıma uygun, kompakt tasarım",A,Gri,12,3.9,10727,Az stok,Evet
EV-00533,İçecek Hazırlama,Kapsüllü Kahve Makinesi,Nespresso,Nespresso Kapsüllü Kahve Makinesi NES-KAP-0533,5800,Amazon Türkiye,Premium,Günlük Kullanım,"1297 W, çelik gövde",C,Gri,24,3.8,10146,Az stok,Evet
EV-00534,Akıllı Ev Sistemleri,Akıllı Sensör,Xiaomi,Xiaomi Akıllı Sensör XIA-AKI-0534,2250,MediaMarkt,Giriş,Günlük Kullanım,"Wi-Fi/Bluetooth, mobil uygulama, Google Assistant uyumlu",A+++,Turuncu,12,4.5,9698,Az stok,Evet
EV-00535,İçecek Hazırlama,Kapsüllü Kahve Makinesi,Tchibo,Tchibo Kapsüllü Kahve Makinesi TCH-KAP-0535,13100,n11,Üst,Pratik Kullanım,"1623 W, ısı ayarı",A+++,Gri,24,4.8,12105,Az stok,Evet
EV-00536,İçecek Hazırlama,Türk Kahve Makinesi,Fakir,Fakir Türk Kahve Makinesi FAK-TÜR-0536,1800,Hepsiburada,Üst,Ev Kullanımı,"1144 W, çelik gövde",A+,Gri,36,3.9,2329,Az stok,Evet
EV-00537,Akıllı Ev Sistemleri,Akıllı Kamera,Xiaomi,Xiaomi Akıllı Kamera XIA-AKI-0537,2300,n11,Giriş,Akıllı Ev,"Wi-Fi/Bluetooth, mobil uygulama, Google Assistant uyumlu",A+++,Turuncu,24,4.8,10049,Stokta var,Evet
EV-00538,İçecek Hazırlama,Kahve Makinesi,Arçelik,Arçelik Kahve Makinesi ARÇ-KAH-0538,2000,Teknosa,Fiyat/Performans,Pratik Kullanım,"1059 W, otomatik kapanma",A++,Krem,12,4.3,7813,Hızlı teslimat,Evet
EV-00539,Isıtma & Soğutma,Vantilatör,Arzum,Arzum Vantilatör ARZ-VAN-0539,2700,Amazon Türkiye,Fiyat/Performans,Pratik Kullanım,"1423 W, günlük kullanıma uygun, kompakt tasarım",B,Beyaz,24,3.8,2964,Kampanyalı,Evet
EV-00540,Isıtma & Soğutma,Vantilatör,Fakir,Fakir Vantilatör FAK-VAN-0540,7600,Trendyol,Orta,Günlük Kullanım,"1667 W, günlük kullanıma uygun, kompakt tasarım",A+,Inox,36,3.9,8701,Az stok,Evet
EV-00541,Mutfak,Tost Makinesi,Arzum,Arzum Tost Makinesi ARZ-TOS-0541,3150,n11,Giriş,Ev Kullanımı,"761 W, günlük kullanıma uygun, kompakt tasarım",A++,Siyah,24,4.0,7787,Kampanyalı,Evet
EV-00542,Mutfak,Airfryer,Xiaomi,Xiaomi Airfryer XIA-AIR-0542,12900,Teknosa,Üst,Pratik Yemek,"4 L hazne, 1306 W, sıcak hava teknolojisi",C,Siyah,12,4.5,12440,Az stok,Evet
EV-00543,Süpürgeler,Toz Torbalı Süpürge,Bosch,Bosch Toz Torbalı Süpürge BOS-TOZ-0543,14100,Hepsiburada,Fiyat/Performans,Pratik Kullanım,"2321 W motor, Yıkanabilir filtre, Kablolu",A,Inox,24,3.9,3870,Az stok,Evet
EV-00544,Süpürgeler,Robot Süpürge,Dreame,Dreame Robot Süpürge DRE-ROB-0544,17150,Trendyol,Giriş,Akıllı Ev,"Lidar navigasyon, 3102 Pa emiş, 210 dk çalışma",B,Turuncu,24,4.7,3291,Hızlı teslimat,Evet
EV-00545,Süpürgeler,Islak Kuru Süpürge,Fakir,Fakir Islak Kuru Süpürge FAK-ISL-0545,17600,Trendyol,Premium,Ev Kullanımı,"1295 W motor, Yıkanabilir filtre, Kablolu",A+,Inox,24,4.3,2249,Az stok,Evet
EV-00546,İçecek Hazırlama,Türk Kahve Makinesi,Schafer,Schafer Türk Kahve Makinesi SCH-TÜR-0546,4300,Teknosa,Giriş,Ev Kullanımı,"1656 W, otomatik kapanma",Belirtilmemiş,Lacivert,24,4.0,7642,Kampanyalı,Evet
EV-00547,Akıllı Ev Sistemleri,Akıllı Kapı Zili,Ezviz,Ezviz Akıllı Kapı Zili EZV-AKI-0547,11300,Trendyol,Fiyat/Performans,Günlük Kullanım,"Wi-Fi/Bluetooth, mobil uygulama, Google Assistant uyumlu",A,Turuncu,24,4.5,9071,Hızlı teslimat,Evet
EV-00548,Isıtma & Soğutma,Isıtıcı,Fakir,Fakir Isıtıcı FAK-ISI-0548,750,Amazon Türkiye,Premium,Ev Kullanımı,"1289 W, günlük kullanıma uygun, kompakt tasarım",B,Inox,12,4.8,4075,Az stok,Evet
EV-00549,Akıllı Ev Sistemleri,Akıllı Priz,TP-Link,TP-Link Akıllı Priz TP--AKI-0549,2950,Hepsiburada,Giriş,Pratik Kullanım,"Wi-Fi/Bluetooth, mobil uygulama, Google Assistant uyumlu",A,Mor,36,5.0,12032,Stokta var,Evet
EV-00550,Isıtma & Soğutma,Şofben & Termosifon,Bosch,Bosch Şofben & Termosifon BOS-ŞOF-0550,8650,Vatan Bilgisayar,Giriş,Pratik Kullanım,"1232 W, günlük kullanıma uygun, kompakt tasarım",A++,Gri,24,4.7,11371,Kampanyalı,Evet
EV-00551,Mutfak,Mikser,Karaca,Karaca Mikser KAR-MIK-0551,1050,MediaMarkt,Giriş,Pratik Kullanım,"1340 W, çoklu hız ayarı",C,Siyah,36,4.6,2665,Hızlı teslimat,Evet
EV-00552,Süpürgeler,Dikey Süpürge,Bosch,Bosch Dikey Süpürge BOS-DIK-0552,38500,Trendyol,Premium,Ev Temizliği,"505 W motor, Yıkanabilir filtre, Kablosuz",A,Lacivert,12,4.7,6083,Stokta var,Evet
EV-00553,Mutfak,Airfryer,Karaca,Karaca Airfryer KAR-AIR-0553,8700,Vatan Bilgisayar,Fiyat/Performans,Sağlıklı Pişirme,"8 L hazne, 2101 W, sıcak hava teknolojisi",A+,Siyah,12,4.5,3408,Kampanyalı,Evet
EV-00554,İçecek Hazırlama,Espresso Kahve Makinesi,Delonghi,Delonghi Espresso Kahve Makinesi DEL-ESP-0554,22100,MediaMarkt,Üst,Ev Kullanımı,"1158 W, çelik gövde",B,Beyaz,12,4.5,6004,Az stok,Evet
EV-00555,Süpürgeler,Dikey Süpürge,Xiaomi,Xiaomi Dikey Süpürge XIA-DIK-0555,14700,Hepsiburada,Fiyat/Performans,Hızlı Temizlik,"1423 W motor, Siklon filtre, Kablolu",A+,Mor,24,4.6,12096,Stokta var,Evet
EV-00556,İçecek Hazırlama,Kapsüllü Kahve Makinesi,Krups,Krups Kapsüllü Kahve Makinesi KRU-KAP-0556,11000,MediaMarkt,Premium,Ev Kullanımı,"1889 W, çelik gövde",Belirtilmemiş,Krem,36,4.4,2025,Kampanyalı,Evet
EV-00557,Evcil Hayvan Ürünleri,Kedi Köpek Tıraş Makinesi,Fakir,Fakir Kedi Köpek Tıraş Makinesi FAK-KED-0557,2900,Hepsiburada,Premium,Ev Kullanımı,"557 W, günlük kullanıma uygun, kompakt tasarım",A+++,Gri,24,3.9,2944,Stokta var,Evet
EV-00558,Evcil Hayvan Ürünleri,Akıllı Kedi Tuvaleti,Xiaomi,Xiaomi Akıllı Kedi Tuvaleti XIA-AKI-0558,35400,n11,Orta,Günlük Kullanım,"Wi-Fi/Bluetooth, mobil uygulama, Alexa uyumlu",A,Gri,36,4.0,10292,Kampanyalı,Evet
EV-00559,Isıtma & Soğutma,Vantilatör,Vantil,Vantil Vantilatör VAN-VAN-0559,750,Trendyol,Üst,Pratik Kullanım,"1720 W, günlük kullanıma uygun, kompakt tasarım",A+,Mor,12,3.9,3821,Kampanyalı,Evet
EV-00560,Evcil Hayvan Ürünleri,Otomatik Mama Kabı,Pawise,Pawise Otomatik Mama Kabı PAW-OTO-0560,13600,Amazon Türkiye,Fiyat/Performans,Ev Kullanımı,"1337 W, günlük kullanıma uygun, kompakt tasarım",A+,Gri,24,4.6,9001,Az stok,Evet
EV-00561,Mutfak,Doğrayıcı & Rondo,Fakir,Fakir Doğrayıcı & Rondo FAK-DOĞ-0561,3550,Teknosa,Üst,Günlük Kullanım,"1123 W, çelik bıçak",A,Gri,12,4.7,790,Az stok,Evet
EV-00562,Aydınlatma Ürünleri,Akıllı Ampul,TP-Link,TP-Link Akıllı Ampul TP--AKI-0562,1400,n11,Orta,Günlük Kullanım,"Wi-Fi/Bluetooth, mobil uygulama, Google Assistant uyumlu",A++,Beyaz,24,4.6,10932,Kampanyalı,Evet
EV-00563,Akıllı Ev Sistemleri,Akıllı Priz,Xiaomi,Xiaomi Akıllı Priz XIA-AKI-0563,3100,Teknosa,Üst,Pratik Kullanım,"Wi-Fi/Bluetooth, mobil uygulama, Google Assistant uyumlu",C,Lacivert,24,4.0,9230,Az stok,Evet
EV-00564,Ütüler,Buhar Kazanlı Ütü,Bosch,Bosch Buhar Kazanlı Ütü BOS-BUH-0564,16800,Vatan Bilgisayar,Orta,Ev Kullanımı,"3153 W, 162 g/dk buhar, kireç önleme",Belirtilmemiş,Gri,36,4.2,423,Kampanyalı,Evet
EV-00565,Süpürgeler,Islak Kuru Süpürge,Karcher,Karcher Islak Kuru Süpürge KAR-ISL-0565,20900,Vatan Bilgisayar,Fiyat/Performans,Ev Kullanımı,"2441 W motor, Siklon filtre, Kablosuz",Belirtilmemiş,Turuncu,24,4.2,11573,Stokta var,Evet
EV-00566,Hava Nemlendirici & Temizleyiciler,Hava Temizleyici,Xiaomi,Xiaomi Hava Temizleyici XIA-HAV-0566,9600,Hepsiburada,Fiyat/Performans,Alerji,"Aktif karbon filtre, 42 m² etki alanı",A+++,Lacivert,24,4.2,6595,Az stok,Evet
EV-00567,Akıllı Ev Sistemleri,Akıllı Kamera,Reolink,Reolink Akıllı Kamera REO-AKI-0567,3400,Trendyol,Üst,Akıllı Ev,"Wi-Fi/Bluetooth, mobil uygulama, Siri Shortcuts uyumlu",C,Beyaz,12,3.8,8836,Hızlı teslimat,Evet
EV-00568,Süpürgeler,Halı Yıkama Makinesi,Bissell,Bissell Halı Yıkama Makinesi BIS-HAL-0568,12600,Vatan Bilgisayar,Fiyat/Performans,Pratik Kullanım,"1139 W, günlük kullanıma uygun, kompakt tasarım",A,Gri,36,4.4,933,Kampanyalı,Evet
EV-00569,Ütüler,Buharlı Dikey Ütü,Arzum,Arzum Buharlı Dikey Ütü ARZ-BUH-0569,1500,Teknosa,Üst,Pratik Kullanım,"2289 W, 90 g/dk buhar, kireç önleme",C,Turuncu,36,4.2,7315,Hızlı teslimat,Evet
EV-00570,Mutfak,Airfryer,Xiaomi,Xiaomi Airfryer XIA-AIR-0570,12650,Trendyol,Premium,Sağlıklı Pişirme,"5 L hazne, 1412 W, sıcak hava teknolojisi",A+,Turuncu,12,4.8,9811,Kampanyalı,Evet
EV-00571,İçecek Hazırlama,Kapsüllü Kahve Makinesi,Bosch,Bosch Kapsüllü Kahve Makinesi BOS-KAP-0571,11800,Hepsiburada,Giriş,Ev Kullanımı,"1158 W, çelik gövde",A,Gri,24,4.3,4493,Az stok,Evet
EV-00572,Ütüler,Buharlı Dikey Ütü,Arzum,Arzum Buharlı Dikey Ütü ARZ-BUH-0572,13750,n11,Giriş,Ev Kullanımı,"2705 W, 178 g/dk buhar, kireç önleme",C,Turuncu,24,4.8,9603,Stokta var,Evet
EV-00573,İçecek Hazırlama,Kahve Makinesi,Arçelik,Arçelik Kahve Makinesi ARÇ-KAH-0573,4250,Amazon Türkiye,Üst,Günlük Kullanım,"2139 W, çelik gövde",A+,Mor,24,4.8,7757,Hızlı teslimat,Evet
EV-00574,Evcil Hayvan Ürünleri,Akıllı Kedi Tuvaleti,Xiaomi,Xiaomi Akıllı Kedi Tuvaleti XIA-AKI-0574,11450,n11,Giriş,Pratik Kullanım,"Wi-Fi/Bluetooth, mobil uygulama, Siri Shortcuts uyumlu",A+,Turuncu,12,4.1,1108,Hızlı teslimat,Evet
EV-00575,Mutfak,Doğrayıcı & Rondo,Bosch,Bosch Doğrayıcı & Rondo BOS-DOĞ-0575,4850,Amazon Türkiye,Premium,Pratik Kullanım,"1578 W, cam hazne",Belirtilmemiş,Krem,24,4.8,6129,Stokta var,Evet
EV-00576,Süpürgeler,Islak Kuru Süpürge,Arzum,Arzum Islak Kuru Süpürge ARZ-ISL-0576,13800,Teknosa,Orta,Ev Kullanımı,"2218 W motor, Yıkanabilir filtre, Kablolu",A+++,Krem,24,4.0,4482,Stokta var,Evet
EV-00577,Hava Nemlendirici & Temizleyiciler,Hava Temizleyici & Nemlendirici,Philips,Philips Hava Temizleyici & Nemlendirici PHI-HAV-0577,43700,n11,Orta,Günlük Kullanım,"UV-C filtre, 40 m² etki alanı",Belirtilmemiş,Lacivert,24,3.9,12346,Kampanyalı,Evet
EV-00578,Evcil Hayvan Ürünleri,Kedi Köpek Tıraş Makinesi,Trixie,Trixie Kedi Köpek Tıraş Makinesi TRI-KED-0578,1700,Vatan Bilgisayar,Fiyat/Performans,Günlük Kullanım,"680 W, günlük kullanıma uygun, kompakt tasarım",B,Krem,24,4.2,2369,Hızlı teslimat,Evet
EV-00579,Isıtma & Soğutma,Vantilatör,Raks,Raks Vantilatör RAK-VAN-0579,2550,Trendyol,Giriş,Günlük Kullanım,"2028 W, günlük kullanıma uygun, kompakt tasarım",B,Beyaz,36,4.0,3637,Hızlı teslimat,Evet
EV-00580,İçecek Hazırlama,Kapsüllü Kahve Makinesi,Nespresso,Nespresso Kapsüllü Kahve Makinesi NES-KAP-0580,5550,MediaMarkt,Giriş,Ev Kullanımı,"1084 W, ısı ayarı",B,Lacivert,24,4.2,11337,Kampanyalı,Evet
EV-00581,İçecek Hazırlama,Filtre Kahve Makinesi,Fakir,Fakir Filtre Kahve Makinesi FAK-FIL-0581,6000,Trendyol,Giriş,Günlük Kullanım,"1264 W, ısı ayarı",A++,Inox,24,4.0,11389,Stokta var,Evet
EV-00582,Isıtma & Soğutma,Kombi,Ariston,Ariston Kombi ARI-KOM-0582,56050,Hepsiburada,Giriş,Sıcak Su,"21 kW, yoğuşmalı, dijital ekran",A++,Beyaz,24,3.8,7949,Stokta var,Evet
EV-00583,Hava Nemlendirici & Temizleyiciler,Hava Temizleyici,Xiaomi,Xiaomi Hava Temizleyici XIA-HAV-0583,15450,Hepsiburada,Giriş,Alerji,"HEPA H13 filtre, 78 m² etki alanı",B,Inox,12,4.2,183,Az stok,Evet
EV-00584,Süpürgeler,Toz Torbasız Süpürge,Rowenta,Rowenta Toz Torbasız Süpürge ROW-TOZ-0584,10450,Hepsiburada,Giriş,Ev Kullanımı,"2874 W motor, Siklon filtre, Kablolu",A++,Inox,12,4.0,12240,Stokta var,Evet
EV-00585,İçecek Hazırlama,Su Isıtıcı & Kettle,Russell Hobbs,Russell Hobbs Su Isıtıcı & Kettle RUS-SU -0585,450,Trendyol,Fiyat/Performans,Günlük Kullanım,"1900 W, otomatik kapanma",C,Beyaz,24,4.7,4632,Hızlı teslimat,Evet
EV-00586,Ütüler,Buhar Kazanlı Ütü,Arçelik,Arçelik Buhar Kazanlı Ütü ARÇ-BUH-0586,7700,Amazon Türkiye,Premium,Ev Kullanımı,"2588 W, 143 g/dk buhar, kireç önleme",A++,Inox,36,4.9,2978,Stokta var,Evet
EV-00587,Mutfak,Su Arıtma,Arçelik,Arçelik Su Arıtma ARÇ-SU -0587,13400,Vatan Bilgisayar,Giriş,Pratik Kullanım,"990 W, günlük kullanıma uygun, kompakt tasarım",B,Siyah,24,4.0,5933,Kampanyalı,Evet
EV-00588,Hava Nemlendirici & Temizleyiciler,Hava Nemlendirici,Xiaomi,Xiaomi Hava Nemlendirici XIA-HAV-0588,5700,MediaMarkt,Üst,Pratik Kullanım,"Aktif karbon filtre, 34 m² etki alanı",B,Mor,24,4.5,5126,Hızlı teslimat,Evet
EV-00589,Süpürgeler,Halı Yıkama Makinesi,Karcher,Karcher Halı Yıkama Makinesi KAR-HAL-0589,27400,Amazon Türkiye,Premium,Pratik Kullanım,"1406 W, günlük kullanıma uygun, kompakt tasarım",C,Beyaz,36,4.2,224,Hızlı teslimat,Evet
EV-00590,Aydınlatma Ürünleri,Masa & Gece Lambası,Ttec,Ttec Masa & Gece Lambası TTE-MAS-0590,4600,Hepsiburada,Giriş,Pratik Kullanım,"Ayarlanabilir beyaz, 8 W, dimmer destekli",C,Gri,24,4.0,6578,Kampanyalı,Evet
EV-00591,Süpürgeler,Halı Yıkama Makinesi,Arzum,Arzum Halı Yıkama Makinesi ARZ-HAL-0591,9600,n11,Fiyat/Performans,Günlük Kullanım,"2116 W, günlük kullanıma uygun, kompakt tasarım",A,Turuncu,24,5.0,2026,Kampanyalı,Evet
EV-00592,Evcil Hayvan Ürünleri,Otomatik Mama Kabı,Trixie,Trixie Otomatik Mama Kabı TRI-OTO-0592,10300,Amazon Türkiye,Premium,Ev Kullanımı,"1447 W, günlük kullanıma uygun, kompakt tasarım",A+,Gri,36,4.5,6641,Stokta var,Evet
EV-00593,Süpürgeler,Robot Süpürge,Dreame,Dreame Robot Süpürge DRE-ROB-0593,30550,Trendyol,Premium,Ev Temizliği,"Lidar navigasyon, 2932 Pa emiş, 107 dk çalışma",A,Siyah,24,4.6,2220,Hızlı teslimat,Evet
EV-00594,Akıllı Ev Sistemleri,Akıllı Kapı Zili,Ring,Ring Akıllı Kapı Zili RIN-AKI-0594,3150,Vatan Bilgisayar,Üst,Günlük Kullanım,"Wi-Fi/Bluetooth, mobil uygulama, Siri Shortcuts uyumlu",Belirtilmemiş,Turuncu,36,4.5,12469,Az stok,Evet
EV-00595,Mutfak,Airfryer,Cosori,Cosori Airfryer COS-AIR-0595,14500,Vatan Bilgisayar,Premium,Sağlıklı Pişirme,"4 L hazne, 1640 W, sıcak hava teknolojisi",A+++,Mor,36,4.1,5644,Kampanyalı,Evet
EV-00596,Ütüler,Buharlı Dikey Ütü,Fakir,Fakir Buharlı Dikey Ütü FAK-BUH-0596,12950,Hepsiburada,Giriş,Ev Kullanımı,"3105 W, 77 g/dk buhar, kireç önleme",A,Mor,24,4.0,10818,Kampanyalı,Evet
EV-00597,Ütüler,Buharlı Dikey Ütü,Fakir,Fakir Buharlı Dikey Ütü FAK-BUH-0597,4000,Amazon Türkiye,Fiyat/Performans,Pratik Kullanım,"2752 W, 155 g/dk buhar, kireç önleme",A,Gri,12,4.4,9088,Stokta var,Evet
EV-00598,Isıtma & Soğutma,Klima,Vestel,Vestel Klima VES-KLI-0598,65650,MediaMarkt,Fiyat/Performans,Isıtma,"18000 BTU, inverter, Wi-Fi var",A+++,Siyah,24,4.5,5794,Kampanyalı,Evet
EV-00599,Ütüler,Buharlı Ütü,Bosch,Bosch Buharlı Ütü BOS-BUH-0599,1000,MediaMarkt,Üst,Ev Kullanımı,"2621 W, 124 g/dk buhar, kireç önleme",A+++,Inox,24,3.9,5669,Az stok,Evet
EV-00600,Evcil Hayvan Ürünleri,Otomatik Mama Kabı,Pawise,Pawise Otomatik Mama Kabı PAW-OTO-0600,16350,Amazon Türkiye,Giriş,Günlük Kullanım,"1091 W, günlük kullanıma uygun, kompakt tasarım",A++,Siyah,12,3.9,5010,Kampanyalı,Evet
EV-00601,İçecek Hazırlama,Türk Kahve Makinesi,Arzum,Arzum Türk Kahve Makinesi ARZ-TÜR-0601,4900,Vatan Bilgisayar,Premium,Ev Kullanımı,"841 W, çelik gövde",A,Siyah,24,4.4,6915,Hızlı teslimat,Evet
EV-00602,Akıllı Ev Sistemleri,Akıllı Priz,Meross,Meross Akıllı Priz MER-AKI-0602,2350,Hepsiburada,Fiyat/Performans,Pratik Kullanım,"Wi-Fi/Bluetooth, mobil uygulama, Siri Shortcuts uyumlu",A++,Lacivert,36,4.8,1654,Kampanyalı,Evet
EV-00603,Süpürgeler,Toz Torbalı Süpürge,Fakir,Fakir Toz Torbalı Süpürge FAK-TOZ-0603,9350,MediaMarkt,Üst,Günlük Kullanım,"2694 W motor, HEPA filtre, Kablolu",A+,Siyah,24,4.0,10426,Hızlı teslimat,Evet
EV-00604,Mutfak,Blender,Karaca,Karaca Blender KAR-BLE-0604,1750,Hepsiburada,Fiyat/Performans,Günlük Kullanım,"1560 W, çoklu hız ayarı",A,Mor,24,4.5,4493,Kampanyalı,Evet
EV-00605,İçecek Hazırlama,Kapsüllü Kahve Makinesi,Krups,Krups Kapsüllü Kahve Makinesi KRU-KAP-0605,15100,MediaMarkt,Üst,Günlük Kullanım,"1648 W, ısı ayarı",A+,Turuncu,12,4.6,5148,Az stok,Evet
EV-00606,İçecek Hazırlama,Filtre Kahve Makinesi,Fakir,Fakir Filtre Kahve Makinesi FAK-FIL-0606,5300,n11,Fiyat/Performans,Günlük Kullanım,"2153 W, çelik gövde",A,Krem,12,4.0,8193,Hızlı teslimat,Evet
EV-00607,Akıllı Ev Sistemleri,Akıllı Priz,Sonoff,Sonoff Akıllı Priz SON-AKI-0607,650,Trendyol,Fiyat/Performans,Günlük Kullanım,"Wi-Fi/Bluetooth, mobil uygulama, Google Assistant uyumlu",C,Krem,36,4.2,2435,Hızlı teslimat,Evet
EV-00608,Mutfak,Su Arıtma,Arçelik,Arçelik Su Arıtma ARÇ-SU -0608,17700,n11,Orta,Pratik Kullanım,"728 W, günlük kullanıma uygun, kompakt tasarım",A+,Inox,36,4.3,4717,Az stok,Evet
EV-00609,Süpürgeler,Robot Süpürge,Xiaomi,Xiaomi Robot Süpürge XIA-ROB-0609,15300,Trendyol,Giriş,Akıllı Ev,"Kamera navigasyon, 7086 Pa emiş, 201 dk çalışma",A,Siyah,24,4.8,5102,Az stok,Evet
EV-00610,Mutfak,Tost Makinesi,Karaca,Karaca Tost Makinesi KAR-TOS-0610,1050,n11,Üst,Pratik Kullanım,"760 W, günlük kullanıma uygun, kompakt tasarım",C,Siyah,36,4.8,10806,Stokta var,Evet
EV-00611,İçecek Hazırlama,Espresso Kahve Makinesi,Delonghi,Delonghi Espresso Kahve Makinesi DEL-ESP-0611,18550,Teknosa,Fiyat/Performans,Ev Kullanımı,"2175 W, çelik gövde",A+++,Mor,24,4.8,6683,Az stok,Evet
EV-00612,Süpürgeler,Robot Süpürge,Anker,Anker Robot Süpürge ANK-ROB-0612,43100,Hepsiburada,Fiyat/Performans,Evcil Hayvanlı Ev,"Kamera navigasyon, 6566 Pa emiş, 113 dk çalışma",A++,Beyaz,24,4.4,9524,Kampanyalı,Evet
EV-00613,Akıllı Ev Sistemleri,Akıllı Kamera,Imou,Imou Akıllı Kamera IMO-AKI-0613,5550,MediaMarkt,Orta,Güvenlik,"Wi-Fi/Bluetooth, mobil uygulama, Google Assistant uyumlu",A+,Turuncu,36,4.1,1765,Kampanyalı,Evet
EV-00614,Akıllı Ev Sistemleri,Akıllı Kamera,Xiaomi,Xiaomi Akıllı Kamera XIA-AKI-0614,6850,Teknosa,Fiyat/Performans,Akıllı Ev,"Wi-Fi/Bluetooth, mobil uygulama, Siri Shortcuts uyumlu",A,Turuncu,24,4.6,1865,Kampanyalı,Evet
EV-00615,Süpürgeler,Islak Kuru Süpürge,Arzum,Arzum Islak Kuru Süpürge ARZ-ISL-0615,14150,n11,Üst,Pratik Kullanım,"642 W motor, Yıkanabilir filtre, Kablosuz",C,Inox,24,4.2,10589,Hızlı teslimat,Evet
EV-00616,Mutfak,Meyve Sıkacağı,Bosch,Bosch Meyve Sıkacağı BOS-MEY-0616,9850,n11,Üst,Günlük Kullanım,"1306 W, çelik bıçak",A+++,Mor,24,4.6,8778,Kampanyalı,Evet
EV-00617,İçecek Hazırlama,Çay Makinesi,Schafer,Schafer Çay Makinesi SCH-ÇAY-0617,5500,Teknosa,Orta,Ev Kullanımı,"2093 W, ısı ayarı",Belirtilmemiş,Mor,24,4.1,2640,Kampanyalı,Evet
EV-00618,İçecek Hazırlama,Çay Makinesi,Schafer,Schafer Çay Makinesi SCH-ÇAY-0618,3800,Amazon Türkiye,Premium,Pratik Kullanım,"1665 W, otomatik kapanma",Belirtilmemiş,Gri,24,4.3,5466,Stokta var,Evet
EV-00619,Ütüler,Buharlı Ütü,Braun,Braun Buharlı Ütü BRA-BUH-0619,4850,Amazon Türkiye,Premium,Pratik Kullanım,"2856 W, 82 g/dk buhar, kireç önleme",C,Turuncu,24,3.8,868,Stokta var,Evet
EV-00620,Isıtma & Soğutma,Klima,Beko,Beko Klima BEK-KLI-0620,79300,Teknosa,Üst,Soğutma,"12000 BTU, inverter, Wi-Fi var",Belirtilmemiş,Mor,24,4.5,1830,Hızlı teslimat,Evet
EV-00621,Hava Nemlendirici & Temizleyiciler,Hava Temizleyici,Vestel,Vestel Hava Temizleyici VES-HAV-0621,9300,Trendyol,Üst,Hava Kalitesi,"HEPA H13 filtre, 25 m² etki alanı",A,Lacivert,24,4.6,5382,Hızlı teslimat,Evet
EV-00622,Ütüler,Buharlı Dikey Ütü,Xiaomi,Xiaomi Buharlı Dikey Ütü XIA-BUH-0622,6900,Hepsiburada,Giriş,Pratik Kullanım,"2841 W, 93 g/dk buhar, kireç önleme",A+++,Turuncu,24,4.9,10617,Kampanyalı,Evet
EV-00623,Evcil Hayvan Ürünleri,Akıllı Kedi Tuvaleti,Xiaomi,Xiaomi Akıllı Kedi Tuvaleti XIA-AKI-0623,12500,Vatan Bilgisayar,Premium,Günlük Kullanım,"Wi-Fi/Bluetooth, mobil uygulama, Google Assistant uyumlu",A+,Gri,12,4.3,4277,Stokta var,Evet
EV-00624,İçecek Hazırlama,Kahve Makinesi,Delonghi,Delonghi Kahve Makinesi DEL-KAH-0624,7600,n11,Premium,Pratik Kullanım,"1812 W, otomatik kapanma",A++,Inox,24,4.9,7448,Kampanyalı,Evet
EV-00625,Mutfak,Airfryer,Cosori,Cosori Airfryer COS-AIR-0625,14450,Trendyol,Premium,Sağlıklı Pişirme,"6 L hazne, 1944 W, sıcak hava teknolojisi",C,Inox,36,4.3,3400,Az stok,Evet
EV-00626,Isıtma & Soğutma,Vantilatör,Arzum,Arzum Vantilatör ARZ-VAN-0626,850,Teknosa,Üst,Günlük Kullanım,"1157 W, günlük kullanıma uygun, kompakt tasarım",B,Turuncu,24,4.1,7403,Stokta var,Evet
EV-00627,Hava Nemlendirici & Temizleyiciler,Hava Temizleyici,Philips,Philips Hava Temizleyici PHI-HAV-0627,19050,Amazon Türkiye,Premium,Hava Kalitesi,"UV-C filtre, 58 m² etki alanı",A+,Beyaz,24,4.1,6298,Stokta var,Evet
EV-00628,İçecek Hazırlama,Espresso Kahve Makinesi,Siemens,Siemens Espresso Kahve Makinesi SIE-ESP-0628,14500,Teknosa,Premium,Pratik Kullanım,"893 W, otomatik kapanma",A+,Mor,24,5.0,11005,Hızlı teslimat,Evet
EV-00629,Evcil Hayvan Ürünleri,Akıllı Su Pınarı,Pawise,Pawise Akıllı Su Pınarı PAW-AKI-0629,2450,Hepsiburada,Fiyat/Performans,Günlük Kullanım,"Wi-Fi/Bluetooth, mobil uygulama, Siri Shortcuts uyumlu",A,Lacivert,36,4.5,4279,Az stok,Evet
EV-00630,İçecek Hazırlama,Çay Makinesi,Karaca,Karaca Çay Makinesi KAR-ÇAY-0630,5200,MediaMarkt,Fiyat/Performans,Ev Kullanımı,"890 W, otomatik kapanma",A,Krem,24,4.0,1929,Hızlı teslimat,Evet
EV-00631,Mutfak,Airfryer,Tefal,Tefal Airfryer TEF-AIR-0631,17450,Vatan Bilgisayar,Üst,Pratik Yemek,"9 L hazne, 1703 W, sıcak hava teknolojisi",Belirtilmemiş,Gri,12,4.2,2718,Hızlı teslimat,Evet
EV-00632,İçecek Hazırlama,Espresso Kahve Makinesi,Philips,Philips Espresso Kahve Makinesi PHI-ESP-0632,10100,Trendyol,Giriş,Ev Kullanımı,"1134 W, çelik gövde",A,Mor,24,4.0,7719,Hızlı teslimat,Evet
EV-00633,İçecek Hazırlama,Türk Kahve Makinesi,Arzum,Arzum Türk Kahve Makinesi ARZ-TÜR-0633,2950,MediaMarkt,Fiyat/Performans,Pratik Kullanım,"1103 W, otomatik kapanma",A+,Beyaz,24,4.3,1858,Kampanyalı,Evet
EV-00634,Süpürgeler,Toz Torbasız Süpürge,Bosch,Bosch Toz Torbasız Süpürge BOS-TOZ-0634,14500,Vatan Bilgisayar,Üst,Günlük Kullanım,"2890 W motor, HEPA filtre, Kablosuz",A,Beyaz,24,4.9,9610,Hızlı teslimat,Evet
EV-00635,Evcil Hayvan Ürünleri,Kedi Köpek Tıraş Makinesi,Fakir,Fakir Kedi Köpek Tıraş Makinesi FAK-KED-0635,4700,Teknosa,Giriş,Günlük Kullanım,"1207 W, günlük kullanıma uygun, kompakt tasarım",A+,Beyaz,24,4.6,11166,Az stok,Evet
EV-00636,İçecek Hazırlama,Filtre Kahve Makinesi,Philips,Philips Filtre Kahve Makinesi PHI-FIL-0636,3700,MediaMarkt,Premium,Pratik Kullanım,"2147 W, otomatik kapanma",A+,Siyah,12,4.6,4427,Hızlı teslimat,Evet
EV-00637,Mutfak,Su Arıtma,İhlas,İhlas Su Arıtma IHL-SU -0637,20250,Trendyol,Fiyat/Performans,Pratik Kullanım,"979 W, günlük kullanıma uygun, kompakt tasarım",A+,Siyah,24,4.1,812,Hızlı teslimat,Evet
EV-00638,İçecek Hazırlama,Çay Makinesi,Arzum,Arzum Çay Makinesi ARZ-ÇAY-0638,2300,Trendyol,Orta,Günlük Kullanım,"842 W, otomatik kapanma",A++,Mor,36,5.0,6550,Kampanyalı,Evet
EV-00639,Evcil Hayvan Ürünleri,Otomatik Mama Kabı,Petkit,Petkit Otomatik Mama Kabı PET-OTO-0639,4250,MediaMarkt,Üst,Ev Kullanımı,"1802 W, günlük kullanıma uygun, kompakt tasarım",B,Gri,24,4.8,12071,Stokta var,Evet
EV-00640,Ütüler,Buhar Kazanlı Ütü,Arçelik,Arçelik Buhar Kazanlı Ütü ARÇ-BUH-0640,8100,MediaMarkt,Premium,Ev Kullanımı,"2776 W, 143 g/dk buhar, kireç önleme",A+++,Mor,24,4.9,7820,Az stok,Evet
EV-00641,Isıtma & Soğutma,Kombi,Ariston,Ariston Kombi ARI-KOM-0641,38800,Hepsiburada,Giriş,Isıtma,"24 kW, yoğuşmalı, dijital ekran",A,Beyaz,24,4.4,7609,Hızlı teslimat,Evet
EV-00642,Isıtma & Soğutma,Kombi,Bosch,Bosch Kombi BOS-KOM-0642,63400,Teknosa,Premium,Sıcak Su,"27 kW, yoğuşmalı, dijital ekran",B,Mor,24,4.0,2108,Stokta var,Evet
EV-00643,Aydınlatma Ürünleri,LED Şerit,Xiaomi,Xiaomi LED Şerit XIA-LED-0643,500,Hepsiburada,Fiyat/Performans,Günlük Kullanım,"Sıcak beyaz, 26 W, dimmer destekli",C,Krem,24,4.4,6781,Kampanyalı,Evet
EV-00644,Akıllı Ev Sistemleri,Akıllı Kamera,Xiaomi,Xiaomi Akıllı Kamera XIA-AKI-0644,10400,Hepsiburada,Fiyat/Performans,Akıllı Ev,"Wi-Fi/Bluetooth, mobil uygulama, Google Assistant uyumlu",Belirtilmemiş,Gri,36,3.9,10854,Stokta var,Evet
EV-00645,İçecek Hazırlama,Çay Makinesi,Arzum,Arzum Çay Makinesi ARZ-ÇAY-0645,5200,Teknosa,Üst,Pratik Kullanım,"1721 W, çelik gövde",Belirtilmemiş,Krem,24,4.5,7469,Az stok,Evet
EV-00646,Süpürgeler,Koltuk Yıkama Makinesi,Bissell,Bissell Koltuk Yıkama Makinesi BIS-KOL-0646,5500,Teknosa,Fiyat/Performans,Ev Kullanımı,"1494 W, günlük kullanıma uygun, kompakt tasarım",A+++,Siyah,36,4.8,1757,Stokta var,Evet
EV-00647,İçecek Hazırlama,Kahve Makinesi,Arçelik,Arçelik Kahve Makinesi ARÇ-KAH-0647,7000,Amazon Türkiye,Premium,Pratik Kullanım,"2032 W, çelik gövde",A,Krem,12,4.3,10791,Kampanyalı,Evet
EV-00648,Evcil Hayvan Ürünleri,Akıllı Kedi Tuvaleti,Pura,Pura Akıllı Kedi Tuvaleti PUR-AKI-0648,51150,Hepsiburada,Üst,Günlük Kullanım,"Wi-Fi/Bluetooth, mobil uygulama, Google Assistant uyumlu",Belirtilmemiş,Siyah,24,4.0,242,Stokta var,Evet
EV-00649,Süpürgeler,Koltuk Yıkama Makinesi,Arnica,Arnica Koltuk Yıkama Makinesi ARN-KOL-0649,20100,Amazon Türkiye,Orta,Pratik Kullanım,"790 W, günlük kullanıma uygun, kompakt tasarım",A+++,Krem,36,4.1,10272,Az stok,Evet
EV-00650,Hava Nemlendirici & Temizleyiciler,Hava Temizleyici,Levoit,Levoit Hava Temizleyici LEV-HAV-0650,3600,Trendyol,Giriş,Hava Kalitesi,"Aktif karbon filtre, 50 m² etki alanı",A+++,Turuncu,12,4.9,12119,Az stok,Evet
EV-00651,Süpürgeler,Halı Yıkama Makinesi,Arzum,Arzum Halı Yıkama Makinesi ARZ-HAL-0651,19050,Hepsiburada,Premium,Pratik Kullanım,"2135 W, günlük kullanıma uygun, kompakt tasarım",C,Mor,36,4.2,1697,Hızlı teslimat,Evet
EV-00652,Akıllı Ev Sistemleri,Akıllı Kamera,Reolink,Reolink Akıllı Kamera REO-AKI-0652,9950,Teknosa,Fiyat/Performans,Akıllı Ev,"Wi-Fi/Bluetooth, mobil uygulama, Siri Shortcuts uyumlu",B,Turuncu,24,3.8,6563,Stokta var,Evet
EV-00653,Aydınlatma Ürünleri,Masa & Gece Lambası,Xiaomi,Xiaomi Masa & Gece Lambası XIA-MAS-0653,3000,Teknosa,Fiyat/Performans,Pratik Kullanım,"Sıcak beyaz, 20 W, dimmer destekli",A+++,Turuncu,12,4.5,4403,Kampanyalı,Evet
EV-00654,Isıtma & Soğutma,Şofben & Termosifon,Ariston,Ariston Şofben & Termosifon ARI-ŞOF-0654,13650,Trendyol,Giriş,Ev Kullanımı,"1104 W, günlük kullanıma uygun, kompakt tasarım",A,Inox,12,4.1,3164,Az stok,Evet
EV-00655,Akıllı Ev Sistemleri,Akıllı Kamera,Imou,Imou Akıllı Kamera IMO-AKI-0655,4900,n11,Fiyat/Performans,Akıllı Ev,"Wi-Fi/Bluetooth, mobil uygulama, Google Assistant uyumlu",A+,Mor,36,4.8,10778,Kampanyalı,Evet
EV-00656,Hava Nemlendirici & Temizleyiciler,Hava Temizleyici,Philips,Philips Hava Temizleyici PHI-HAV-0656,34300,Teknosa,Orta,Hava Kalitesi,"HEPA H13 filtre, 31 m² etki alanı",A++,Gri,12,4.6,1427,Hızlı teslimat,Evet
EV-00657,İçecek Hazırlama,Su Isıtıcı & Kettle,Fakir,Fakir Su Isıtıcı & Kettle FAK-SU -0657,3550,Trendyol,Üst,Günlük Kullanım,"1534 W, ısı ayarı",A+,Gri,24,4.1,785,Stokta var,Evet
EV-00658,İçecek Hazırlama,Kapsüllü Kahve Makinesi,Krups,Krups Kapsüllü Kahve Makinesi KRU-KAP-0658,13200,Vatan Bilgisayar,Giriş,Günlük Kullanım,"1796 W, ısı ayarı",A+,Lacivert,24,4.1,9222,Kampanyalı,Evet
EV-00659,Süpürgeler,Islak Kuru Süpürge,Bissell,Bissell Islak Kuru Süpürge BIS-ISL-0659,24350,Vatan Bilgisayar,Fiyat/Performans,Günlük Kullanım,"2293 W motor, Siklon filtre, Kablosuz",A+++,Beyaz,12,4.6,11588,Stokta var,Evet
EV-00660,Hava Nemlendirici & Temizleyiciler,Hava Temizleyici & Nemlendirici,Dyson,Dyson Hava Temizleyici & Nemlendirici DYS-HAV-0660,13050,n11,Giriş,Günlük Kullanım,"UV-C filtre, 38 m² etki alanı",C,Turuncu,12,4.0,5940,Hızlı teslimat,Evet
EV-00661,İçecek Hazırlama,Su Isıtıcı & Kettle,Arzum,Arzum Su Isıtıcı & Kettle ARZ-SU -0661,4500,Teknosa,Üst,Günlük Kullanım,"1699 W, ısı ayarı",Belirtilmemiş,Siyah,24,4.8,2029,Hızlı teslimat,Evet
EV-00662,Mutfak,Dondurma Makinesi,Arzum,Arzum Dondurma Makinesi ARZ-DON-0662,15400,Hepsiburada,Orta,Ev Kullanımı,"1138 W, günlük kullanıma uygun, kompakt tasarım",C,Inox,24,4.1,11732,Hızlı teslimat,Evet
EV-00663,Mutfak,Blender,Tefal,Tefal Blender TEF-BLE-0663,6050,MediaMarkt,Premium,Pratik Kullanım,"1140 W, cam hazne",A,Gri,24,4.9,8471,Stokta var,Evet
EV-00664,İçecek Hazırlama,Çay Makinesi,Karaca,Karaca Çay Makinesi KAR-ÇAY-0664,2700,n11,Premium,Ev Kullanımı,"875 W, çelik gövde",C,Gri,12,4.0,1022,Stokta var,Evet
EV-00665,Akıllı Ev Sistemleri,Akıllı Sensör,Bosch,Bosch Akıllı Sensör BOS-AKI-0665,2150,MediaMarkt,Premium,Pratik Kullanım,"Wi-Fi/Bluetooth, mobil uygulama, Alexa uyumlu",C,Lacivert,24,4.9,11496,Stokta var,Evet
EV-00666,Mutfak,Tost Makinesi,Korkmaz,Korkmaz Tost Makinesi KOR-TOS-0666,2550,MediaMarkt,Premium,Pratik Kullanım,"2014 W, günlük kullanıma uygun, kompakt tasarım",B,Turuncu,24,4.6,8934,Hızlı teslimat,Evet
EV-00667,Süpürgeler,Halı Yıkama Makinesi,Arzum,Arzum Halı Yıkama Makinesi ARZ-HAL-0667,6650,Vatan Bilgisayar,Giriş,Pratik Kullanım,"1915 W, günlük kullanıma uygun, kompakt tasarım",A++,Krem,24,4.2,11895,Stokta var,Evet
EV-00668,Hava Nemlendirici & Temizleyiciler,Hava Temizleyici & Nemlendirici,Xiaomi,Xiaomi Hava Temizleyici & Nemlendirici XIA-HAV-0668,31150,n11,Üst,Günlük Kullanım,"UV-C filtre, 57 m² etki alanı",A+,Inox,24,4.6,398,Hızlı teslimat,Evet
EV-00669,Hava Nemlendirici & Temizleyiciler,Hava Temizleyici & Nemlendirici,Dyson,Dyson Hava Temizleyici & Nemlendirici DYS-HAV-0669,41950,n11,Giriş,Pratik Kullanım,"Aktif karbon filtre, 27 m² etki alanı",A+++,Beyaz,36,4.2,10287,Kampanyalı,Evet
EV-00670,Akıllı Ev Sistemleri,Akıllı Priz,Sonoff,Sonoff Akıllı Priz SON-AKI-0670,300,Teknosa,Premium,Pratik Kullanım,"Wi-Fi/Bluetooth, mobil uygulama, Siri Shortcuts uyumlu",C,Inox,24,5.0,12233,Kampanyalı,Evet
EV-00671,Mutfak,Airfryer,Cosori,Cosori Airfryer COS-AIR-0671,16450,Amazon Türkiye,Orta,Sağlıklı Pişirme,"4 L hazne, 1535 W, sıcak hava teknolojisi",B,Inox,24,4.3,12098,Hızlı teslimat,Evet
EV-00672,İçecek Hazırlama,Su Isıtıcı & Kettle,Arzum,Arzum Su Isıtıcı & Kettle ARZ-SU -0672,3100,Hepsiburada,Premium,Günlük Kullanım,"1775 W, otomatik kapanma",A,Beyaz,24,3.9,6976,Hızlı teslimat,Evet
EV-00673,Akıllı Ev Sistemleri,Akıllı Kamera,Reolink,Reolink Akıllı Kamera REO-AKI-0673,7200,n11,Premium,Akıllı Ev,"Wi-Fi/Bluetooth, mobil uygulama, Alexa uyumlu",C,Turuncu,36,4.1,8187,Az stok,Evet
EV-00674,Süpürgeler,Islak Kuru Süpürge,Bosch,Bosch Islak Kuru Süpürge BOS-ISL-0674,5250,Amazon Türkiye,Premium,Pratik Kullanım,"2667 W motor, HEPA filtre, Kablosuz",A,Turuncu,24,4.3,11557,Az stok,Evet
EV-00675,Aydınlatma Ürünleri,LED Şerit,Cata,Cata LED Şerit CAT-LED-0675,1000,n11,Fiyat/Performans,Ev Kullanımı,"Ayarlanabilir beyaz, 14 W, dimmer destekli",A+++,Gri,24,4.3,1995,Kampanyalı,Evet
EV-00676,Mutfak,Meyve Sıkacağı,Tefal,Tefal Meyve Sıkacağı TEF-MEY-0676,4750,MediaMarkt,Üst,Günlük Kullanım,"1263 W, cam hazne",A+,Krem,24,3.8,2355,Az stok,Evet
EV-00677,Hava Nemlendirici & Temizleyiciler,Hava Nemlendirici,Xiaomi,Xiaomi Hava Nemlendirici XIA-HAV-0677,2350,Teknosa,Fiyat/Performans,Ev Kullanımı,"Aktif karbon filtre, 56 m² etki alanı",A+,Turuncu,24,3.9,747,Hızlı teslimat,Evet
EV-00678,Hava Nemlendirici & Temizleyiciler,Hava Temizleyici,Vestel,Vestel Hava Temizleyici VES-HAV-0678,33500,n11,Orta,Hava Kalitesi,"Aktif karbon filtre, 62 m² etki alanı",A,Gri,24,4.0,10442,Stokta var,Evet
EV-00679,Akıllı Ev Sistemleri,Akıllı Termostat,Cosa,Cosa Akıllı Termostat COS-AKI-0679,12950,Trendyol,Premium,Pratik Kullanım,"Wi-Fi/Bluetooth, mobil uygulama, Google Assistant uyumlu",C,Turuncu,24,4.9,5569,Stokta var,Evet
EV-00680,Süpürgeler,Toz Torbalı Süpürge,Electrolux,Electrolux Toz Torbalı Süpürge ELE-TOZ-0680,2300,Amazon Türkiye,Fiyat/Performans,Ev Kullanımı,"2798 W motor, Yıkanabilir filtre, Kablosuz",C,Beyaz,24,4.8,11605,Stokta var,Evet
EV-00681,Akıllı Ev Sistemleri,Akıllı Priz,Wiz,Wiz Akıllı Priz WIZ-AKI-0681,1500,Vatan Bilgisayar,Premium,Pratik Kullanım,"Wi-Fi/Bluetooth, mobil uygulama, Siri Shortcuts uyumlu",A++,Siyah,24,4.9,1985,Az stok,Evet
EV-00682,Mutfak,Mikser,Karaca,Karaca Mikser KAR-MIK-0682,5850,MediaMarkt,Fiyat/Performans,Pratik Kullanım,"1056 W, çelik bıçak",B,Siyah,36,3.9,8756,Stokta var,Evet
EV-00683,Mutfak,Dondurma Makinesi,Cuisinart,Cuisinart Dondurma Makinesi CUI-DON-0683,7100,Hepsiburada,Premium,Ev Kullanımı,"926 W, günlük kullanıma uygun, kompakt tasarım",A+++,Beyaz,24,4.8,5214,Az stok,Evet
EV-00684,Mutfak,Airfryer,Xiaomi,Xiaomi Airfryer XIA-AIR-0684,6450,n11,Üst,Pratik Yemek,"9 L hazne, 1373 W, sıcak hava teknolojisi",A+++,Lacivert,24,3.9,5041,Stokta var,Evet
EV-00685,İçecek Hazırlama,Espresso Kahve Makinesi,Siemens,Siemens Espresso Kahve Makinesi SIE-ESP-0685,22450,Teknosa,Giriş,Ev Kullanımı,"1569 W, otomatik kapanma",A+++,Inox,24,4.0,5326,Az stok,Evet
EV-00686,Hava Nemlendirici & Temizleyiciler,Hava Nemlendirici,Fakir,Fakir Hava Nemlendirici FAK-HAV-0686,10400,MediaMarkt,Fiyat/Performans,Günlük Kullanım,"Aktif karbon filtre, 49 m² etki alanı",B,Mor,24,4.9,4427,Hızlı teslimat,Evet
EV-00687,İçecek Hazırlama,Filtre Kahve Makinesi,Arzum,Arzum Filtre Kahve Makinesi ARZ-FIL-0687,4850,Hepsiburada,Orta,Pratik Kullanım,"1007 W, otomatik kapanma",Belirtilmemiş,Gri,24,4.1,9618,Hızlı teslimat,Evet
EV-00688,Isıtma & Soğutma,Şofben & Termosifon,Arçelik,Arçelik Şofben & Termosifon ARÇ-ŞOF-0688,24150,Trendyol,Fiyat/Performans,Ev Kullanımı,"1506 W, günlük kullanıma uygun, kompakt tasarım",A++,Inox,12,4.7,2347,Hızlı teslimat,Evet
EV-00689,Aydınlatma Ürünleri,LED Şerit,Yeelight,Yeelight LED Şerit YEE-LED-0689,500,n11,Giriş,Ev Kullanımı,"Ayarlanabilir beyaz, 10 W, dimmer destekli",A+++,Siyah,36,4.4,10185,Kampanyalı,Evet
EV-00690,Akıllı Ev Sistemleri,Akıllı Kapı Zili,Ring,Ring Akıllı Kapı Zili RIN-AKI-0690,11900,Teknosa,Premium,Pratik Kullanım,"Wi-Fi/Bluetooth, mobil uygulama, Siri Shortcuts uyumlu",A+,Siyah,24,4.8,3500,Stokta var,Evet
EV-00691,Mutfak,Meyve Sıkacağı,Philips,Philips Meyve Sıkacağı PHI-MEY-0691,5950,n11,Giriş,Ev Kullanımı,"1284 W, cam hazne",B,Lacivert,24,4.0,9132,Kampanyalı,Evet
EV-00692,Isıtma & Soğutma,Şofben & Termosifon,Vestel,Vestel Şofben & Termosifon VES-ŞOF-0692,8750,Teknosa,Üst,Ev Kullanımı,"432 W, günlük kullanıma uygun, kompakt tasarım",C,Gri,24,4.1,9837,Hızlı teslimat,Evet
EV-00693,İçecek Hazırlama,Kahve Makinesi,Philips,Philips Kahve Makinesi PHI-KAH-0693,3100,Vatan Bilgisayar,Premium,Ev Kullanımı,"1604 W, çelik gövde",A+++,Beyaz,12,4.9,11537,Stokta var,Evet
EV-00694,Evcil Hayvan Ürünleri,Akıllı Su Pınarı,Trixie,Trixie Akıllı Su Pınarı TRI-AKI-0694,2350,n11,Üst,Ev Kullanımı,"Wi-Fi/Bluetooth, mobil uygulama, Alexa uyumlu",A++,Siyah,24,4.3,9866,Hızlı teslimat,Evet
EV-00695,Ütüler,Buhar Kazanlı Ütü,Tefal,Tefal Buhar Kazanlı Ütü TEF-BUH-0695,14350,Trendyol,Giriş,Ev Kullanımı,"2896 W, 126 g/dk buhar, kireç önleme",A++,Beyaz,12,4.7,12440,Kampanyalı,Evet
EV-00696,Mutfak,Blender,Tefal,Tefal Blender TEF-BLE-0696,6900,Hepsiburada,Üst,Pratik Kullanım,"828 W, cam hazne",A++,Mor,24,4.1,11550,Kampanyalı,Evet
EV-00697,Akıllı Ev Sistemleri,Akıllı Priz,Wiz,Wiz Akıllı Priz WIZ-AKI-0697,3450,Vatan Bilgisayar,Orta,Pratik Kullanım,"Wi-Fi/Bluetooth, mobil uygulama, Siri Shortcuts uyumlu",C,Gri,24,4.0,12119,Az stok,Evet
EV-00698,İçecek Hazırlama,Kapsüllü Kahve Makinesi,Tchibo,Tchibo Kapsüllü Kahve Makinesi TCH-KAP-0698,8800,n11,Fiyat/Performans,Pratik Kullanım,"1361 W, otomatik kapanma",Belirtilmemiş,Siyah,12,4.1,8585,Kampanyalı,Evet
EV-00699,Evcil Hayvan Ürünleri,Kedi Köpek Tıraş Makinesi,Pawise,Pawise Kedi Köpek Tıraş Makinesi PAW-KED-0699,6300,MediaMarkt,Giriş,Günlük Kullanım,"2148 W, günlük kullanıma uygun, kompakt tasarım",A+,Mor,36,4.6,10665,Kampanyalı,Evet
EV-00700,Süpürgeler,Robot Süpürge,Viomi,Viomi Robot Süpürge VIO-ROB-0700,32000,MediaMarkt,Premium,Ev Temizliği,"Gyro navigasyon, 4339 Pa emiş, 102 dk çalışma",A+,Mor,12,4.2,12450,Hızlı teslimat,Evet
EV-00701,Mutfak,Su Arıtma,Arçelik,Arçelik Su Arıtma ARÇ-SU -0701,11500,Teknosa,Orta,Günlük Kullanım,"1910 W, günlük kullanıma uygun, kompakt tasarım",A++,Mor,24,3.9,9383,Az stok,Evet
EV-00702,Süpürgeler,Halı Yıkama Makinesi,Fakir,Fakir Halı Yıkama Makinesi FAK-HAL-0702,12900,Hepsiburada,Üst,Günlük Kullanım,"1382 W, günlük kullanıma uygun, kompakt tasarım",A,Siyah,12,4.6,1599,Kampanyalı,Evet
EV-00703,Mutfak,Doğrayıcı & Rondo,Fakir,Fakir Doğrayıcı & Rondo FAK-DOĞ-0703,1150,Trendyol,Premium,Ev Kullanımı,"1464 W, cam hazne",A+++,Turuncu,24,5.0,906,Hızlı teslimat,Evet
EV-00704,Akıllı Ev Sistemleri,Akıllı Kamera,Xiaomi,Xiaomi Akıllı Kamera XIA-AKI-0704,1650,Hepsiburada,Giriş,Güvenlik,"Wi-Fi/Bluetooth, mobil uygulama, Google Assistant uyumlu",A+++,Turuncu,24,4.3,11375,Kampanyalı,Evet
EV-00705,Akıllı Ev Sistemleri,Akıllı Termostat,Tado,Tado Akıllı Termostat TAD-AKI-0705,4150,Amazon Türkiye,Giriş,Ev Kullanımı,"Wi-Fi/Bluetooth, mobil uygulama, Alexa uyumlu",A,Beyaz,12,3.9,870,Hızlı teslimat,Evet
EV-00706,Mutfak,Blender,Bosch,Bosch Blender BOS-BLE-0706,8250,Hepsiburada,Fiyat/Performans,Ev Kullanımı,"607 W, çelik bıçak",C,Siyah,36,4.3,7620,Kampanyalı,Evet
EV-00707,Akıllı Ev Sistemleri,Akıllı Kamera,TP-Link,TP-Link Akıllı Kamera TP--AKI-0707,1950,Hepsiburada,Giriş,Güvenlik,"Wi-Fi/Bluetooth, mobil uygulama, Siri Shortcuts uyumlu",A++,Krem,24,4.5,1121,Hızlı teslimat,Evet
EV-00708,Hava Nemlendirici & Temizleyiciler,Hava Temizleyici,Vestel,Vestel Hava Temizleyici VES-HAV-0708,34250,Trendyol,Premium,Alerji,"HEPA H13 filtre, 39 m² etki alanı",B,Mor,12,4.1,737,Kampanyalı,Evet
EV-00709,Mutfak,Meyve Sıkacağı,Karaca,Karaca Meyve Sıkacağı KAR-MEY-0709,7800,Trendyol,Orta,Ev Kullanımı,"996 W, çelik bıçak",A+++,Gri,24,4.4,9899,Az stok,Evet
EV-00710,Hava Nemlendirici & Temizleyiciler,Hava Temizleyici & Nemlendirici,Dyson,Dyson Hava Temizleyici & Nemlendirici DYS-HAV-0710,26100,Trendyol,Üst,Günlük Kullanım,"HEPA H13 filtre, 41 m² etki alanı",A++,Turuncu,36,5.0,10509,Kampanyalı,Evet
EV-00711,Akıllı Ev Sistemleri,Akıllı Kamera,Reolink,Reolink Akıllı Kamera REO-AKI-0711,4850,Teknosa,Fiyat/Performans,Güvenlik,"Wi-Fi/Bluetooth, mobil uygulama, Alexa uyumlu",Belirtilmemiş,Siyah,36,4.3,2673,Az stok,Evet
EV-00712,İçecek Hazırlama,Kahve Makinesi,Delonghi,Delonghi Kahve Makinesi DEL-KAH-0712,3750,MediaMarkt,Orta,Ev Kullanımı,"1478 W, çelik gövde",A,Inox,36,4.5,3931,Az stok,Evet
EV-00713,İçecek Hazırlama,Kahve Makinesi,Beko,Beko Kahve Makinesi BEK-KAH-0713,1000,Teknosa,Giriş,Günlük Kullanım,"1395 W, ısı ayarı",A++,Lacivert,24,3.8,1902,Stokta var,Evet
EV-00714,Süpürgeler,Halı Yıkama Makinesi,Fakir,Fakir Halı Yıkama Makinesi FAK-HAL-0714,11750,Trendyol,Orta,Günlük Kullanım,"1095 W, günlük kullanıma uygun, kompakt tasarım",Belirtilmemiş,Inox,24,4.9,11792,Az stok,Evet
EV-00715,İçecek Hazırlama,Filtre Kahve Makinesi,Tefal,Tefal Filtre Kahve Makinesi TEF-FIL-0715,2450,Hepsiburada,Giriş,Ev Kullanımı,"2141 W, otomatik kapanma",A+,Inox,24,4.8,2263,Hızlı teslimat,Evet
EV-00716,Mutfak,Mikser,Bosch,Bosch Mikser BOS-MIK-0716,5650,Amazon Türkiye,Üst,Pratik Kullanım,"1288 W, çoklu hız ayarı",A+++,Beyaz,24,4.0,8648,Az stok,Evet
EV-00717,Süpürgeler,Halı Yıkama Makinesi,Fakir,Fakir Halı Yıkama Makinesi FAK-HAL-0717,18100,Amazon Türkiye,Premium,Ev Kullanımı,"1702 W, günlük kullanıma uygun, kompakt tasarım",A++,Siyah,12,4.2,9838,Az stok,Evet
EV-00718,Aydınlatma Ürünleri,Akıllı Ampul,TP-Link,TP-Link Akıllı Ampul TP--AKI-0718,1200,Trendyol,Üst,Günlük Kullanım,"Wi-Fi/Bluetooth, mobil uygulama, Siri Shortcuts uyumlu",B,Turuncu,24,3.9,4603,Stokta var,Evet
EV-00719,Hava Nemlendirici & Temizleyiciler,Hava Temizleyici,Vestel,Vestel Hava Temizleyici VES-HAV-0719,33950,Trendyol,Giriş,Hava Kalitesi,"Aktif karbon filtre, 53 m² etki alanı",A,Gri,24,4.4,12324,Kampanyalı,Evet
EV-00720,Aydınlatma Ürünleri,Masa & Gece Lambası,Ttec,Ttec Masa & Gece Lambası TTE-MAS-0720,3350,MediaMarkt,Premium,Pratik Kullanım,"Ayarlanabilir beyaz, 25 W, dimmer destekli",A+++,Inox,24,4.1,6584,Az stok,Evet
EV-00721,Isıtma & Soğutma,Şofben & Termosifon,Beko,Beko Şofben & Termosifon BEK-ŞOF-0721,12600,Teknosa,Orta,Pratik Kullanım,"721 W, günlük kullanıma uygun, kompakt tasarım",Belirtilmemiş,Lacivert,24,4.3,6193,Stokta var,Evet
EV-00722,Süpürgeler,Dikey Süpürge,Bosch,Bosch Dikey Süpürge BOS-DIK-0722,6800,MediaMarkt,Üst,Hızlı Temizlik,"2405 W motor, Yıkanabilir filtre, Kablolu",A,Turuncu,36,4.4,3786,Hızlı teslimat,Evet
EV-00723,Isıtma & Soğutma,Vantilatör,Raks,Raks Vantilatör RAK-VAN-0723,6850,Teknosa,Üst,Ev Kullanımı,"878 W, günlük kullanıma uygun, kompakt tasarım",A+,Beyaz,24,4.3,2957,Stokta var,Evet
EV-00724,Mutfak,Airfryer,Fakir,Fakir Airfryer FAK-AIR-0724,14600,Vatan Bilgisayar,Fiyat/Performans,Sağlıklı Pişirme,"4 L hazne, 1321 W, sıcak hava teknolojisi",A+++,Lacivert,24,4.6,4543,Az stok,Evet
EV-00725,Mutfak,Dondurma Makinesi,Karaca,Karaca Dondurma Makinesi KAR-DON-0725,19750,Teknosa,Üst,Ev Kullanımı,"790 W, günlük kullanıma uygun, kompakt tasarım",C,Gri,12,4.2,11214,Kampanyalı,Evet
EV-00726,İçecek Hazırlama,Kahve Makinesi,Schafer,Schafer Kahve Makinesi SCH-KAH-0726,4700,n11,Üst,Ev Kullanımı,"1987 W, çelik gövde",A+++,Turuncu,12,4.2,6631,Az stok,Evet
EV-00727,Isıtma & Soğutma,Klima,Beko,Beko Klima BEK-KLI-0727,38200,MediaMarkt,Orta,Ev Konforu,"24000 BTU, inverter, Wi-Fi yok",A+,Beyaz,24,4.1,9632,Az stok,Evet
EV-00728,Isıtma & Soğutma,Kombi,Ariston,Ariston Kombi ARI-KOM-0728,38350,MediaMarkt,Orta,Isıtma,"31 kW, yoğuşmalı, dijital ekran",A++,Gri,24,4.3,9164,Stokta var,Evet
EV-00729,Hava Nemlendirici & Temizleyiciler,Hava Nemlendirici,Levoit,Levoit Hava Nemlendirici LEV-HAV-0729,11450,Teknosa,Üst,Pratik Kullanım,"Aktif karbon filtre, 68 m² etki alanı",Belirtilmemiş,Krem,24,4.1,6989,Stokta var,Evet
EV-00730,Akıllı Ev Sistemleri,Akıllı Priz,TP-Link,TP-Link Akıllı Priz TP--AKI-0730,1150,Teknosa,Orta,Pratik Kullanım,"Wi-Fi/Bluetooth, mobil uygulama, Siri Shortcuts uyumlu",Belirtilmemiş,Mor,36,4.5,9894,Az stok,Evet
EV-00731,Isıtma & Soğutma,Klima,Mitsubishi,Mitsubishi Klima MIT-KLI-0731,69700,Trendyol,Premium,Ev Konforu,"24000 BTU, inverter, Wi-Fi yok",A+++,Gri,24,4.4,5402,Az stok,Evet
EV-00732,İçecek Hazırlama,Türk Kahve Makinesi,Korkmaz,Korkmaz Türk Kahve Makinesi KOR-TÜR-0732,5100,MediaMarkt,Fiyat/Performans,Günlük Kullanım,"1590 W, ısı ayarı",A++,Inox,24,3.8,3275,Stokta var,Evet
EV-00733,Isıtma & Soğutma,Isıtıcı,Ufo,Ufo Isıtıcı UFO-ISI-0733,5300,Hepsiburada,Fiyat/Performans,Ev Kullanımı,"721 W, günlük kullanıma uygun, kompakt tasarım",A+++,Gri,12,4.0,6746,Hızlı teslimat,Evet
EV-00734,Hava Nemlendirici & Temizleyiciler,Hava Temizleyici,Vestel,Vestel Hava Temizleyici VES-HAV-0734,6000,n11,Premium,Hava Kalitesi,"Aktif karbon filtre, 72 m² etki alanı",C,Turuncu,24,4.0,3384,Kampanyalı,Evet
EV-00735,Akıllı Ev Sistemleri,Akıllı Kamera,TP-Link,TP-Link Akıllı Kamera TP--AKI-0735,7000,Teknosa,Premium,Akıllı Ev,"Wi-Fi/Bluetooth, mobil uygulama, Google Assistant uyumlu",Belirtilmemiş,Mor,12,4.0,2352,Az stok,Evet
EV-00736,Aydınlatma Ürünleri,Masa & Gece Lambası,Baseus,Baseus Masa & Gece Lambası BAS-MAS-0736,3900,MediaMarkt,Premium,Pratik Kullanım,"RGB, 14 W, dimmer destekli",C,Turuncu,24,4.4,655,Kampanyalı,Evet
EV-00737,Isıtma & Soğutma,Klima,Arçelik,Arçelik Klima ARÇ-KLI-0737,57500,Trendyol,Orta,Isıtma,"24000 BTU, inverter, Wi-Fi yok",C,Gri,12,4.9,12028,Stokta var,Evet
EV-00738,Isıtma & Soğutma,Klima,Daikin,Daikin Klima DAI-KLI-0738,39500,Teknosa,Orta,Isıtma,"9000 BTU, inverter, Wi-Fi var",A,Mor,12,4.9,8825,Stokta var,Evet
EV-00739,Ütüler,Buhar Kazanlı Ütü,Philips,Philips Buhar Kazanlı Ütü PHI-BUH-0739,22300,Vatan Bilgisayar,Giriş,Ev Kullanımı,"2661 W, 77 g/dk buhar, kireç önleme",A+,Inox,12,4.7,5356,Stokta var,Evet
EV-00740,Isıtma & Soğutma,Isıtıcı,Ufo,Ufo Isıtıcı UFO-ISI-0740,1500,MediaMarkt,Premium,Günlük Kullanım,"1212 W, günlük kullanıma uygun, kompakt tasarım",A+++,Siyah,24,4.2,6557,Stokta var,Evet
EV-00741,Süpürgeler,Dikey Süpürge,Xiaomi,Xiaomi Dikey Süpürge XIA-DIK-0741,36800,MediaMarkt,Premium,Hızlı Temizlik,"2292 W motor, HEPA filtre, Kablolu",Belirtilmemiş,Krem,24,4.4,1367,Az stok,Evet
EV-00742,İçecek Hazırlama,Filtre Kahve Makinesi,Grundig,Grundig Filtre Kahve Makinesi GRU-FIL-0742,1400,Teknosa,Orta,Ev Kullanımı,"1144 W, otomatik kapanma",C,Siyah,24,3.9,12162,Az stok,Evet
EV-00743,Isıtma & Soğutma,Şofben & Termosifon,Vestel,Vestel Şofben & Termosifon VES-ŞOF-0743,7050,Amazon Türkiye,Orta,Pratik Kullanım,"842 W, günlük kullanıma uygun, kompakt tasarım",A,Siyah,12,3.8,11074,Stokta var,Evet
EV-00744,Ütüler,Buharlı Dikey Ütü,Arzum,Arzum Buharlı Dikey Ütü ARZ-BUH-0744,12550,Vatan Bilgisayar,Giriş,Günlük Kullanım,"3151 W, 98 g/dk buhar, kireç önleme",A+,Inox,24,3.8,6198,Stokta var,Evet
EV-00745,İçecek Hazırlama,Filtre Kahve Makinesi,Arzum,Arzum Filtre Kahve Makinesi ARZ-FIL-0745,950,Teknosa,Giriş,Pratik Kullanım,"929 W, otomatik kapanma",A+++,Gri,24,4.8,11155,Stokta var,Evet
EV-00746,Isıtma & Soğutma,Vantilatör,Kiwi,Kiwi Vantilatör KIW-VAN-0746,1850,Teknosa,Üst,Pratik Kullanım,"824 W, günlük kullanıma uygun, kompakt tasarım",B,Mor,36,4.5,3120,Stokta var,Evet
EV-00747,Mutfak,Blender,Tefal,Tefal Blender TEF-BLE-0747,1950,Teknosa,Üst,Pratik Kullanım,"1047 W, cam hazne",A,Inox,36,4.0,6603,Az stok,Evet
EV-00748,İçecek Hazırlama,Kapsüllü Kahve Makinesi,Krups,Krups Kapsüllü Kahve Makinesi KRU-KAP-0748,11600,Hepsiburada,Giriş,Ev Kullanımı,"2026 W, ısı ayarı",A+++,Gri,24,4.9,6750,Stokta var,Evet
EV-00749,Akıllı Ev Sistemleri,Akıllı Kapı Zili,Ring,Ring Akıllı Kapı Zili RIN-AKI-0749,9250,Amazon Türkiye,Premium,Günlük Kullanım,"Wi-Fi/Bluetooth, mobil uygulama, Alexa uyumlu",A++,Lacivert,36,4.9,11380,Stokta var,Evet
EV-00750,Mutfak,Dondurma Makinesi,Ninja,Ninja Dondurma Makinesi NIN-DON-0750,18050,MediaMarkt,Fiyat/Performans,Pratik Kullanım,"876 W, günlük kullanıma uygun, kompakt tasarım",B,Siyah,24,4.3,10510,Stokta var,Evet
EV-00751,Akıllı Ev Sistemleri,Akıllı Termostat,Netatmo,Netatmo Akıllı Termostat NET-AKI-0751,10400,Amazon Türkiye,Orta,Pratik Kullanım,"Wi-Fi/Bluetooth, mobil uygulama, Google Assistant uyumlu",A+++,Gri,24,4.3,4005,Hızlı teslimat,Evet
EV-00752,Mutfak,Airfryer,Xiaomi,Xiaomi Airfryer XIA-AIR-0752,5650,Trendyol,Premium,Pratik Yemek,"9 L hazne, 2098 W, sıcak hava teknolojisi",A+,Gri,24,4.6,3915,Kampanyalı,Evet
EV-00753,Evcil Hayvan Ürünleri,Otomatik Mama Kabı,Xiaomi,Xiaomi Otomatik Mama Kabı XIA-OTO-0753,14500,Amazon Türkiye,Premium,Günlük Kullanım,"869 W, günlük kullanıma uygun, kompakt tasarım",Belirtilmemiş,Lacivert,24,4.8,12312,Az stok,Evet
EV-00754,Süpürgeler,Koltuk Yıkama Makinesi,Kiwi,Kiwi Koltuk Yıkama Makinesi KIW-KOL-0754,4850,n11,Orta,Günlük Kullanım,"1645 W, günlük kullanıma uygun, kompakt tasarım",Belirtilmemiş,Mor,12,4.6,11803,Kampanyalı,Evet
EV-00755,Süpürgeler,Toz Torbasız Süpürge,Beko,Beko Toz Torbasız Süpürge BEK-TOZ-0755,17600,Hepsiburada,Giriş,Günlük Kullanım,"713 W motor, Yıkanabilir filtre, Kablosuz",A++,Gri,24,4.8,1161,Az stok,Evet
EV-00756,Akıllı Ev Sistemleri,Akıllı Kamera,Reolink,Reolink Akıllı Kamera REO-AKI-0756,11200,Trendyol,Orta,Akıllı Ev,"Wi-Fi/Bluetooth, mobil uygulama, Alexa uyumlu",A++,Inox,24,4.4,6998,Hızlı teslimat,Evet
EV-00757,Süpürgeler,Toz Torbasız Süpürge,Fakir,Fakir Toz Torbasız Süpürge FAK-TOZ-0757,7850,Teknosa,Üst,Günlük Kullanım,"1613 W motor, Siklon filtre, Kablosuz",A+,Mor,36,4.5,10428,Az stok,Evet
EV-00758,Hava Nemlendirici & Temizleyiciler,Hava Temizleyici,Levoit,Levoit Hava Temizleyici LEV-HAV-0758,24100,Vatan Bilgisayar,Fiyat/Performans,Alerji,"Aktif karbon filtre, 21 m² etki alanı",Belirtilmemiş,Mor,36,4.7,12472,Stokta var,Evet
EV-00759,Mutfak,Meyve Sıkacağı,Karaca,Karaca Meyve Sıkacağı KAR-MEY-0759,7750,Vatan Bilgisayar,Orta,Ev Kullanımı,"1349 W, çelik bıçak",A,Krem,36,4.7,4230,Hızlı teslimat,Evet
EV-00760,İçecek Hazırlama,Kapsüllü Kahve Makinesi,Krups,Krups Kapsüllü Kahve Makinesi KRU-KAP-0760,5650,Trendyol,Premium,Günlük Kullanım,"826 W, çelik gövde",C,Lacivert,36,4.0,3121,Hızlı teslimat,Evet
EV-00761,Isıtma & Soğutma,Vantilatör,Vantil,Vantil Vantilatör VAN-VAN-0761,5250,MediaMarkt,Premium,Günlük Kullanım,"1237 W, günlük kullanıma uygun, kompakt tasarım",A+++,Beyaz,36,4.2,9653,Az stok,Evet
EV-00762,Süpürgeler,Halı Yıkama Makinesi,Bissell,Bissell Halı Yıkama Makinesi BIS-HAL-0762,29000,n11,Üst,Ev Kullanımı,"1443 W, günlük kullanıma uygun, kompakt tasarım",C,Turuncu,24,4.9,11848,Stokta var,Evet
EV-00763,Evcil Hayvan Ürünleri,Otomatik Mama Kabı,Trixie,Trixie Otomatik Mama Kabı TRI-OTO-0763,12050,Trendyol,Orta,Pratik Kullanım,"1847 W, günlük kullanıma uygun, kompakt tasarım",C,Siyah,24,4.4,5936,Kampanyalı,Evet
EV-00764,Akıllı Ev Sistemleri,Akıllı Kapı Zili,Tapo,Tapo Akıllı Kapı Zili TAP-AKI-0764,9900,Teknosa,Orta,Pratik Kullanım,"Wi-Fi/Bluetooth, mobil uygulama, Google Assistant uyumlu",A+++,Beyaz,24,4.1,9490,Hızlı teslimat,Evet
EV-00765,Isıtma & Soğutma,Klima,Mitsubishi,Mitsubishi Klima MIT-KLI-0765,68050,MediaMarkt,Orta,Isıtma,"18000 BTU, inverter, Wi-Fi yok",B,Krem,36,4.0,7008,Stokta var,Evet
EV-00766,İçecek Hazırlama,Su Isıtıcı & Kettle,Tefal,Tefal Su Isıtıcı & Kettle TEF-SU -0766,4050,n11,Üst,Günlük Kullanım,"1615 W, çelik gövde",A+,Siyah,24,4.0,12282,Hızlı teslimat,Evet
EV-00767,İçecek Hazırlama,Kahve Makinesi,Philips,Philips Kahve Makinesi PHI-KAH-0767,1750,Vatan Bilgisayar,Premium,Pratik Kullanım,"1682 W, otomatik kapanma",A++,Lacivert,24,4.3,4739,Az stok,Evet
EV-00768,Süpürgeler,Halı Yıkama Makinesi,Bissell,Bissell Halı Yıkama Makinesi BIS-HAL-0768,9150,Hepsiburada,Fiyat/Performans,Günlük Kullanım,"811 W, günlük kullanıma uygun, kompakt tasarım",A+++,Gri,24,4.3,3497,Kampanyalı,Evet
EV-00769,Isıtma & Soğutma,Vantilatör,Vantil,Vantil Vantilatör VAN-VAN-0769,8500,Hepsiburada,Fiyat/Performans,Günlük Kullanım,"1000 W, günlük kullanıma uygun, kompakt tasarım",A+++,Mor,24,4.8,2736,Kampanyalı,Evet
EV-00770,İçecek Hazırlama,Kapsüllü Kahve Makinesi,Krups,Krups Kapsüllü Kahve Makinesi KRU-KAP-0770,2950,Trendyol,Fiyat/Performans,Günlük Kullanım,"819 W, otomatik kapanma",A+,Siyah,12,4.4,11038,Stokta var,Evet
EV-00771,İçecek Hazırlama,Su Isıtıcı & Kettle,Arzum,Arzum Su Isıtıcı & Kettle ARZ-SU -0771,3700,MediaMarkt,Giriş,Ev Kullanımı,"1795 W, ısı ayarı",Belirtilmemiş,Lacivert,12,4.5,12489,Hızlı teslimat,Evet
EV-00772,Mutfak,Dondurma Makinesi,Arzum,Arzum Dondurma Makinesi ARZ-DON-0772,19950,Teknosa,Üst,Pratik Kullanım,"1216 W, günlük kullanıma uygun, kompakt tasarım",A,Siyah,24,4.8,5933,Kampanyalı,Evet
EV-00773,İçecek Hazırlama,Su Isıtıcı & Kettle,Philips,Philips Su Isıtıcı & Kettle PHI-SU -0773,3300,Amazon Türkiye,Premium,Günlük Kullanım,"2032 W, otomatik kapanma",Belirtilmemiş,Krem,24,4.8,2290,Kampanyalı,Evet
EV-00774,Isıtma & Soğutma,Şofben & Termosifon,Demirdöküm,Demirdöküm Şofben & Termosifon DEM-ŞOF-0774,20050,Vatan Bilgisayar,Premium,Günlük Kullanım,"1706 W, günlük kullanıma uygun, kompakt tasarım",Belirtilmemiş,Lacivert,24,4.3,3094,Kampanyalı,Evet
EV-00775,İçecek Hazırlama,Türk Kahve Makinesi,Korkmaz,Korkmaz Türk Kahve Makinesi KOR-TÜR-0775,5400,Amazon Türkiye,Üst,Ev Kullanımı,"1619 W, çelik gövde",B,Beyaz,24,4.3,9956,Hızlı teslimat,Evet
EV-00776,Hava Nemlendirici & Temizleyiciler,Hava Temizleyici,Vestel,Vestel Hava Temizleyici VES-HAV-0776,7600,Teknosa,Premium,Alerji,"UV-C filtre, 76 m² etki alanı",B,Siyah,24,4.5,11679,Hızlı teslimat,Evet
EV-00777,İçecek Hazırlama,Çay Makinesi,Karaca,Karaca Çay Makinesi KAR-ÇAY-0777,5000,n11,Fiyat/Performans,Günlük Kullanım,"1787 W, çelik gövde",B,Inox,24,4.4,7326,Az stok,Evet
EV-00778,Süpürgeler,Toz Torbalı Süpürge,Electrolux,Electrolux Toz Torbalı Süpürge ELE-TOZ-0778,3950,MediaMarkt,Giriş,Günlük Kullanım,"1837 W motor, Siklon filtre, Kablolu",A++,Krem,36,5.0,493,Stokta var,Evet
EV-00779,Evcil Hayvan Ürünleri,Akıllı Su Pınarı,Petkit,Petkit Akıllı Su Pınarı PET-AKI-0779,7600,Hepsiburada,Premium,Günlük Kullanım,"Wi-Fi/Bluetooth, mobil uygulama, Siri Shortcuts uyumlu",Belirtilmemiş,Beyaz,24,4.8,5467,Hızlı teslimat,Evet
EV-00780,Ütüler,Buharlı Dikey Ütü,Xiaomi,Xiaomi Buharlı Dikey Ütü XIA-BUH-0780,12350,Trendyol,Orta,Günlük Kullanım,"2314 W, 57 g/dk buhar, kireç önleme",A+,Inox,24,4.1,4782,Kampanyalı,Evet
EV-00781,Süpürgeler,Dikey Süpürge,Bosch,Bosch Dikey Süpürge BOS-DIK-0781,18500,Vatan Bilgisayar,Premium,Hızlı Temizlik,"2916 W motor, Yıkanabilir filtre, Kablosuz",Belirtilmemiş,Mor,36,4.7,5107,Kampanyalı,Evet
EV-00782,Ütüler,Buhar Kazanlı Ütü,Tefal,Tefal Buhar Kazanlı Ütü TEF-BUH-0782,16300,Vatan Bilgisayar,Fiyat/Performans,Günlük Kullanım,"2751 W, 152 g/dk buhar, kireç önleme",A+,Gri,24,4.1,6491,Az stok,Evet
EV-00783,Hava Nemlendirici & Temizleyiciler,Hava Nemlendirici,Levoit,Levoit Hava Nemlendirici LEV-HAV-0783,6600,Vatan Bilgisayar,Orta,Pratik Kullanım,"UV-C filtre, 22 m² etki alanı",B,Lacivert,24,4.1,12254,Stokta var,Evet
EV-00784,Mutfak,Tost Makinesi,Schafer,Schafer Tost Makinesi SCH-TOS-0784,8000,Amazon Türkiye,Premium,Ev Kullanımı,"1842 W, günlük kullanıma uygun, kompakt tasarım",A,Siyah,24,4.8,8125,Az stok,Evet
EV-00785,Süpürgeler,Koltuk Yıkama Makinesi,Bissell,Bissell Koltuk Yıkama Makinesi BIS-KOL-0785,21400,n11,Giriş,Pratik Kullanım,"1202 W, günlük kullanıma uygun, kompakt tasarım",A+,Gri,24,4.7,8002,Hızlı teslimat,Evet
EV-00786,Mutfak,Dondurma Makinesi,Cuisinart,Cuisinart Dondurma Makinesi CUI-DON-0786,19850,Teknosa,Premium,Günlük Kullanım,"1481 W, günlük kullanıma uygun, kompakt tasarım",C,Krem,24,4.7,6422,Az stok,Evet
EV-00787,Evcil Hayvan Ürünleri,Akıllı Kedi Tuvaleti,Pawbby,Pawbby Akıllı Kedi Tuvaleti PAW-AKI-0787,30150,Trendyol,Giriş,Günlük Kullanım,"Wi-Fi/Bluetooth, mobil uygulama, Siri Shortcuts uyumlu",A+,Turuncu,24,4.2,9524,Az stok,Evet
EV-00788,Isıtma & Soğutma,Şofben & Termosifon,Ariston,Ariston Şofben & Termosifon ARI-ŞOF-0788,14850,Trendyol,Üst,Günlük Kullanım,"1905 W, günlük kullanıma uygun, kompakt tasarım",C,Siyah,24,4.1,12276,Stokta var,Evet
EV-00789,Evcil Hayvan Ürünleri,Kedi Köpek Tıraş Makinesi,Kiwi,Kiwi Kedi Köpek Tıraş Makinesi KIW-KED-0789,5300,Amazon Türkiye,Premium,Günlük Kullanım,"1128 W, günlük kullanıma uygun, kompakt tasarım",A,Gri,24,4.8,937,Stokta var,Evet
EV-00790,Hava Nemlendirici & Temizleyiciler,Hava Temizleyici & Nemlendirici,Xiaomi,Xiaomi Hava Temizleyici & Nemlendirici XIA-HAV-0790,34850,Trendyol,Premium,Günlük Kullanım,"HEPA H13 filtre, 27 m² etki alanı",A++,Mor,36,4.6,6634,Kampanyalı,Evet
EV-00791,Evcil Hayvan Ürünleri,Akıllı Kedi Tuvaleti,Pawbby,Pawbby Akıllı Kedi Tuvaleti PAW-AKI-0791,58850,Amazon Türkiye,Orta,Pratik Kullanım,"Wi-Fi/Bluetooth, mobil uygulama, Siri Shortcuts uyumlu",A+++,Turuncu,36,4.7,11349,Kampanyalı,Evet
EV-00792,Akıllı Ev Sistemleri,Akıllı Sensör,Sonoff,Sonoff Akıllı Sensör SON-AKI-0792,2650,Hepsiburada,Giriş,Ev Kullanımı,"Wi-Fi/Bluetooth, mobil uygulama, Siri Shortcuts uyumlu",C,Inox,24,3.9,2014,Hızlı teslimat,Evet
EV-00793,Mutfak,Tost Makinesi,Schafer,Schafer Tost Makinesi SCH-TOS-0793,1900,Trendyol,Fiyat/Performans,Pratik Kullanım,"1288 W, günlük kullanıma uygun, kompakt tasarım",A+,Gri,24,4.3,10576,Kampanyalı,Evet
EV-00794,İçecek Hazırlama,Kapsüllü Kahve Makinesi,Bosch,Bosch Kapsüllü Kahve Makinesi BOS-KAP-0794,6900,n11,Premium,Pratik Kullanım,"1898 W, çelik gövde",A,Beyaz,12,4.6,6466,Stokta var,Evet
EV-00795,Süpürgeler,Koltuk Yıkama Makinesi,Karcher,Karcher Koltuk Yıkama Makinesi KAR-KOL-0795,8100,Amazon Türkiye,Fiyat/Performans,Ev Kullanımı,"2039 W, günlük kullanıma uygun, kompakt tasarım",A+,Beyaz,24,4.0,9103,Az stok,Evet
EV-00796,Akıllı Ev Sistemleri,Akıllı Priz,Xiaomi,Xiaomi Akıllı Priz XIA-AKI-0796,1300,Vatan Bilgisayar,Giriş,Günlük Kullanım,"Wi-Fi/Bluetooth, mobil uygulama, Google Assistant uyumlu",A+++,Krem,24,4.1,12353,Az stok,Evet
EV-00797,Isıtma & Soğutma,Kombi,Ariston,Ariston Kombi ARI-KOM-0797,17000,Teknosa,Orta,Sıcak Su,"34 kW, yoğuşmalı, dijital ekran",A++,Turuncu,24,3.9,8525,Kampanyalı,Evet
EV-00798,Akıllı Ev Sistemleri,Akıllı Kapı Zili,Imou,Imou Akıllı Kapı Zili IMO-AKI-0798,7700,Amazon Türkiye,Orta,Günlük Kullanım,"Wi-Fi/Bluetooth, mobil uygulama, Google Assistant uyumlu",A++,Gri,24,3.9,747,Az stok,Evet
EV-00799,Süpürgeler,Dikey Süpürge,Fakir,Fakir Dikey Süpürge FAK-DIK-0799,30750,Vatan Bilgisayar,Orta,Ev Temizliği,"804 W motor, Yıkanabilir filtre, Kablolu",A+,Mor,24,4.2,2120,Hızlı teslimat,Evet
EV-00800,Isıtma & Soğutma,Isıtıcı,Ufo,Ufo Isıtıcı UFO-ISI-0800,3850,Amazon Türkiye,Premium,Günlük Kullanım,"1689 W, günlük kullanıma uygun, kompakt tasarım",C,Krem,24,4.0,3353,Kampanyalı,Evet
EV-00801,Akıllı Ev Sistemleri,Akıllı Priz,Sonoff,Sonoff Akıllı Priz SON-AKI-0801,1300,n11,Premium,Ev Kullanımı,"Wi-Fi/Bluetooth, mobil uygulama, Google Assistant uyumlu",B,Inox,24,4.0,7119,Kampanyalı,Evet
EV-00802,Süpürgeler,Robot Süpürge,Anker,Anker Robot Süpürge ANK-ROB-0802,11100,MediaMarkt,Fiyat/Performans,Ev Temizliği,"Kamera navigasyon, 5232 Pa emiş, 159 dk çalışma",A++,Inox,24,3.9,10503,Stokta var,Evet
EV-00803,İçecek Hazırlama,Su Isıtıcı & Kettle,Fakir,Fakir Su Isıtıcı & Kettle FAK-SU -0803,1800,Hepsiburada,Premium,Günlük Kullanım,"1878 W, çelik gövde",A+,Turuncu,24,4.7,2038,Kampanyalı,Evet
EV-00804,Evcil Hayvan Ürünleri,Akıllı Kedi Tuvaleti,Pawbby,Pawbby Akıllı Kedi Tuvaleti PAW-AKI-0804,54300,Vatan Bilgisayar,Üst,Günlük Kullanım,"Wi-Fi/Bluetooth, mobil uygulama, Google Assistant uyumlu",A+,Mor,24,4.1,1638,Kampanyalı,Evet
EV-00805,Evcil Hayvan Ürünleri,Kedi Köpek Tıraş Makinesi,Pawise,Pawise Kedi Köpek Tıraş Makinesi PAW-KED-0805,5650,Vatan Bilgisayar,Premium,Pratik Kullanım,"1451 W, günlük kullanıma uygun, kompakt tasarım",C,Gri,24,4.0,170,Az stok,Evet
EV-00806,Ütüler,Buharlı Dikey Ütü,Xiaomi,Xiaomi Buharlı Dikey Ütü XIA-BUH-0806,8000,Amazon Türkiye,Giriş,Pratik Kullanım,"2996 W, 98 g/dk buhar, kireç önleme",C,Mor,36,4.6,6079,Az stok,Evet
EV-00807,Isıtma & Soğutma,Şofben & Termosifon,Vestel,Vestel Şofben & Termosifon VES-ŞOF-0807,22900,Vatan Bilgisayar,Premium,Pratik Kullanım,"1871 W, günlük kullanıma uygun, kompakt tasarım",Belirtilmemiş,Inox,24,4.1,7023,Stokta var,Evet
EV-00808,Mutfak,Meyve Sıkacağı,Fakir,Fakir Meyve Sıkacağı FAK-MEY-0808,10750,n11,Üst,Günlük Kullanım,"891 W, cam hazne",A++,Siyah,24,3.9,1317,Kampanyalı,Evet
EV-00809,Aydınlatma Ürünleri,LED Şerit,Yeelight,Yeelight LED Şerit YEE-LED-0809,300,Amazon Türkiye,Premium,Günlük Kullanım,"Sıcak beyaz, 20 W, dimmer destekli",B,Beyaz,36,4.4,11988,Stokta var,Evet
EV-00810,Akıllı Ev Sistemleri,Akıllı Termostat,Google Nest,Google Nest Akıllı Termostat GOO-AKI-0810,2650,Amazon Türkiye,Premium,Günlük Kullanım,"Wi-Fi/Bluetooth, mobil uygulama, Siri Shortcuts uyumlu",C,Siyah,12,4.4,5668,Hızlı teslimat,Evet
EV-00811,Süpürgeler,Toz Torbalı Süpürge,Electrolux,Electrolux Toz Torbalı Süpürge ELE-TOZ-0811,15100,Trendyol,Orta,Pratik Kullanım,"1947 W motor, HEPA filtre, Kablolu",A,Mor,24,3.9,2199,Kampanyalı,Evet
EV-00812,Süpürgeler,Robot Süpürge,Dreame,Dreame Robot Süpürge DRE-ROB-0812,40250,n11,Orta,Akıllı Ev,"Kamera navigasyon, 6457 Pa emiş, 165 dk çalışma",A+,Inox,24,4.4,1946,Hızlı teslimat,Evet
EV-00813,Süpürgeler,Koltuk Yıkama Makinesi,Fakir,Fakir Koltuk Yıkama Makinesi FAK-KOL-0813,19950,n11,Fiyat/Performans,Pratik Kullanım,"2137 W, günlük kullanıma uygun, kompakt tasarım",A,Siyah,24,4.9,7601,Stokta var,Evet
EV-00814,Akıllı Ev Sistemleri,Akıllı Termostat,Tado,Tado Akıllı Termostat TAD-AKI-0814,10900,Teknosa,Üst,Pratik Kullanım,"Wi-Fi/Bluetooth, mobil uygulama, Google Assistant uyumlu",A,Lacivert,24,3.9,5744,Stokta var,Evet
EV-00815,Isıtma & Soğutma,Kombi,Baymak,Baymak Kombi BAY-KOM-0815,27100,Vatan Bilgisayar,Giriş,Sıcak Su,"23 kW, yoğuşmalı, dijital ekran",A,Siyah,24,4.4,2533,Kampanyalı,Evet
EV-00816,Mutfak,Blender,Fakir,Fakir Blender FAK-BLE-0816,5650,Teknosa,Üst,Pratik Kullanım,"951 W, cam hazne",A,Turuncu,24,4.2,2999,Az stok,Evet
EV-00817,Ütüler,Buharlı Ütü,Bosch,Bosch Buharlı Ütü BOS-BUH-0817,6250,Teknosa,Giriş,Günlük Kullanım,"2313 W, 83 g/dk buhar, kireç önleme",A+,Siyah,24,4.9,11634,Hızlı teslimat,Evet
EV-00818,Isıtma & Soğutma,Vantilatör,Rowenta,Rowenta Vantilatör ROW-VAN-0818,4700,Trendyol,Giriş,Pratik Kullanım,"944 W, günlük kullanıma uygun, kompakt tasarım",A+++,Mor,36,4.6,7867,Hızlı teslimat,Evet
EV-00819,Evcil Hayvan Ürünleri,Kedi Köpek Tıraş Makinesi,Kiwi,Kiwi Kedi Köpek Tıraş Makinesi KIW-KED-0819,4650,Vatan Bilgisayar,Premium,Ev Kullanımı,"669 W, günlük kullanıma uygun, kompakt tasarım",A+++,Beyaz,24,4.7,12170,Az stok,Evet
EV-00820,Süpürgeler,Islak Kuru Süpürge,Arzum,Arzum Islak Kuru Süpürge ARZ-ISL-0820,14800,n11,Giriş,Pratik Kullanım,"1901 W motor, Siklon filtre, Kablosuz",A,Turuncu,24,4.6,867,Kampanyalı,Evet
EV-00821,Hava Nemlendirici & Temizleyiciler,Hava Nemlendirici,Xiaomi,Xiaomi Hava Nemlendirici XIA-HAV-0821,10500,Trendyol,Premium,Pratik Kullanım,"HEPA H13 filtre, 35 m² etki alanı",A+,Beyaz,24,4.5,11963,Az stok,Evet
EV-00822,Evcil Hayvan Ürünleri,Akıllı Su Pınarı,Trixie,Trixie Akıllı Su Pınarı TRI-AKI-0822,3300,Amazon Türkiye,Premium,Pratik Kullanım,"Wi-Fi/Bluetooth, mobil uygulama, Siri Shortcuts uyumlu",B,Gri,24,4.7,1703,Az stok,Evet
EV-00823,Mutfak,Blender,Philips,Philips Blender PHI-BLE-0823,2250,Hepsiburada,Premium,Günlük Kullanım,"1273 W, cam hazne",B,Inox,24,4.1,3163,Stokta var,Evet
EV-00824,Ütüler,Buharlı Dikey Ütü,Fakir,Fakir Buharlı Dikey Ütü FAK-BUH-0824,14600,Amazon Türkiye,Üst,Günlük Kullanım,"2544 W, 144 g/dk buhar, kireç önleme",A,Siyah,12,4.6,3806,Hızlı teslimat,Evet
EV-00825,Evcil Hayvan Ürünleri,Otomatik Mama Kabı,Xiaomi,Xiaomi Otomatik Mama Kabı XIA-OTO-0825,8950,Teknosa,Giriş,Pratik Kullanım,"1256 W, günlük kullanıma uygun, kompakt tasarım",A++,Lacivert,24,4.2,5766,Az stok,Evet
EV-00826,İçecek Hazırlama,Türk Kahve Makinesi,Arçelik,Arçelik Türk Kahve Makinesi ARÇ-TÜR-0826,1000,Trendyol,Üst,Pratik Kullanım,"1006 W, ısı ayarı",A++,Krem,36,4.1,4605,Kampanyalı,Evet
EV-00827,Mutfak,Dondurma Makinesi,Arzum,Arzum Dondurma Makinesi ARZ-DON-0827,5350,Amazon Türkiye,Giriş,Günlük Kullanım,"1078 W, günlük kullanıma uygun, kompakt tasarım",A+,Lacivert,12,3.8,9055,Kampanyalı,Evet
EV-00828,Mutfak,Mikser,Karaca,Karaca Mikser KAR-MIK-0828,2250,Vatan Bilgisayar,Orta,Günlük Kullanım,"646 W, cam hazne",B,Inox,24,4.3,1757,Hızlı teslimat,Evet
EV-00829,İçecek Hazırlama,Su Isıtıcı & Kettle,Philips,Philips Su Isıtıcı & Kettle PHI-SU -0829,3850,Teknosa,Fiyat/Performans,Günlük Kullanım,"1892 W, çelik gövde",A++,Siyah,24,4.2,7784,Az stok,Evet
EV-00830,Isıtma & Soğutma,Vantilatör,Kiwi,Kiwi Vantilatör KIW-VAN-0830,3700,Teknosa,Fiyat/Performans,Pratik Kullanım,"1869 W, günlük kullanıma uygun, kompakt tasarım",A+++,Mor,24,4.9,7362,Hızlı teslimat,Evet
EV-00831,Isıtma & Soğutma,Vantilatör,Kiwi,Kiwi Vantilatör KIW-VAN-0831,6900,Trendyol,Giriş,Günlük Kullanım,"993 W, günlük kullanıma uygun, kompakt tasarım",A+++,Siyah,24,4.5,11429,Hızlı teslimat,Evet
EV-00832,Hava Nemlendirici & Temizleyiciler,Hava Nemlendirici,Levoit,Levoit Hava Nemlendirici LEV-HAV-0832,7600,Hepsiburada,Fiyat/Performans,Pratik Kullanım,"Aktif karbon filtre, 55 m² etki alanı",Belirtilmemiş,Mor,36,4.0,12314,Kampanyalı,Evet
EV-00833,Süpürgeler,Koltuk Yıkama Makinesi,Bissell,Bissell Koltuk Yıkama Makinesi BIS-KOL-0833,3550,Vatan Bilgisayar,Orta,Günlük Kullanım,"2200 W, günlük kullanıma uygun, kompakt tasarım",Belirtilmemiş,Turuncu,12,4.1,11430,Kampanyalı,Evet
EV-00834,Mutfak,Meyve Sıkacağı,Arzum,Arzum Meyve Sıkacağı ARZ-MEY-0834,4650,Vatan Bilgisayar,Üst,Günlük Kullanım,"1492 W, cam hazne",A+,Siyah,24,3.9,3683,Kampanyalı,Evet
EV-00835,Süpürgeler,Dikey Süpürge,Xiaomi,Xiaomi Dikey Süpürge XIA-DIK-0835,5100,n11,Orta,Hızlı Temizlik,"1923 W motor, Yıkanabilir filtre, Kablolu",A+,Beyaz,12,4.1,1918,Kampanyalı,Evet
EV-00836,Süpürgeler,Dikey Süpürge,Dreame,Dreame Dikey Süpürge DRE-DIK-0836,33800,Teknosa,Üst,Hızlı Temizlik,"1956 W motor, HEPA filtre, Kablolu",A++,Krem,24,5.0,10270,Stokta var,Evet
EV-00837,Evcil Hayvan Ürünleri,Akıllı Kedi Tuvaleti,Pura,Pura Akıllı Kedi Tuvaleti PUR-AKI-0837,58400,n11,Üst,Pratik Kullanım,"Wi-Fi/Bluetooth, mobil uygulama, Google Assistant uyumlu",Belirtilmemiş,Turuncu,24,4.6,9916,Kampanyalı,Evet
EV-00838,Mutfak,Tost Makinesi,Karaca,Karaca Tost Makinesi KAR-TOS-0838,5750,MediaMarkt,Orta,Ev Kullanımı,"1154 W, günlük kullanıma uygun, kompakt tasarım",A++,Turuncu,24,4.1,11914,Hızlı teslimat,Evet
EV-00839,Süpürgeler,Toz Torbasız Süpürge,Beko,Beko Toz Torbasız Süpürge BEK-TOZ-0839,6200,Trendyol,Orta,Günlük Kullanım,"1655 W motor, HEPA filtre, Kablolu",A++,Gri,36,4.5,11966,Az stok,Evet
EV-00840,İçecek Hazırlama,Kapsüllü Kahve Makinesi,Tchibo,Tchibo Kapsüllü Kahve Makinesi TCH-KAP-0840,4000,Trendyol,Premium,Ev Kullanımı,"1005 W, çelik gövde",B,Gri,24,4.3,10584,Stokta var,Evet
EV-00841,Ütüler,Buharlı Dikey Ütü,Fakir,Fakir Buharlı Dikey Ütü FAK-BUH-0841,1700,n11,Giriş,Günlük Kullanım,"2335 W, 98 g/dk buhar, kireç önleme",Belirtilmemiş,Beyaz,24,3.8,10574,Az stok,Evet
EV-00842,Akıllı Ev Sistemleri,Akıllı Sensör,Bosch,Bosch Akıllı Sensör BOS-AKI-0842,350,n11,Giriş,Ev Kullanımı,"Wi-Fi/Bluetooth, mobil uygulama, Siri Shortcuts uyumlu",A+++,Inox,24,3.9,12075,Hızlı teslimat,Evet
EV-00843,Akıllı Ev Sistemleri,Akıllı Priz,Meross,Meross Akıllı Priz MER-AKI-0843,1300,Teknosa,Üst,Günlük Kullanım,"Wi-Fi/Bluetooth, mobil uygulama, Siri Shortcuts uyumlu",C,Krem,12,4.4,4009,Stokta var,Evet
EV-00844,İçecek Hazırlama,Filtre Kahve Makinesi,Philips,Philips Filtre Kahve Makinesi PHI-FIL-0844,1450,Teknosa,Fiyat/Performans,Günlük Kullanım,"802 W, otomatik kapanma",A+++,Inox,36,3.9,6819,Hızlı teslimat,Evet
EV-00845,Süpürgeler,Islak Kuru Süpürge,Arzum,Arzum Islak Kuru Süpürge ARZ-ISL-0845,18750,Trendyol,Üst,Ev Kullanımı,"960 W motor, Siklon filtre, Kablosuz",A+++,Inox,24,4.9,11228,Kampanyalı,Evet
EV-00846,Ütüler,Buharlı Ütü,Philips,Philips Buharlı Ütü PHI-BUH-0846,4950,Teknosa,Giriş,Günlük Kullanım,"2819 W, 73 g/dk buhar, kireç önleme",A++,Mor,12,4.9,1404,Kampanyalı,Evet
EV-00847,Akıllı Ev Sistemleri,Akıllı Kapı Zili,Ezviz,Ezviz Akıllı Kapı Zili EZV-AKI-0847,9850,Trendyol,Premium,Ev Kullanımı,"Wi-Fi/Bluetooth, mobil uygulama, Siri Shortcuts uyumlu",Belirtilmemiş,Krem,24,4.9,11273,Stokta var,Evet
EV-00848,Mutfak,Tost Makinesi,Fakir,Fakir Tost Makinesi FAK-TOS-0848,5400,n11,Üst,Günlük Kullanım,"2164 W, günlük kullanıma uygun, kompakt tasarım",A++,Gri,24,4.9,1266,Az stok,Evet
EV-00849,Ütüler,Buharlı Dikey Ütü,Fakir,Fakir Buharlı Dikey Ütü FAK-BUH-0849,13400,Hepsiburada,Giriş,Ev Kullanımı,"2348 W, 58 g/dk buhar, kireç önleme",A+,Gri,24,4.5,11921,Hızlı teslimat,Evet
EV-00850,Ütüler,Buharlı Ütü,Arzum,Arzum Buharlı Ütü ARZ-BUH-0850,7000,MediaMarkt,Premium,Pratik Kullanım,"3012 W, 120 g/dk buhar, kireç önleme",A++,Inox,36,4.6,6797,Hızlı teslimat,Evet
EV-00851,Aydınlatma Ürünleri,LED Şerit,Yeelight,Yeelight LED Şerit YEE-LED-0851,3650,MediaMarkt,Fiyat/Performans,Ev Kullanımı,"RGB, 23 W, dimmer destekli",C,Mor,12,4.4,3785,Az stok,Evet
EV-00852,Evcil Hayvan Ürünleri,Akıllı Kedi Tuvaleti,Petkit,Petkit Akıllı Kedi Tuvaleti PET-AKI-0852,22000,Hepsiburada,Üst,Ev Kullanımı,"Wi-Fi/Bluetooth, mobil uygulama, Siri Shortcuts uyumlu",A,Gri,24,4.0,296,Stokta var,Evet
EV-00853,Ütüler,Buharlı Ütü,Arzum,Arzum Buharlı Ütü ARZ-BUH-0853,2450,MediaMarkt,Üst,Ev Kullanımı,"2448 W, 88 g/dk buhar, kireç önleme",Belirtilmemiş,Inox,24,4.0,9050,Az stok,Evet
EV-00854,Süpürgeler,Robot Süpürge,Viomi,Viomi Robot Süpürge VIO-ROB-0854,41500,MediaMarkt,Orta,Akıllı Ev,"Kamera navigasyon, 2943 Pa emiş, 117 dk çalışma",C,Beyaz,36,4.7,11420,Az stok,Evet
EV-00855,İçecek Hazırlama,Filtre Kahve Makinesi,Tefal,Tefal Filtre Kahve Makinesi TEF-FIL-0855,3100,Hepsiburada,Orta,Pratik Kullanım,"1652 W, otomatik kapanma",Belirtilmemiş,Gri,36,4.1,219,Az stok,Evet
EV-00856,Aydınlatma Ürünleri,Masa & Gece Lambası,Ttec,Ttec Masa & Gece Lambası TTE-MAS-0856,2200,MediaMarkt,Premium,Pratik Kullanım,"Ayarlanabilir beyaz, 5 W, dimmer destekli",A+,Beyaz,24,4.7,7289,Stokta var,Evet
EV-00857,Evcil Hayvan Ürünleri,Otomatik Mama Kabı,Xiaomi,Xiaomi Otomatik Mama Kabı XIA-OTO-0857,16650,Vatan Bilgisayar,Orta,Ev Kullanımı,"1792 W, günlük kullanıma uygun, kompakt tasarım",A,Krem,12,4.0,6509,Kampanyalı,Evet
EV-00858,Mutfak,Blender,Fakir,Fakir Blender FAK-BLE-0858,2600,Hepsiburada,Üst,Pratik Kullanım,"833 W, çelik bıçak",B,Siyah,24,4.4,2065,Hızlı teslimat,Evet
EV-00859,Süpürgeler,Toz Torbasız Süpürge,Rowenta,Rowenta Toz Torbasız Süpürge ROW-TOZ-0859,15800,n11,Fiyat/Performans,Ev Kullanımı,"2455 W motor, Siklon filtre, Kablolu",Belirtilmemiş,Mor,24,3.9,11359,Stokta var,Evet
EV-00860,Ütüler,Buhar Kazanlı Ütü,Bosch,Bosch Buhar Kazanlı Ütü BOS-BUH-0860,7950,Hepsiburada,Üst,Pratik Kullanım,"2997 W, 120 g/dk buhar, kireç önleme",A+++,Inox,24,3.9,5957,Az stok,Evet
EV-00861,Aydınlatma Ürünleri,Akıllı Ampul,Philips Hue,Philips Hue Akıllı Ampul PHI-AKI-0861,650,Vatan Bilgisayar,Orta,Günlük Kullanım,"Wi-Fi/Bluetooth, mobil uygulama, Siri Shortcuts uyumlu",A++,Siyah,24,3.8,5079,Kampanyalı,Evet
EV-00862,İçecek Hazırlama,Çay Makinesi,Fakir,Fakir Çay Makinesi FAK-ÇAY-0862,4300,Vatan Bilgisayar,Giriş,Günlük Kullanım,"898 W, ısı ayarı",A+++,Krem,24,5.0,7941,Kampanyalı,Evet
EV-00863,Mutfak,Airfryer,Karaca,Karaca Airfryer KAR-AIR-0863,14600,Teknosa,Orta,Pratik Yemek,"5 L hazne, 1919 W, sıcak hava teknolojisi",C,Beyaz,24,4.7,11904,Hızlı teslimat,Evet
EV-00864,Hava Nemlendirici & Temizleyiciler,Hava Temizleyici & Nemlendirici,Dyson,Dyson Hava Temizleyici & Nemlendirici DYS-HAV-0864,30200,Hepsiburada,Orta,Ev Kullanımı,"UV-C filtre, 75 m² etki alanı",Belirtilmemiş,Siyah,24,4.5,6275,Az stok,Evet
EV-00865,Süpürgeler,Islak Kuru Süpürge,Bissell,Bissell Islak Kuru Süpürge BIS-ISL-0865,13850,Amazon Türkiye,Giriş,Günlük Kullanım,"1383 W motor, Yıkanabilir filtre, Kablosuz",Belirtilmemiş,Gri,12,3.9,11786,Kampanyalı,Evet
EV-00866,Isıtma & Soğutma,Şofben & Termosifon,Beko,Beko Şofben & Termosifon BEK-ŞOF-0866,11150,Teknosa,Üst,Günlük Kullanım,"1859 W, günlük kullanıma uygun, kompakt tasarım",Belirtilmemiş,Mor,24,4.5,7074,Az stok,Evet
EV-00867,Akıllı Ev Sistemleri,Akıllı Termostat,Cosa,Cosa Akıllı Termostat COS-AKI-0867,4400,Vatan Bilgisayar,Orta,Günlük Kullanım,"Wi-Fi/Bluetooth, mobil uygulama, Google Assistant uyumlu",A++,Krem,12,4.6,8166,Stokta var,Evet
EV-00868,Hava Nemlendirici & Temizleyiciler,Hava Nemlendirici,Xiaomi,Xiaomi Hava Nemlendirici XIA-HAV-0868,6600,Trendyol,Üst,Günlük Kullanım,"Aktif karbon filtre, 56 m² etki alanı",A+,Lacivert,24,4.9,2660,Stokta var,Evet
EV-00869,Süpürgeler,Toz Torbasız Süpürge,Rowenta,Rowenta Toz Torbasız Süpürge ROW-TOZ-0869,13250,MediaMarkt,Üst,Pratik Kullanım,"1075 W motor, HEPA filtre, Kablolu",A+++,Lacivert,24,5.0,7257,Hızlı teslimat,Evet
EV-00870,Isıtma & Soğutma,Vantilatör,Kiwi,Kiwi Vantilatör KIW-VAN-0870,2150,Teknosa,Premium,Ev Kullanımı,"1165 W, günlük kullanıma uygun, kompakt tasarım",A+++,Mor,12,4.4,10248,Hızlı teslimat,Evet
EV-00871,Mutfak,Doğrayıcı & Rondo,Bosch,Bosch Doğrayıcı & Rondo BOS-DOĞ-0871,750,Amazon Türkiye,Fiyat/Performans,Pratik Kullanım,"1548 W, cam hazne",A++,Beyaz,24,3.9,4026,Hızlı teslimat,Evet
EV-00872,Süpürgeler,Toz Torbalı Süpürge,Fakir,Fakir Toz Torbalı Süpürge FAK-TOZ-0872,11900,Trendyol,Giriş,Pratik Kullanım,"882 W motor, Siklon filtre, Kablolu",A,Turuncu,24,4.3,7588,Stokta var,Evet
EV-00873,Süpürgeler,Toz Torbasız Süpürge,Rowenta,Rowenta Toz Torbasız Süpürge ROW-TOZ-0873,4250,n11,Premium,Ev Kullanımı,"764 W motor, Siklon filtre, Kablolu",B,Turuncu,24,4.3,6593,Hızlı teslimat,Evet
EV-00874,Süpürgeler,Robot Süpürge,Dreame,Dreame Robot Süpürge DRE-ROB-0874,28750,Vatan Bilgisayar,Giriş,Ev Temizliği,"Gyro navigasyon, 4248 Pa emiş, 171 dk çalışma",B,Siyah,12,4.0,7714,Hızlı teslimat,Evet
EV-00875,İçecek Hazırlama,Espresso Kahve Makinesi,Siemens,Siemens Espresso Kahve Makinesi SIE-ESP-0875,42900,MediaMarkt,Premium,Günlük Kullanım,"2200 W, ısı ayarı",A+,Krem,24,4.1,3480,Stokta var,Evet
EV-00876,Süpürgeler,Islak Kuru Süpürge,Karcher,Karcher Islak Kuru Süpürge KAR-ISL-0876,9000,Hepsiburada,Premium,Ev Kullanımı,"2219 W motor, Yıkanabilir filtre, Kablosuz",C,Krem,24,4.2,11683,Stokta var,Evet
EV-00877,İçecek Hazırlama,Çay Makinesi,Arzum,Arzum Çay Makinesi ARZ-ÇAY-0877,2850,Trendyol,Üst,Ev Kullanımı,"1773 W, çelik gövde",C,Gri,36,4.0,6881,Kampanyalı,Evet
EV-00878,Evcil Hayvan Ürünleri,Akıllı Kedi Tuvaleti,Pawbby,Pawbby Akıllı Kedi Tuvaleti PAW-AKI-0878,29900,Vatan Bilgisayar,Giriş,Günlük Kullanım,"Wi-Fi/Bluetooth, mobil uygulama, Google Assistant uyumlu",C,Gri,24,4.7,9798,Kampanyalı,Evet
EV-00879,İçecek Hazırlama,Kahve Makinesi,Arçelik,Arçelik Kahve Makinesi ARÇ-KAH-0879,6750,MediaMarkt,Orta,Pratik Kullanım,"1632 W, ısı ayarı",B,Siyah,36,4.8,1876,Az stok,Evet
EV-00880,Akıllı Ev Sistemleri,Akıllı Sensör,Sonoff,Sonoff Akıllı Sensör SON-AKI-0880,4350,Hepsiburada,Fiyat/Performans,Günlük Kullanım,"Wi-Fi/Bluetooth, mobil uygulama, Alexa uyumlu",C,Gri,12,3.8,12232,Hızlı teslimat,Evet
EV-00881,Süpürgeler,Koltuk Yıkama Makinesi,Fakir,Fakir Koltuk Yıkama Makinesi FAK-KOL-0881,8850,Amazon Türkiye,Orta,Ev Kullanımı,"2066 W, günlük kullanıma uygun, kompakt tasarım",A+,Siyah,24,4.5,250,Kampanyalı,Evet
EV-00882,Hava Nemlendirici & Temizleyiciler,Hava Temizleyici & Nemlendirici,Dyson,Dyson Hava Temizleyici & Nemlendirici DYS-HAV-0882,40300,Amazon Türkiye,Premium,Ev Kullanımı,"Aktif karbon filtre, 42 m² etki alanı",Belirtilmemiş,Mor,12,5.0,6798,Kampanyalı,Evet
EV-00883,Süpürgeler,Robot Süpürge,Xiaomi,Xiaomi Robot Süpürge XIA-ROB-0883,28950,Teknosa,Premium,Ev Temizliği,"Gyro navigasyon, 6070 Pa emiş, 187 dk çalışma",A+,Mor,24,4.0,9761,Stokta var,Evet
EV-00884,İçecek Hazırlama,Çay Makinesi,Schafer,Schafer Çay Makinesi SCH-ÇAY-0884,1350,Amazon Türkiye,Giriş,Günlük Kullanım,"1816 W, çelik gövde",Belirtilmemiş,Beyaz,36,3.8,6753,Stokta var,Evet
EV-00885,Evcil Hayvan Ürünleri,Akıllı Su Pınarı,Pawise,Pawise Akıllı Su Pınarı PAW-AKI-0885,6150,Trendyol,Orta,Ev Kullanımı,"Wi-Fi/Bluetooth, mobil uygulama, Google Assistant uyumlu",A++,Turuncu,24,4.7,9052,Kampanyalı,Evet
EV-00886,Isıtma & Soğutma,Isıtıcı,Arzum,Arzum Isıtıcı ARZ-ISI-0886,8850,Hepsiburada,Premium,Pratik Kullanım,"980 W, günlük kullanıma uygun, kompakt tasarım",A+,Krem,24,4.9,3683,Hızlı teslimat,Evet
EV-00887,Evcil Hayvan Ürünleri,Kedi Köpek Tıraş Makinesi,Kiwi,Kiwi Kedi Köpek Tıraş Makinesi KIW-KED-0887,550,Hepsiburada,Premium,Ev Kullanımı,"2121 W, günlük kullanıma uygun, kompakt tasarım",Belirtilmemiş,Lacivert,24,3.8,2527,Az stok,Evet
EV-00888,Akıllı Ev Sistemleri,Akıllı Priz,Meross,Meross Akıllı Priz MER-AKI-0888,1800,MediaMarkt,Fiyat/Performans,Ev Kullanımı,"Wi-Fi/Bluetooth, mobil uygulama, Google Assistant uyumlu",Belirtilmemiş,Mor,24,4.0,10573,Hızlı teslimat,Evet
EV-00889,Süpürgeler,Toz Torbasız Süpürge,Beko,Beko Toz Torbasız Süpürge BEK-TOZ-0889,9600,Trendyol,Fiyat/Performans,Pratik Kullanım,"1017 W motor, Yıkanabilir filtre, Kablosuz",C,Mor,24,4.3,1646,Az stok,Evet
EV-00890,Mutfak,Su Arıtma,Beko,Beko Su Arıtma BEK-SU -0890,3850,Hepsiburada,Giriş,Pratik Kullanım,"713 W, günlük kullanıma uygun, kompakt tasarım",A+++,Beyaz,12,4.3,10318,Hızlı teslimat,Evet
EV-00891,İçecek Hazırlama,Filtre Kahve Makinesi,Fakir,Fakir Filtre Kahve Makinesi FAK-FIL-0891,5450,MediaMarkt,Orta,Günlük Kullanım,"1290 W, çelik gövde",A++,Krem,24,4.6,5882,Az stok,Evet
EV-00892,Ütüler,Buharlı Dikey Ütü,Arzum,Arzum Buharlı Dikey Ütü ARZ-BUH-0892,2500,Hepsiburada,Üst,Günlük Kullanım,"2853 W, 61 g/dk buhar, kireç önleme",A+++,Turuncu,12,4.9,10294,Stokta var,Evet
EV-00893,İçecek Hazırlama,Su Isıtıcı & Kettle,Arzum,Arzum Su Isıtıcı & Kettle ARZ-SU -0893,2200,Trendyol,Üst,Ev Kullanımı,"1225 W, ısı ayarı",A+++,Turuncu,24,3.9,8112,Hızlı teslimat,Evet
EV-00894,İçecek Hazırlama,Kapsüllü Kahve Makinesi,Delonghi,Delonghi Kapsüllü Kahve Makinesi DEL-KAP-0894,4150,Amazon Türkiye,Orta,Pratik Kullanım,"1723 W, otomatik kapanma",A++,Krem,24,4.3,5152,Az stok,Evet
EV-00895,Evcil Hayvan Ürünleri,Akıllı Su Pınarı,Kiwi,Kiwi Akıllı Su Pınarı KIW-AKI-0895,8850,n11,Fiyat/Performans,Ev Kullanımı,"Wi-Fi/Bluetooth, mobil uygulama, Alexa uyumlu",B,Siyah,24,3.8,5631,Kampanyalı,Evet
EV-00896,Süpürgeler,Robot Süpürge,Xiaomi,Xiaomi Robot Süpürge XIA-ROB-0896,36500,Vatan Bilgisayar,Giriş,Ev Temizliği,"Lidar navigasyon, 5489 Pa emiş, 119 dk çalışma",A++,Siyah,24,3.8,8399,Az stok,Evet
EV-00897,Mutfak,Blender,Philips,Philips Blender PHI-BLE-0897,2200,Teknosa,Üst,Ev Kullanımı,"1529 W, çoklu hız ayarı",A+,Turuncu,36,4.4,1521,Hızlı teslimat,Evet
EV-00898,Hava Nemlendirici & Temizleyiciler,Hava Temizleyici & Nemlendirici,Levoit,Levoit Hava Temizleyici & Nemlendirici LEV-HAV-0898,14350,Trendyol,Üst,Ev Kullanımı,"Aktif karbon filtre, 26 m² etki alanı",B,Krem,24,4.0,11768,Az stok,Evet
EV-00899,Hava Nemlendirici & Temizleyiciler,Hava Nemlendirici,Beurer,Beurer Hava Nemlendirici BEU-HAV-0899,6500,Vatan Bilgisayar,Premium,Pratik Kullanım,"HEPA H13 filtre, 58 m² etki alanı",A,Mor,24,4.7,5237,Kampanyalı,Evet
EV-00900,Ütüler,Buhar Kazanlı Ütü,Philips,Philips Buhar Kazanlı Ütü PHI-BUH-0900,14500,Hepsiburada,Orta,Pratik Kullanım,"2619 W, 110 g/dk buhar, kireç önleme",B,Lacivert,36,4.9,4161,Stokta var,Evet
EV-00901,Süpürgeler,Robot Süpürge,Xiaomi,Xiaomi Robot Süpürge XIA-ROB-0901,22000,n11,Premium,Ev Temizliği,"Lidar navigasyon, 7881 Pa emiş, 185 dk çalışma",A+,Gri,24,4.0,4034,Stokta var,Evet
EV-00902,İçecek Hazırlama,Kahve Makinesi,Beko,Beko Kahve Makinesi BEK-KAH-0902,1000,Trendyol,Üst,Günlük Kullanım,"1950 W, otomatik kapanma",A,Krem,12,4.4,5283,Az stok,Evet
EV-00903,Aydınlatma Ürünleri,Masa & Gece Lambası,Philips,Philips Masa & Gece Lambası PHI-MAS-0903,950,Teknosa,Fiyat/Performans,Günlük Kullanım,"Ayarlanabilir beyaz, 25 W, dimmer destekli",A,Mor,24,4.7,11014,Kampanyalı,Evet
EV-00904,Süpürgeler,Halı Yıkama Makinesi,Fakir,Fakir Halı Yıkama Makinesi FAK-HAL-0904,5750,MediaMarkt,Premium,Ev Kullanımı,"644 W, günlük kullanıma uygun, kompakt tasarım",A+++,Turuncu,24,3.9,4511,Kampanyalı,Evet
EV-00905,Akıllı Ev Sistemleri,Akıllı Kamera,Ezviz,Ezviz Akıllı Kamera EZV-AKI-0905,3600,Hepsiburada,Fiyat/Performans,Güvenlik,"Wi-Fi/Bluetooth, mobil uygulama, Alexa uyumlu",A+,Gri,36,4.1,10560,Stokta var,Evet
EV-00906,Aydınlatma Ürünleri,Akıllı Ampul,Cata,Cata Akıllı Ampul CAT-AKI-0906,500,Amazon Türkiye,Üst,Günlük Kullanım,"Wi-Fi/Bluetooth, mobil uygulama, Alexa uyumlu",C,Krem,24,3.8,7713,Kampanyalı,Evet
EV-00907,Ütüler,Buharlı Ütü,Braun,Braun Buharlı Ütü BRA-BUH-0907,1700,n11,Fiyat/Performans,Günlük Kullanım,"2602 W, 111 g/dk buhar, kireç önleme",C,Turuncu,36,4.2,10047,Stokta var,Evet
EV-00908,Ütüler,Buhar Kazanlı Ütü,Arçelik,Arçelik Buhar Kazanlı Ütü ARÇ-BUH-0908,5600,Trendyol,Giriş,Günlük Kullanım,"2307 W, 117 g/dk buhar, kireç önleme",Belirtilmemiş,Mor,24,3.9,185,Az stok,Evet
EV-00909,İçecek Hazırlama,Çay Makinesi,Beko,Beko Çay Makinesi BEK-ÇAY-0909,5300,n11,Üst,Pratik Kullanım,"907 W, ısı ayarı",Belirtilmemiş,Siyah,24,4.9,95,Stokta var,Evet
EV-00910,Mutfak,Meyve Sıkacağı,Philips,Philips Meyve Sıkacağı PHI-MEY-0910,4250,Amazon Türkiye,Üst,Ev Kullanımı,"748 W, cam hazne",B,Turuncu,24,4.5,6233,Az stok,Evet
EV-00911,Mutfak,Su Arıtma,Beko,Beko Su Arıtma BEK-SU -0911,20750,n11,Fiyat/Performans,Pratik Kullanım,"1315 W, günlük kullanıma uygun, kompakt tasarım",C,Beyaz,12,5.0,6786,Az stok,Evet
EV-00912,Akıllı Ev Sistemleri,Akıllı Priz,Meross,Meross Akıllı Priz MER-AKI-0912,3400,Teknosa,Üst,Günlük Kullanım,"Wi-Fi/Bluetooth, mobil uygulama, Google Assistant uyumlu",A+,Krem,24,4.7,7923,Kampanyalı,Evet
EV-00913,Aydınlatma Ürünleri,LED Şerit,Philips Hue,Philips Hue LED Şerit PHI-LED-0913,4450,Amazon Türkiye,Orta,Günlük Kullanım,"RGB, 5 W, dimmer destekli",C,Inox,36,3.9,8118,Hızlı teslimat,Evet
EV-00914,Süpürgeler,Halı Yıkama Makinesi,Bissell,Bissell Halı Yıkama Makinesi BIS-HAL-0914,7150,Trendyol,Üst,Pratik Kullanım,"1452 W, günlük kullanıma uygun, kompakt tasarım",Belirtilmemiş,Lacivert,24,4.8,12493,Hızlı teslimat,Evet
EV-00915,Evcil Hayvan Ürünleri,Otomatik Mama Kabı,Petkit,Petkit Otomatik Mama Kabı PET-OTO-0915,14100,Trendyol,Giriş,Ev Kullanımı,"1326 W, günlük kullanıma uygun, kompakt tasarım",Belirtilmemiş,Inox,36,4.1,5972,Az stok,Evet
EV-00916,İçecek Hazırlama,Kapsüllü Kahve Makinesi,Krups,Krups Kapsüllü Kahve Makinesi KRU-KAP-0916,13000,Amazon Türkiye,Orta,Pratik Kullanım,"1009 W, otomatik kapanma",A,Beyaz,24,4.2,9472,Az stok,Evet
EV-00917,İçecek Hazırlama,Filtre Kahve Makinesi,Arzum,Arzum Filtre Kahve Makinesi ARZ-FIL-0917,1950,Hepsiburada,Üst,Ev Kullanımı,"1520 W, ısı ayarı",A+++,Beyaz,24,4.4,8713,Hızlı teslimat,Evet
EV-00918,Süpürgeler,Koltuk Yıkama Makinesi,Bissell,Bissell Koltuk Yıkama Makinesi BIS-KOL-0918,13650,MediaMarkt,Fiyat/Performans,Ev Kullanımı,"958 W, günlük kullanıma uygun, kompakt tasarım",A+,Beyaz,24,4.4,885,Hızlı teslimat,Evet
EV-00919,Isıtma & Soğutma,Kombi,Vaillant,Vaillant Kombi VAI-KOM-0919,32050,MediaMarkt,Orta,Sıcak Su,"36 kW, yoğuşmalı, dijital ekran",A,Beyaz,24,4.0,4535,Az stok,Evet
EV-00920,Süpürgeler,Robot Süpürge,Xiaomi,Xiaomi Robot Süpürge XIA-ROB-0920,11350,Hepsiburada,Giriş,Ev Temizliği,"Gyro navigasyon, 3327 Pa emiş, 160 dk çalışma",A++,Mor,36,4.5,3926,Hızlı teslimat,Evet
EV-00921,İçecek Hazırlama,Su Isıtıcı & Kettle,Arzum,Arzum Su Isıtıcı & Kettle ARZ-SU -0921,2100,Trendyol,Premium,Ev Kullanımı,"2104 W, ısı ayarı",C,Krem,24,4.0,3350,Stokta var,Evet
EV-00922,Süpürgeler,Toz Torbasız Süpürge,Fakir,Fakir Toz Torbasız Süpürge FAK-TOZ-0922,17400,Amazon Türkiye,Premium,Günlük Kullanım,"1197 W motor, Siklon filtre, Kablosuz",A++,Gri,24,4.2,11286,Hızlı teslimat,Evet
EV-00923,Süpürgeler,Islak Kuru Süpürge,Karcher,Karcher Islak Kuru Süpürge KAR-ISL-0923,19050,MediaMarkt,Premium,Ev Kullanımı,"815 W motor, HEPA filtre, Kablosuz",B,Lacivert,36,4.2,2923,Stokta var,Evet
EV-00924,Hava Nemlendirici & Temizleyiciler,Hava Nemlendirici,Philips,Philips Hava Nemlendirici PHI-HAV-0924,6800,Hepsiburada,Giriş,Pratik Kullanım,"Aktif karbon filtre, 73 m² etki alanı",A++,Gri,24,4.8,9309,Stokta var,Evet
EV-00925,İçecek Hazırlama,Su Isıtıcı & Kettle,Karaca,Karaca Su Isıtıcı & Kettle KAR-SU -0925,2500,MediaMarkt,Premium,Ev Kullanımı,"2158 W, ısı ayarı",A+,Lacivert,36,4.7,8955,Stokta var,Evet
EV-00926,Ütüler,Buharlı Ütü,Arzum,Arzum Buharlı Ütü ARZ-BUH-0926,4950,n11,Fiyat/Performans,Ev Kullanımı,"2315 W, 104 g/dk buhar, kireç önleme",C,Siyah,24,4.6,9775,Hızlı teslimat,Evet
EV-00927,Mutfak,Blender,Braun,Braun Blender BRA-BLE-0927,2400,MediaMarkt,Üst,Pratik Kullanım,"1282 W, çelik bıçak",A++,Beyaz,24,3.8,9478,Hızlı teslimat,Evet
EV-00928,Akıllı Ev Sistemleri,Akıllı Sensör,Xiaomi,Xiaomi Akıllı Sensör XIA-AKI-0928,2050,MediaMarkt,Fiyat/Performans,Günlük Kullanım,"Wi-Fi/Bluetooth, mobil uygulama, Alexa uyumlu",C,Lacivert,24,5.0,8647,Hızlı teslimat,Evet
EV-00929,Akıllı Ev Sistemleri,Akıllı Kamera,Ezviz,Ezviz Akıllı Kamera EZV-AKI-0929,4100,Trendyol,Üst,Akıllı Ev,"Wi-Fi/Bluetooth, mobil uygulama, Siri Shortcuts uyumlu",A+++,Mor,36,3.8,8535,Kampanyalı,Evet
EV-00930,Mutfak,Airfryer,Philips,Philips Airfryer PHI-AIR-0930,2000,Amazon Türkiye,Premium,Sağlıklı Pişirme,"8 L hazne, 2189 W, sıcak hava teknolojisi",A+,Gri,24,4.0,11171,Hızlı teslimat,Evet
EV-00931,Mutfak,Airfryer,Philips,Philips Airfryer PHI-AIR-0931,9300,MediaMarkt,Giriş,Sağlıklı Pişirme,"4 L hazne, 1700 W, sıcak hava teknolojisi",A+,Siyah,36,3.8,4651,Kampanyalı,Evet
EV-00932,Evcil Hayvan Ürünleri,Akıllı Su Pınarı,Xiaomi,Xiaomi Akıllı Su Pınarı XIA-AKI-0932,1400,Trendyol,Üst,Pratik Kullanım,"Wi-Fi/Bluetooth, mobil uygulama, Siri Shortcuts uyumlu",Belirtilmemiş,Gri,24,4.2,4656,Kampanyalı,Evet
EV-00933,Süpürgeler,Islak Kuru Süpürge,Bissell,Bissell Islak Kuru Süpürge BIS-ISL-0933,7000,Vatan Bilgisayar,Premium,Günlük Kullanım,"631 W motor, Siklon filtre, Kablolu",A++,Mor,36,4.9,4779,Hızlı teslimat,Evet
EV-00934,İçecek Hazırlama,Su Isıtıcı & Kettle,Karaca,Karaca Su Isıtıcı & Kettle KAR-SU -0934,2300,Teknosa,Fiyat/Performans,Pratik Kullanım,"1460 W, çelik gövde",A++,Inox,24,4.0,7155,Az stok,Evet
EV-00935,Isıtma & Soğutma,Vantilatör,Kiwi,Kiwi Vantilatör KIW-VAN-0935,3050,Teknosa,Üst,Pratik Kullanım,"1344 W, günlük kullanıma uygun, kompakt tasarım",B,Gri,36,3.9,9299,Hızlı teslimat,Evet
EV-00936,İçecek Hazırlama,Su Isıtıcı & Kettle,Arzum,Arzum Su Isıtıcı & Kettle ARZ-SU -0936,3750,Amazon Türkiye,Premium,Pratik Kullanım,"1532 W, ısı ayarı",A+,Mor,36,4.2,11240,Hızlı teslimat,Evet
EV-00937,Isıtma & Soğutma,Vantilatör,Vantil,Vantil Vantilatör VAN-VAN-0937,850,Hepsiburada,Fiyat/Performans,Günlük Kullanım,"1947 W, günlük kullanıma uygun, kompakt tasarım",A++,Krem,24,4.9,6911,Kampanyalı,Evet
EV-00938,Süpürgeler,Dikey Süpürge,Fakir,Fakir Dikey Süpürge FAK-DIK-0938,30300,Teknosa,Fiyat/Performans,Hızlı Temizlik,"2150 W motor, Yıkanabilir filtre, Kablosuz",A,Turuncu,24,3.9,6448,Stokta var,Evet
EV-00939,İçecek Hazırlama,Espresso Kahve Makinesi,Siemens,Siemens Espresso Kahve Makinesi SIE-ESP-0939,44950,Teknosa,Giriş,Pratik Kullanım,"1786 W, çelik gövde",A+,Siyah,24,4.5,4775,Stokta var,Evet
EV-00940,Evcil Hayvan Ürünleri,Akıllı Kedi Tuvaleti,Xiaomi,Xiaomi Akıllı Kedi Tuvaleti XIA-AKI-0940,36400,Vatan Bilgisayar,Orta,Günlük Kullanım,"Wi-Fi/Bluetooth, mobil uygulama, Google Assistant uyumlu",C,Gri,24,4.7,8130,Kampanyalı,Evet
EV-00941,İçecek Hazırlama,Kahve Makinesi,Schafer,Schafer Kahve Makinesi SCH-KAH-0941,7100,Amazon Türkiye,Fiyat/Performans,Günlük Kullanım,"1113 W, çelik gövde",A+++,Beyaz,24,4.0,1115,Az stok,Evet
EV-00942,İçecek Hazırlama,Su Isıtıcı & Kettle,Fakir,Fakir Su Isıtıcı & Kettle FAK-SU -0942,550,MediaMarkt,Fiyat/Performans,Ev Kullanımı,"1628 W, ısı ayarı",A++,Inox,12,4.3,2010,Kampanyalı,Evet
EV-00943,Akıllı Ev Sistemleri,Akıllı Termostat,Tado,Tado Akıllı Termostat TAD-AKI-0943,5650,Trendyol,Premium,Günlük Kullanım,"Wi-Fi/Bluetooth, mobil uygulama, Siri Shortcuts uyumlu",C,Inox,24,4.6,3042,Az stok,Evet
EV-00944,Hava Nemlendirici & Temizleyiciler,Hava Temizleyici,Levoit,Levoit Hava Temizleyici LEV-HAV-0944,17300,Amazon Türkiye,Üst,Hava Kalitesi,"Aktif karbon filtre, 62 m² etki alanı",A+,Mor,36,3.9,9661,Stokta var,Evet
EV-00945,Isıtma & Soğutma,Isıtıcı,Arzum,Arzum Isıtıcı ARZ-ISI-0945,6000,Hepsiburada,Orta,Pratik Kullanım,"1197 W, günlük kullanıma uygun, kompakt tasarım",A+++,Krem,24,4.1,1983,Hızlı teslimat,Evet
EV-00946,İçecek Hazırlama,Türk Kahve Makinesi,Karaca,Karaca Türk Kahve Makinesi KAR-TÜR-0946,1550,Amazon Türkiye,Premium,Günlük Kullanım,"1532 W, çelik gövde",Belirtilmemiş,Inox,24,4.4,164,Hızlı teslimat,Evet
EV-00947,Hava Nemlendirici & Temizleyiciler,Hava Temizleyici & Nemlendirici,Dyson,Dyson Hava Temizleyici & Nemlendirici DYS-HAV-0947,13400,Teknosa,Orta,Ev Kullanımı,"Aktif karbon filtre, 65 m² etki alanı",Belirtilmemiş,Gri,24,4.6,9241,Kampanyalı,Evet
EV-00948,Isıtma & Soğutma,Klima,Mitsubishi,Mitsubishi Klima MIT-KLI-0948,81050,MediaMarkt,Premium,Ev Konforu,"12000 BTU, inverter, Wi-Fi yok",A++,Lacivert,12,5.0,9941,Kampanyalı,Evet
EV-00949,Akıllı Ev Sistemleri,Akıllı Kamera,Reolink,Reolink Akıllı Kamera REO-AKI-0949,11200,Hepsiburada,Premium,Güvenlik,"Wi-Fi/Bluetooth, mobil uygulama, Google Assistant uyumlu",A+++,Beyaz,36,3.9,12022,Hızlı teslimat,Evet
EV-00950,Mutfak,Su Arıtma,Beko,Beko Su Arıtma BEK-SU -0950,21250,Hepsiburada,Orta,Pratik Kullanım,"1186 W, günlük kullanıma uygun, kompakt tasarım",Belirtilmemiş,Mor,24,4.9,2865,Stokta var,Evet
EV-00951,Akıllı Ev Sistemleri,Akıllı Termostat,Bosch,Bosch Akıllı Termostat BOS-AKI-0951,5400,n11,Giriş,Ev Kullanımı,"Wi-Fi/Bluetooth, mobil uygulama, Siri Shortcuts uyumlu",C,Siyah,24,4.7,7249,Kampanyalı,Evet
EV-00952,İçecek Hazırlama,Su Isıtıcı & Kettle,Tefal,Tefal Su Isıtıcı & Kettle TEF-SU -0952,3250,Trendyol,Premium,Pratik Kullanım,"1209 W, otomatik kapanma",A+,Turuncu,36,5.0,9415,Kampanyalı,Evet
EV-00953,Mutfak,Blender,Tefal,Tefal Blender TEF-BLE-0953,2650,n11,Premium,Günlük Kullanım,"1592 W, cam hazne",C,Beyaz,24,4.4,3165,Stokta var,Evet
EV-00954,Süpürgeler,Dikey Süpürge,Dyson,Dyson Dikey Süpürge DYS-DIK-0954,20900,Vatan Bilgisayar,Premium,Ev Temizliği,"1259 W motor, Yıkanabilir filtre, Kablolu",A++,Inox,12,4.5,1194,Hızlı teslimat,Evet
EV-00955,Hava Nemlendirici & Temizleyiciler,Hava Temizleyici & Nemlendirici,Xiaomi,Xiaomi Hava Temizleyici & Nemlendirici XIA-HAV-0955,22750,Vatan Bilgisayar,Fiyat/Performans,Ev Kullanımı,"Aktif karbon filtre, 60 m² etki alanı",A,Beyaz,12,4.8,1115,Stokta var,Evet
EV-00956,Süpürgeler,Dikey Süpürge,Bosch,Bosch Dikey Süpürge BOS-DIK-0956,28950,Hepsiburada,Üst,Hızlı Temizlik,"2963 W motor, Yıkanabilir filtre, Kablolu",A+++,Inox,24,3.9,3792,Kampanyalı,Evet
EV-00957,Ütüler,Buharlı Dikey Ütü,Arzum,Arzum Buharlı Dikey Ütü ARZ-BUH-0957,2900,Teknosa,Orta,Günlük Kullanım,"3073 W, 167 g/dk buhar, kireç önleme",B,Krem,36,3.9,9441,Stokta var,Evet
EV-00958,Aydınlatma Ürünleri,Akıllı Ampul,Yeelight,Yeelight Akıllı Ampul YEE-AKI-0958,950,MediaMarkt,Fiyat/Performans,Pratik Kullanım,"Wi-Fi/Bluetooth, mobil uygulama, Google Assistant uyumlu",A+++,Lacivert,36,4.9,4324,Kampanyalı,Evet
EV-00959,Süpürgeler,Halı Yıkama Makinesi,Arzum,Arzum Halı Yıkama Makinesi ARZ-HAL-0959,27200,Trendyol,Giriş,Ev Kullanımı,"1951 W, günlük kullanıma uygun, kompakt tasarım",C,Siyah,24,4.0,12038,Hızlı teslimat,Evet
EV-00960,İçecek Hazırlama,Kapsüllü Kahve Makinesi,Bosch,Bosch Kapsüllü Kahve Makinesi BOS-KAP-0960,3100,Hepsiburada,Üst,Pratik Kullanım,"2054 W, otomatik kapanma",B,Turuncu,24,4.9,9815,Kampanyalı,Evet
EV-00961,İçecek Hazırlama,Türk Kahve Makinesi,Arçelik,Arçelik Türk Kahve Makinesi ARÇ-TÜR-0961,900,Vatan Bilgisayar,Premium,Ev Kullanımı,"1778 W, ısı ayarı",Belirtilmemiş,Inox,24,4.1,5753,Stokta var,Evet
EV-00962,İçecek Hazırlama,Filtre Kahve Makinesi,Tefal,Tefal Filtre Kahve Makinesi TEF-FIL-0962,4200,n11,Fiyat/Performans,Pratik Kullanım,"837 W, çelik gövde",A,Siyah,36,4.3,11215,Hızlı teslimat,Evet
EV-00963,Evcil Hayvan Ürünleri,Akıllı Kedi Tuvaleti,Xiaomi,Xiaomi Akıllı Kedi Tuvaleti XIA-AKI-0963,32000,Vatan Bilgisayar,Premium,Günlük Kullanım,"Wi-Fi/Bluetooth, mobil uygulama, Siri Shortcuts uyumlu",A+,Lacivert,24,4.0,7190,Kampanyalı,Evet
EV-00964,Isıtma & Soğutma,Kombi,Bosch,Bosch Kombi BOS-KOM-0964,29150,Hepsiburada,Orta,Sıcak Su,"21 kW, yoğuşmalı, dijital ekran",Belirtilmemiş,Siyah,24,4.5,3736,Stokta var,Evet
EV-00965,İçecek Hazırlama,Kapsüllü Kahve Makinesi,Nespresso,Nespresso Kapsüllü Kahve Makinesi NES-KAP-0965,5400,Trendyol,Premium,Ev Kullanımı,"2033 W, çelik gövde",A++,Krem,24,4.1,5161,Hızlı teslimat,Evet
EV-00966,Hava Nemlendirici & Temizleyiciler,Hava Temizleyici,Vestel,Vestel Hava Temizleyici VES-HAV-0966,8750,Hepsiburada,Giriş,Alerji,"Aktif karbon filtre, 65 m² etki alanı",C,Lacivert,24,4.1,8922,Hızlı teslimat,Evet
EV-00967,Mutfak,Meyve Sıkacağı,Tefal,Tefal Meyve Sıkacağı TEF-MEY-0967,10850,Teknosa,Fiyat/Performans,Pratik Kullanım,"947 W, çelik bıçak",C,Beyaz,24,4.8,4016,Kampanyalı,Evet
EV-00968,Isıtma & Soğutma,Vantilatör,Rowenta,Rowenta Vantilatör ROW-VAN-0968,8450,Teknosa,Premium,Pratik Kullanım,"872 W, günlük kullanıma uygun, kompakt tasarım",A+,Inox,24,3.9,2261,Kampanyalı,Evet
EV-00969,Süpürgeler,Islak Kuru Süpürge,Karcher,Karcher Islak Kuru Süpürge KAR-ISL-0969,8000,Amazon Türkiye,Premium,Günlük Kullanım,"2543 W motor, HEPA filtre, Kablolu",A+,Mor,24,4.7,1886,Stokta var,Evet
EV-00970,İçecek Hazırlama,Espresso Kahve Makinesi,Siemens,Siemens Espresso Kahve Makinesi SIE-ESP-0970,33700,MediaMarkt,Premium,Ev Kullanımı,"1709 W, otomatik kapanma",A++,Inox,36,3.8,6283,Az stok,Evet
EV-00971,Evcil Hayvan Ürünleri,Akıllı Su Pınarı,Trixie,Trixie Akıllı Su Pınarı TRI-AKI-0971,7600,Amazon Türkiye,Giriş,Ev Kullanımı,"Wi-Fi/Bluetooth, mobil uygulama, Google Assistant uyumlu",B,Lacivert,24,4.2,8887,Az stok,Evet
EV-00972,İçecek Hazırlama,Filtre Kahve Makinesi,Russell Hobbs,Russell Hobbs Filtre Kahve Makinesi RUS-FIL-0972,5400,MediaMarkt,Fiyat/Performans,Pratik Kullanım,"916 W, otomatik kapanma",B,Mor,24,4.8,11962,Hızlı teslimat,Evet
EV-00973,Isıtma & Soğutma,Kombi,ECA,ECA Kombi ECA-KOM-0973,53800,n11,Fiyat/Performans,Sıcak Su,"34 kW, yoğuşmalı, dijital ekran",C,Inox,24,4.4,2678,Stokta var,Evet
EV-00974,Mutfak,Tost Makinesi,Schafer,Schafer Tost Makinesi SCH-TOS-0974,4200,Trendyol,Giriş,Ev Kullanımı,"1569 W, günlük kullanıma uygun, kompakt tasarım",A,Siyah,12,4.7,4861,Kampanyalı,Evet
EV-00975,Ütüler,Buhar Kazanlı Ütü,Braun,Braun Buhar Kazanlı Ütü BRA-BUH-0975,19850,n11,Üst,Günlük Kullanım,"2327 W, 113 g/dk buhar, kireç önleme",B,Lacivert,24,4.6,9976,Az stok,Evet
EV-00976,Isıtma & Soğutma,Şofben & Termosifon,Bosch,Bosch Şofben & Termosifon BOS-ŞOF-0976,2900,Hepsiburada,Premium,Ev Kullanımı,"1706 W, günlük kullanıma uygun, kompakt tasarım",Belirtilmemiş,Inox,36,4.4,5892,Stokta var,Evet
EV-00977,Akıllı Ev Sistemleri,Akıllı Kamera,Xiaomi,Xiaomi Akıllı Kamera XIA-AKI-0977,4100,Vatan Bilgisayar,Fiyat/Performans,Akıllı Ev,"Wi-Fi/Bluetooth, mobil uygulama, Google Assistant uyumlu",A+,Krem,24,4.2,1064,Hızlı teslimat,Evet
EV-00978,Süpürgeler,Dikey Süpürge,Philips,Philips Dikey Süpürge PHI-DIK-0978,34750,Trendyol,Orta,Hızlı Temizlik,"1453 W motor, HEPA filtre, Kablosuz",A++,Turuncu,12,4.8,10762,Kampanyalı,Evet
EV-00979,İçecek Hazırlama,Türk Kahve Makinesi,Fakir,Fakir Türk Kahve Makinesi FAK-TÜR-0979,5250,Hepsiburada,Orta,Ev Kullanımı,"833 W, çelik gövde",Belirtilmemiş,Lacivert,12,4.9,4259,Stokta var,Evet
EV-00980,Akıllı Ev Sistemleri,Akıllı Kapı Zili,Ezviz,Ezviz Akıllı Kapı Zili EZV-AKI-0980,5650,Hepsiburada,Giriş,Pratik Kullanım,"Wi-Fi/Bluetooth, mobil uygulama, Google Assistant uyumlu",A++,Inox,24,4.4,1869,Kampanyalı,Evet
EV-00981,Evcil Hayvan Ürünleri,Kedi Köpek Tıraş Makinesi,Goldmaster,Goldmaster Kedi Köpek Tıraş Makinesi GOL-KED-0981,1400,Teknosa,Premium,Pratik Kullanım,"2014 W, günlük kullanıma uygun, kompakt tasarım",A+,Lacivert,36,4.0,5365,Kampanyalı,Evet
EV-00982,Hava Nemlendirici & Temizleyiciler,Hava Temizleyici,Dyson,Dyson Hava Temizleyici DYS-HAV-0982,34300,Trendyol,Giriş,Alerji,"UV-C filtre, 21 m² etki alanı",A+++,Inox,24,4.2,4780,Kampanyalı,Evet
EV-00983,Süpürgeler,Koltuk Yıkama Makinesi,Arnica,Arnica Koltuk Yıkama Makinesi ARN-KOL-0983,24750,Hepsiburada,Fiyat/Performans,Ev Kullanımı,"1961 W, günlük kullanıma uygun, kompakt tasarım",C,Beyaz,24,4.6,2473,Az stok,Evet
EV-00984,Akıllı Ev Sistemleri,Akıllı Priz,Wiz,Wiz Akıllı Priz WIZ-AKI-0984,2950,Amazon Türkiye,Fiyat/Performans,Günlük Kullanım,"Wi-Fi/Bluetooth, mobil uygulama, Siri Shortcuts uyumlu",A,Turuncu,24,3.9,8661,Kampanyalı,Evet
EV-00985,Süpürgeler,Halı Yıkama Makinesi,Arnica,Arnica Halı Yıkama Makinesi ARN-HAL-0985,12000,Teknosa,Orta,Günlük Kullanım,"1333 W, günlük kullanıma uygun, kompakt tasarım",A+,Beyaz,24,4.1,5945,Hızlı teslimat,Evet
EV-00986,Isıtma & Soğutma,Vantilatör,Raks,Raks Vantilatör RAK-VAN-0986,1500,Vatan Bilgisayar,Üst,Pratik Kullanım,"1391 W, günlük kullanıma uygun, kompakt tasarım",B,Inox,36,4.4,5950,Hızlı teslimat,Evet
EV-00987,Mutfak,Blender,Karaca,Karaca Blender KAR-BLE-0987,2200,Trendyol,Fiyat/Performans,Pratik Kullanım,"1597 W, çoklu hız ayarı",A++,Krem,24,4.7,6693,Kampanyalı,Evet
EV-00988,Mutfak,Su Arıtma,Arçelik,Arçelik Su Arıtma ARÇ-SU -0988,3550,MediaMarkt,Premium,Pratik Kullanım,"1412 W, günlük kullanıma uygun, kompakt tasarım",C,Inox,24,4.4,2446,Hızlı teslimat,Evet
EV-00989,İçecek Hazırlama,Kahve Makinesi,Arçelik,Arçelik Kahve Makinesi ARÇ-KAH-0989,2400,Teknosa,Premium,Ev Kullanımı,"1006 W, otomatik kapanma",Belirtilmemiş,Siyah,36,4.7,11670,Stokta var,Evet
EV-00990,Evcil Hayvan Ürünleri,Akıllı Kedi Tuvaleti,Xiaomi,Xiaomi Akıllı Kedi Tuvaleti XIA-AKI-0990,13700,Vatan Bilgisayar,Orta,Ev Kullanımı,"Wi-Fi/Bluetooth, mobil uygulama, Alexa uyumlu",A++,Mor,12,4.8,6373,Az stok,Evet
EV-00991,Mutfak,Airfryer,Philips,Philips Airfryer PHI-AIR-0991,10400,Vatan Bilgisayar,Üst,Sağlıklı Pişirme,"4 L hazne, 1956 W, sıcak hava teknolojisi",A+,Turuncu,36,4.5,1780,Hızlı teslimat,Evet
EV-00992,Isıtma & Soğutma,Kombi,Demirdöküm,Demirdöküm Kombi DEM-KOM-0992,55750,Amazon Türkiye,Premium,Isıtma,"24 kW, yoğuşmalı, dijital ekran",A+++,Lacivert,36,4.0,3020,Hızlı teslimat,Evet
EV-00993,Mutfak,Su Arıtma,Brita,Brita Su Arıtma BRI-SU -0993,6000,Amazon Türkiye,Fiyat/Performans,Günlük Kullanım,"1008 W, günlük kullanıma uygun, kompakt tasarım",A,Lacivert,24,4.5,1602,Hızlı teslimat,Evet
EV-00994,Mutfak,Airfryer,Tefal,Tefal Airfryer TEF-AIR-0994,11600,n11,Üst,Sağlıklı Pişirme,"9 L hazne, 2103 W, sıcak hava teknolojisi",C,Inox,36,4.0,2361,Kampanyalı,Evet
EV-00995,Akıllı Ev Sistemleri,Akıllı Priz,Wiz,Wiz Akıllı Priz WIZ-AKI-0995,2300,Teknosa,Giriş,Ev Kullanımı,"Wi-Fi/Bluetooth, mobil uygulama, Alexa uyumlu",A,Turuncu,24,4.1,1957,Az stok,Evet
EV-00996,Mutfak,Airfryer,Tefal,Tefal Airfryer TEF-AIR-0996,17300,Trendyol,Giriş,Sağlıklı Pişirme,"5 L hazne, 1765 W, sıcak hava teknolojisi",Belirtilmemiş,Gri,24,4.6,2325,Stokta var,Evet
EV-00997,Aydınlatma Ürünleri,Akıllı Ampul,Cata,Cata Akıllı Ampul CAT-AKI-0997,1450,MediaMarkt,Giriş,Ev Kullanımı,"Wi-Fi/Bluetooth, mobil uygulama, Google Assistant uyumlu",A+,Mor,36,4.8,437,Az stok,Evet
EV-00998,Isıtma & Soğutma,Isıtıcı,Fakir,Fakir Isıtıcı FAK-ISI-0998,2000,MediaMarkt,Giriş,Ev Kullanımı,"577 W, günlük kullanıma uygun, kompakt tasarım",Belirtilmemiş,Gri,24,4.9,8096,Stokta var,Evet
EV-00999,Ütüler,Buharlı Ütü,Philips,Philips Buharlı Ütü PHI-BUH-0999,3500,Teknosa,Giriş,Ev Kullanımı,"2664 W, 166 g/dk buhar, kireç önleme",C,Beyaz,24,4.0,5509,Stokta var,Evet
EV-01000,Isıtma & Soğutma,Kombi,Bosch,Bosch Kombi BOS-KOM-1000,64700,Teknosa,Fiyat/Performans,Isıtma,"20 kW, yoğuşmalı, dijital ekran",A++,Gri,12,4.0,9160,Hızlı teslimat,Evet
EV-01001,Mutfak,Blender,Braun,Braun Blender BRA-BLE-1001,3100,MediaMarkt,Üst,Pratik Kullanım,"1417 W, çelik bıçak",A++,Inox,24,4.0,3080,Az stok,Evet
EV-01002,İçecek Hazırlama,Kahve Makinesi,Karaca,Karaca Kahve Makinesi KAR-KAH-1002,1750,Vatan Bilgisayar,Premium,Günlük Kullanım,"879 W, ısı ayarı",C,Krem,12,4.5,11647,Hızlı teslimat,Evet
EV-01003,Akıllı Ev Sistemleri,Akıllı Sensör,Bosch,Bosch Akıllı Sensör BOS-AKI-1003,1800,MediaMarkt,Üst,Ev Kullanımı,"Wi-Fi/Bluetooth, mobil uygulama, Google Assistant uyumlu",A+,Turuncu,36,4.4,2965,Hızlı teslimat,Evet
EV-01004,Akıllı Ev Sistemleri,Akıllı Kapı Zili,Ring,Ring Akıllı Kapı Zili RIN-AKI-1004,8150,Teknosa,Premium,Ev Kullanımı,"Wi-Fi/Bluetooth, mobil uygulama, Alexa uyumlu",A,Lacivert,24,3.9,1856,Hızlı teslimat,Evet
EV-01005,Süpürgeler,Robot Süpürge,Xiaomi,Xiaomi Robot Süpürge XIA-ROB-1005,29250,Amazon Türkiye,Üst,Akıllı Ev,"Gyro navigasyon, 3549 Pa emiş, 213 dk çalışma",Belirtilmemiş,Turuncu,12,3.9,11434,Hızlı teslimat,Evet
EV-01006,Evcil Hayvan Ürünleri,Kedi Köpek Tıraş Makinesi,Kiwi,Kiwi Kedi Köpek Tıraş Makinesi KIW-KED-1006,850,Teknosa,Üst,Günlük Kullanım,"1551 W, günlük kullanıma uygun, kompakt tasarım",Belirtilmemiş,Lacivert,24,4.4,6716,Kampanyalı,Evet
EV-01007,Isıtma & Soğutma,Vantilatör,Vantil,Vantil Vantilatör VAN-VAN-1007,6150,MediaMarkt,Premium,Ev Kullanımı,"1394 W, günlük kullanıma uygun, kompakt tasarım",C,Inox,24,4.1,910,Stokta var,Evet
EV-01008,Mutfak,Meyve Sıkacağı,Fakir,Fakir Meyve Sıkacağı FAK-MEY-1008,6100,Vatan Bilgisayar,Orta,Günlük Kullanım,"625 W, çoklu hız ayarı",B,Lacivert,24,4.9,8797,Stokta var,Evet
EV-01009,İçecek Hazırlama,Filtre Kahve Makinesi,Arzum,Arzum Filtre Kahve Makinesi ARZ-FIL-1009,1350,Teknosa,Üst,Günlük Kullanım,"2141 W, otomatik kapanma",B,Inox,24,4.7,9073,Az stok,Evet
EV-01010,Süpürgeler,Toz Torbalı Süpürge,Fakir,Fakir Toz Torbalı Süpürge FAK-TOZ-1010,11800,Teknosa,Orta,Ev Kullanımı,"2193 W motor, HEPA filtre, Kablosuz",A+++,Siyah,24,4.8,6140,Stokta var,Evet
EV-01011,Hava Nemlendirici & Temizleyiciler,Hava Temizleyici & Nemlendirici,Levoit,Levoit Hava Temizleyici & Nemlendirici LEV-HAV-1011,45000,Hepsiburada,Premium,Günlük Kullanım,"HEPA H13 filtre, 60 m² etki alanı",Belirtilmemiş,Inox,24,4.0,4954,Kampanyalı,Evet
EV-01012,Süpürgeler,Robot Süpürge,Philips,Philips Robot Süpürge PHI-ROB-1012,24800,Trendyol,Premium,Ev Temizliği,"Lidar navigasyon, 3105 Pa emiş, 219 dk çalışma",C,Mor,24,4.8,4438,Stokta var,Evet
EV-01013,Aydınlatma Ürünleri,Akıllı Ampul,Cata,Cata Akıllı Ampul CAT-AKI-1013,1200,Amazon Türkiye,Giriş,Günlük Kullanım,"Wi-Fi/Bluetooth, mobil uygulama, Siri Shortcuts uyumlu",Belirtilmemiş,Krem,24,4.5,6423,Hızlı teslimat,Evet
EV-01014,Hava Nemlendirici & Temizleyiciler,Hava Temizleyici & Nemlendirici,Dyson,Dyson Hava Temizleyici & Nemlendirici DYS-HAV-1014,19950,MediaMarkt,Üst,Pratik Kullanım,"UV-C filtre, 50 m² etki alanı",A,Krem,36,4.0,4344,Stokta var,Evet
EV-01015,Mutfak,Blender,Fakir,Fakir Blender FAK-BLE-1015,7750,MediaMarkt,Üst,Pratik Kullanım,"1437 W, cam hazne",A,Siyah,36,4.1,11530,Hızlı teslimat,Evet
EV-01016,Ütüler,Buhar Kazanlı Ütü,Arçelik,Arçelik Buhar Kazanlı Ütü ARÇ-BUH-1016,21250,MediaMarkt,Giriş,Ev Kullanımı,"2989 W, 94 g/dk buhar, kireç önleme",A,Lacivert,36,4.1,422,Stokta var,Evet
EV-01017,Evcil Hayvan Ürünleri,Otomatik Mama Kabı,Pawise,Pawise Otomatik Mama Kabı PAW-OTO-1017,9700,n11,Orta,Günlük Kullanım,"1548 W, günlük kullanıma uygun, kompakt tasarım",A++,Inox,36,4.6,1385,Az stok,Evet
EV-01018,İçecek Hazırlama,Çay Makinesi,Beko,Beko Çay Makinesi BEK-ÇAY-1018,3250,n11,Fiyat/Performans,Pratik Kullanım,"1276 W, otomatik kapanma",Belirtilmemiş,Turuncu,24,4.4,11861,Hızlı teslimat,Evet
EV-01019,Mutfak,Meyve Sıkacağı,Bosch,Bosch Meyve Sıkacağı BOS-MEY-1019,5200,Hepsiburada,Orta,Pratik Kullanım,"1232 W, cam hazne",A+,Inox,12,4.2,9277,Hızlı teslimat,Evet
EV-01020,Aydınlatma Ürünleri,Akıllı Ampul,Wiz,Wiz Akıllı Ampul WIZ-AKI-1020,2250,Teknosa,Orta,Pratik Kullanım,"Wi-Fi/Bluetooth, mobil uygulama, Siri Shortcuts uyumlu",Belirtilmemiş,Beyaz,24,4.4,7928,Hızlı teslimat,Evet
EV-01021,Evcil Hayvan Ürünleri,Akıllı Kedi Tuvaleti,Petkit,Petkit Akıllı Kedi Tuvaleti PET-AKI-1021,29200,n11,Orta,Pratik Kullanım,"Wi-Fi/Bluetooth, mobil uygulama, Google Assistant uyumlu",A++,Inox,36,3.8,8533,Stokta var,Evet
EV-01022,İçecek Hazırlama,Türk Kahve Makinesi,Arzum,Arzum Türk Kahve Makinesi ARZ-TÜR-1022,3850,Amazon Türkiye,Orta,Günlük Kullanım,"1920 W, ısı ayarı",A,Siyah,24,4.8,7997,Stokta var,Evet
EV-01023,Isıtma & Soğutma,Kombi,Demirdöküm,Demirdöküm Kombi DEM-KOM-1023,53850,Vatan Bilgisayar,Üst,Isıtma,"24 kW, yoğuşmalı, dijital ekran",A+,Inox,12,4.2,6103,Kampanyalı,Evet
EV-01024,Aydınlatma Ürünleri,Masa & Gece Lambası,Ikea,Ikea Masa & Gece Lambası IKE-MAS-1024,1900,MediaMarkt,Premium,Pratik Kullanım,"Ayarlanabilir beyaz, 9 W, dimmer destekli",A++,Turuncu,24,4.1,5424,Kampanyalı,Evet
EV-01025,Isıtma & Soğutma,Vantilatör,Arzum,Arzum Vantilatör ARZ-VAN-1025,2400,Hepsiburada,Premium,Ev Kullanımı,"1836 W, günlük kullanıma uygun, kompakt tasarım",A++,Inox,24,5.0,106,Hızlı teslimat,Evet
EV-01026,Mutfak,Dondurma Makinesi,Ninja,Ninja Dondurma Makinesi NIN-DON-1026,4050,MediaMarkt,Fiyat/Performans,Ev Kullanımı,"1703 W, günlük kullanıma uygun, kompakt tasarım",B,Inox,24,4.5,1108,Stokta var,Evet
EV-01027,Süpürgeler,Halı Yıkama Makinesi,Arzum,Arzum Halı Yıkama Makinesi ARZ-HAL-1027,11750,Vatan Bilgisayar,Premium,Pratik Kullanım,"1970 W, günlük kullanıma uygun, kompakt tasarım",A,Krem,12,4.7,6032,Az stok,Evet
EV-01028,İçecek Hazırlama,Kapsüllü Kahve Makinesi,Bosch,Bosch Kapsüllü Kahve Makinesi BOS-KAP-1028,6100,Amazon Türkiye,Giriş,Ev Kullanımı,"1954 W, otomatik kapanma",A++,Mor,24,4.1,2936,Kampanyalı,Evet
EV-01029,Akıllı Ev Sistemleri,Akıllı Termostat,Tado,Tado Akıllı Termostat TAD-AKI-1029,7850,Hepsiburada,Orta,Günlük Kullanım,"Wi-Fi/Bluetooth, mobil uygulama, Siri Shortcuts uyumlu",A++,Gri,24,4.7,3561,Hızlı teslimat,Evet
EV-01030,İçecek Hazırlama,Kahve Makinesi,Beko,Beko Kahve Makinesi BEK-KAH-1030,1850,Trendyol,Giriş,Ev Kullanımı,"2161 W, ısı ayarı",A+,Krem,12,4.4,7218,Stokta var,Evet
EV-01031,Mutfak,Mikser,Tefal,Tefal Mikser TEF-MIK-1031,3000,n11,Premium,Ev Kullanımı,"1038 W, çoklu hız ayarı",A+,Beyaz,12,4.3,7788,Az stok,Evet
EV-01032,Süpürgeler,Toz Torbalı Süpürge,Electrolux,Electrolux Toz Torbalı Süpürge ELE-TOZ-1032,8800,n11,Orta,Ev Kullanımı,"1526 W motor, Yıkanabilir filtre, Kablosuz",B,Mor,24,4.3,7250,Az stok,Evet
EV-01033,İçecek Hazırlama,Filtre Kahve Makinesi,Russell Hobbs,Russell Hobbs Filtre Kahve Makinesi RUS-FIL-1033,3750,Amazon Türkiye,Üst,Pratik Kullanım,"1191 W, ısı ayarı",A+,Gri,24,4.3,10123,Az stok,Evet
EV-01034,Isıtma & Soğutma,Şofben & Termosifon,Vestel,Vestel Şofben & Termosifon VES-ŞOF-1034,15950,Hepsiburada,Orta,Günlük Kullanım,"1155 W, günlük kullanıma uygun, kompakt tasarım",A+,Siyah,12,4.5,5396,Kampanyalı,Evet
EV-01035,İçecek Hazırlama,Türk Kahve Makinesi,Schafer,Schafer Türk Kahve Makinesi SCH-TÜR-1035,2450,MediaMarkt,Premium,Pratik Kullanım,"1318 W, ısı ayarı",C,Siyah,12,3.9,11410,Stokta var,Evet
EV-01036,Hava Nemlendirici & Temizleyiciler,Hava Temizleyici,Samsung,Samsung Hava Temizleyici SAM-HAV-1036,34850,MediaMarkt,Premium,Alerji,"HEPA H13 filtre, 43 m² etki alanı",A+++,Gri,24,4.0,12301,Az stok,Evet
EV-01037,İçecek Hazırlama,Çay Makinesi,Arzum,Arzum Çay Makinesi ARZ-ÇAY-1037,1450,MediaMarkt,Giriş,Ev Kullanımı,"999 W, çelik gövde",A+,Inox,12,4.6,1036,Stokta var,Evet
EV-01038,Mutfak,Dondurma Makinesi,Arzum,Arzum Dondurma Makinesi ARZ-DON-1038,25450,Vatan Bilgisayar,Orta,Pratik Kullanım,"429 W, günlük kullanıma uygun, kompakt tasarım",C,Mor,36,4.7,6015,Stokta var,Evet
EV-01039,İçecek Hazırlama,Kapsüllü Kahve Makinesi,Tchibo,Tchibo Kapsüllü Kahve Makinesi TCH-KAP-1039,15000,Amazon Türkiye,Orta,Ev Kullanımı,"891 W, ısı ayarı",B,Inox,12,4.1,2842,Hızlı teslimat,Evet
EV-01040,Süpürgeler,Toz Torbasız Süpürge,Rowenta,Rowenta Toz Torbasız Süpürge ROW-TOZ-1040,1550,Teknosa,Üst,Ev Kullanımı,"2409 W motor, Yıkanabilir filtre, Kablosuz",B,Turuncu,24,4.5,1943,Stokta var,Evet
EV-01041,İçecek Hazırlama,Çay Makinesi,Beko,Beko Çay Makinesi BEK-ÇAY-1041,5350,Trendyol,Giriş,Günlük Kullanım,"1146 W, otomatik kapanma",A++,Lacivert,36,4.2,10281,Stokta var,Evet
EV-01042,Mutfak,Mikser,Bosch,Bosch Mikser BOS-MIK-1042,5850,Amazon Türkiye,Orta,Ev Kullanımı,"509 W, çelik bıçak",C,Krem,24,4.7,2189,Kampanyalı,Evet
EV-01043,Süpürgeler,Dikey Süpürge,Fakir,Fakir Dikey Süpürge FAK-DIK-1043,18650,Trendyol,Premium,Hızlı Temizlik,"1225 W motor, Siklon filtre, Kablolu",C,Turuncu,24,4.8,4484,Stokta var,Evet
EV-01044,Hava Nemlendirici & Temizleyiciler,Hava Nemlendirici,Weewell,Weewell Hava Nemlendirici WEE-HAV-1044,8200,Teknosa,Üst,Ev Kullanımı,"UV-C filtre, 63 m² etki alanı",Belirtilmemiş,Gri,24,4.7,8584,Hızlı teslimat,Evet
EV-01045,Süpürgeler,Islak Kuru Süpürge,Bosch,Bosch Islak Kuru Süpürge BOS-ISL-1045,16550,Amazon Türkiye,Orta,Pratik Kullanım,"1682 W motor, HEPA filtre, Kablolu",C,Krem,24,4.3,10599,Az stok,Evet
EV-01046,Mutfak,Doğrayıcı & Rondo,Fakir,Fakir Doğrayıcı & Rondo FAK-DOĞ-1046,3450,Hepsiburada,Üst,Pratik Kullanım,"781 W, çelik bıçak",A++,Turuncu,12,4.9,8486,Kampanyalı,Evet
EV-01047,Ütüler,Buhar Kazanlı Ütü,Arçelik,Arçelik Buhar Kazanlı Ütü ARÇ-BUH-1047,12650,Hepsiburada,Fiyat/Performans,Pratik Kullanım,"2567 W, 37 g/dk buhar, kireç önleme",A++,Mor,36,4.2,1728,Kampanyalı,Evet
EV-01048,Mutfak,Dondurma Makinesi,Ninja,Ninja Dondurma Makinesi NIN-DON-1048,7250,Teknosa,Üst,Günlük Kullanım,"1940 W, günlük kullanıma uygun, kompakt tasarım",A+++,Turuncu,12,4.0,8973,Hızlı teslimat,Evet
EV-01049,Akıllı Ev Sistemleri,Akıllı Kamera,Reolink,Reolink Akıllı Kamera REO-AKI-1049,9450,Amazon Türkiye,Premium,Akıllı Ev,"Wi-Fi/Bluetooth, mobil uygulama, Siri Shortcuts uyumlu",A+,Lacivert,36,4.3,4005,Hızlı teslimat,Evet
EV-01050,Mutfak,Meyve Sıkacağı,Philips,Philips Meyve Sıkacağı PHI-MEY-1050,3850,Hepsiburada,Fiyat/Performans,Pratik Kullanım,"1220 W, çoklu hız ayarı",A+++,Gri,12,4.3,4428,Az stok,Evet
EV-01051,Mutfak,Meyve Sıkacağı,Karaca,Karaca Meyve Sıkacağı KAR-MEY-1051,9800,Trendyol,Fiyat/Performans,Günlük Kullanım,"666 W, çoklu hız ayarı",A+,Siyah,24,4.9,9320,Kampanyalı,Evet
EV-01052,Süpürgeler,Islak Kuru Süpürge,Arzum,Arzum Islak Kuru Süpürge ARZ-ISL-1052,13700,Trendyol,Premium,Günlük Kullanım,"1320 W motor, HEPA filtre, Kablolu",A+,Beyaz,24,4.4,10805,Az stok,Evet
EV-01053,Süpürgeler,Koltuk Yıkama Makinesi,Arnica,Arnica Koltuk Yıkama Makinesi ARN-KOL-1053,5800,Trendyol,Orta,Günlük Kullanım,"1377 W, günlük kullanıma uygun, kompakt tasarım",A++,Lacivert,24,4.6,6146,Hızlı teslimat,Evet
EV-01054,Aydınlatma Ürünleri,LED Şerit,Govee,Govee LED Şerit GOV-LED-1054,2750,MediaMarkt,Orta,Pratik Kullanım,"RGB, 29 W, dimmer destekli",A+++,Mor,24,4.6,7608,Kampanyalı,Evet
EV-01055,Süpürgeler,Dikey Süpürge,Dreame,Dreame Dikey Süpürge DRE-DIK-1055,19200,n11,Üst,Ev Temizliği,"2687 W motor, HEPA filtre, Kablolu",A,Siyah,24,4.6,6971,Az stok,Evet
EV-01056,Mutfak,Mikser,Bosch,Bosch Mikser BOS-MIK-1056,2800,Vatan Bilgisayar,Üst,Pratik Kullanım,"1215 W, cam hazne",C,Inox,24,4.8,10018,Hızlı teslimat,Evet
EV-01057,Süpürgeler,Halı Yıkama Makinesi,Karcher,Karcher Halı Yıkama Makinesi KAR-HAL-1057,9900,MediaMarkt,Üst,Pratik Kullanım,"768 W, günlük kullanıma uygun, kompakt tasarım",A,Gri,24,3.9,6307,Kampanyalı,Evet
EV-01058,Ütüler,Buharlı Dikey Ütü,Fakir,Fakir Buharlı Dikey Ütü FAK-BUH-1058,2050,MediaMarkt,Üst,Pratik Kullanım,"2729 W, 62 g/dk buhar, kireç önleme",A,Beyaz,24,4.0,6539,Stokta var,Evet
EV-01059,Evcil Hayvan Ürünleri,Otomatik Mama Kabı,Trixie,Trixie Otomatik Mama Kabı TRI-OTO-1059,1500,Teknosa,Orta,Ev Kullanımı,"1805 W, günlük kullanıma uygun, kompakt tasarım",A,Siyah,36,4.0,8321,Hızlı teslimat,Evet
EV-01060,Isıtma & Soğutma,Kombi,Bosch,Bosch Kombi BOS-KOM-1060,32500,Teknosa,Premium,Sıcak Su,"36 kW, yoğuşmalı, dijital ekran",A+,Turuncu,24,4.7,1914,Kampanyalı,Evet
EV-01061,Süpürgeler,Robot Süpürge,Philips,Philips Robot Süpürge PHI-ROB-1061,14650,Vatan Bilgisayar,Premium,Ev Temizliği,"Lidar navigasyon, 2556 Pa emiş, 176 dk çalışma",C,Krem,24,4.7,11069,Hızlı teslimat,Evet
EV-01062,Isıtma & Soğutma,Kombi,Bosch,Bosch Kombi BOS-KOM-1062,40750,Hepsiburada,Üst,Sıcak Su,"31 kW, yoğuşmalı, dijital ekran",A+++,Lacivert,24,3.9,8036,Hızlı teslimat,Evet
EV-01063,Mutfak,Dondurma Makinesi,Arzum,Arzum Dondurma Makinesi ARZ-DON-1063,22100,Vatan Bilgisayar,Giriş,Ev Kullanımı,"1254 W, günlük kullanıma uygun, kompakt tasarım",A+++,Turuncu,24,4.1,4819,Kampanyalı,Evet
EV-01064,Akıllı Ev Sistemleri,Akıllı Sensör,Xiaomi,Xiaomi Akıllı Sensör XIA-AKI-1064,4100,Teknosa,Giriş,Pratik Kullanım,"Wi-Fi/Bluetooth, mobil uygulama, Alexa uyumlu",A++,Gri,24,4.7,8719,Stokta var,Evet
EV-01065,Süpürgeler,Dikey Süpürge,Arzum,Arzum Dikey Süpürge ARZ-DIK-1065,9900,MediaMarkt,Premium,Ev Temizliği,"1499 W motor, Yıkanabilir filtre, Kablolu",A+++,Beyaz,24,4.9,5673,Kampanyalı,Evet
EV-01066,İçecek Hazırlama,Türk Kahve Makinesi,Beko,Beko Türk Kahve Makinesi BEK-TÜR-1066,4550,MediaMarkt,Giriş,Günlük Kullanım,"1491 W, çelik gövde",C,Krem,36,4.4,11899,Hızlı teslimat,Evet
EV-01067,İçecek Hazırlama,Filtre Kahve Makinesi,Tefal,Tefal Filtre Kahve Makinesi TEF-FIL-1067,5550,Amazon Türkiye,Üst,Ev Kullanımı,"1038 W, otomatik kapanma",B,Krem,24,4.6,1313,Az stok,Evet
EV-01068,Evcil Hayvan Ürünleri,Akıllı Kedi Tuvaleti,Petkit,Petkit Akıllı Kedi Tuvaleti PET-AKI-1068,29150,MediaMarkt,Fiyat/Performans,Ev Kullanımı,"Wi-Fi/Bluetooth, mobil uygulama, Siri Shortcuts uyumlu",C,Gri,24,4.1,7173,Stokta var,Evet
EV-01069,Akıllı Ev Sistemleri,Akıllı Kapı Zili,Tapo,Tapo Akıllı Kapı Zili TAP-AKI-1069,12800,Amazon Türkiye,Orta,Ev Kullanımı,"Wi-Fi/Bluetooth, mobil uygulama, Google Assistant uyumlu",A+++,Mor,24,4.1,97,Kampanyalı,Evet
EV-01070,Mutfak,Tost Makinesi,Fakir,Fakir Tost Makinesi FAK-TOS-1070,4750,Trendyol,Giriş,Ev Kullanımı,"852 W, günlük kullanıma uygun, kompakt tasarım",A+++,Krem,12,4.1,11631,Hızlı teslimat,Evet
EV-01071,Akıllı Ev Sistemleri,Akıllı Kamera,Ezviz,Ezviz Akıllı Kamera EZV-AKI-1071,8700,Teknosa,Fiyat/Performans,Güvenlik,"Wi-Fi/Bluetooth, mobil uygulama, Alexa uyumlu",A+,Lacivert,24,4.4,7807,Hızlı teslimat,Evet
EV-01072,Süpürgeler,Islak Kuru Süpürge,Philips,Philips Islak Kuru Süpürge PHI-ISL-1072,23850,Trendyol,Premium,Pratik Kullanım,"2097 W motor, Siklon filtre, Kablolu",A+++,Beyaz,36,4.4,2800,Kampanyalı,Evet
EV-01073,İçecek Hazırlama,Çay Makinesi,Beko,Beko Çay Makinesi BEK-ÇAY-1073,5450,Teknosa,Fiyat/Performans,Ev Kullanımı,"1724 W, çelik gövde",A,Siyah,24,4.2,12317,Az stok,Evet
EV-01074,Akıllı Ev Sistemleri,Akıllı Termostat,Bosch,Bosch Akıllı Termostat BOS-AKI-1074,16950,MediaMarkt,Premium,Ev Kullanımı,"Wi-Fi/Bluetooth, mobil uygulama, Siri Shortcuts uyumlu",C,Turuncu,24,5.0,398,Hızlı teslimat,Evet
EV-01075,Aydınlatma Ürünleri,Akıllı Ampul,Xiaomi,Xiaomi Akıllı Ampul XIA-AKI-1075,2650,n11,Fiyat/Performans,Günlük Kullanım,"Wi-Fi/Bluetooth, mobil uygulama, Google Assistant uyumlu",A+++,Krem,24,3.9,6498,Az stok,Evet
EV-01076,Isıtma & Soğutma,Klima,LG,LG Klima LG-KLI-1076,51000,MediaMarkt,Orta,Isıtma,"18000 BTU, inverter, Wi-Fi var",C,Lacivert,12,4.9,4584,Hızlı teslimat,Evet
EV-01077,Mutfak,Blender,Bosch,Bosch Blender BOS-BLE-1077,5750,n11,Premium,Günlük Kullanım,"763 W, çelik bıçak",A+,Siyah,12,4.4,7378,Kampanyalı,Evet
EV-01078,Isıtma & Soğutma,Isıtıcı,Rowenta,Rowenta Isıtıcı ROW-ISI-1078,2800,MediaMarkt,Giriş,Ev Kullanımı,"1240 W, günlük kullanıma uygun, kompakt tasarım",A++,Siyah,12,4.5,6865,Az stok,Evet
EV-01079,Süpürgeler,Dikey Süpürge,Fakir,Fakir Dikey Süpürge FAK-DIK-1079,34200,Hepsiburada,Fiyat/Performans,Ev Temizliği,"593 W motor, Siklon filtre, Kablosuz",A++,Turuncu,24,4.5,12010,Kampanyalı,Evet
EV-01080,İçecek Hazırlama,Filtre Kahve Makinesi,Fakir,Fakir Filtre Kahve Makinesi FAK-FIL-1080,4600,Vatan Bilgisayar,Premium,Günlük Kullanım,"1737 W, ısı ayarı",C,Inox,24,4.4,3177,Hızlı teslimat,Evet
EV-01081,Süpürgeler,Halı Yıkama Makinesi,Arzum,Arzum Halı Yıkama Makinesi ARZ-HAL-1081,7850,Hepsiburada,Üst,Pratik Kullanım,"1344 W, günlük kullanıma uygun, kompakt tasarım",A,Inox,12,4.9,3406,Hızlı teslimat,Evet
EV-01082,Mutfak,Mikser,Fakir,Fakir Mikser FAK-MIK-1082,3450,Amazon Türkiye,Fiyat/Performans,Ev Kullanımı,"726 W, cam hazne",A,Beyaz,24,3.9,9911,Stokta var,Evet
EV-01083,Evcil Hayvan Ürünleri,Kedi Köpek Tıraş Makinesi,Goldmaster,Goldmaster Kedi Köpek Tıraş Makinesi GOL-KED-1083,6500,Hepsiburada,Premium,Pratik Kullanım,"1500 W, günlük kullanıma uygun, kompakt tasarım",A+++,Siyah,36,4.7,4275,Hızlı teslimat,Evet
EV-01084,İçecek Hazırlama,Espresso Kahve Makinesi,Siemens,Siemens Espresso Kahve Makinesi SIE-ESP-1084,44050,n11,Premium,Ev Kullanımı,"1618 W, çelik gövde",B,Turuncu,36,4.8,668,Stokta var,Evet
EV-01085,İçecek Hazırlama,Su Isıtıcı & Kettle,Arzum,Arzum Su Isıtıcı & Kettle ARZ-SU -1085,2050,n11,Fiyat/Performans,Günlük Kullanım,"1550 W, ısı ayarı",C,Lacivert,24,4.7,11844,Az stok,Evet
EV-01086,Hava Nemlendirici & Temizleyiciler,Hava Temizleyici,Philips,Philips Hava Temizleyici PHI-HAV-1086,16000,Teknosa,Giriş,Hava Kalitesi,"UV-C filtre, 51 m² etki alanı",Belirtilmemiş,Inox,24,4.6,1228,Kampanyalı,Evet
EV-01087,Mutfak,Airfryer,Cosori,Cosori Airfryer COS-AIR-1087,13150,n11,Üst,Pratik Yemek,"8 L hazne, 1236 W, sıcak hava teknolojisi",Belirtilmemiş,Gri,24,4.3,4240,Kampanyalı,Evet
EV-01088,İçecek Hazırlama,Filtre Kahve Makinesi,Tefal,Tefal Filtre Kahve Makinesi TEF-FIL-1088,3150,Teknosa,Fiyat/Performans,Pratik Kullanım,"1124 W, çelik gövde",C,Krem,36,4.7,5039,Hızlı teslimat,Evet
EV-01089,Evcil Hayvan Ürünleri,Kedi Köpek Tıraş Makinesi,Trixie,Trixie Kedi Köpek Tıraş Makinesi TRI-KED-1089,2450,Trendyol,Orta,Ev Kullanımı,"1704 W, günlük kullanıma uygun, kompakt tasarım",A++,Siyah,24,4.5,6310,Kampanyalı,Evet
EV-01090,Süpürgeler,Islak Kuru Süpürge,Bosch,Bosch Islak Kuru Süpürge BOS-ISL-1090,2300,Teknosa,Üst,Pratik Kullanım,"2162 W motor, Siklon filtre, Kablosuz",A+,Gri,12,4.7,12228,Kampanyalı,Evet
EV-01091,Aydınlatma Ürünleri,Masa & Gece Lambası,Baseus,Baseus Masa & Gece Lambası BAS-MAS-1091,2700,Amazon Türkiye,Premium,Ev Kullanımı,"RGB, 20 W, dimmer destekli",A,Siyah,24,4.0,8620,Kampanyalı,Evet
EV-01092,Mutfak,Blender,Arzum,Arzum Blender ARZ-BLE-1092,3200,Trendyol,Orta,Günlük Kullanım,"803 W, çelik bıçak",A,Turuncu,12,4.1,11955,Stokta var,Evet
EV-01093,Aydınlatma Ürünleri,Masa & Gece Lambası,Philips,Philips Masa & Gece Lambası PHI-MAS-1093,5000,Teknosa,Orta,Pratik Kullanım,"RGB, 15 W, dimmer destekli",B,Beyaz,24,4.6,6543,Stokta var,Evet
EV-01094,İçecek Hazırlama,Espresso Kahve Makinesi,Sage,Sage Espresso Kahve Makinesi SAG-ESP-1094,31500,Trendyol,Fiyat/Performans,Günlük Kullanım,"2132 W, otomatik kapanma",A++,Turuncu,24,4.1,12129,Stokta var,Evet
EV-01095,Akıllı Ev Sistemleri,Akıllı Kapı Zili,Ring,Ring Akıllı Kapı Zili RIN-AKI-1095,8250,Hepsiburada,Üst,Günlük Kullanım,"Wi-Fi/Bluetooth, mobil uygulama, Google Assistant uyumlu",B,Krem,24,4.7,12029,Az stok,Evet
EV-01096,Mutfak,Blender,Tefal,Tefal Blender TEF-BLE-1096,8050,MediaMarkt,Fiyat/Performans,Günlük Kullanım,"1053 W, çoklu hız ayarı",A+++,Inox,36,4.4,8812,Stokta var,Evet
EV-01097,Isıtma & Soğutma,Şofben & Termosifon,Arçelik,Arçelik Şofben & Termosifon ARÇ-ŞOF-1097,14650,Hepsiburada,Orta,Pratik Kullanım,"1397 W, günlük kullanıma uygun, kompakt tasarım",A+,Siyah,12,4.5,3537,Hızlı teslimat,Evet
EV-01098,Süpürgeler,Robot Süpürge,Viomi,Viomi Robot Süpürge VIO-ROB-1098,28150,Vatan Bilgisayar,Orta,Akıllı Ev,"Lidar navigasyon, 4562 Pa emiş, 194 dk çalışma",B,Krem,36,4.8,10081,Az stok,Evet
EV-01099,Mutfak,Dondurma Makinesi,Yonanas,Yonanas Dondurma Makinesi YON-DON-1099,14850,Teknosa,Fiyat/Performans,Ev Kullanımı,"2176 W, günlük kullanıma uygun, kompakt tasarım",B,Inox,24,4.9,4924,Kampanyalı,Evet
EV-01100,Evcil Hayvan Ürünleri,Kedi Köpek Tıraş Makinesi,Pawise,Pawise Kedi Köpek Tıraş Makinesi PAW-KED-1100,6900,Amazon Türkiye,Üst,Günlük Kullanım,"1398 W, günlük kullanıma uygun, kompakt tasarım",A+++,Lacivert,12,4.3,12411,Hızlı teslimat,Evet
EV-01101,Hava Nemlendirici & Temizleyiciler,Hava Nemlendirici,Philips,Philips Hava Nemlendirici PHI-HAV-1101,3050,n11,Giriş,Günlük Kullanım,"Aktif karbon filtre, 41 m² etki alanı",C,Gri,24,4.3,5006,Stokta var,Evet
EV-01102,Mutfak,Blender,Tefal,Tefal Blender TEF-BLE-1102,4500,Teknosa,Fiyat/Performans,Ev Kullanımı,"610 W, çoklu hız ayarı",A+,Inox,12,4.2,8705,Az stok,Evet
EV-01103,Mutfak,Su Arıtma,Beko,Beko Su Arıtma BEK-SU -1103,6400,n11,Premium,Pratik Kullanım,"1756 W, günlük kullanıma uygun, kompakt tasarım",A++,Lacivert,12,4.0,2602,Hızlı teslimat,Evet
EV-01104,Evcil Hayvan Ürünleri,Otomatik Mama Kabı,Petcube,Petcube Otomatik Mama Kabı PET-OTO-1104,11850,Trendyol,Üst,Ev Kullanımı,"1159 W, günlük kullanıma uygun, kompakt tasarım",A++,Krem,24,4.9,7747,Kampanyalı,Evet
EV-01105,Mutfak,Su Arıtma,Brita,Brita Su Arıtma BRI-SU -1105,9350,Vatan Bilgisayar,Premium,Günlük Kullanım,"1961 W, günlük kullanıma uygun, kompakt tasarım",A,Siyah,36,4.3,6849,Kampanyalı,Evet
EV-01106,Evcil Hayvan Ürünleri,Otomatik Mama Kabı,Petkit,Petkit Otomatik Mama Kabı PET-OTO-1106,12850,Hepsiburada,Üst,Günlük Kullanım,"1755 W, günlük kullanıma uygun, kompakt tasarım",C,Krem,24,4.8,3328,Kampanyalı,Evet
EV-01107,İçecek Hazırlama,Filtre Kahve Makinesi,Russell Hobbs,Russell Hobbs Filtre Kahve Makinesi RUS-FIL-1107,3500,Teknosa,Premium,Günlük Kullanım,"1240 W, çelik gövde",B,Turuncu,24,4.5,12123,Stokta var,Evet
EV-01108,İçecek Hazırlama,Kapsüllü Kahve Makinesi,Tchibo,Tchibo Kapsüllü Kahve Makinesi TCH-KAP-1108,6300,Amazon Türkiye,Üst,Pratik Kullanım,"1762 W, otomatik kapanma",Belirtilmemiş,Mor,36,4.4,11832,Az stok,Evet
EV-01109,Mutfak,Tost Makinesi,Korkmaz,Korkmaz Tost Makinesi KOR-TOS-1109,5500,Hepsiburada,Giriş,Ev Kullanımı,"1501 W, günlük kullanıma uygun, kompakt tasarım",A+,Turuncu,24,3.9,5629,Stokta var,Evet
EV-01110,Hava Nemlendirici & Temizleyiciler,Hava Temizleyici,Philips,Philips Hava Temizleyici PHI-HAV-1110,6250,n11,Üst,Alerji,"UV-C filtre, 39 m² etki alanı",B,Inox,12,4.7,2501,Stokta var,Evet
EV-01111,Isıtma & Soğutma,Şofben & Termosifon,Beko,Beko Şofben & Termosifon BEK-ŞOF-1111,10850,Vatan Bilgisayar,Fiyat/Performans,Pratik Kullanım,"1487 W, günlük kullanıma uygun, kompakt tasarım",Belirtilmemiş,Krem,24,4.7,4286,Az stok,Evet
EV-01112,İçecek Hazırlama,Kapsüllü Kahve Makinesi,Krups,Krups Kapsüllü Kahve Makinesi KRU-KAP-1112,11400,Amazon Türkiye,Premium,Ev Kullanımı,"1759 W, otomatik kapanma",A,Lacivert,24,4.9,3031,Az stok,Evet
EV-01113,Evcil Hayvan Ürünleri,Kedi Köpek Tıraş Makinesi,Trixie,Trixie Kedi Köpek Tıraş Makinesi TRI-KED-1113,3750,Amazon Türkiye,Fiyat/Performans,Günlük Kullanım,"1715 W, günlük kullanıma uygun, kompakt tasarım",A,Mor,36,4.9,2313,Hızlı teslimat,Evet
EV-01114,İçecek Hazırlama,Espresso Kahve Makinesi,Krups,Krups Espresso Kahve Makinesi KRU-ESP-1114,5550,Teknosa,Fiyat/Performans,Günlük Kullanım,"1832 W, ısı ayarı",Belirtilmemiş,Turuncu,24,3.8,7178,Kampanyalı,Evet
EV-01115,Akıllı Ev Sistemleri,Akıllı Sensör,Xiaomi,Xiaomi Akıllı Sensör XIA-AKI-1115,750,Hepsiburada,Fiyat/Performans,Pratik Kullanım,"Wi-Fi/Bluetooth, mobil uygulama, Google Assistant uyumlu",Belirtilmemiş,Beyaz,12,5.0,1855,Hızlı teslimat,Evet
EV-01116,Akıllı Ev Sistemleri,Akıllı Termostat,Google Nest,Google Nest Akıllı Termostat GOO-AKI-1116,4350,n11,Premium,Pratik Kullanım,"Wi-Fi/Bluetooth, mobil uygulama, Google Assistant uyumlu",C,Lacivert,24,4.1,7408,Az stok,Evet
EV-01117,Evcil Hayvan Ürünleri,Otomatik Mama Kabı,Petcube,Petcube Otomatik Mama Kabı PET-OTO-1117,9850,Vatan Bilgisayar,Premium,Ev Kullanımı,"443 W, günlük kullanıma uygun, kompakt tasarım",A,Krem,24,4.7,12130,Hızlı teslimat,Evet
EV-01118,İçecek Hazırlama,Filtre Kahve Makinesi,Philips,Philips Filtre Kahve Makinesi PHI-FIL-1118,2200,MediaMarkt,Üst,Pratik Kullanım,"2181 W, ısı ayarı",B,Turuncu,24,4.0,3666,Kampanyalı,Evet
EV-01119,Akıllı Ev Sistemleri,Akıllı Priz,Xiaomi,Xiaomi Akıllı Priz XIA-AKI-1119,1500,Trendyol,Orta,Günlük Kullanım,"Wi-Fi/Bluetooth, mobil uygulama, Siri Shortcuts uyumlu",B,Siyah,24,4.2,1668,Kampanyalı,Evet
EV-01120,İçecek Hazırlama,Kapsüllü Kahve Makinesi,Krups,Krups Kapsüllü Kahve Makinesi KRU-KAP-1120,10250,Amazon Türkiye,Orta,Günlük Kullanım,"1668 W, ısı ayarı",A++,Inox,24,4.1,4978,Stokta var,Evet
EV-01121,Süpürgeler,Dikey Süpürge,Dreame,Dreame Dikey Süpürge DRE-DIK-1121,8800,Hepsiburada,Premium,Hızlı Temizlik,"2058 W motor, HEPA filtre, Kablolu",A,Mor,24,4.3,12203,Az stok,Evet
EV-01122,Ütüler,Buharlı Dikey Ütü,Xiaomi,Xiaomi Buharlı Dikey Ütü XIA-BUH-1122,4350,Trendyol,Giriş,Pratik Kullanım,"2728 W, 66 g/dk buhar, kireç önleme",A++,Inox,24,4.4,9489,Hızlı teslimat,Evet
EV-01123,Akıllı Ev Sistemleri,Akıllı Kapı Zili,Ring,Ring Akıllı Kapı Zili RIN-AKI-1123,10750,MediaMarkt,Üst,Pratik Kullanım,"Wi-Fi/Bluetooth, mobil uygulama, Alexa uyumlu",A,Krem,12,4.0,1502,Stokta var,Evet
EV-01124,Isıtma & Soğutma,Isıtıcı,Ufo,Ufo Isıtıcı UFO-ISI-1124,650,n11,Premium,Ev Kullanımı,"1138 W, günlük kullanıma uygun, kompakt tasarım",A+,Beyaz,36,4.3,1654,Kampanyalı,Evet
EV-01125,Mutfak,Blender,Braun,Braun Blender BRA-BLE-1125,1650,MediaMarkt,Premium,Pratik Kullanım,"1062 W, cam hazne",A++,Inox,24,3.8,4515,Stokta var,Evet
EV-01126,Süpürgeler,Dikey Süpürge,Fakir,Fakir Dikey Süpürge FAK-DIK-1126,10450,Amazon Türkiye,Orta,Hızlı Temizlik,"2942 W motor, HEPA filtre, Kablolu",A+,Mor,24,4.4,653,Hızlı teslimat,Evet
EV-01127,Süpürgeler,Toz Torbasız Süpürge,Bosch,Bosch Toz Torbasız Süpürge BOS-TOZ-1127,14750,Amazon Türkiye,Orta,Günlük Kullanım,"1995 W motor, HEPA filtre, Kablosuz",A+++,Turuncu,24,4.8,10970,Kampanyalı,Evet
EV-01128,Isıtma & Soğutma,Klima,Samsung,Samsung Klima SAM-KLI-1128,42150,Teknosa,Fiyat/Performans,Isıtma,"9000 BTU, inverter, Wi-Fi yok",A+++,Gri,36,3.8,438,Stokta var,Evet
EV-01129,Aydınlatma Ürünleri,Akıllı Ampul,Wiz,Wiz Akıllı Ampul WIZ-AKI-1129,1300,Hepsiburada,Orta,Günlük Kullanım,"Wi-Fi/Bluetooth, mobil uygulama, Alexa uyumlu",A+++,Beyaz,36,3.8,3663,Hızlı teslimat,Evet
EV-01130,Isıtma & Soğutma,Vantilatör,Kiwi,Kiwi Vantilatör KIW-VAN-1130,6100,n11,Orta,Günlük Kullanım,"1037 W, günlük kullanıma uygun, kompakt tasarım",A,Turuncu,24,4.5,10449,Az stok,Evet
EV-01131,Mutfak,Su Arıtma,İhlas,İhlas Su Arıtma IHL-SU -1131,15300,Vatan Bilgisayar,Üst,Ev Kullanımı,"1409 W, günlük kullanıma uygun, kompakt tasarım",C,Inox,24,4.6,1594,Az stok,Evet
EV-01132,Hava Nemlendirici & Temizleyiciler,Hava Temizleyici & Nemlendirici,Philips,Philips Hava Temizleyici & Nemlendirici PHI-HAV-1132,11800,Amazon Türkiye,Orta,Pratik Kullanım,"Aktif karbon filtre, 38 m² etki alanı",B,Beyaz,24,3.9,1568,Az stok,Evet
EV-01133,Mutfak,Doğrayıcı & Rondo,Fakir,Fakir Doğrayıcı & Rondo FAK-DOĞ-1133,5150,Teknosa,Üst,Pratik Kullanım,"1464 W, çoklu hız ayarı",B,Krem,24,4.7,7586,Kampanyalı,Evet
EV-01134,Isıtma & Soğutma,Kombi,Demirdöküm,Demirdöküm Kombi DEM-KOM-1134,50850,Vatan Bilgisayar,Orta,Sıcak Su,"21 kW, yoğuşmalı, dijital ekran",Belirtilmemiş,Inox,24,4.7,575,Stokta var,Evet
EV-01135,Süpürgeler,Islak Kuru Süpürge,Bissell,Bissell Islak Kuru Süpürge BIS-ISL-1135,2850,Trendyol,Orta,Pratik Kullanım,"2469 W motor, Siklon filtre, Kablolu",A++,Mor,36,4.3,206,Az stok,Evet
EV-01136,Isıtma & Soğutma,Isıtıcı,Luxell,Luxell Isıtıcı LUX-ISI-1136,3950,MediaMarkt,Fiyat/Performans,Pratik Kullanım,"1973 W, günlük kullanıma uygun, kompakt tasarım",B,Lacivert,24,3.9,4591,Az stok,Evet
EV-01137,Mutfak,Doğrayıcı & Rondo,Karaca,Karaca Doğrayıcı & Rondo KAR-DOĞ-1137,3600,MediaMarkt,Fiyat/Performans,Ev Kullanımı,"1463 W, çelik bıçak",A+++,Lacivert,36,4.6,10959,Stokta var,Evet
EV-01138,Aydınlatma Ürünleri,Akıllı Ampul,Xiaomi,Xiaomi Akıllı Ampul XIA-AKI-1138,850,MediaMarkt,Orta,Pratik Kullanım,"Wi-Fi/Bluetooth, mobil uygulama, Siri Shortcuts uyumlu",A+,Gri,24,4.8,1985,Kampanyalı,Evet
EV-01139,Isıtma & Soğutma,Şofben & Termosifon,Bosch,Bosch Şofben & Termosifon BOS-ŞOF-1139,16650,n11,Giriş,Ev Kullanımı,"2079 W, günlük kullanıma uygun, kompakt tasarım",B,Inox,24,5.0,3006,Az stok,Evet
EV-01140,İçecek Hazırlama,Filtre Kahve Makinesi,Tefal,Tefal Filtre Kahve Makinesi TEF-FIL-1140,5450,Vatan Bilgisayar,Üst,Pratik Kullanım,"1886 W, çelik gövde",A+++,Lacivert,12,4.5,2501,Az stok,Evet
EV-01141,Evcil Hayvan Ürünleri,Akıllı Kedi Tuvaleti,Pawbby,Pawbby Akıllı Kedi Tuvaleti PAW-AKI-1141,18500,Trendyol,Üst,Pratik Kullanım,"Wi-Fi/Bluetooth, mobil uygulama, Siri Shortcuts uyumlu",Belirtilmemiş,Inox,24,3.9,2728,Hızlı teslimat,Evet
EV-01142,Süpürgeler,Halı Yıkama Makinesi,Arzum,Arzum Halı Yıkama Makinesi ARZ-HAL-1142,5750,Teknosa,Premium,Ev Kullanımı,"1375 W, günlük kullanıma uygun, kompakt tasarım",A,Lacivert,24,4.3,8563,Kampanyalı,Evet
EV-01143,İçecek Hazırlama,Kahve Makinesi,Philips,Philips Kahve Makinesi PHI-KAH-1143,4100,Amazon Türkiye,Fiyat/Performans,Pratik Kullanım,"2016 W, otomatik kapanma",A+++,Mor,24,4.2,12032,Az stok,Evet
EV-01144,Hava Nemlendirici & Temizleyiciler,Hava Temizleyici,Philips,Philips Hava Temizleyici PHI-HAV-1144,14900,n11,Premium,Hava Kalitesi,"UV-C filtre, 32 m² etki alanı",A++,Lacivert,24,4.0,6880,Az stok,Evet
EV-01145,Mutfak,Tost Makinesi,Karaca,Karaca Tost Makinesi KAR-TOS-1145,5800,Amazon Türkiye,Giriş,Günlük Kullanım,"821 W, günlük kullanıma uygun, kompakt tasarım",A,Gri,24,4.7,11030,Kampanyalı,Evet
EV-01146,İçecek Hazırlama,Kahve Makinesi,Delonghi,Delonghi Kahve Makinesi DEL-KAH-1146,2400,Teknosa,Fiyat/Performans,Pratik Kullanım,"1764 W, otomatik kapanma",C,Turuncu,24,4.4,10313,Stokta var,Evet
EV-01147,Aydınlatma Ürünleri,Akıllı Ampul,Yeelight,Yeelight Akıllı Ampul YEE-AKI-1147,3150,Hepsiburada,Orta,Pratik Kullanım,"Wi-Fi/Bluetooth, mobil uygulama, Alexa uyumlu",A+,Siyah,36,4.9,12372,Kampanyalı,Evet
EV-01148,Süpürgeler,Robot Süpürge,Viomi,Viomi Robot Süpürge VIO-ROB-1148,29350,Vatan Bilgisayar,Premium,Evcil Hayvanlı Ev,"Kamera navigasyon, 4884 Pa emiş, 147 dk çalışma",B,Beyaz,24,4.0,11643,Kampanyalı,Evet
EV-01149,Mutfak,Mikser,Karaca,Karaca Mikser KAR-MIK-1149,3650,MediaMarkt,Premium,Ev Kullanımı,"964 W, çelik bıçak",C,Lacivert,36,3.9,1738,Kampanyalı,Evet
EV-01150,Ütüler,Buharlı Ütü,Philips,Philips Buharlı Ütü PHI-BUH-1150,850,Amazon Türkiye,Giriş,Pratik Kullanım,"2706 W, 91 g/dk buhar, kireç önleme",B,Mor,24,4.8,3992,Stokta var,Evet
EV-01151,Hava Nemlendirici & Temizleyiciler,Hava Nemlendirici,Fakir,Fakir Hava Nemlendirici FAK-HAV-1151,8550,MediaMarkt,Fiyat/Performans,Ev Kullanımı,"HEPA H13 filtre, 58 m² etki alanı",A+++,Beyaz,12,4.5,10952,Stokta var,Evet
EV-01152,Süpürgeler,Robot Süpürge,Philips,Philips Robot Süpürge PHI-ROB-1152,17700,Vatan Bilgisayar,Üst,Akıllı Ev,"Kamera navigasyon, 2826 Pa emiş, 178 dk çalışma",C,Turuncu,36,4.6,9907,Stokta var,Evet
EV-01153,Isıtma & Soğutma,Klima,LG,LG Klima LG-KLI-1153,83500,Trendyol,Giriş,Ev Konforu,"18000 BTU, inverter, Wi-Fi var",A+,Mor,24,4.5,410,Hızlı teslimat,Evet
EV-01154,Mutfak,Doğrayıcı & Rondo,Karaca,Karaca Doğrayıcı & Rondo KAR-DOĞ-1154,4850,Teknosa,Üst,Ev Kullanımı,"1313 W, cam hazne",A+,Turuncu,24,5.0,4089,Az stok,Evet
EV-01155,Süpürgeler,Koltuk Yıkama Makinesi,Kiwi,Kiwi Koltuk Yıkama Makinesi KIW-KOL-1155,23200,Amazon Türkiye,Fiyat/Performans,Ev Kullanımı,"1999 W, günlük kullanıma uygun, kompakt tasarım",Belirtilmemiş,Gri,36,4.2,6590,Stokta var,Evet
EV-01156,Mutfak,Dondurma Makinesi,Arzum,Arzum Dondurma Makinesi ARZ-DON-1156,18250,Amazon Türkiye,Fiyat/Performans,Ev Kullanımı,"2097 W, günlük kullanıma uygun, kompakt tasarım",A+,Beyaz,24,4.8,3743,Hızlı teslimat,Evet
EV-01157,Mutfak,Su Arıtma,Aqua,Aqua Su Arıtma AQU-SU -1157,14200,n11,Orta,Pratik Kullanım,"1394 W, günlük kullanıma uygun, kompakt tasarım",A+,Lacivert,36,4.3,4351,Kampanyalı,Evet
EV-01158,Süpürgeler,Toz Torbalı Süpürge,Philips,Philips Toz Torbalı Süpürge PHI-TOZ-1158,9950,Hepsiburada,Giriş,Pratik Kullanım,"2795 W motor, Siklon filtre, Kablosuz",A,Beyaz,24,4.0,5102,Stokta var,Evet
EV-01159,İçecek Hazırlama,Çay Makinesi,Korkmaz,Korkmaz Çay Makinesi KOR-ÇAY-1159,4500,n11,Premium,Ev Kullanımı,"1891 W, ısı ayarı",A,Gri,36,4.1,11744,Stokta var,Evet
EV-01160,Mutfak,Airfryer,Arzum,Arzum Airfryer ARZ-AIR-1160,16350,Teknosa,Giriş,Sağlıklı Pişirme,"5 L hazne, 1761 W, sıcak hava teknolojisi",A++,Krem,24,5.0,7265,Hızlı teslimat,Evet
EV-01161,Mutfak,Blender,Bosch,Bosch Blender BOS-BLE-1161,3400,Trendyol,Orta,Günlük Kullanım,"425 W, çelik bıçak",A++,Siyah,12,4.3,3553,Hızlı teslimat,Evet
EV-01162,Isıtma & Soğutma,Şofben & Termosifon,Bosch,Bosch Şofben & Termosifon BOS-ŞOF-1162,16700,Vatan Bilgisayar,Fiyat/Performans,Pratik Kullanım,"1589 W, günlük kullanıma uygun, kompakt tasarım",A,Mor,24,4.0,3063,Kampanyalı,Evet
EV-01163,Mutfak,Doğrayıcı & Rondo,Tefal,Tefal Doğrayıcı & Rondo TEF-DOĞ-1163,2850,Trendyol,Üst,Günlük Kullanım,"675 W, çelik bıçak",Belirtilmemiş,Inox,12,4.2,5865,Az stok,Evet
EV-01164,İçecek Hazırlama,Su Isıtıcı & Kettle,Russell Hobbs,Russell Hobbs Su Isıtıcı & Kettle RUS-SU -1164,3400,Teknosa,Fiyat/Performans,Günlük Kullanım,"1513 W, çelik gövde",C,Inox,36,3.9,9912,Kampanyalı,Evet
EV-01165,Akıllı Ev Sistemleri,Akıllı Priz,TP-Link,TP-Link Akıllı Priz TP--AKI-1165,3200,MediaMarkt,Fiyat/Performans,Günlük Kullanım,"Wi-Fi/Bluetooth, mobil uygulama, Google Assistant uyumlu",A+++,Turuncu,12,4.4,7161,Stokta var,Evet
EV-01166,Ütüler,Buharlı Ütü,Braun,Braun Buharlı Ütü BRA-BUH-1166,2550,Amazon Türkiye,Giriş,Ev Kullanımı,"2783 W, 99 g/dk buhar, kireç önleme",C,Siyah,12,4.2,11792,Hızlı teslimat,Evet
EV-01167,Isıtma & Soğutma,Kombi,Ariston,Ariston Kombi ARI-KOM-1167,56100,MediaMarkt,Orta,Sıcak Su,"29 kW, yoğuşmalı, dijital ekran",A+,Inox,12,4.1,7422,Hızlı teslimat,Evet
EV-01168,Süpürgeler,Islak Kuru Süpürge,Bosch,Bosch Islak Kuru Süpürge BOS-ISL-1168,19400,Teknosa,Fiyat/Performans,Günlük Kullanım,"1967 W motor, Yıkanabilir filtre, Kablosuz",Belirtilmemiş,Beyaz,12,4.8,10002,Stokta var,Evet
EV-01169,Aydınlatma Ürünleri,Masa & Gece Lambası,Benks,Benks Masa & Gece Lambası BEN-MAS-1169,4950,Amazon Türkiye,Orta,Günlük Kullanım,"RGB, 5 W, dimmer destekli",C,Turuncu,24,4.0,9870,Kampanyalı,Evet
EV-01170,İçecek Hazırlama,Çay Makinesi,Arçelik,Arçelik Çay Makinesi ARÇ-ÇAY-1170,3250,Amazon Türkiye,Fiyat/Performans,Ev Kullanımı,"1580 W, çelik gövde",A,Gri,24,4.9,6362,Az stok,Evet
EV-01171,İçecek Hazırlama,Su Isıtıcı & Kettle,Karaca,Karaca Su Isıtıcı & Kettle KAR-SU -1171,2650,Amazon Türkiye,Orta,Ev Kullanımı,"985 W, otomatik kapanma",A+,Mor,24,4.3,4143,Az stok,Evet
EV-01172,Ütüler,Buharlı Ütü,Bosch,Bosch Buharlı Ütü BOS-BUH-1172,1700,MediaMarkt,Üst,Ev Kullanımı,"2220 W, 50 g/dk buhar, kireç önleme",B,Siyah,24,4.7,8598,Stokta var,Evet
EV-01173,Süpürgeler,Toz Torbalı Süpürge,Bosch,Bosch Toz Torbalı Süpürge BOS-TOZ-1173,15200,Hepsiburada,Giriş,Günlük Kullanım,"2826 W motor, Yıkanabilir filtre, Kablolu",Belirtilmemiş,Beyaz,24,4.2,5032,Az stok,Evet
EV-01174,Akıllı Ev Sistemleri,Akıllı Sensör,Bosch,Bosch Akıllı Sensör BOS-AKI-1174,3450,Vatan Bilgisayar,Orta,Günlük Kullanım,"Wi-Fi/Bluetooth, mobil uygulama, Siri Shortcuts uyumlu",A++,Lacivert,12,4.1,5671,Az stok,Evet
EV-01175,Isıtma & Soğutma,Şofben & Termosifon,Ariston,Ariston Şofben & Termosifon ARI-ŞOF-1175,24150,Vatan Bilgisayar,Orta,Günlük Kullanım,"1674 W, günlük kullanıma uygun, kompakt tasarım",A+++,Beyaz,24,4.0,7307,Kampanyalı,Evet
EV-01176,İçecek Hazırlama,Su Isıtıcı & Kettle,Karaca,Karaca Su Isıtıcı & Kettle KAR-SU -1176,1550,Vatan Bilgisayar,Fiyat/Performans,Ev Kullanımı,"1195 W, çelik gövde",A++,Lacivert,36,4.0,1648,Hızlı teslimat,Evet
EV-01177,Isıtma & Soğutma,Şofben & Termosifon,Arçelik,Arçelik Şofben & Termosifon ARÇ-ŞOF-1177,19600,Hepsiburada,Fiyat/Performans,Günlük Kullanım,"890 W, günlük kullanıma uygun, kompakt tasarım",Belirtilmemiş,Turuncu,24,4.2,6006,Hızlı teslimat,Evet
EV-01178,İçecek Hazırlama,Türk Kahve Makinesi,Karaca,Karaca Türk Kahve Makinesi KAR-TÜR-1178,1050,n11,Premium,Pratik Kullanım,"2010 W, otomatik kapanma",Belirtilmemiş,Beyaz,24,4.8,10822,Hızlı teslimat,Evet
EV-01179,Aydınlatma Ürünleri,Akıllı Ampul,Yeelight,Yeelight Akıllı Ampul YEE-AKI-1179,1500,Teknosa,Üst,Ev Kullanımı,"Wi-Fi/Bluetooth, mobil uygulama, Siri Shortcuts uyumlu",A,Mor,36,4.0,3259,Hızlı teslimat,Evet
EV-01180,İçecek Hazırlama,Çay Makinesi,Arzum,Arzum Çay Makinesi ARZ-ÇAY-1180,850,Hepsiburada,Premium,Pratik Kullanım,"1596 W, ısı ayarı",A,Krem,24,4.2,7946,Stokta var,Evet
EV-01181,Süpürgeler,Halı Yıkama Makinesi,Karcher,Karcher Halı Yıkama Makinesi KAR-HAL-1181,12350,Amazon Türkiye,Fiyat/Performans,Günlük Kullanım,"1712 W, günlük kullanıma uygun, kompakt tasarım",A+,Siyah,12,4.9,8908,Stokta var,Evet
EV-01182,İçecek Hazırlama,Espresso Kahve Makinesi,Siemens,Siemens Espresso Kahve Makinesi SIE-ESP-1182,22200,Teknosa,Orta,Pratik Kullanım,"1688 W, çelik gövde",B,Gri,12,5.0,874,Kampanyalı,Evet
EV-01183,Evcil Hayvan Ürünleri,Kedi Köpek Tıraş Makinesi,Fakir,Fakir Kedi Köpek Tıraş Makinesi FAK-KED-1183,3200,MediaMarkt,Giriş,Pratik Kullanım,"1055 W, günlük kullanıma uygun, kompakt tasarım",A+++,Inox,36,4.9,3645,Az stok,Evet
EV-01184,Akıllı Ev Sistemleri,Akıllı Priz,Sonoff,Sonoff Akıllı Priz SON-AKI-1184,350,MediaMarkt,Giriş,Günlük Kullanım,"Wi-Fi/Bluetooth, mobil uygulama, Alexa uyumlu",A+++,Inox,24,4.0,11309,Az stok,Evet
EV-01185,Ütüler,Buharlı Dikey Ütü,Tefal,Tefal Buharlı Dikey Ütü TEF-BUH-1185,10700,Hepsiburada,Premium,Günlük Kullanım,"2836 W, 101 g/dk buhar, kireç önleme",A,Krem,24,4.0,9824,Kampanyalı,Evet
EV-01186,Isıtma & Soğutma,Vantilatör,Rowenta,Rowenta Vantilatör ROW-VAN-1186,600,n11,Premium,Günlük Kullanım,"2072 W, günlük kullanıma uygun, kompakt tasarım",Belirtilmemiş,Turuncu,24,4.3,4571,Stokta var,Evet
EV-01187,Akıllı Ev Sistemleri,Akıllı Sensör,Sonoff,Sonoff Akıllı Sensör SON-AKI-1187,550,Trendyol,Premium,Günlük Kullanım,"Wi-Fi/Bluetooth, mobil uygulama, Siri Shortcuts uyumlu",A+++,Beyaz,24,4.6,3668,Hızlı teslimat,Evet
EV-01188,İçecek Hazırlama,Kapsüllü Kahve Makinesi,Tchibo,Tchibo Kapsüllü Kahve Makinesi TCH-KAP-1188,15900,Trendyol,Üst,Pratik Kullanım,"1615 W, ısı ayarı",B,Krem,24,4.9,4217,Kampanyalı,Evet
EV-01189,İçecek Hazırlama,Su Isıtıcı & Kettle,Philips,Philips Su Isıtıcı & Kettle PHI-SU -1189,2900,Hepsiburada,Orta,Günlük Kullanım,"1060 W, çelik gövde",A+++,Turuncu,36,4.5,8173,Stokta var,Evet
EV-01190,Süpürgeler,Robot Süpürge,Xiaomi,Xiaomi Robot Süpürge XIA-ROB-1190,7400,Trendyol,Premium,Ev Temizliği,"Lidar navigasyon, 6071 Pa emiş, 184 dk çalışma",A,Gri,36,3.9,11379,Stokta var,Evet
EV-01191,Evcil Hayvan Ürünleri,Akıllı Su Pınarı,Kiwi,Kiwi Akıllı Su Pınarı KIW-AKI-1191,3200,Amazon Türkiye,Orta,Günlük Kullanım,"Wi-Fi/Bluetooth, mobil uygulama, Google Assistant uyumlu",A+,Krem,24,4.2,9334,Kampanyalı,Evet
EV-01192,Isıtma & Soğutma,Isıtıcı,Kumtel,Kumtel Isıtıcı KUM-ISI-1192,8800,MediaMarkt,Giriş,Pratik Kullanım,"530 W, günlük kullanıma uygun, kompakt tasarım",A++,Gri,24,4.3,4795,Kampanyalı,Evet
EV-01193,Evcil Hayvan Ürünleri,Akıllı Su Pınarı,Trixie,Trixie Akıllı Su Pınarı TRI-AKI-1193,1100,Hepsiburada,Premium,Pratik Kullanım,"Wi-Fi/Bluetooth, mobil uygulama, Alexa uyumlu",B,Gri,24,4.8,9872,Kampanyalı,Evet
EV-01194,İçecek Hazırlama,Espresso Kahve Makinesi,Delonghi,Delonghi Espresso Kahve Makinesi DEL-ESP-1194,37550,MediaMarkt,Giriş,Pratik Kullanım,"1147 W, çelik gövde",A+,Lacivert,24,4.4,301,Az stok,Evet
EV-01195,İçecek Hazırlama,Su Isıtıcı & Kettle,Tefal,Tefal Su Isıtıcı & Kettle TEF-SU -1195,1850,MediaMarkt,Giriş,Ev Kullanımı,"1961 W, otomatik kapanma",Belirtilmemiş,Inox,24,3.8,972,Stokta var,Evet
EV-01196,İçecek Hazırlama,Filtre Kahve Makinesi,Fakir,Fakir Filtre Kahve Makinesi FAK-FIL-1196,3800,Amazon Türkiye,Fiyat/Performans,Pratik Kullanım,"1592 W, ısı ayarı",C,Inox,36,4.3,11248,Kampanyalı,Evet
EV-01197,Ütüler,Buharlı Ütü,Bosch,Bosch Buharlı Ütü BOS-BUH-1197,6500,Trendyol,Premium,Günlük Kullanım,"2347 W, 108 g/dk buhar, kireç önleme",C,Gri,36,4.3,5915,Kampanyalı,Evet
EV-01198,Süpürgeler,Toz Torbalı Süpürge,Arçelik,Arçelik Toz Torbalı Süpürge ARÇ-TOZ-1198,2200,n11,Premium,Ev Kullanımı,"2180 W motor, Yıkanabilir filtre, Kablosuz",A,Gri,24,4.2,712,Az stok,Evet
EV-01199,Isıtma & Soğutma,Klima,LG,LG Klima LG-KLI-1199,57750,Amazon Türkiye,Premium,Isıtma,"18000 BTU, inverter, Wi-Fi yok",A+,Mor,24,4.3,6379,Az stok,Evet
EV-01200,Mutfak,Mikser,Fakir,Fakir Mikser FAK-MIK-1200,5050,Vatan Bilgisayar,Orta,Pratik Kullanım,"1144 W, çelik bıçak",B,Mor,24,4.0,11963,Kampanyalı,Evet
EV-01201,Süpürgeler,Koltuk Yıkama Makinesi,Arnica,Arnica Koltuk Yıkama Makinesi ARN-KOL-1201,7100,Hepsiburada,Premium,Ev Kullanımı,"2105 W, günlük kullanıma uygun, kompakt tasarım",Belirtilmemiş,Mor,24,4.5,7425,Az stok,Evet
EV-01202,Süpürgeler,Koltuk Yıkama Makinesi,Fakir,Fakir Koltuk Yıkama Makinesi FAK-KOL-1202,17600,Amazon Türkiye,Orta,Ev Kullanımı,"769 W, günlük kullanıma uygun, kompakt tasarım",A,Siyah,24,4.3,8493,Hızlı teslimat,Evet
EV-01203,Akıllı Ev Sistemleri,Akıllı Priz,Sonoff,Sonoff Akıllı Priz SON-AKI-1203,1400,Amazon Türkiye,Üst,Pratik Kullanım,"Wi-Fi/Bluetooth, mobil uygulama, Alexa uyumlu",B,Inox,24,4.6,2568,Hızlı teslimat,Evet
EV-01204,Mutfak,Su Arıtma,Brita,Brita Su Arıtma BRI-SU -1204,7750,n11,Orta,Pratik Kullanım,"1963 W, günlük kullanıma uygun, kompakt tasarım",B,Siyah,24,4.9,5195,Stokta var,Evet
EV-01205,İçecek Hazırlama,Çay Makinesi,Arçelik,Arçelik Çay Makinesi ARÇ-ÇAY-1205,750,Teknosa,Giriş,Ev Kullanımı,"1215 W, çelik gövde",A++,Inox,24,4.8,5148,Stokta var,Evet
EV-01206,Ütüler,Buhar Kazanlı Ütü,Arçelik,Arçelik Buhar Kazanlı Ütü ARÇ-BUH-1206,11050,n11,Fiyat/Performans,Pratik Kullanım,"2379 W, 109 g/dk buhar, kireç önleme",A+,Beyaz,12,4.3,5562,Az stok,Evet
EV-01207,Süpürgeler,Islak Kuru Süpürge,Fakir,Fakir Islak Kuru Süpürge FAK-ISL-1207,12600,Vatan Bilgisayar,Giriş,Günlük Kullanım,"2800 W motor, Yıkanabilir filtre, Kablolu",C,Krem,24,4.9,6727,Stokta var,Evet
EV-01208,Evcil Hayvan Ürünleri,Akıllı Su Pınarı,Petkit,Petkit Akıllı Su Pınarı PET-AKI-1208,6450,n11,Giriş,Ev Kullanımı,"Wi-Fi/Bluetooth, mobil uygulama, Alexa uyumlu",A,Gri,24,3.8,6256,Kampanyalı,Evet
EV-01209,Isıtma & Soğutma,Şofben & Termosifon,Demirdöküm,Demirdöküm Şofben & Termosifon DEM-ŞOF-1209,17100,MediaMarkt,Orta,Pratik Kullanım,"1560 W, günlük kullanıma uygun, kompakt tasarım",A+,Lacivert,24,4.9,8072,Kampanyalı,Evet
EV-01210,İçecek Hazırlama,Kapsüllü Kahve Makinesi,Tchibo,Tchibo Kapsüllü Kahve Makinesi TCH-KAP-1210,5650,Teknosa,Fiyat/Performans,Günlük Kullanım,"2169 W, otomatik kapanma",C,Lacivert,24,4.6,2464,Stokta var,Evet
EV-01211,Ütüler,Buharlı Ütü,Fakir,Fakir Buharlı Ütü FAK-BUH-1211,7000,Vatan Bilgisayar,Giriş,Günlük Kullanım,"2573 W, 99 g/dk buhar, kireç önleme",A++,Krem,12,4.9,6859,Stokta var,Evet
EV-01212,Hava Nemlendirici & Temizleyiciler,Hava Nemlendirici,Weewell,Weewell Hava Nemlendirici WEE-HAV-1212,2900,Amazon Türkiye,Giriş,Ev Kullanımı,"Aktif karbon filtre, 47 m² etki alanı",A+,Siyah,24,4.1,5038,Hızlı teslimat,Evet
EV-01213,Evcil Hayvan Ürünleri,Akıllı Su Pınarı,Xiaomi,Xiaomi Akıllı Su Pınarı XIA-AKI-1213,5050,Hepsiburada,Fiyat/Performans,Günlük Kullanım,"Wi-Fi/Bluetooth, mobil uygulama, Siri Shortcuts uyumlu",B,Siyah,24,4.0,10241,Hızlı teslimat,Evet
EV-01214,Süpürgeler,Halı Yıkama Makinesi,Bissell,Bissell Halı Yıkama Makinesi BIS-HAL-1214,14200,Hepsiburada,Premium,Pratik Kullanım,"1168 W, günlük kullanıma uygun, kompakt tasarım",A+,Lacivert,12,4.6,4443,Hızlı teslimat,Evet
EV-01215,Isıtma & Soğutma,Vantilatör,Rowenta,Rowenta Vantilatör ROW-VAN-1215,4850,Teknosa,Orta,Günlük Kullanım,"1401 W, günlük kullanıma uygun, kompakt tasarım",A+,Krem,24,4.7,9065,Hızlı teslimat,Evet
EV-01216,Evcil Hayvan Ürünleri,Akıllı Su Pınarı,Xiaomi,Xiaomi Akıllı Su Pınarı XIA-AKI-1216,4850,Hepsiburada,Fiyat/Performans,Günlük Kullanım,"Wi-Fi/Bluetooth, mobil uygulama, Google Assistant uyumlu",A+++,Gri,24,3.8,2120,Stokta var,Evet
EV-01217,Süpürgeler,Islak Kuru Süpürge,Bosch,Bosch Islak Kuru Süpürge BOS-ISL-1217,22500,n11,Orta,Günlük Kullanım,"555 W motor, Yıkanabilir filtre, Kablolu",Belirtilmemiş,Beyaz,24,3.9,1250,Hızlı teslimat,Evet
EV-01218,Akıllı Ev Sistemleri,Akıllı Sensör,Tapo,Tapo Akıllı Sensör TAP-AKI-1218,950,Hepsiburada,Fiyat/Performans,Günlük Kullanım,"Wi-Fi/Bluetooth, mobil uygulama, Siri Shortcuts uyumlu",A+++,Gri,24,3.9,2287,Stokta var,Evet
EV-01219,İçecek Hazırlama,Kahve Makinesi,Karaca,Karaca Kahve Makinesi KAR-KAH-1219,3850,Hepsiburada,Orta,Ev Kullanımı,"2080 W, çelik gövde",A++,Turuncu,24,4.7,6353,Hızlı teslimat,Evet
EV-01220,Akıllı Ev Sistemleri,Akıllı Kapı Zili,Ezviz,Ezviz Akıllı Kapı Zili EZV-AKI-1220,7200,Amazon Türkiye,Üst,Ev Kullanımı,"Wi-Fi/Bluetooth, mobil uygulama, Google Assistant uyumlu",B,Siyah,24,4.6,1018,Az stok,Evet
EV-01221,Süpürgeler,Halı Yıkama Makinesi,Arzum,Arzum Halı Yıkama Makinesi ARZ-HAL-1221,8150,Vatan Bilgisayar,Fiyat/Performans,Günlük Kullanım,"1839 W, günlük kullanıma uygun, kompakt tasarım",Belirtilmemiş,Beyaz,24,5.0,11483,Az stok,Evet
EV-01222,Mutfak,Su Arıtma,Beko,Beko Su Arıtma BEK-SU -1222,5650,Amazon Türkiye,Premium,Pratik Kullanım,"1244 W, günlük kullanıma uygun, kompakt tasarım",B,Krem,24,4.8,4876,Hızlı teslimat,Evet
EV-01223,Mutfak,Doğrayıcı & Rondo,Karaca,Karaca Doğrayıcı & Rondo KAR-DOĞ-1223,5200,Vatan Bilgisayar,Orta,Ev Kullanımı,"976 W, cam hazne",A+++,Siyah,24,3.8,11213,Hızlı teslimat,Evet
EV-01224,Ütüler,Buharlı Ütü,Bosch,Bosch Buharlı Ütü BOS-BUH-1224,1450,n11,Fiyat/Performans,Pratik Kullanım,"2982 W, 149 g/dk buhar, kireç önleme",A+++,Beyaz,24,4.8,1324,Kampanyalı,Evet
EV-01225,Evcil Hayvan Ürünleri,Akıllı Kedi Tuvaleti,Pawbby,Pawbby Akıllı Kedi Tuvaleti PAW-AKI-1225,44700,Vatan Bilgisayar,Giriş,Ev Kullanımı,"Wi-Fi/Bluetooth, mobil uygulama, Alexa uyumlu",C,Turuncu,24,4.1,5242,Hızlı teslimat,Evet
EV-01226,Mutfak,Meyve Sıkacağı,Fakir,Fakir Meyve Sıkacağı FAK-MEY-1226,4900,Amazon Türkiye,Fiyat/Performans,Günlük Kullanım,"487 W, çoklu hız ayarı",A+,Mor,36,4.0,9636,Hızlı teslimat,Evet
EV-01227,Mutfak,Su Arıtma,Brita,Brita Su Arıtma BRI-SU -1227,13350,MediaMarkt,Premium,Ev Kullanımı,"1259 W, günlük kullanıma uygun, kompakt tasarım",A+++,Gri,24,4.0,12104,Hızlı teslimat,Evet
EV-01228,Akıllı Ev Sistemleri,Akıllı Sensör,Aqara,Aqara Akıllı Sensör AQA-AKI-1228,2850,Hepsiburada,Üst,Günlük Kullanım,"Wi-Fi/Bluetooth, mobil uygulama, Google Assistant uyumlu",B,Gri,24,4.3,10857,Stokta var,Evet
EV-01229,İçecek Hazırlama,Filtre Kahve Makinesi,Arzum,Arzum Filtre Kahve Makinesi ARZ-FIL-1229,3800,Teknosa,Orta,Ev Kullanımı,"1603 W, otomatik kapanma",A+,Krem,24,4.2,370,Az stok,Evet
EV-01230,Hava Nemlendirici & Temizleyiciler,Hava Nemlendirici,Fakir,Fakir Hava Nemlendirici FAK-HAV-1230,10050,MediaMarkt,Premium,Ev Kullanımı,"UV-C filtre, 23 m² etki alanı",A+,Beyaz,24,4.3,2633,Kampanyalı,Evet
EV-01231,Hava Nemlendirici & Temizleyiciler,Hava Temizleyici,Samsung,Samsung Hava Temizleyici SAM-HAV-1231,17300,Trendyol,Orta,Alerji,"Aktif karbon filtre, 51 m² etki alanı",A+++,Krem,24,4.4,8112,Kampanyalı,Evet
EV-01232,Akıllı Ev Sistemleri,Akıllı Sensör,Tapo,Tapo Akıllı Sensör TAP-AKI-1232,4250,Vatan Bilgisayar,Premium,Pratik Kullanım,"Wi-Fi/Bluetooth, mobil uygulama, Alexa uyumlu",A+,Lacivert,24,3.9,2135,Kampanyalı,Evet
EV-01233,Akıllı Ev Sistemleri,Akıllı Priz,Meross,Meross Akıllı Priz MER-AKI-1233,700,MediaMarkt,Giriş,Günlük Kullanım,"Wi-Fi/Bluetooth, mobil uygulama, Alexa uyumlu",C,Inox,24,4.2,4047,Hızlı teslimat,Evet
EV-01234,Mutfak,Tost Makinesi,Korkmaz,Korkmaz Tost Makinesi KOR-TOS-1234,5050,n11,Fiyat/Performans,Günlük Kullanım,"1059 W, günlük kullanıma uygun, kompakt tasarım",Belirtilmemiş,Inox,12,4.2,3199,Az stok,Evet
EV-01235,Mutfak,Mikser,Philips,Philips Mikser PHI-MIK-1235,4100,Hepsiburada,Premium,Ev Kullanımı,"703 W, çoklu hız ayarı",A+,Beyaz,12,4.2,1581,Hızlı teslimat,Evet
EV-01236,Isıtma & Soğutma,Isıtıcı,Luxell,Luxell Isıtıcı LUX-ISI-1236,4000,MediaMarkt,Giriş,Ev Kullanımı,"1857 W, günlük kullanıma uygun, kompakt tasarım",A++,Lacivert,24,4.3,3180,Hızlı teslimat,Evet
EV-01237,Mutfak,Mikser,Fakir,Fakir Mikser FAK-MIK-1237,4550,Teknosa,Giriş,Ev Kullanımı,"1550 W, cam hazne",Belirtilmemiş,Krem,24,4.2,10183,Hızlı teslimat,Evet
EV-01238,Mutfak,Su Arıtma,Aqua,Aqua Su Arıtma AQU-SU -1238,15200,n11,Orta,Pratik Kullanım,"1639 W, günlük kullanıma uygun, kompakt tasarım",A+++,Krem,24,4.8,3098,Az stok,Evet
EV-01239,Aydınlatma Ürünleri,Masa & Gece Lambası,Ikea,Ikea Masa & Gece Lambası IKE-MAS-1239,2100,n11,Orta,Günlük Kullanım,"Sıcak beyaz, 13 W, dimmer destekli",A++,Gri,24,4.3,11494,Stokta var,Evet
EV-01240,İçecek Hazırlama,Filtre Kahve Makinesi,Fakir,Fakir Filtre Kahve Makinesi FAK-FIL-1240,4900,Hepsiburada,Premium,Ev Kullanımı,"2081 W, ısı ayarı",B,Gri,12,4.2,2433,Hızlı teslimat,Evet
EV-01241,Mutfak,Su Arıtma,Arçelik,Arçelik Su Arıtma ARÇ-SU -1241,8500,Teknosa,Premium,Ev Kullanımı,"983 W, günlük kullanıma uygun, kompakt tasarım",A++,Gri,24,4.0,9952,Stokta var,Evet
EV-01242,Süpürgeler,Robot Süpürge,Roborock,Roborock Robot Süpürge ROB-ROB-1242,22200,MediaMarkt,Fiyat/Performans,Evcil Hayvanlı Ev,"Kamera navigasyon, 7006 Pa emiş, 96 dk çalışma",C,Mor,24,4.2,5180,Hızlı teslimat,Evet
EV-01243,Süpürgeler,Toz Torbasız Süpürge,Arçelik,Arçelik Toz Torbasız Süpürge ARÇ-TOZ-1243,17150,Amazon Türkiye,Giriş,Pratik Kullanım,"661 W motor, Yıkanabilir filtre, Kablosuz",C,Gri,36,4.1,9282,Stokta var,Evet
EV-01244,İçecek Hazırlama,Kapsüllü Kahve Makinesi,Tchibo,Tchibo Kapsüllü Kahve Makinesi TCH-KAP-1244,6050,Vatan Bilgisayar,Giriş,Günlük Kullanım,"988 W, ısı ayarı",A+,Lacivert,24,4.0,11710,Hızlı teslimat,Evet
EV-01245,Mutfak,Dondurma Makinesi,Ninja,Ninja Dondurma Makinesi NIN-DON-1245,15100,Vatan Bilgisayar,Premium,Pratik Kullanım,"2017 W, günlük kullanıma uygun, kompakt tasarım",A,Gri,12,3.9,6836,Stokta var,Evet
EV-01246,Süpürgeler,Koltuk Yıkama Makinesi,Arnica,Arnica Koltuk Yıkama Makinesi ARN-KOL-1246,7550,n11,Giriş,Günlük Kullanım,"890 W, günlük kullanıma uygun, kompakt tasarım",A+++,Siyah,24,4.9,4287,Az stok,Evet
EV-01247,Hava Nemlendirici & Temizleyiciler,Hava Temizleyici,Xiaomi,Xiaomi Hava Temizleyici XIA-HAV-1247,4650,n11,Orta,Alerji,"UV-C filtre, 40 m² etki alanı",A+,Mor,36,4.1,2515,Stokta var,Evet
EV-01248,Hava Nemlendirici & Temizleyiciler,Hava Temizleyici & Nemlendirici,Xiaomi,Xiaomi Hava Temizleyici & Nemlendirici XIA-HAV-1248,29700,Amazon Türkiye,Giriş,Pratik Kullanım,"HEPA H13 filtre, 22 m² etki alanı",A++,Siyah,24,4.7,6813,Az stok,Evet
EV-01249,Akıllı Ev Sistemleri,Akıllı Kamera,Ezviz,Ezviz Akıllı Kamera EZV-AKI-1249,650,Amazon Türkiye,Üst,Güvenlik,"Wi-Fi/Bluetooth, mobil uygulama, Alexa uyumlu",A++,Gri,12,3.9,6046,Stokta var,Evet
EV-01250,Akıllı Ev Sistemleri,Akıllı Sensör,Bosch,Bosch Akıllı Sensör BOS-AKI-1250,2100,Vatan Bilgisayar,Üst,Günlük Kullanım,"Wi-Fi/Bluetooth, mobil uygulama, Google Assistant uyumlu",Belirtilmemiş,Krem,24,4.2,6378,Az stok,Evet
