Kategori,Alt_Kategori,Marka,Model,Fiyat_TL,Segment,Kullanim_Amaci,Soket,RAM_Tipi,Watt,Kapasite,Uyumluluk,Ozellik,Puan,Yorum_Sayisi,Garanti_Yil,RGB,Boyut,Cozunurluk,Hz,VRAM,Okuma_Hizi,Yazma_Hizi,Kaynak
Toplama Bilgisayar,HDD,WD,SkyHawk 6TB 7200RPM,5100,Orta,Video Edit,,,7,6TB,SATA,3.5 inç mekanik disk,7.9,1353,2,Yok,,,,,,,İtopya
Toplama Bilgisayar,Klavye,Cooler Master,K380 RGB Mekanik 60%,800,Giriş,Oyun,,,,,Kablosuz,Mekanik klavye,7.4,1079,2,Var,60%,,,,,,İncehesap
Toplama Bilgisayar,Mouse,Zowie,G102 Mini 8000DPI,3900,Üst,Günlük Kullanım,,,,,Bluetooth,"8000 DPI sensör, 59g",8.8,4269,2,Yok,,,,,,,İncehesap
Toplama Bilgisayar,SSD,Crucial,NV2 4TB NVMe,10050,Amiral,Oyun,,,3,4TB,M2 NVMe,PCIe 3.0 NVMe SSD,9.7,1708,5,Yok,,,,,3145 MB/s,2351 MB/s,GamingGenTR
Toplama Bilgisayar,Kasa,ASUS,4000D Airflow,2250,Giriş,Ofis,,,,,E-ATX,"Full Tower, mesh/airflow odaklı kasa",6.6,1132,2,Var,Full Tower,,,,,,Akakçe
Toplama Bilgisayar,Mouse,Pulsar,Model O Mini 36000DPI,1250,Orta,Yazılım,,,,,Bluetooth,"36000 DPI sensör, 59g",8.2,1781,2,Var,,,,,,,Sinerji
Toplama Bilgisayar,Kasa,DarkFlash,Eclipse RGB,2700,Orta,Günlük Kullanım,,,,,E-ATX,"Mid Tower, mesh/airflow odaklı kasa",8.6,1842,2,Var,Mid Tower,,,,,,GamingGenTR
Toplama Bilgisayar,İşlemci,AMD,Ryzen 9 9900X Pro Sistem,24400,Amiral,Video Edit,AM5,DDR5,120,,AM5-DDR5,Zen 5 12 çekirdek,9.5,2150,3,Yok,,,,,,,Epey
Toplama Bilgisayar,Mouse,Darmoshark,Clutch GM Mini 12000DPI,450,Giriş,Oyun,,,,,Bluetooth,"12000 DPI sensör, 49g",7.1,2807,2,Var,,,,,,,Sinerji
Toplama Bilgisayar,Ekran Kartı,MSI,RX 7700 XT Twin Edge 12GB,31600,Üst,Yapay Zeka,,GDDR6,245,12GB,PCIe,1440p oyun,8.2,3655,3,Yok,,,,12GB,,,İncehesap
Toplama Bilgisayar,RAM,TeamGroup,Ballistix 8GB 1x8GB DDR4 3200MHz,800,Giriş,Yazılım,,DDR4,,8GB,DDR4,3200MHz bellek kiti,8.0,723,2,Var,,,,,,,Sinerji
Toplama Bilgisayar,Ekran Kartı,Gigabyte,RX 9070 XT Pulse 16GB,66650,Amiral,Yayıncılık,,GDDR6,304,16GB,PCIe,2026 RDNA üst seviye,9.7,1811,3,Var,,,,16GB,,,İtopya
Toplama Bilgisayar,Monitör,Lenovo,UltraGear 32 inç 1920x1080 180Hz,5150,Orta,Tasarım,,,35,,HDMI-DP,"VA panel, 180Hz",7.9,8284,2,Yok,32 inç,1920x1080,180Hz,,,,Vatan
Toplama Bilgisayar,Kasa,DarkFlash,H5 Flow RGB,1800,Giriş,Ofis,,,,,Micro ATX,"Mid Tower, mesh/airflow odaklı kasa",8.1,2326,2,Var,Mid Tower,,,,,,İncehesap
Toplama Bilgisayar,Kasa,DarkFlash,Meshify Black,3100,Orta,Yazılım,,,,,ATX,"Mid Tower, mesh/airflow odaklı kasa",7.3,6128,2,Yok,Mid Tower,,,,,,Akakçe
Toplama Bilgisayar,SSD,Lexar,990 Pro 2TB NVMe,4800,Üst,Tasarım,,,5,2TB,M2 NVMe,PCIe 4.0 NVMe SSD,9.4,11684,5,Yok,,,,,6175 MB/s,4715 MB/s,Sinerji
Toplama Bilgisayar,Güç Kaynağı,DeepCool,Focus GX 450W 80+ Bronze,2300,Giriş,Oyun,,,450W,,80+ Bronze,"Yarı modüler PSU, 80+ Bronze",7.9,959,7,Yok,,,,,,,İtopya
Toplama Bilgisayar,Kasa,Cooler Master,CH370 Mesh,3250,Orta,Günlük Kullanım,,,,,Micro ATX,"Mini Tower, mesh/airflow odaklı kasa",7.9,1561,2,Var,Mini Tower,,,,,,İtopya
Toplama Bilgisayar,Monitör,Lenovo,Alienware 31.5 inç 1920x1080 75Hz,2700,Giriş,Yazılım,,,35,,HDMI-DP,"VA panel, 75Hz",7.0,1516,3,Yok,31.5 inç,1920x1080,75Hz,,,,Akakçe
Toplama Bilgisayar,Güç Kaynağı,FSP,RM 750W 80+ Platinum,4800,Orta,Günlük Kullanım,,,750W,,80+ Platinum,"Sabit kablo PSU, 80+ Platinum",8.5,6997,2,Yok,,,,,,,Vatan
Toplama Bilgisayar,İşlemci,Intel,Core i5-13400F Kampanya,5800,Orta,Günlük Kullanım,LGA1700,DDR4,65,,LGA1700-DDR4,10 çekirdek,7.5,4399,3,Yok,,,,,,,Akakçe
Toplama Bilgisayar,Klavye,MSI,MOD007 Pro Optik switch 60%,4950,Üst,Oyun,,,,,Kablosuz,Optik switch klavye,8.5,5111,2,Yok,60%,,,,,,İtopya
Toplama Bilgisayar,Mouse,ASUS,Rival Pro 8000DPI,3750,Üst,Ofis,,,,,USB,"8000 DPI sensör, 90g",8.8,7244,2,Yok,,,,,,,Vatan
Toplama Bilgisayar,Kasa,Phanteks,CH370 Mesh,3950,Orta,Ofis,,,,,E-ATX,"Mini Tower, mesh/airflow odaklı kasa",8.8,4931,2,Yok,Mini Tower,,,,,,GamingGenTR
Toplama Bilgisayar,Mouse,Darmoshark,G Pro X Superlight Wireless 8000DPI,1150,Orta,Günlük Kullanım,,,,,Bluetooth,"8000 DPI sensör, 59g",7.9,6333,2,Yok,,,,,,,Sinerji
Toplama Bilgisayar,Ekran Kartı,Gainward,RX 6600 Aero OC 8GB,10550,Giriş,Video Edit,,GDDR6,132,8GB,PCIe,1080p fiyat performans,8.0,737,3,Var,,,,8GB,,,GamingGenTR
Toplama Bilgisayar,RAM,Crucial,NOX 8GB 1x8GB DDR5 6000MHz,1350,Giriş,Ofis,,DDR5,,8GB,DDR5,6000MHz bellek kiti,6.5,1657,3,Yok,,,,,,,GamingGenTR
Toplama Bilgisayar,Anakart,Colorful,Phantom Gaming B660 MAX DDR4,6200,Orta,Günlük Kullanım,LGA1700,DDR4,,,LGA1700-DDR4,"ATX, B660 yonga seti, DDR4 bellek desteği",7.5,1326,3,Var,ATX,,,,,,İncehesap
Toplama Bilgisayar,Kasa,Thermaltake,Lancool Mesh,1550,Giriş,Günlük Kullanım,,,,,E-ATX,"Mid Tower, mesh/airflow odaklı kasa",7.0,1059,2,Yok,Mid Tower,,,,,,Vatan
Toplama Bilgisayar,Mouse,MSI,MM712 Pro 12000DPI,4000,Amiral,Oyun,,,,,Kablosuz,"12000 DPI sensör, 49g",8.9,4570,2,Yok,,,,,,,Epey
Toplama Bilgisayar,Mouse,Razer,M711 Pro 26000DPI,550,Giriş,Yazılım,,,,,Kablosuz,"26000 DPI sensör, 63g",6.8,579,2,Var,,,,,,,GamingGenTR
Toplama Bilgisayar,Anakart,Colorful,Creator B650 DDR5,6200,Orta,Yazılım,AM5,DDR5,,,AM5-DDR5,"Micro ATX, B650 yonga seti, DDR5 bellek desteği",8.7,712,3,Yok,Micro ATX,,,,,,Epey
Toplama Bilgisayar,Mouse,Razer,Pulsefire Wireless 12000DPI,450,Giriş,Ofis,,,,,USB,"12000 DPI sensör, 75g",7.3,1604,2,Yok,,,,,,,Vatan
Toplama Bilgisayar,Mouse,Cooler Master,G102 Mini 12000DPI,1300,Orta,Oyun,,,,,Kablosuz,"12000 DPI sensör, 75g",7.7,7089,2,Var,,,,,,,İtopya
Toplama Bilgisayar,Anakart,Gigabyte,Strix B650E DDR5,13200,Üst,Yazılım,AM5,DDR5,,,AM5-DDR5,"ATX, B650E yonga seti, DDR5 bellek desteği",9.3,8736,3,Var,ATX,,,,,,Vatan
Toplama Bilgisayar,Kasa,DarkFlash,O11 Dynamic RGB,6900,Üst,Yayıncılık,,,,,E-ATX,"Mid Tower, mesh/airflow odaklı kasa",8.5,1225,2,Var,Mid Tower,,,,,,Sinerji
Toplama Bilgisayar,Anakart,Biostar,PRO B550 MAX DDR4,5750,Orta,Yazılım,AM4,DDR4,,,AM4-DDR4,"Mini ITX, B550 yonga seti, DDR4 bellek desteği",8.0,6254,3,Yok,Mini ITX,,,,,,İtopya
Toplama Bilgisayar,Ekran Kartı,Sapphire,RX 7700 XT TUF 12GB,28950,Üst,Oyun,,GDDR6,245,12GB,PCIe,1440p oyun,9.4,11427,3,Yok,,,,12GB,,,Vatan
Toplama Bilgisayar,Mouse,Zowie,G102 Wireless 8000DPI,450,Giriş,Yazılım,,,,,Kablosuz,"8000 DPI sensör, 59g",7.3,473,2,Yok,,,,,,,Vatan
Toplama Bilgisayar,Anakart,ASUS,Aorus Elite B660 AX DDR4,7300,Orta,Oyun,LGA1700,DDR4,,,LGA1700-DDR4,"ATX, B660 yonga seti, DDR4 bellek desteği",7.9,2970,3,Var,ATX,,,,,,Epey
Toplama Bilgisayar,Kasa,Cooler Master,Meshify,8750,Amiral,Tasarım,,,,,Micro ATX,"Full Tower, mesh/airflow odaklı kasa",9.8,356,2,Yok,Full Tower,,,,,,Sinerji
Toplama Bilgisayar,Monitör,Dell,UltraGear 27 inç 2560x1440 180Hz,9750,Üst,Tasarım,,,25,,HDMI-DP,"IPS panel, 180Hz",8.7,7625,3,Yok,27 inç,2560x1440,180Hz,,,,Vatan
Toplama Bilgisayar,Mouse,Zowie,Model O 36000DPI,450,Giriş,Ofis,,,,,Bluetooth,"36000 DPI sensör, 75g",6.7,3015,2,Yok,,,,,,,Vatan
Toplama Bilgisayar,Mouse,Cooler Master,MM712 Pro 8000DPI,550,Giriş,Ofis,,,,,USB,"8000 DPI sensör, 90g",7.1,2722,2,Yok,,,,,,,İtopya
Toplama Bilgisayar,Ekran Kartı,Gainward,RX 7700 XT Aero OC 12GB,29850,Üst,Oyun,,GDDR6,245,12GB,PCIe,1440p oyun,9.2,9656,3,Var,,,,12GB,,,İncehesap
Toplama Bilgisayar,Klavye,SteelSeries,G Pro X Mekanik Tam boy,1900,Orta,Oyun,,,,,USB,Mekanik klavye,8.6,5965,2,Yok,Tam boy,,,,,,Sinerji
Toplama Bilgisayar,Kasa,DeepCool,Meshify White,7150,Üst,Tasarım,,,,,Micro ATX,"Mini Tower, mesh/airflow odaklı kasa",8.5,8366,2,Var,Mini Tower,,,,,,İtopya
Toplama Bilgisayar,Ekran Kartı,XFX,RTX 5090 Aero OC 32GB,169050,Amiral,Yayıncılık,,GDDR6X,575,32GB,PCIe,2026 amiral seviye AI/4K,9.7,3535,3,Var,,,,32GB,,,Epey
Toplama Bilgisayar,Klavye,ASUS,K2 Optik switch Tam boy,1850,Orta,Ofis,,,,,Bluetooth,Optik switch klavye,8.5,6651,2,Yok,Tam boy,,,,,,İncehesap
Toplama Bilgisayar,Mouse,Lamzu,Pulsefire Mini 12000DPI,400,Giriş,Ofis,,,,,Kablosuz,"12000 DPI sensör, 63g",8.0,1917,2,Var,,,,,,,İtopya
Toplama Bilgisayar,Anakart,NZXT,Prime Z790 AX DDR5,11100,Üst,Oyun,LGA1700,DDR5,,,LGA1700-DDR5,"ATX, Z790 yonga seti, DDR5 bellek desteği",9.2,3032,3,Var,ATX,,,,,,Sinerji
Toplama Bilgisayar,Ekran Kartı,Gainward,RTX 5080 Aero OC 16GB,98050,Amiral,Oyun,,GDDR6X,360,16GB,PCIe,2026 4K üst seviye,9.4,6305,3,Yok,,,,16GB,,,GamingGenTR
Toplama Bilgisayar,HDD,Seagate,IronWolf 12TB 7200RPM,10700,Üst,Yayıncılık,,,9,12TB,SATA,3.5 inç mekanik disk,8.8,7465,3,Yok,,,,,,,İtopya
Toplama Bilgisayar,Monitör,HP,Raptor 24.5 inç 3840x2160 240Hz,55400,Amiral,Oyun,,,35,,HDMI-DP,"VA panel, 240Hz",9.7,4542,3,Yok,24.5 inç,3840x2160,240Hz,,,,İncehesap
Toplama Bilgisayar,Kasa,DarkFlash,Meshify,4200,Orta,Yazılım,,,,,ATX,"Mid Tower, mesh/airflow odaklı kasa",7.6,5956,2,Var,Mid Tower,,,,,,Vatan
Toplama Bilgisayar,Monitör,Samsung,Optix 23.8 inç 1920x1080 144Hz,4400,Orta,Tasarım,,,25,,HDMI-DP,"VA panel, 144Hz",7.3,2934,2,Yok,23.8 inç,1920x1080,144Hz,,,,Epey
Toplama Bilgisayar,Soğutucu,Corsair,Hyper 212,1950,Orta,Yazılım,,,,,AM4-AM5-LGA1700,Hava soğutma,7.6,4520,3,Yok,,,,,,,İncehesap
Toplama Bilgisayar,Soğutucu,Noctua,MAG CoreLiquid 360,3950,Orta,Yazılım,,,,,AM4-AM5-LGA1700,360mm sıvı soğutma,7.7,4896,5,Var,360mm,,,,,,Akakçe
Toplama Bilgisayar,Monitör,Gigabyte,Raptor 31.5 inç 3840x2160 240Hz,42000,Amiral,Oyun,,,25,,HDMI-DP,"Mini LED panel, 240Hz",9.6,608,2,Yok,31.5 inç,3840x2160,240Hz,,,,İncehesap
Toplama Bilgisayar,Mouse,Corsair,X2V2 16000DPI,1350,Orta,Oyun,,,,,Bluetooth,"16000 DPI sensör, 63g",7.9,4143,2,Var,,,,,,,Vatan
Toplama Bilgisayar,Soğutucu,Thermalright,NH-D15,2050,Orta,Ofis,,,,,AM4-AM5-LGA1700,Hava soğutma,7.4,1809,5,Var,,,,,,,İtopya
Toplama Bilgisayar,Monitör,ASUS,Optix 23.8 inç 3840x2160 144Hz,30250,Amiral,Ofis,,,50,,HDMI-DP,"OLED panel, 144Hz",9.6,4332,2,Yok,23.8 inç,3840x2160,144Hz,,,,Vatan
Toplama Bilgisayar,Monitör,Gigabyte,Predator 31.5 inç 1920x1080 144Hz,3700,Orta,Oyun,,,35,,HDMI-DP,"IPS panel, 144Hz",8.1,8498,2,Yok,31.5 inç,1920x1080,144Hz,,,,GamingGenTR
Toplama Bilgisayar,Anakart,NZXT,Aorus Elite B650E DDR5,8300,Üst,Video Edit,AM5,DDR5,,,AM5-DDR5,"Mini ITX, B650E yonga seti, DDR5 bellek desteği",9.5,1452,3,Var,Mini ITX,,,,,,İtopya
Toplama Bilgisayar,Mouse,Pulsar,Viper 8000DPI,550,Giriş,Günlük Kullanım,,,,,USB,"8000 DPI sensör, 49g",7.7,2507,2,Yok,,,,,,,GamingGenTR
Toplama Bilgisayar,Mouse,Redragon,X2V2 Pro 30000DPI,2300,Üst,Günlük Kullanım,,,,,Kablosuz,"30000 DPI sensör, 90g",9.0,4833,2,Yok,,,,,,,İtopya
Toplama Bilgisayar,Ekran Kartı,ASUS,RX 7800 XT GamingPro 16GB,37900,Üst,Oyun,,GDDR6,263,16GB,PCIe,16GB VRAM 1440p,9.4,10978,3,Var,,,,16GB,,,Akakçe
Toplama Bilgisayar,Anakart,MSI,PRO X570 MAX DDR4,10850,Üst,Yazılım,AM4,DDR4,,,AM4-DDR4,"Mini ITX, X570 yonga seti, DDR4 bellek desteği",9.2,8472,3,Yok,Mini ITX,,,,,,Sinerji
Toplama Bilgisayar,Monitör,Philips,Optix 34 inç 3840x2160 144Hz,32700,Amiral,Oyun,,,50,,HDMI-DP,"OLED panel, 144Hz",9.2,5973,3,Yok,34 inç,3840x2160,144Hz,,,,İncehesap
Toplama Bilgisayar,Güç Kaynağı,NZXT,Straight Power 1600W 80+ Titanium,21750,Amiral,Yapay Zeka,,,1600W,,80+ Titanium,"Modüler PSU, 80+ Titanium",9.5,194,5,Yok,,,,,,,Epey
Toplama Bilgisayar,Anakart,Biostar,TUF Gaming B650E DDR5,9300,Üst,Tasarım,AM5,DDR5,,,AM5-DDR5,"Micro ATX, B650E yonga seti, DDR5 bellek desteği",9.2,10090,3,Yok,Micro ATX,,,,,,İncehesap
Toplama Bilgisayar,Anakart,ASUS,TUF Gaming A620 AX DDR5,3450,Giriş,Günlük Kullanım,AM5,DDR5,,,AM5-DDR5,"Mini ITX, A620 yonga seti, DDR5 bellek desteği",7.9,1067,3,Yok,Mini ITX,,,,,,Sinerji
Toplama Bilgisayar,Soğutucu,Thermalright,Liquid Freezer III 240,7050,Üst,Yazılım,,,,,AM4-AM5-LGA1700,240mm sıvı soğutma,8.9,7206,5,Yok,240mm,,,,,,Epey
Toplama Bilgisayar,Kasa,GamePower,4000D Airflow Mesh,3800,Orta,Günlük Kullanım,,,,,Micro ATX,"Full Tower, mesh/airflow odaklı kasa",7.4,6166,2,Var,Full Tower,,,,,,Vatan
Toplama Bilgisayar,SSD,Lexar,MP600 2TB NVMe,5500,Üst,Yayıncılık,,,3,2TB,M2 NVMe,PCIe 4.0 NVMe SSD,8.6,2119,3,Yok,,,,,5275 MB/s,3730 MB/s,Epey
Toplama Bilgisayar,Mouse,MSI,Model O Pro 12000DPI,1250,Orta,Ofis,,,,,Bluetooth,"12000 DPI sensör, 75g",7.7,1484,2,Yok,,,,,,,İtopya
Toplama Bilgisayar,Mouse,ASUS,Harpoon Wireless 30000DPI,1750,Orta,Günlük Kullanım,,,,,Kablosuz,"30000 DPI sensör, 90g",7.9,5907,2,Var,,,,,,,Epey
Toplama Bilgisayar,SSD,Lexar,P5 Plus 500GB NVMe,1500,Giriş,Ofis,,,5,500GB,M2 NVMe,PCIe 4.0 NVMe SSD,7.3,2906,3,Yok,,,,,5072 MB/s,4189 MB/s,Akakçe
Toplama Bilgisayar,Monitör,Gigabyte,Aorus 34 inç 1920x1080 180Hz,6600,Orta,Oyun,,,35,,HDMI-DP,"IPS panel, 180Hz",7.7,1218,3,Yok,34 inç,1920x1080,180Hz,,,,Sinerji
Toplama Bilgisayar,Güç Kaynağı,Thermaltake,C Series 650W 80+ Bronze,4150,Orta,Günlük Kullanım,,,650W,,80+ Bronze,"Sabit kablo PSU, 80+ Bronze",8.0,3502,2,Yok,,,,,,,İtopya
Toplama Bilgisayar,Anakart,ASUS,Creator B760 DDR4,4600,Orta,Oyun,LGA1700,DDR4,,,LGA1700-DDR4,"ATX, B760 yonga seti, DDR4 bellek desteği",8.3,5935,3,Var,ATX,,,,,,Akakçe
Toplama Bilgisayar,Mouse,ASUS,DeathAdder Pro 16000DPI,5600,Amiral,Oyun,,,,,Kablosuz,"16000 DPI sensör, 59g",9.8,4066,2,Var,,,,,,,İtopya
Toplama Bilgisayar,Monitör,BenQ,Mobiuz 23.8 inç 1920x1080 75Hz,2950,Giriş,Yazılım,,,25,,HDMI-DP,"IPS panel, 75Hz",7.4,29,3,Yok,23.8 inç,1920x1080,75Hz,,,,Sinerji
Toplama Bilgisayar,Monitör,MSI,TUF Gaming 32 inç 2560x1440 144Hz,11000,Üst,Yazılım,,,25,,HDMI-DP,"IPS panel, 144Hz",8.2,7899,3,Yok,32 inç,2560x1440,144Hz,,,,Akakçe
Toplama Bilgisayar,Kasa,DeepCool,H5 Flow White,2050,Giriş,Günlük Kullanım,,,,,E-ATX,"Mid Tower, mesh/airflow odaklı kasa",8.0,1026,2,Yok,Mid Tower,,,,,,Sinerji
Toplama Bilgisayar,Ekran Kartı,Zotac,RX 7900 GRE Twin Edge 16GB,37350,Üst,Yayıncılık,,GDDR6,260,16GB,PCIe,1440p/4K,8.7,6929,3,Var,,,,16GB,,,İtopya
Toplama Bilgisayar,Mouse,Glorious,ROG Keris Mini 36000DPI,1750,Orta,Yazılım,,,,,Kablosuz,"36000 DPI sensör, 59g",7.2,606,2,Yok,,,,,,,İncehesap
Toplama Bilgisayar,Kasa,Phanteks,Meshify,5400,Üst,Oyun,,,,,Micro ATX,"Full Tower, mesh/airflow odaklı kasa",9.2,4563,2,Var,Full Tower,,,,,,İncehesap
Toplama Bilgisayar,Kasa,ASUS,O11 Dynamic Black,1800,Giriş,Ofis,,,,,E-ATX,"Mini Tower, mesh/airflow odaklı kasa",7.6,950,2,Var,Mini Tower,,,,,,Sinerji
Toplama Bilgisayar,Anakart,NZXT,TUF Gaming X670 MAX DDR5,9000,Üst,Tasarım,AM5,DDR5,,,AM5-DDR5,"Micro ATX, X670 yonga seti, DDR5 bellek desteği",8.4,1327,3,Yok,Micro ATX,,,,,,GamingGenTR
Toplama Bilgisayar,Kasa,Lian Li,TD500,6400,Üst,Yazılım,,,,,Micro ATX,"Mid Tower, mesh/airflow odaklı kasa",8.6,6147,2,Var,Mid Tower,,,,,,Sinerji
Toplama Bilgisayar,SSD,Patriot,Viper VP4300 2TB NVMe,10250,Üst,Yayıncılık,,,3,2TB,M2 NVMe,PCIe 5.0 NVMe SSD,9.4,2446,3,Yok,,,,,9592 MB/s,7267 MB/s,GamingGenTR
Toplama Bilgisayar,SSD,Kingston,Legend 960 1TB NVMe,2100,Orta,Günlük Kullanım,,,5,1TB,M2 NVMe,PCIe 3.0 NVMe SSD,8.5,3017,3,Yok,,,,,3600 MB/s,2943 MB/s,GamingGenTR
Toplama Bilgisayar,Mouse,MSI,Rival 30000DPI,1650,Orta,Ofis,,,,,Bluetooth,"30000 DPI sensör, 75g",8.5,4565,2,Yok,,,,,,,Akakçe
Toplama Bilgisayar,Mouse,MSI,Viper Wireless 16000DPI,1750,Orta,Oyun,,,,,Kablosuz,"16000 DPI sensör, 63g",7.3,8161,2,Yok,,,,,,,Vatan
Toplama Bilgisayar,Klavye,Logitech,BlackWidow Wireless Mekanik 75%,4200,Üst,Ofis,,,,,Kablosuz,Mekanik klavye,9.2,9735,2,Yok,75%,,,,,,Vatan
Toplama Bilgisayar,Kasa,Xigmatek,O11 Dynamic Mesh,1850,Giriş,Ofis,,,,,E-ATX,"Full Tower, mesh/airflow odaklı kasa",8.0,2550,2,Var,Full Tower,,,,,,Akakçe
Toplama Bilgisayar,HDD,Seagate,Blue 4TB 7200RPM,3350,Orta,Ofis,,,5,4TB,SATA,3.5 inç mekanik disk,8.4,1229,3,Yok,,,,,,,İtopya
Toplama Bilgisayar,SSD,PNY,SN850X 2TB NVMe,5050,Üst,Oyun,,,5,2TB,M2 NVMe,PCIe 4.0 NVMe SSD,8.5,10445,5,Yok,,,,,6939 MB/s,5073 MB/s,Epey
Toplama Bilgisayar,Klavye,Royal Kludge,G Pro X Optik switch 75%,2050,Orta,Oyun,,,,,Bluetooth,Optik switch klavye,7.5,2319,2,Yok,75%,,,,,,GamingGenTR
Toplama Bilgisayar,Kasa,DarkFlash,View 270 Black,1700,Giriş,Günlük Kullanım,,,,,ATX,"Mini Tower, mesh/airflow odaklı kasa",6.7,60,2,Yok,Mini Tower,,,,,,Epey
Toplama Bilgisayar,SSD,TeamGroup,P3 Plus 500GB NVMe,1150,Giriş,Günlük Kullanım,,,4,500GB,M2 NVMe,PCIe 3.0 NVMe SSD,7.3,471,3,Yok,,,,,3180 MB/s,2448 MB/s,GamingGenTR
Toplama Bilgisayar,Klavye,ASUS,K2 Wireless Optik switch TKL,4400,Üst,Yazılım,,,,,Kablosuz,Optik switch klavye,9.4,4927,2,Var,TKL,,,,,,Vatan
Toplama Bilgisayar,Klavye,Keychron,MOD007 Wireless Mekanik Tam boy,2300,Orta,Oyun,,,,,Bluetooth,Mekanik klavye,7.4,5023,2,Yok,Tam boy,,,,,,İncehesap
Toplama Bilgisayar,Mouse,Lamzu,Rival Mini 12000DPI,1750,Orta,Yazılım,,,,,Kablosuz,"12000 DPI sensör, 90g",8.4,8134,2,Yok,,,,,,,İncehesap
Toplama Bilgisayar,Ekran Kartı,Galax,RX 7900 XTX Eagle OC 24GB,67200,Amiral,Oyun,,GDDR6,355,24GB,PCIe,24GB VRAM 4K,9.2,2464,3,Yok,,,,24GB,,,Akakçe
Toplama Bilgisayar,Anakart,ASRock,Strix B760 WiFi DDR5,5150,Orta,Yazılım,LGA1700,DDR5,,,LGA1700-DDR5,"ATX, B760 yonga seti, DDR5 bellek desteği",8.6,6202,3,Yok,ATX,,,,,,Epey
Toplama Bilgisayar,Mouse,Darmoshark,MM712 Wireless 36000DPI,350,Giriş,Oyun,,,,,Kablosuz,"36000 DPI sensör, 63g",7.3,158,2,Yok,,,,,,,İncehesap
Toplama Bilgisayar,Klavye,Corsair,GMMK Pro Mekanik TKL,3800,Üst,Ofis,,,,,USB,Mekanik klavye,9.1,9756,2,Yok,TKL,,,,,,Epey
Toplama Bilgisayar,Kasa,GamePower,North Mesh,4050,Orta,Günlük Kullanım,,,,,ATX,"Mid Tower, mesh/airflow odaklı kasa",7.6,5155,2,Var,Mid Tower,,,,,,Epey
Toplama Bilgisayar,RAM,Crucial,Fury Beast 64GB 2x32GB DDR4 4000MHz,7200,Amiral,Tasarım,,DDR4,,64GB,DDR4,4000MHz bellek kiti,9.2,1463,3,Var,,,,,,,Epey
Toplama Bilgisayar,Kasa,Cooler Master,Aquarius White,3800,Orta,Yazılım,,,,,E-ATX,"Mini Tower, mesh/airflow odaklı kasa",7.6,325,2,Var,Mini Tower,,,,,,GamingGenTR
Toplama Bilgisayar,Mouse,Pulsar,Model O Wireless 30000DPI,2800,Üst,Oyun,,,,,Kablosuz,"30000 DPI sensör, 49g",8.9,4417,2,Var,,,,,,,Akakçe
Toplama Bilgisayar,Klavye,Razer,GMMK Pro Mekanik Tam boy,2400,Orta,Günlük Kullanım,,,,,Bluetooth,Mekanik klavye,7.3,5015,2,Var,Tam boy,,,,,,Sinerji
Toplama Bilgisayar,Kasa,GamePower,O11 Dynamic Black,2650,Orta,Yazılım,,,,,E-ATX,"Full Tower, mesh/airflow odaklı kasa",7.2,8315,2,Yok,Full Tower,,,,,,Sinerji
Toplama Bilgisayar,Monitör,Philips,Legion 34 inç 1920x1080 75Hz,3700,Giriş,Yazılım,,,25,,HDMI-DP,"VA panel, 75Hz",7.1,571,2,Yok,34 inç,1920x1080,75Hz,,,,Vatan
Toplama Bilgisayar,Monitör,Acer,Raptor 31.5 inç 2560x1440 144Hz,7350,Üst,Yazılım,,,25,,HDMI-DP,"IPS panel, 144Hz",8.9,5099,2,Yok,31.5 inç,2560x1440,144Hz,,,,Sinerji
Toplama Bilgisayar,Mouse,Zowie,Harpoon Pro 30000DPI,1650,Orta,Günlük Kullanım,,,,,Kablosuz,"30000 DPI sensör, 90g",8.7,3547,2,Yok,,,,,,,GamingGenTR
Toplama Bilgisayar,Mouse,Pulsar,G Pro X Superlight Wireless 36000DPI,5400,Amiral,Oyun,,,,,USB,"36000 DPI sensör, 75g",9.2,3913,2,Yok,,,,,,,İncehesap
Toplama Bilgisayar,Soğutucu,Corsair,Frozen Notte 240,5750,Üst,Oyun,,,,,AM4-AM5-LGA1700,240mm sıvı soğutma,9.3,5382,3,Yok,240mm,,,,,,Epey
Toplama Bilgisayar,Klavye,Razer,CK RGB Low Profile 60%,5050,Üst,Günlük Kullanım,,,,,Bluetooth,Low Profile klavye,9.4,3360,2,Var,60%,,,,,,Epey
Toplama Bilgisayar,Ekran Kartı,Colorful,RX 7700 XT StormX 12GB,28950,Üst,Video Edit,,GDDR6,245,12GB,PCIe,1440p oyun,8.7,8873,3,Yok,,,,12GB,,,Epey
Toplama Bilgisayar,Klavye,HyperX,Ogre Membran 75%,550,Giriş,Ofis,,,,,Bluetooth,Membran klavye,7.2,3465,2,Var,75%,,,,,,Epey
Toplama Bilgisayar,Monitör,Philips,UltraGear 27 inç 3840x2160 144Hz,24650,Amiral,Yazılım,,,35,,HDMI-DP,"Mini LED panel, 144Hz",9.1,373,2,Yok,27 inç,3840x2160,144Hz,,,,Akakçe
Toplama Bilgisayar,Güç Kaynağı,XPG,Toughpower 850W 80+ Platinum,7750,Üst,Video Edit,,,850W,,80+ Platinum,"Modüler PSU, 80+ Platinum",8.9,2053,7,Yok,,,,,,,Akakçe
Toplama Bilgisayar,Mouse,Logitech,ROG Keris 8000DPI,3450,Üst,Günlük Kullanım,,,,,Bluetooth,"8000 DPI sensör, 90g",8.7,2187,2,Var,,,,,,,İncehesap
Toplama Bilgisayar,RAM,Kingston,XLR8 64GB 2x32GB DDR5 7200MHz,13050,Amiral,Video Edit,,DDR5,,64GB,DDR5,7200MHz bellek kiti,9.3,3275,2,Var,,,,,,,Vatan
Toplama Bilgisayar,Güç Kaynağı,Seasonic,CV 1200W 80+ Titanium,15600,Amiral,Tasarım,,,1200W,,80+ Titanium,"Modüler PSU, 80+ Titanium",9.6,2983,3,Yok,,,,,,,İncehesap
Toplama Bilgisayar,Klavye,MSI,Apex Mekanik TKL,750,Giriş,Günlük Kullanım,,,,,Bluetooth,Mekanik klavye,7.6,3315,2,Var,TKL,,,,,,İtopya
Toplama Bilgisayar,Klavye,Logitech,Apex Wireless Membran 60%,1450,Orta,Yazılım,,,,,Kablosuz,Membran klavye,8.3,1182,2,Yok,60%,,,,,,İtopya
Toplama Bilgisayar,SSD,SK hynix,990 Pro 2TB NVMe,4900,Üst,Yayıncılık,,,5,2TB,M2 NVMe,PCIe 4.0 NVMe SSD,8.8,7481,3,Yok,,,,,5398 MB/s,4713 MB/s,İtopya
Toplama Bilgisayar,Klavye,HyperX,K70 Optik switch 60%,2300,Orta,Günlük Kullanım,,,,,Kablosuz,Optik switch klavye,7.9,895,2,Var,60%,,,,,,Epey
Toplama Bilgisayar,Güç Kaynağı,be quiet!,Hydro K Pro 1600W 80+ Titanium,21850,Amiral,Tasarım,,,1600W,,80+ Titanium,"Modüler PSU, 80+ Titanium",9.7,2211,7,Yok,,,,,,,Epey
Toplama Bilgisayar,RAM,G.Skill,Fury Beast 64GB 2x32GB DDR5 6400MHz,12000,Amiral,Video Edit,,DDR5,,64GB,DDR5,6400MHz bellek kiti,9.2,3703,3,Var,,,,,,,İncehesap
Toplama Bilgisayar,HDD,Seagate,Purple 2TB 7200RPM,2300,Giriş,Günlük Kullanım,,,7,2TB,SATA,3.5 inç mekanik disk,7.2,773,3,Yok,,,,,,,Sinerji
Toplama Bilgisayar,Anakart,ASUS,Prime B550 MAX DDR4,5700,Orta,Günlük Kullanım,AM4,DDR4,,,AM4-DDR4,"ATX, B550 yonga seti, DDR4 bellek desteği",7.9,7641,3,Var,ATX,,,,,,İtopya
Toplama Bilgisayar,Klavye,Corsair,ROG Strix Scope Membran 60%,1800,Orta,Ofis,,,,,Bluetooth,Membran klavye,7.9,8045,2,Var,60%,,,,,,Vatan
Toplama Bilgisayar,Mouse,Cooler Master,Pulsefire Pro 12000DPI,1100,Orta,Ofis,,,,,USB,"12000 DPI sensör, 75g",7.3,3939,2,Yok,,,,,,,İncehesap
Toplama Bilgisayar,Mouse,MSI,FK2 Mini 26000DPI,550,Giriş,Ofis,,,,,Kablosuz,"26000 DPI sensör, 75g",7.2,212,2,Var,,,,,,,Sinerji
Toplama Bilgisayar,Ekran Kartı,Gainward,RTX 3050 Eagle OC 8GB,9650,Giriş,Oyun,,GDDR6,130,8GB,PCIe,DLSS destekli giriş seviye,7.2,3125,3,Yok,,,,8GB,,,Epey
Toplama Bilgisayar,Klavye,Keychron,RK61 RGB Membran 75%,8600,Amiral,Yazılım,,,,,Bluetooth,Membran klavye,9.2,6325,2,Var,75%,,,,,,Akakçe
Toplama Bilgisayar,Mouse,Lamzu,Atlantis Wireless 8000DPI,600,Giriş,Yazılım,,,,,Kablosuz,"8000 DPI sensör, 90g",7.8,1084,2,Yok,,,,,,,İtopya
Toplama Bilgisayar,SSD,Kingston,SN850X 500GB NVMe,2350,Giriş,Günlük Kullanım,,,4,500GB,M2 NVMe,PCIe 5.0 NVMe SSD,7.2,2470,5,Yok,,,,,11625 MB/s,9753 MB/s,Akakçe
Toplama Bilgisayar,Kasa,DeepCool,O11 Dynamic Mesh,9900,Amiral,Oyun,,,,,Micro ATX,"Full Tower, mesh/airflow odaklı kasa",9.3,3171,2,Var,Full Tower,,,,,,İncehesap
Toplama Bilgisayar,Mouse,Pulsar,Pulsefire 8000DPI,1500,Orta,Ofis,,,,,Bluetooth,"8000 DPI sensör, 75g",7.7,5112,2,Var,,,,,,,GamingGenTR
Toplama Bilgisayar,Monitör,BenQ,Nitro 34 inç 3440x1440 165Hz,15100,Amiral,Video Edit,,,35,,HDMI-DP,"IPS panel, 165Hz",9.1,877,3,Yok,34 inç,3440x1440,165Hz,,,,Epey
Toplama Bilgisayar,Mouse,Corsair,G Pro X Superlight Wireless 12000DPI,1300,Orta,Günlük Kullanım,,,,,Bluetooth,"12000 DPI sensör, 63g",7.6,6876,2,Var,,,,,,,Epey
Toplama Bilgisayar,Monitör,AOC,G-Master 23.8 inç 3840x2160 144Hz,27500,Amiral,Yazılım,,,25,,HDMI-DP,"VA panel, 144Hz",9.0,5702,2,Yok,23.8 inç,3840x2160,144Hz,,,,Vatan
Toplama Bilgisayar,Klavye,Logitech,BlackWidow Pro Low Profile 75%,1900,Orta,Günlük Kullanım,,,,,USB,Low Profile klavye,7.8,844,2,Var,75%,,,,,,GamingGenTR
Toplama Bilgisayar,SSD,Seagate,KC3000 1TB NVMe,4550,Orta,Yazılım,,,4,1TB,M2 NVMe,PCIe 5.0 NVMe SSD,7.7,7154,3,Yok,,,,,11854 MB/s,9897 MB/s,GamingGenTR
Toplama Bilgisayar,Kasa,ASUS,4000D Airflow Black,3900,Orta,Günlük Kullanım,,,,,E-ATX,"Mid Tower, mesh/airflow odaklı kasa",7.5,6513,2,Var,Mid Tower,,,,,,İncehesap
Toplama Bilgisayar,Mouse,ASUS,Viper Pro 26000DPI,1400,Orta,Ofis,,,,,Kablosuz,"26000 DPI sensör, 90g",8.1,2112,2,Yok,,,,,,,İncehesap
Toplama Bilgisayar,Anakart,NZXT,Gaming X X870 WiFi DDR5,17450,Amiral,Video Edit,AM5,DDR5,,,AM5-DDR5,"Micro ATX, X870 yonga seti, DDR5 bellek desteği",9.1,4774,3,Var,Micro ATX,,,,,,Epey
Toplama Bilgisayar,Güç Kaynağı,be quiet!,Straight Power 750W 80+ Gold,3650,Orta,Günlük Kullanım,,,750W,,80+ Gold,"Yarı modüler PSU, 80+ Gold",8.8,5117,2,Yok,,,,,,,Sinerji
Toplama Bilgisayar,RAM,Crucial,NOX 64GB 2x32GB DDR4 3600MHz,7300,Amiral,Oyun,,DDR4,,64GB,DDR4,3600MHz bellek kiti,9.0,2332,3,Var,,,,,,,Epey
Toplama Bilgisayar,Mouse,Logitech,X2V2 Wireless 30000DPI,1100,Orta,Günlük Kullanım,,,,,Kablosuz,"30000 DPI sensör, 75g",8.0,6270,2,Yok,,,,,,,GamingGenTR
Toplama Bilgisayar,SSD,Kioxia,NM790 2TB NVMe,3800,Üst,Oyun,,,5,2TB,M2 NVMe,PCIe 3.0 NVMe SSD,8.3,3018,5,Yok,,,,,3374 MB/s,2408 MB/s,GamingGenTR
Toplama Bilgisayar,Güç Kaynağı,XPG,MAG 1200W 80+ Titanium,11650,Amiral,Video Edit,,,1200W,,80+ Titanium,"Modüler PSU, 80+ Titanium",9.6,3741,3,Yok,,,,,,,Epey
Toplama Bilgisayar,Anakart,NZXT,Strix A620 AX DDR5,3250,Giriş,Yazılım,AM5,DDR5,,,AM5-DDR5,"Mini ITX, A620 yonga seti, DDR5 bellek desteği",6.5,692,3,Var,Mini ITX,,,,,,GamingGenTR
Toplama Bilgisayar,Klavye,Redragon,GMMK Mekanik TKL,4950,Üst,Günlük Kullanım,,,,,Kablosuz,Mekanik klavye,8.5,10309,2,Var,TKL,,,,,,Vatan
Toplama Bilgisayar,Anakart,ASUS,Prime X570 WiFi DDR4,11300,Üst,Oyun,AM4,DDR4,,,AM4-DDR4,"Micro ATX, X570 yonga seti, DDR4 bellek desteği",9.3,5663,3,Yok,Micro ATX,,,,,,GamingGenTR
Toplama Bilgisayar,Güç Kaynağı,NZXT,Toughpower 1000W 80+ Platinum,6000,Üst,Yayıncılık,,,1000W,,80+ Platinum,"Modüler PSU, 80+ Platinum",9.0,11226,7,Yok,,,,,,,Akakçe
Toplama Bilgisayar,Monitör,Gigabyte,Legion 31.5 inç 2560x1440 144Hz,7950,Üst,Video Edit,,,50,,HDMI-DP,"VA panel, 144Hz",9.4,798,2,Yok,31.5 inç,2560x1440,144Hz,,,,İncehesap
Toplama Bilgisayar,Mouse,Corsair,ROG Keris Wireless 30000DPI,1350,Orta,Oyun,,,,,USB,"30000 DPI sensör, 90g",7.4,641,2,Yok,,,,,,,Sinerji
Toplama Bilgisayar,Klavye,Akko,Vigor GK Mekanik 60%,1400,Orta,Günlük Kullanım,,,,,USB,Mekanik klavye,8.6,2816,2,Yok,60%,,,,,,Sinerji
Toplama Bilgisayar,Klavye,Redragon,Vigor GK Optik switch 60%,1550,Orta,Oyun,,,,,Bluetooth,Optik switch klavye,7.8,762,2,Var,60%,,,,,,Sinerji
Toplama Bilgisayar,RAM,Crucial,XPG Lancer 32GB 2x16GB DDR5 5200MHz,5550,Üst,Yayıncılık,,DDR5,,32GB,DDR5,5200MHz bellek kiti,9.5,11625,5,Yok,,,,,,,GamingGenTR
Toplama Bilgisayar,Kasa,Lian Li,View 270 Black,2450,Orta,Ofis,,,,,ATX,"Mid Tower, mesh/airflow odaklı kasa",8.5,4575,2,Yok,Mid Tower,,,,,,İncehesap
Toplama Bilgisayar,Klavye,Logitech,Alloy Origins RGB Membran Tam boy,1850,Orta,Oyun,,,,,Kablosuz,Membran klavye,7.7,2621,2,Var,Tam boy,,,,,,Vatan
Toplama Bilgisayar,Anakart,Colorful,Prime B550 DDR4,6200,Orta,Yazılım,AM4,DDR4,,,AM4-DDR4,"ATX, B550 yonga seti, DDR4 bellek desteği",7.3,5682,3,Var,ATX,,,,,,Sinerji
Toplama Bilgisayar,Anakart,ASRock,Creator B550 AX DDR4,7350,Orta,Ofis,AM4,DDR4,,,AM4-DDR4,"Mini ITX, B550 yonga seti, DDR4 bellek desteği",7.7,5335,3,Var,Mini ITX,,,,,,Epey
Toplama Bilgisayar,Monitör,Dell,TUF Gaming 31.5 inç 1920x1080 144Hz,3700,Orta,Yazılım,,,50,,HDMI-DP,"IPS panel, 144Hz",8.7,3062,3,Yok,31.5 inç,1920x1080,144Hz,,,,İncehesap
Toplama Bilgisayar,Anakart,Biostar,Creator B550 AX DDR4,5100,Orta,Oyun,AM4,DDR4,,,AM4-DDR4,"Mini ITX, B550 yonga seti, DDR4 bellek desteği",7.4,1324,3,Yok,Mini ITX,,,,,,Epey
Toplama Bilgisayar,Klavye,Razer,BlackWidow Pro Mekanik 60%,700,Giriş,Oyun,,,,,USB,Mekanik klavye,8.0,2511,2,Yok,60%,,,,,,Akakçe
Toplama Bilgisayar,Anakart,MSI,Prime A620 DDR5,3550,Giriş,Ofis,AM5,DDR5,,,AM5-DDR5,"ATX, A620 yonga seti, DDR5 bellek desteği",6.5,2053,3,Var,ATX,,,,,,Epey
Toplama Bilgisayar,Kasa,GamePower,Eclipse RGB,13650,Amiral,Yapay Zeka,,,,,ATX,"Mini Tower, mesh/airflow odaklı kasa",9.4,2203,2,Var,Mini Tower,,,,,,Epey
Toplama Bilgisayar,Mouse,Cooler Master,X2V2 12000DPI,500,Giriş,Günlük Kullanım,,,,,Bluetooth,"12000 DPI sensör, 49g",7.3,2166,2,Var,,,,,,,Vatan
Toplama Bilgisayar,Mouse,Pulsar,DeathAdder Mini 8000DPI,2300,Üst,Günlük Kullanım,,,,,USB,"8000 DPI sensör, 49g",8.6,769,2,Yok,,,,,,,Epey
Toplama Bilgisayar,Anakart,Colorful,Tomahawk A620 AX DDR5,3600,Giriş,Yazılım,AM5,DDR5,,,AM5-DDR5,"Mini ITX, A620 yonga seti, DDR5 bellek desteği",6.7,2576,3,Var,Mini ITX,,,,,,İncehesap
Toplama Bilgisayar,Kasa,GamePower,North,5600,Üst,Yayıncılık,,,,,Micro ATX,"Mid Tower, mesh/airflow odaklı kasa",8.6,8073,2,Var,Mid Tower,,,,,,GamingGenTR
Toplama Bilgisayar,Mouse,Lamzu,Viper Pro 16000DPI,450,Giriş,Yazılım,,,,,Bluetooth,"16000 DPI sensör, 63g",7.4,1207,2,Yok,,,,,,,GamingGenTR
Toplama Bilgisayar,Monitör,HP,Raptor 27 inç 1920x1080 180Hz,4900,Orta,Tasarım,,,25,,HDMI-DP,"IPS panel, 180Hz",7.3,5284,3,Yok,27 inç,1920x1080,180Hz,,,,Epey
Toplama Bilgisayar,HDD,WD,Barracuda 4TB 7200RPM,4050,Orta,Video Edit,,,9,4TB,SATA,3.5 inç mekanik disk,7.3,6954,2,Yok,,,,,,,İtopya
Toplama Bilgisayar,Klavye,Cooler Master,BlackWidow RGB Optik switch TKL,2400,Orta,Yazılım,,,,,Bluetooth,Optik switch klavye,8.5,7980,2,Var,TKL,,,,,,Epey
Toplama Bilgisayar,Klavye,Redragon,K70 RGB Optik switch 60%,4800,Üst,Oyun,,,,,Bluetooth,Optik switch klavye,8.4,6231,2,Var,60%,,,,,,GamingGenTR
Toplama Bilgisayar,Mouse,Corsair,Pulsefire Mini 26000DPI,2650,Üst,Yazılım,,,,,Kablosuz,"26000 DPI sensör, 75g",8.7,3941,2,Yok,,,,,,,İtopya
Toplama Bilgisayar,Kasa,DarkFlash,Aquarius RGB,3350,Orta,Günlük Kullanım,,,,,ATX,"Full Tower, mesh/airflow odaklı kasa",7.6,390,2,Var,Full Tower,,,,,,Sinerji
Toplama Bilgisayar,Monitör,Gigabyte,Alienware 27 inç 2560x1440 144Hz,7050,Üst,Oyun,,,25,,HDMI-DP,"VA panel, 144Hz",9.3,236,2,Yok,27 inç,2560x1440,144Hz,,,,İncehesap
Toplama Bilgisayar,Anakart,Biostar,Aorus Elite X670 DDR5,10600,Üst,Yayıncılık,AM5,DDR5,,,AM5-DDR5,"Micro ATX, X670 yonga seti, DDR5 bellek desteği",8.5,5003,3,Yok,Micro ATX,,,,,,Akakçe
Toplama Bilgisayar,Ekran Kartı,XFX,RTX 5070 Hellhound 12GB,52850,Üst,Yapay Zeka,,GDDR6,250,12GB,PCIe,2026 yeni nesil 1440p,8.9,8704,3,Var,,,,12GB,,,İtopya
Toplama Bilgisayar,Anakart,Gigabyte,Prime X570 WiFi DDR4,8250,Üst,Oyun,AM4,DDR4,,,AM4-DDR4,"Micro ATX, X570 yonga seti, DDR4 bellek desteği",9.1,4518,3,Yok,Micro ATX,,,,,,İtopya
Toplama Bilgisayar,SSD,Seagate,990 Pro 1TB NVMe,1750,Orta,Oyun,,,5,1TB,M2 NVMe,PCIe 3.0 NVMe SSD,7.3,1507,5,Yok,,,,,3253 MB/s,2272 MB/s,İtopya
Toplama Bilgisayar,SSD,Kioxia,990 EVO 4TB NVMe,11200,Amiral,Oyun,,,3,4TB,M2 NVMe,PCIe 4.0 NVMe SSD,9.2,6390,5,Yok,,,,,6758 MB/s,5878 MB/s,İtopya
Toplama Bilgisayar,Kasa,DeepCool,Aquarius,3500,Orta,Oyun,,,,,Micro ATX,"Mini Tower, mesh/airflow odaklı kasa",8.5,6886,2,Yok,Mini Tower,,,,,,GamingGenTR
Toplama Bilgisayar,Kasa,GamePower,North RGB,4550,Üst,Yazılım,,,,,ATX,"Mini Tower, mesh/airflow odaklı kasa",8.5,8635,2,Var,Mini Tower,,,,,,İtopya
Toplama Bilgisayar,Anakart,Biostar,Gaming X Z790 WiFi DDR5,12300,Üst,Yazılım,LGA1700,DDR5,,,LGA1700-DDR5,"Mini ITX, Z790 yonga seti, DDR5 bellek desteği",8.9,4255,3,Yok,Mini ITX,,,,,,İncehesap
Toplama Bilgisayar,Mouse,Cooler Master,Atlantis Wireless 30000DPI,3200,Üst,Yazılım,,,,,Bluetooth,"30000 DPI sensör, 49g",8.7,2578,2,Yok,,,,,,,GamingGenTR
Toplama Bilgisayar,Kasa,ASUS,Aquarius Black,5200,Üst,Yazılım,,,,,E-ATX,"Mini Tower, mesh/airflow odaklı kasa",8.3,5188,2,Yok,Mini Tower,,,,,,İtopya
Toplama Bilgisayar,Güç Kaynağı,SilverStone,Strider 850W 80+ Platinum,6800,Üst,Yayıncılık,,,850W,,80+ Platinum,"Modüler PSU, 80+ Platinum",8.4,326,2,Yok,,,,,,,İncehesap
Toplama Bilgisayar,Mouse,Razer,ROG Keris Wireless 26000DPI,1450,Orta,Yazılım,,,,,USB,"26000 DPI sensör, 90g",8.7,5670,2,Var,,,,,,,İncehesap
Toplama Bilgisayar,Klavye,Royal Kludge,K2 Wireless Optik switch 75%,1650,Orta,Yazılım,,,,,Bluetooth,Optik switch klavye,8.8,3546,2,Var,75%,,,,,,İncehesap
Toplama Bilgisayar,Kasa,Thermaltake,TD500 White,1450,Giriş,Günlük Kullanım,,,,,E-ATX,"Mid Tower, mesh/airflow odaklı kasa",7.8,1386,2,Yok,Mid Tower,,,,,,Vatan
Toplama Bilgisayar,Mouse,Darmoshark,Harpoon Wireless 36000DPI,1100,Orta,Günlük Kullanım,,,,,Bluetooth,"36000 DPI sensör, 75g",8.3,7592,2,Var,,,,,,,İncehesap
Toplama Bilgisayar,Klavye,Redragon,Vigor GK Pro Mekanik 60%,1800,Orta,Ofis,,,,,USB,Mekanik klavye,8.0,5341,2,Var,60%,,,,,,Sinerji
Toplama Bilgisayar,RAM,XPG,Ares 8GB 1x8GB DDR4 3200MHz,550,Giriş,Yazılım,,DDR4,,8GB,DDR4,3200MHz bellek kiti,8.0,2918,2,Var,,,,,,,GamingGenTR
Toplama Bilgisayar,Anakart,Biostar,Creator B660 WiFi DDR4,4900,Orta,Günlük Kullanım,LGA1700,DDR4,,,LGA1700-DDR4,"ATX, B660 yonga seti, DDR4 bellek desteği",7.2,8472,3,Var,ATX,,,,,,Akakçe
Toplama Bilgisayar,Kasa,GamePower,CH370 White,5100,Üst,Oyun,,,,,E-ATX,"Full Tower, mesh/airflow odaklı kasa",8.8,2879,2,Var,Full Tower,,,,,,GamingGenTR
Toplama Bilgisayar,Kasa,Xigmatek,Warcry,6550,Üst,Yayıncılık,,,,,E-ATX,"Mid Tower, mesh/airflow odaklı kasa",8.2,9873,2,Var,Mid Tower,,,,,,Vatan
Toplama Bilgisayar,SSD,Seagate,CS2241 2TB NVMe,6700,Üst,Yazılım,,,5,2TB,M2 NVMe,PCIe 4.0 NVMe SSD,8.3,10744,5,Yok,,,,,6736 MB/s,5358 MB/s,Epey
Toplama Bilgisayar,Soğutucu,Noctua,AK620,1450,Orta,Günlük Kullanım,,,,,AM4-AM5-LGA1700,Hava soğutma,8.2,7400,3,Yok,,,,,,,Akakçe
Toplama Bilgisayar,Anakart,Colorful,Gaming X B650E WiFi DDR5,12800,Üst,Video Edit,AM5,DDR5,,,AM5-DDR5,"Mini ITX, B650E yonga seti, DDR5 bellek desteği",8.2,11067,3,Yok,Mini ITX,,,,,,İncehesap
Toplama Bilgisayar,Kasa,Xigmatek,Lancool White,1900,Giriş,Ofis,,,,,E-ATX,"Full Tower, mesh/airflow odaklı kasa",8.1,2440,2,Var,Full Tower,,,,,,İtopya
Toplama Bilgisayar,Kasa,Phanteks,CH370,2750,Orta,Yazılım,,,,,ATX,"Full Tower, mesh/airflow odaklı kasa",7.9,4912,2,Yok,Full Tower,,,,,,Epey
Toplama Bilgisayar,Mouse,Lamzu,Rival 12000DPI,2800,Üst,Günlük Kullanım,,,,,Bluetooth,"12000 DPI sensör, 90g",9.5,9627,2,Yok,,,,,,,Epey
Toplama Bilgisayar,Anakart,NZXT,Mortar A620 DDR5,3650,Giriş,Ofis,AM5,DDR5,,,AM5-DDR5,"Mini ITX, A620 yonga seti, DDR5 bellek desteği",6.8,822,3,Var,Mini ITX,,,,,,Epey
Toplama Bilgisayar,Kasa,Corsair,TUF GT White,4300,Üst,Tasarım,,,,,ATX,"Mid Tower, mesh/airflow odaklı kasa",9.3,9887,2,Yok,Mid Tower,,,,,,Vatan
Toplama Bilgisayar,SSD,Kioxia,CS2241 1TB NVMe,2550,Orta,Ofis,,,5,1TB,M2 NVMe,PCIe 4.0 NVMe SSD,7.7,1474,3,Yok,,,,,6919 MB/s,5538 MB/s,İtopya
Toplama Bilgisayar,Ekran Kartı,PNY,RX 9070 XT Pulse 16GB,62650,Amiral,Yapay Zeka,,GDDR6,304,16GB,PCIe,2026 RDNA üst seviye,9.3,966,3,Var,,,,16GB,,,Sinerji
Toplama Bilgisayar,Klavye,Razer,G Pro X Membran Tam boy,5050,Üst,Ofis,,,,,Bluetooth,Membran klavye,9.1,881,2,Yok,Tam boy,,,,,,Akakçe
Toplama Bilgisayar,Klavye,Redragon,Apex Membran Tam boy,1400,Orta,Günlük Kullanım,,,,,Bluetooth,Membran klavye,7.9,6132,2,Var,Tam boy,,,,,,Akakçe
Toplama Bilgisayar,Mouse,Logitech,Harpoon Mini 36000DPI,3300,Üst,Oyun,,,,,USB,"36000 DPI sensör, 63g",9.0,9380,2,Yok,,,,,,,Sinerji
Toplama Bilgisayar,Mouse,Glorious,X2V2 Pro 30000DPI,1650,Orta,Yazılım,,,,,Bluetooth,"30000 DPI sensör, 90g",8.1,4748,2,Var,,,,,,,İtopya
Toplama Bilgisayar,Mouse,ASUS,Pulsefire Mini 8000DPI,600,Giriş,Günlük Kullanım,,,,,Bluetooth,"8000 DPI sensör, 63g",7.0,1521,2,Yok,,,,,,,Akakçe
Toplama Bilgisayar,İşlemci,AMD,Ryzen 5 4500 Box,2800,Giriş,Ofis,AM4,DDR4,65,,AM4-DDR4,6 çekirdek 12 thread,6.6,3491,3,Yok,,,,,,,İtopya
Toplama Bilgisayar,Monitör,Dell,Legion 23.8 inç 3440x1440 165Hz,17400,Amiral,Oyun,,,25,,HDMI-DP,"Mini LED panel, 165Hz",9.4,405,3,Yok,23.8 inç,3440x1440,165Hz,,,,Vatan
Toplama Bilgisayar,HDD,Seagate,Blue 8TB 7200RPM,8850,Üst,Video Edit,,,5,8TB,SATA,3.5 inç mekanik disk,9.3,564,3,Yok,,,,,,,İncehesap
Toplama Bilgisayar,Soğutucu,MSI,H150i,14100,Amiral,Tasarım,,,,,AM4-AM5-LGA1700,360mm sıvı soğutma,9.0,4400,2,Var,360mm,,,,,,Sinerji
Toplama Bilgisayar,Mouse,Lamzu,Pulsefire Pro 8000DPI,350,Giriş,Oyun,,,,,Bluetooth,"8000 DPI sensör, 63g",6.7,1379,2,Yok,,,,,,,Akakçe
Toplama Bilgisayar,Klavye,Razer,K70 Optik switch TKL,1600,Orta,Yazılım,,,,,USB,Optik switch klavye,8.1,8392,2,Yok,TKL,,,,,,Epey
Toplama Bilgisayar,Kasa,Lian Li,Meshify RGB,14400,Amiral,Yayıncılık,,,,,E-ATX,"Mini Tower, mesh/airflow odaklı kasa",9.1,1931,2,Var,Mini Tower,,,,,,Vatan
Toplama Bilgisayar,Mouse,Lamzu,MM712 Pro 26000DPI,3800,Üst,Yazılım,,,,,Kablosuz,"26000 DPI sensör, 59g",9.1,4218,2,Yok,,,,,,,Epey
Toplama Bilgisayar,RAM,Patriot,XPG Lancer 8GB 1x8GB DDR5 5200MHz,1250,Giriş,Ofis,,DDR5,,8GB,DDR5,5200MHz bellek kiti,6.6,2122,5,Yok,,,,,,,İtopya
Toplama Bilgisayar,Mouse,Cooler Master,Harpoon 8000DPI,500,Giriş,Yazılım,,,,,Kablosuz,"8000 DPI sensör, 90g",6.5,480,2,Var,,,,,,,Epey
Toplama Bilgisayar,Monitör,ViewSonic,ProArt 27 inç 2560x1440 144Hz,7800,Üst,Video Edit,,,50,,HDMI-DP,"VA panel, 144Hz",9.1,7690,3,Yok,27 inç,2560x1440,144Hz,,,,Vatan
Toplama Bilgisayar,Anakart,ASUS,PRO A620 WiFi DDR5,3150,Giriş,Günlük Kullanım,AM5,DDR5,,,AM5-DDR5,"ATX, A620 yonga seti, DDR5 bellek desteği",7.2,647,3,Yok,ATX,,,,,,Epey
Toplama Bilgisayar,Monitör,AOC,Mobiuz 27 inç 3440x1440 165Hz,19800,Amiral,Oyun,,,35,,HDMI-DP,"Mini LED panel, 165Hz",8.8,3206,3,Yok,27 inç,3440x1440,165Hz,,,,Epey
Toplama Bilgisayar,Anakart,Colorful,Creator X670 AX DDR5,12150,Üst,Oyun,AM5,DDR5,,,AM5-DDR5,"Micro ATX, X670 yonga seti, DDR5 bellek desteği",8.2,271,3,Var,Micro ATX,,,,,,GamingGenTR
Toplama Bilgisayar,Anakart,ASRock,Aorus Elite B550 AX DDR4,4500,Orta,Yazılım,AM4,DDR4,,,AM4-DDR4,"Micro ATX, B550 yonga seti, DDR4 bellek desteği",8.6,6028,3,Var,Micro ATX,,,,,,Akakçe
Toplama Bilgisayar,Güç Kaynağı,MSI,Toughpower 1200W 80+ Titanium,12450,Amiral,Yapay Zeka,,,1200W,,80+ Titanium,"Modüler PSU, 80+ Titanium",9.8,3980,7,Yok,,,,,,,İncehesap
Toplama Bilgisayar,SSD,Corsair,990 EVO 2TB NVMe,4950,Üst,Yazılım,,,3,2TB,M2 NVMe,PCIe 3.0 NVMe SSD,9.2,11919,5,Yok,,,,,3365 MB/s,2895 MB/s,İtopya
Toplama Bilgisayar,RAM,Crucial,Dominator 32GB 2x16GB DDR5 6000MHz,5400,Üst,Oyun,,DDR5,,32GB,DDR5,6000MHz bellek kiti,9.3,4079,5,Yok,,,,,,,Akakçe
Toplama Bilgisayar,Klavye,ASUS,Ogre RGB Mekanik Tam boy,2400,Orta,Ofis,,,,,Kablosuz,Mekanik klavye,7.9,3797,2,Var,Tam boy,,,,,,Sinerji
Toplama Bilgisayar,Anakart,MSI,Strix B650 MAX DDR5,7500,Orta,Oyun,AM5,DDR5,,,AM5-DDR5,"Micro ATX, B650 yonga seti, DDR5 bellek desteği",8.7,8468,3,Var,Micro ATX,,,,,,Akakçe
Toplama Bilgisayar,Mouse,Redragon,Rival Mini 30000DPI,1700,Orta,Ofis,,,,,Kablosuz,"30000 DPI sensör, 90g",7.9,7734,2,Yok,,,,,,,İtopya
Toplama Bilgisayar,Mouse,MSI,G305 Wireless 36000DPI,650,Giriş,Günlük Kullanım,,,,,USB,"36000 DPI sensör, 75g",7.4,357,2,Yok,,,,,,,İncehesap
Toplama Bilgisayar,Anakart,NZXT,Phantom Gaming A520 AX DDR4,3450,Giriş,Ofis,AM4,DDR4,,,AM4-DDR4,"Mini ITX, A520 yonga seti, DDR4 bellek desteği",7.4,2040,3,Yok,Mini ITX,,,,,,Sinerji
Toplama Bilgisayar,Anakart,Biostar,Aorus Elite X570 AX DDR4,13250,Üst,Tasarım,AM4,DDR4,,,AM4-DDR4,"ATX, X570 yonga seti, DDR4 bellek desteği",9.1,9582,3,Yok,ATX,,,,,,İncehesap
Toplama Bilgisayar,Mouse,Zowie,G305 36000DPI,1250,Orta,Yazılım,,,,,Kablosuz,"36000 DPI sensör, 63g",7.8,4972,2,Var,,,,,,,Sinerji
Toplama Bilgisayar,Klavye,Keychron,GMMK Wireless Mekanik 60%,800,Giriş,Oyun,,,,,Bluetooth,Mekanik klavye,6.6,1722,2,Var,60%,,,,,,İncehesap
Toplama Bilgisayar,HDD,WD,Barracuda 6TB 7200RPM,6000,Orta,Günlük Kullanım,,,5,6TB,SATA,3.5 inç mekanik disk,8.7,4759,3,Yok,,,,,,,Sinerji
Toplama Bilgisayar,Klavye,Razer,Vigor GK Low Profile Tam boy,1900,Orta,Yazılım,,,,,USB,Low Profile klavye,7.7,4408,2,Yok,Tam boy,,,,,,Akakçe
Toplama Bilgisayar,Soğutucu,be quiet!,SE-224-XT,1000,Giriş,Oyun,,,,,AM4-AM5-LGA1700,Hava soğutma,7.3,1419,2,Var,,,,,,,Sinerji
Toplama Bilgisayar,Klavye,GamePower,Alloy Origins Pro Optik switch 60%,500,Giriş,Günlük Kullanım,,,,,Kablosuz,Optik switch klavye,7.0,2900,2,Yok,60%,,,,,,Epey
Toplama Bilgisayar,HDD,Toshiba,Barracuda 2TB 7200RPM,2550,Giriş,Video Edit,,,5,2TB,SATA,3.5 inç mekanik disk,7.4,2398,3,Yok,,,,,,,İtopya
Toplama Bilgisayar,Anakart,ASUS,Mortar X870 WiFi DDR5,20500,Amiral,Oyun,AM5,DDR5,,,AM5-DDR5,"ATX, X870 yonga seti, DDR5 bellek desteği",9.4,5663,3,Var,ATX,,,,,,GamingGenTR
Toplama Bilgisayar,Monitör,Samsung,Aorus 31.5 inç 3440x1440 165Hz,22950,Amiral,Yazılım,,,50,,HDMI-DP,"VA panel, 165Hz",9.2,1687,3,Yok,31.5 inç,3440x1440,165Hz,,,,Vatan
Toplama Bilgisayar,Mouse,Darmoshark,Model O 16000DPI,1550,Orta,Yazılım,,,,,USB,"16000 DPI sensör, 49g",7.3,8274,2,Yok,,,,,,,GamingGenTR
Toplama Bilgisayar,RAM,Lexar,Ares 64GB 2x32GB DDR5 6000MHz,11750,Amiral,Yapay Zeka,,DDR5,,64GB,DDR5,6000MHz bellek kiti,8.9,2956,2,Var,,,,,,,Akakçe
Toplama Bilgisayar,RAM,TeamGroup,T-Force Delta 64GB 2x32GB DDR5 5200MHz,8350,Amiral,Yayıncılık,,DDR5,,64GB,DDR5,5200MHz bellek kiti,9.1,3523,5,Yok,,,,,,,İncehesap
Toplama Bilgisayar,RAM,XPG,T-Force Delta 64GB 2x32GB DDR5 7200MHz,13450,Amiral,Tasarım,,DDR5,,64GB,DDR5,7200MHz bellek kiti,9.3,325,3,Yok,,,,,,,İncehesap
Toplama Bilgisayar,Anakart,NZXT,TUF Gaming X870 AX DDR5,21350,Amiral,Yayıncılık,AM5,DDR5,,,AM5-DDR5,"ATX, X870 yonga seti, DDR5 bellek desteği",9.8,992,3,Yok,ATX,,,,,,Sinerji
Toplama Bilgisayar,Anakart,ASUS,Phantom Gaming B650 MAX DDR5,6200,Orta,Ofis,AM5,DDR5,,,AM5-DDR5,"Mini ITX, B650 yonga seti, DDR5 bellek desteği",8.6,6970,3,Yok,Mini ITX,,,,,,Sinerji
Toplama Bilgisayar,Kasa,Cooler Master,Aquarius,1350,Giriş,Oyun,,,,,E-ATX,"Full Tower, mesh/airflow odaklı kasa",6.5,3041,2,Yok,Full Tower,,,,,,İtopya
Toplama Bilgisayar,RAM,Corsair,Ripjaws 64GB 2x32GB DDR5 6000MHz,13150,Amiral,Tasarım,,DDR5,,64GB,DDR5,6000MHz bellek kiti,9.3,4204,5,Var,,,,,,,Sinerji
Toplama Bilgisayar,Klavye,Razer,K380 Wireless Mekanik 75%,550,Giriş,Ofis,,,,,Bluetooth,Mekanik klavye,6.7,3103,2,Yok,75%,,,,,,Epey
Toplama Bilgisayar,SSD,Patriot,SN850X 2TB NVMe,9250,Üst,Tasarım,,,3,2TB,M2 NVMe,PCIe 5.0 NVMe SSD,8.2,10973,3,Yok,,,,,10789 MB/s,8254 MB/s,Vatan
Toplama Bilgisayar,Anakart,ASRock,Gaming X X570 WiFi DDR4,13700,Üst,Yayıncılık,AM4,DDR4,,,AM4-DDR4,"ATX, X570 yonga seti, DDR4 bellek desteği",8.5,11680,3,Yok,ATX,,,,,,İncehesap
Toplama Bilgisayar,Monitör,MSI,Alienware 23.8 inç 3440x1440 165Hz,15750,Amiral,Oyun,,,50,,HDMI-DP,"OLED panel, 165Hz",9.6,4082,3,Yok,23.8 inç,3440x1440,165Hz,,,,Vatan
Toplama Bilgisayar,Monitör,MSI,UltraGear 24.5 inç 3440x1440 165Hz,14600,Amiral,Yazılım,,,35,,HDMI-DP,"VA panel, 165Hz",9.3,6051,3,Yok,24.5 inç,3440x1440,165Hz,,,,Sinerji
Toplama Bilgisayar,Anakart,ASUS,PRO A520 AX DDR4,3850,Giriş,Ofis,AM4,DDR4,,,AM4-DDR4,"Micro ATX, A520 yonga seti, DDR4 bellek desteği",7.5,1045,3,Var,Micro ATX,,,,,,Akakçe
Toplama Bilgisayar,Güç Kaynağı,SilverStone,PF 1000W 80+ Gold,6000,Üst,Oyun,,,1000W,,80+ Gold,"Modüler PSU, 80+ Gold",9.3,7733,7,Yok,,,,,,,Sinerji
Toplama Bilgisayar,Anakart,ASUS,Prime B650 WiFi DDR5,6950,Orta,Oyun,AM5,DDR5,,,AM5-DDR5,"ATX, B650 yonga seti, DDR5 bellek desteği",8.4,6421,3,Var,ATX,,,,,,Epey
Toplama Bilgisayar,Ekran Kartı,MSI,RX 7900 XTX Merc 24GB,70850,Amiral,Oyun,,GDDR6,355,24GB,PCIe,24GB VRAM 4K,8.9,5986,3,Var,,,,24GB,,,Epey
Toplama Bilgisayar,Kasa,ASUS,H5 Flow Mesh,2050,Giriş,Oyun,,,,,E-ATX,"Full Tower, mesh/airflow odaklı kasa",7.4,2258,2,Var,Full Tower,,,,,,İncehesap
Toplama Bilgisayar,Klavye,SteelSeries,MOD007 Pro Membran 60%,1500,Orta,Oyun,,,,,Kablosuz,Membran klavye,7.2,2459,2,Yok,60%,,,,,,İncehesap
Toplama Bilgisayar,Klavye,Corsair,K2 Optik switch TKL,850,Giriş,Oyun,,,,,Bluetooth,Optik switch klavye,8.1,2523,2,Yok,TKL,,,,,,Vatan
Toplama Bilgisayar,Klavye,HyperX,CK RGB Optik switch TKL,2100,Orta,Oyun,,,,,Bluetooth,Optik switch klavye,7.8,2231,2,Var,TKL,,,,,,İtopya
Toplama Bilgisayar,Mouse,Redragon,Harpoon Pro 30000DPI,1500,Orta,Yazılım,,,,,Kablosuz,"30000 DPI sensör, 75g",8.6,6917,2,Var,,,,,,,Epey
Toplama Bilgisayar,Güç Kaynağı,Seasonic,Strider 1200W 80+ Titanium,11750,Amiral,Yayıncılık,,,1200W,,80+ Titanium,"Modüler PSU, 80+ Titanium",9.4,5236,7,Yok,,,,,,,Akakçe
Toplama Bilgisayar,Anakart,Biostar,Tomahawk B760 DDR4,5450,Orta,Yazılım,LGA1700,DDR4,,,LGA1700-DDR4,"Mini ITX, B760 yonga seti, DDR4 bellek desteği",8.1,188,3,Yok,Mini ITX,,,,,,Sinerji
Toplama Bilgisayar,Soğutucu,Cooler Master,Hyper 212,1500,Orta,Ofis,,,,,AM4-AM5-LGA1700,Hava soğutma,8.6,2955,3,Var,,,,,,,Sinerji
Toplama Bilgisayar,Ekran Kartı,Gainward,RTX 5090 GamingPro 32GB,173750,Amiral,Video Edit,,GDDR6X,575,32GB,PCIe,2026 amiral seviye AI/4K,9.5,4160,3,Yok,,,,32GB,,,Sinerji
Toplama Bilgisayar,Mouse,Corsair,G102 16000DPI,2800,Üst,Günlük Kullanım,,,,,USB,"16000 DPI sensör, 75g",8.7,2304,2,Yok,,,,,,,Akakçe
Toplama Bilgisayar,Güç Kaynağı,NZXT,Focus GX 450W 80+ Bronze,2000,Giriş,Ofis,,,450W,,80+ Bronze,"Yarı modüler PSU, 80+ Bronze",7.8,362,3,Yok,,,,,,,Akakçe
Toplama Bilgisayar,Anakart,NZXT,Taichi B650 MAX DDR5,5550,Orta,Yazılım,AM5,DDR5,,,AM5-DDR5,"ATX, B650 yonga seti, DDR5 bellek desteği",7.7,1193,3,Var,ATX,,,,,,Epey
Toplama Bilgisayar,Kasa,NZXT,TD500 Black,5350,Üst,Yazılım,,,,,Micro ATX,"Mini Tower, mesh/airflow odaklı kasa",8.8,5664,2,Yok,Mini Tower,,,,,,Epey
Toplama Bilgisayar,Soğutucu,Corsair,ROG Ryujin 360,4050,Orta,Oyun,,,,,AM4-AM5-LGA1700,360mm sıvı soğutma,7.4,7565,3,Yok,360mm,,,,,,Akakçe
Toplama Bilgisayar,Mouse,SteelSeries,X2V2 8000DPI,1000,Orta,Günlük Kullanım,,,,,USB,"8000 DPI sensör, 75g",8.2,4428,2,Var,,,,,,,İtopya
Toplama Bilgisayar,Anakart,ASUS,Taichi B550 DDR4,7400,Orta,Ofis,AM4,DDR4,,,AM4-DDR4,"Micro ATX, B550 yonga seti, DDR4 bellek desteği",7.4,1719,3,Var,Micro ATX,,,,,,Sinerji
Toplama Bilgisayar,Mouse,Pulsar,Clutch GM Mini 16000DPI,1050,Orta,Ofis,,,,,Kablosuz,"16000 DPI sensör, 63g",8.2,5259,2,Yok,,,,,,,Vatan
Toplama Bilgisayar,Anakart,Gigabyte,Phantom Gaming B760 WiFi DDR4,5850,Orta,Ofis,LGA1700,DDR4,,,LGA1700-DDR4,"ATX, B760 yonga seti, DDR4 bellek desteği",7.9,4877,3,Yok,ATX,,,,,,İtopya
Toplama Bilgisayar,Kasa,Lian Li,TUF GT Mesh,1750,Giriş,Günlük Kullanım,,,,,Micro ATX,"Mini Tower, mesh/airflow odaklı kasa",6.8,251,2,Var,Mini Tower,,,,,,İncehesap
Toplama Bilgisayar,Anakart,MSI,Tomahawk A520 MAX DDR4,3450,Giriş,Yazılım,AM4,DDR4,,,AM4-DDR4,"Micro ATX, A520 yonga seti, DDR4 bellek desteği",6.5,2327,3,Var,Micro ATX,,,,,,Akakçe
Toplama Bilgisayar,Ekran Kartı,ASUS,GTX 1650 Eagle OC 4GB,6250,Giriş,Günlük Kullanım,,GDDR6,75,4GB,PCIe,1080p giriş oyun,7.7,233,3,Var,,,,4GB,,,İtopya
Toplama Bilgisayar,RAM,G.Skill,Ripjaws 16GB 2x8GB DDR5 6000MHz,2300,Orta,Günlük Kullanım,,DDR5,,16GB,DDR5,6000MHz bellek kiti,7.3,2561,5,Yok,,,,,,,Akakçe
Toplama Bilgisayar,Kasa,Thermaltake,North White,3750,Orta,Yazılım,,,,,Micro ATX,"Full Tower, mesh/airflow odaklı kasa",8.3,5405,2,Yok,Full Tower,,,,,,Epey
Toplama Bilgisayar,Monitör,Gigabyte,Aorus 32 inç 3840x2160 144Hz,31800,Amiral,Ofis,,,50,,HDMI-DP,"VA panel, 144Hz",9.3,2238,2,Yok,32 inç,3840x2160,144Hz,,,,İtopya
Toplama Bilgisayar,Kasa,Phanteks,Eclipse White,3950,Orta,Oyun,,,,,Micro ATX,"Mid Tower, mesh/airflow odaklı kasa",8.6,5530,2,Var,Mid Tower,,,,,,GamingGenTR
Toplama Bilgisayar,Klavye,Akko,Alloy Origins RGB Membran 60%,600,Giriş,Yazılım,,,,,Kablosuz,Membran klavye,6.8,2864,2,Var,60%,,,,,,İncehesap
Toplama Bilgisayar,Monitör,AOC,UltraGear 32 inç 3440x1440 165Hz,18400,Amiral,Oyun,,,25,,HDMI-DP,"IPS panel, 165Hz",9.3,4758,2,Yok,32 inç,3440x1440,165Hz,,,,Vatan
Toplama Bilgisayar,Kasa,DarkFlash,Eclipse Mesh,2300,Giriş,Ofis,,,,,E-ATX,"Mini Tower, mesh/airflow odaklı kasa",6.8,922,2,Var,Mini Tower,,,,,,Vatan
Toplama Bilgisayar,Kasa,Thermaltake,Eclipse White,6450,Üst,Oyun,,,,,Micro ATX,"Full Tower, mesh/airflow odaklı kasa",9.1,1502,2,Yok,Full Tower,,,,,,Vatan
Toplama Bilgisayar,Kasa,Thermaltake,Warcry,1950,Giriş,Oyun,,,,,Micro ATX,"Mid Tower, mesh/airflow odaklı kasa",8.0,3096,2,Yok,Mid Tower,,,,,,Akakçe
Toplama Bilgisayar,Soğutucu,be quiet!,AK400,2950,Üst,Yayıncılık,,,,,AM4-AM5-LGA1700,Hava soğutma,9.4,9617,2,Yok,,,,,,,Epey
Toplama Bilgisayar,Kasa,Phanteks,Lancool White,6800,Üst,Yayıncılık,,,,,ATX,"Mid Tower, mesh/airflow odaklı kasa",8.8,11488,2,Var,Mid Tower,,,,,,Vatan
Toplama Bilgisayar,Kasa,DeepCool,Meshify RGB,4300,Orta,Oyun,,,,,E-ATX,"Full Tower, mesh/airflow odaklı kasa",7.7,4271,2,Var,Full Tower,,,,,,Akakçe
Toplama Bilgisayar,Mouse,Razer,MM712 Mini 12000DPI,600,Giriş,Günlük Kullanım,,,,,USB,"12000 DPI sensör, 49g",6.4,1602,2,Yok,,,,,,,Epey
Toplama Bilgisayar,Kasa,MSI,O11 Dynamic Black,3100,Orta,Yazılım,,,,,E-ATX,"Mini Tower, mesh/airflow odaklı kasa",7.2,2980,2,Yok,Mini Tower,,,,,,GamingGenTR
Toplama Bilgisayar,Soğutucu,ID-Cooling,H150i,5700,Üst,Yazılım,,,,,AM4-AM5-LGA1700,360mm sıvı soğutma,9.2,9163,3,Yok,360mm,,,,,,Akakçe
Toplama Bilgisayar,Mouse,Glorious,Clutch GM Mini 26000DPI,2250,Üst,Yazılım,,,,,USB,"26000 DPI sensör, 90g",9.0,506,2,Var,,,,,,,Sinerji
Toplama Bilgisayar,Klavye,Cooler Master,Ogre Pro Membran 75%,600,Giriş,Oyun,,,,,Kablosuz,Membran klavye,6.5,1038,2,Var,75%,,,,,,Sinerji
Toplama Bilgisayar,Mouse,SteelSeries,MM712 Mini 30000DPI,1700,Orta,Ofis,,,,,USB,"30000 DPI sensör, 59g",7.6,8088,2,Var,,,,,,,Epey
Toplama Bilgisayar,Anakart,Gigabyte,PRO B660 AX DDR4,6100,Orta,Yazılım,LGA1700,DDR4,,,LGA1700-DDR4,"Mini ITX, B660 yonga seti, DDR4 bellek desteği",8.5,5843,3,Yok,Mini ITX,,,,,,Akakçe
Toplama Bilgisayar,Mouse,Logitech,Pulsefire Mini 30000DPI,400,Giriş,Günlük Kullanım,,,,,Kablosuz,"30000 DPI sensör, 59g",7.4,1463,2,Yok,,,,,,,Akakçe
Toplama Bilgisayar,Klavye,Logitech,GMMK Wireless Membran 60%,750,Giriş,Ofis,,,,,Kablosuz,Membran klavye,7.4,1702,2,Yok,60%,,,,,,İtopya
Toplama Bilgisayar,Soğutucu,Noctua,Frozen Notte 240,5300,Üst,Yazılım,,,,,AM4-AM5-LGA1700,240mm sıvı soğutma,8.4,4771,5,Yok,240mm,,,,,,Sinerji
Toplama Bilgisayar,Ekran Kartı,PowerColor,RX 7600 Pulse 8GB,13650,Orta,Günlük Kullanım,,GDDR6,165,8GB,PCIe,1080p oyun,7.5,2353,3,Var,,,,8GB,,,GamingGenTR
Toplama Bilgisayar,Kasa,DarkFlash,View 270,4950,Üst,Yazılım,,,,,ATX,"Mini Tower, mesh/airflow odaklı kasa",9.0,3860,2,Var,Mini Tower,,,,,,Akakçe
Toplama Bilgisayar,Güç Kaynağı,High Power,PF 750W 80+ Gold,4900,Orta,Günlük Kullanım,,,750W,,80+ Gold,"Sabit kablo PSU, 80+ Gold",8.2,1224,7,Yok,,,,,,,İtopya
Toplama Bilgisayar,Anakart,Colorful,Creator B550 MAX DDR4,7150,Orta,Ofis,AM4,DDR4,,,AM4-DDR4,"Mini ITX, B550 yonga seti, DDR4 bellek desteği",7.3,618,3,Yok,Mini ITX,,,,,,Vatan
Toplama Bilgisayar,Mouse,Redragon,ROG Keris Mini 30000DPI,1250,Orta,Ofis,,,,,USB,"30000 DPI sensör, 75g",8.0,914,2,Yok,,,,,,,Epey
Toplama Bilgisayar,Klavye,Akko,BlackWidow Optik switch Tam boy,750,Giriş,Yazılım,,,,,USB,Optik switch klavye,7.6,2050,2,Var,Tam boy,,,,,,İtopya
Toplama Bilgisayar,Klavye,ASUS,G Pro X Low Profile TKL,750,Giriş,Ofis,,,,,Kablosuz,Low Profile klavye,6.6,563,2,Var,TKL,,,,,,Vatan
Toplama Bilgisayar,Anakart,MSI,Prime B650E DDR5,12850,Üst,Oyun,AM5,DDR5,,,AM5-DDR5,"Mini ITX, B650E yonga seti, DDR5 bellek desteği",8.2,9426,3,Var,Mini ITX,,,,,,Vatan
Toplama Bilgisayar,Monitör,BenQ,UltraGear 34 inç 3840x2160 240Hz,38450,Amiral,Oyun,,,35,,HDMI-DP,"OLED panel, 240Hz",9.4,2452,3,Yok,34 inç,3840x2160,240Hz,,,,İtopya
Toplama Bilgisayar,Kasa,DarkFlash,MAG Forge Black,2750,Orta,Yazılım,,,,,ATX,"Mini Tower, mesh/airflow odaklı kasa",7.4,4899,2,Var,Mini Tower,,,,,,GamingGenTR
Toplama Bilgisayar,Ekran Kartı,ASUS,RX 7900 GRE Pulse 16GB,37950,Üst,Yayıncılık,,GDDR6,260,16GB,PCIe,1440p/4K,8.9,5345,3,Var,,,,16GB,,,Sinerji
Toplama Bilgisayar,Güç Kaynağı,NZXT,Focus GX 850W 80+ Gold,6850,Üst,Oyun,,,850W,,80+ Gold,"Modüler PSU, 80+ Gold",8.8,11914,7,Yok,,,,,,,Akakçe
Toplama Bilgisayar,Kasa,Fractal Design,View 270 RGB,1500,Giriş,Ofis,,,,,ATX,"Full Tower, mesh/airflow odaklı kasa",6.5,67,2,Var,Full Tower,,,,,,Vatan
Toplama Bilgisayar,Kasa,MSI,H5 Flow Black,3600,Orta,Ofis,,,,,ATX,"Mini Tower, mesh/airflow odaklı kasa",8.5,712,2,Var,Mini Tower,,,,,,Epey
Toplama Bilgisayar,HDD,Toshiba,P300 8TB 7200RPM,9300,Üst,Günlük Kullanım,,,5,8TB,SATA,3.5 inç mekanik disk,8.9,6090,2,Yok,,,,,,,İncehesap
Toplama Bilgisayar,Kasa,MSI,North Mesh,4600,Üst,Video Edit,,,,,Micro ATX,"Full Tower, mesh/airflow odaklı kasa",9.1,36,2,Yok,Full Tower,,,,,,İtopya
Toplama Bilgisayar,Kasa,Corsair,TD500 White,4150,Orta,Oyun,,,,,Micro ATX,"Full Tower, mesh/airflow odaklı kasa",8.7,3680,2,Var,Full Tower,,,,,,İncehesap
Toplama Bilgisayar,Kasa,Corsair,View 270 White,5700,Üst,Tasarım,,,,,Micro ATX,"Mid Tower, mesh/airflow odaklı kasa",8.5,3134,2,Var,Mid Tower,,,,,,Sinerji
Toplama Bilgisayar,Mouse,Zowie,FK2 Mini 26000DPI,1400,Orta,Günlük Kullanım,,,,,Bluetooth,"26000 DPI sensör, 59g",7.8,130,2,Yok,,,,,,,GamingGenTR
Toplama Bilgisayar,Anakart,MSI,PRO B660 DDR4,5350,Orta,Yazılım,LGA1700,DDR4,,,LGA1700-DDR4,"Mini ITX, B660 yonga seti, DDR4 bellek desteği",7.4,7666,3,Var,Mini ITX,,,,,,İncehesap
Toplama Bilgisayar,HDD,Toshiba,P300 1TB 7200RPM,1600,Giriş,Video Edit,,,7,1TB,SATA,3.5 inç mekanik disk,7.1,1742,3,Yok,,,,,,,GamingGenTR
Toplama Bilgisayar,Klavye,Keychron,GMMK Pro Mekanik TKL,2300,Orta,Ofis,,,,,Kablosuz,Mekanik klavye,7.6,4190,2,Var,TKL,,,,,,Akakçe
Toplama Bilgisayar,Ekran Kartı,MSI,RTX 4060 Ti TUF 8GB,26300,Orta,Günlük Kullanım,,GDDR6,160,8GB,PCIe,1080p/1440p oyun,8.0,656,3,Var,,,,8GB,,,Epey
Toplama Bilgisayar,Klavye,ASUS,BlackWidow Pro Low Profile 60%,9550,Amiral,Ofis,,,,,USB,Low Profile klavye,8.8,3191,2,Yok,60%,,,,,,İtopya
Toplama Bilgisayar,Klavye,Corsair,MOD007 Wireless Optik switch 75%,5050,Üst,Oyun,,,,,Bluetooth,Optik switch klavye,8.2,5109,2,Yok,75%,,,,,,İtopya
Toplama Bilgisayar,Ekran Kartı,Galax,RTX 5090 Dual 32GB,164850,Amiral,Oyun,,GDDR6X,575,32GB,PCIe,2026 amiral seviye AI/4K,9.1,1245,3,Yok,,,,32GB,,,GamingGenTR
Toplama Bilgisayar,Mouse,Zowie,Atlantis Wireless 26000DPI,1100,Orta,Oyun,,,,,USB,"26000 DPI sensör, 63g",7.6,6365,2,Yok,,,,,,,İtopya
Toplama Bilgisayar,HDD,Toshiba,SkyHawk 2TB 7200RPM,2600,Giriş,Yayıncılık,,,5,2TB,SATA,3.5 inç mekanik disk,6.7,2031,2,Yok,,,,,,,GamingGenTR
Toplama Bilgisayar,Mouse,SteelSeries,X2V2 Pro 12000DPI,500,Giriş,Yazılım,,,,,USB,"12000 DPI sensör, 63g",7.8,902,2,Var,,,,,,,İtopya
Toplama Bilgisayar,Monitör,Samsung,Raptor 32 inç 1920x1080 144Hz,5300,Orta,Tasarım,,,50,,HDMI-DP,"IPS panel, 144Hz",7.4,3014,3,Yok,32 inç,1920x1080,144Hz,,,,GamingGenTR
Toplama Bilgisayar,Klavye,Cooler Master,Alloy Origins RGB Optik switch TKL,1400,Orta,Yazılım,,,,,Kablosuz,Optik switch klavye,7.3,2191,2,Var,TKL,,,,,,Akakçe
Toplama Bilgisayar,Güç Kaynağı,be quiet!,Focus GX 1600W 80+ Platinum,17800,Amiral,Yapay Zeka,,,1600W,,80+ Platinum,"Modüler PSU, 80+ Platinum",9.0,2738,5,Yok,,,,,,,İncehesap
Toplama Bilgisayar,Monitör,Lenovo,Nitro 32 inç 1920x1080 75Hz,2500,Giriş,Oyun,,,50,,HDMI-DP,"VA panel, 75Hz",6.9,2685,3,Yok,32 inç,1920x1080,75Hz,,,,Sinerji
Toplama Bilgisayar,Ekran Kartı,Galax,RTX 5080 StormX 16GB,113950,Amiral,Yapay Zeka,,GDDR6X,360,16GB,PCIe,2026 4K üst seviye,9.0,1310,3,Yok,,,,16GB,,,GamingGenTR
Toplama Bilgisayar,Mouse,Razer,G305 Wireless 26000DPI,1450,Orta,Oyun,,,,,USB,"26000 DPI sensör, 63g",7.4,2792,2,Var,,,,,,,Epey
Toplama Bilgisayar,İşlemci,AMD,Ryzen 9 7900X Box,20700,Amiral,Yapay Zeka,AM5,DDR5,170,,AM5-DDR5,12 çekirdek 24 thread,8.9,4790,3,Yok,,,,,,,GamingGenTR
Toplama Bilgisayar,Ekran Kartı,Gigabyte,RTX 5080 Dual 16GB,106500,Amiral,Yayıncılık,,GDDR6X,360,16GB,PCIe,2026 4K üst seviye,9.5,2565,3,Yok,,,,16GB,,,Sinerji
Toplama Bilgisayar,Monitör,MSI,Mobiuz 32 inç 1920x1080 75Hz,3650,Giriş,Video Edit,,,50,,HDMI-DP,"VA panel, 75Hz",6.5,1812,2,Yok,32 inç,1920x1080,75Hz,,,,İtopya
Toplama Bilgisayar,Mouse,MSI,FK2 36000DPI,3300,Üst,Oyun,,,,,USB,"36000 DPI sensör, 63g",9.3,3136,2,Yok,,,,,,,GamingGenTR
Toplama Bilgisayar,Kasa,Thermaltake,O11 Dynamic Black,5050,Üst,Yazılım,,,,,E-ATX,"Full Tower, mesh/airflow odaklı kasa",8.9,8987,2,Yok,Full Tower,,,,,,Sinerji
Toplama Bilgisayar,HDD,WD,Purple 4TB 7200RPM,3750,Orta,Günlük Kullanım,,,5,4TB,SATA,3.5 inç mekanik disk,8.0,3740,2,Yok,,,,,,,İncehesap
Toplama Bilgisayar,Ekran Kartı,Gigabyte,RTX 4080 Super StormX 16GB,84150,Amiral,Yayıncılık,,GDDR6X,320,16GB,PCIe,4K oyun ve render,9.3,4688,3,Var,,,,16GB,,,İncehesap
Toplama Bilgisayar,Mouse,Corsair,FK2 Pro 26000DPI,3500,Üst,Ofis,,,,,USB,"26000 DPI sensör, 90g",8.9,94,2,Var,,,,,,,GamingGenTR
Toplama Bilgisayar,Güç Kaynağı,Cooler Master,Performance GD 1600W 80+ Titanium,21700,Amiral,Yayıncılık,,,1600W,,80+ Titanium,"Modüler PSU, 80+ Titanium",9.1,4975,3,Yok,,,,,,,Vatan
Toplama Bilgisayar,Monitör,HP,Nitro 24.5 inç 2560x1440 180Hz,10000,Üst,Tasarım,,,50,,HDMI-DP,"VA panel, 180Hz",8.3,7761,3,Yok,24.5 inç,2560x1440,180Hz,,,,Sinerji
Toplama Bilgisayar,Monitör,HP,G-Master 32 inç 2560x1440 144Hz,7700,Üst,Yazılım,,,25,,HDMI-DP,"VA panel, 144Hz",9.1,9587,2,Yok,32 inç,2560x1440,144Hz,,,,İtopya
Toplama Bilgisayar,Klavye,Glorious,Ogre Low Profile 60%,1650,Orta,Ofis,,,,,Bluetooth,Low Profile klavye,8.3,4384,2,Var,60%,,,,,,İncehesap
Toplama Bilgisayar,RAM,Lexar,XLR8 16GB 2x8GB DDR4 4000MHz,1950,Orta,Ofis,,DDR4,,16GB,DDR4,4000MHz bellek kiti,8.6,1105,3,Yok,,,,,,,İncehesap
Toplama Bilgisayar,Kasa,Xigmatek,North,6850,Üst,Oyun,,,,,ATX,"Mini Tower, mesh/airflow odaklı kasa",8.5,3336,2,Var,Mini Tower,,,,,,Vatan
Toplama Bilgisayar,Klavye,Glorious,K380 RGB Low Profile Tam boy,750,Giriş,Oyun,,,,,Kablosuz,Low Profile klavye,6.5,1445,2,Var,Tam boy,,,,,,İncehesap
Toplama Bilgisayar,Mouse,Cooler Master,Harpoon Wireless 30000DPI,1750,Orta,Ofis,,,,,USB,"30000 DPI sensör, 49g",8.0,5296,2,Yok,,,,,,,GamingGenTR
Toplama Bilgisayar,Ekran Kartı,Zotac,RX 7900 XTX JetStream 24GB,71150,Amiral,Oyun,,GDDR6,355,24GB,PCIe,24GB VRAM 4K,8.9,2506,3,Yok,,,,24GB,,,Akakçe
Toplama Bilgisayar,RAM,Kingston,Viper Steel 8GB 1x8GB DDR5 5200MHz,1250,Giriş,Yazılım,,DDR5,,8GB,DDR5,5200MHz bellek kiti,7.3,2111,2,Var,,,,,,,GamingGenTR
Toplama Bilgisayar,Klavye,Redragon,K2 Pro Mekanik 75%,850,Giriş,Ofis,,,,,USB,Mekanik klavye,7.6,968,2,Var,75%,,,,,,Epey
Toplama Bilgisayar,Ekran Kartı,XFX,RTX 5070 JetStream 12GB,52750,Üst,Yapay Zeka,,GDDR6,250,12GB,PCIe,2026 yeni nesil 1440p,8.9,11155,3,Var,,,,12GB,,,GamingGenTR
Toplama Bilgisayar,Mouse,Zowie,G Pro X Superlight Wireless 8000DPI,2600,Üst,Yazılım,,,,,Kablosuz,"8000 DPI sensör, 90g",8.3,7974,2,Var,,,,,,,İtopya
Toplama Bilgisayar,Klavye,SteelSeries,MOD007 RGB Membran 75%,3500,Üst,Ofis,,,,,USB,Membran klavye,9.4,1415,2,Var,75%,,,,,,Akakçe
Toplama Bilgisayar,Kasa,MSI,Eclipse RGB,3500,Orta,Ofis,,,,,E-ATX,"Mini Tower, mesh/airflow odaklı kasa",7.8,238,2,Var,Mini Tower,,,,,,Vatan
Toplama Bilgisayar,Kasa,Cooler Master,MAG Forge Black,4100,Orta,Oyun,,,,,ATX,"Mini Tower, mesh/airflow odaklı kasa",8.5,3704,2,Var,Mini Tower,,,,,,İtopya
Toplama Bilgisayar,Mouse,Redragon,Clutch GM 12000DPI,450,Giriş,Oyun,,,,,Kablosuz,"12000 DPI sensör, 90g",6.5,1094,2,Var,,,,,,,Sinerji
Toplama Bilgisayar,Mouse,Logitech,X2V2 Mini 36000DPI,350,Giriş,Yazılım,,,,,Kablosuz,"36000 DPI sensör, 59g",6.5,3468,2,Var,,,,,,,Sinerji
Toplama Bilgisayar,Klavye,Glorious,RK61 Pro Membran TKL,1650,Orta,Yazılım,,,,,Kablosuz,Membran klavye,7.8,396,2,Yok,TKL,,,,,,Epey
Toplama Bilgisayar,İşlemci,Intel,Core i3-12100F Tray,2300,Giriş,Yazılım,LGA1700,DDR4,58,,LGA1700-DDR4,4 çekirdek 8 thread,7.9,2254,3,Yok,,,,,,,Akakçe
Toplama Bilgisayar,Anakart,Biostar,TUF Gaming X870 DDR5,22450,Amiral,Yayıncılık,AM5,DDR5,,,AM5-DDR5,"Mini ITX, X870 yonga seti, DDR5 bellek desteği",9.8,4511,3,Yok,Mini ITX,,,,,,İtopya
Toplama Bilgisayar,Kasa,MSI,Eclipse White,11550,Amiral,Video Edit,,,,,ATX,"Mid Tower, mesh/airflow odaklı kasa",9.3,2921,2,Yok,Mid Tower,,,,,,Vatan
Toplama Bilgisayar,Soğutucu,Corsair,Dark Rock 4,1950,Orta,Oyun,,,,,AM4-AM5-LGA1700,Hava soğutma,8.6,418,3,Yok,,,,,,,GamingGenTR
Toplama Bilgisayar,Monitör,Gigabyte,Mobiuz 24.5 inç 3840x2160 240Hz,36600,Amiral,Oyun,,,35,,HDMI-DP,"OLED panel, 240Hz",8.8,3185,3,Yok,24.5 inç,3840x2160,240Hz,,,,Vatan
Toplama Bilgisayar,SSD,Samsung,NV2 500GB NVMe,1100,Giriş,Yazılım,,,3,500GB,M2 NVMe,PCIe 3.0 NVMe SSD,7.9,1704,3,Yok,,,,,3280 MB/s,2925 MB/s,Sinerji
Toplama Bilgisayar,Kasa,ASUS,CH370 Black,8950,Amiral,Video Edit,,,,,ATX,"Mini Tower, mesh/airflow odaklı kasa",9.0,2414,2,Yok,Mini Tower,,,,,,Epey
Toplama Bilgisayar,Klavye,Cooler Master,Apex RGB Mekanik TKL,2350,Orta,Yazılım,,,,,Bluetooth,Mekanik klavye,7.5,109,2,Var,TKL,,,,,,Akakçe
Toplama Bilgisayar,Klavye,ASUS,GMMK Wireless Membran 75%,600,Giriş,Günlük Kullanım,,,,,Kablosuz,Membran klavye,7.0,3215,2,Yok,75%,,,,,,İtopya
Toplama Bilgisayar,Mouse,Glorious,G Pro X Superlight Pro 30000DPI,1500,Orta,Yazılım,,,,,Bluetooth,"30000 DPI sensör, 90g",7.3,7010,2,Var,,,,,,,Epey
Toplama Bilgisayar,HDD,Seagate,Blue 1TB 7200RPM,1550,Giriş,Ofis,,,9,1TB,SATA,3.5 inç mekanik disk,7.0,3068,3,Yok,,,,,,,Akakçe
Toplama Bilgisayar,Mouse,Darmoshark,Model O Pro 8000DPI,600,Giriş,Günlük Kullanım,,,,,Kablosuz,"8000 DPI sensör, 59g",7.6,2270,2,Var,,,,,,,Akakçe
Toplama Bilgisayar,Mouse,Razer,Rival Mini 30000DPI,550,Giriş,Yazılım,,,,,Kablosuz,"30000 DPI sensör, 49g",7.0,132,2,Var,,,,,,,Akakçe
Toplama Bilgisayar,Kasa,NZXT,MAG Forge RGB,4400,Üst,Tasarım,,,,,ATX,"Mini Tower, mesh/airflow odaklı kasa",8.3,2655,2,Var,Mini Tower,,,,,,Sinerji
Toplama Bilgisayar,Kasa,GamePower,MAG Forge Mesh,3450,Orta,Günlük Kullanım,,,,,Micro ATX,"Mid Tower, mesh/airflow odaklı kasa",7.5,5538,2,Var,Mid Tower,,,,,,Vatan
Toplama Bilgisayar,Monitör,Samsung,Mobiuz 23.8 inç 1920x1080 180Hz,6200,Orta,Ofis,,,25,,HDMI-DP,"VA panel, 180Hz",7.5,1746,3,Yok,23.8 inç,1920x1080,180Hz,,,,Sinerji
Toplama Bilgisayar,İşlemci,AMD,Ryzen 7 5800X3D Pro Sistem,14500,Üst,Oyun,AM4,DDR4,105,,AM4-DDR4,3D V-Cache oyun işlemcisi,8.9,8035,3,Yok,,,,,,,Akakçe
Toplama Bilgisayar,RAM,ADATA,Dominator 64GB 2x32GB DDR5 6000MHz,9850,Amiral,Oyun,,DDR5,,64GB,DDR5,6000MHz bellek kiti,9.1,4115,3,Var,,,,,,,Vatan
Toplama Bilgisayar,Klavye,Glorious,G Pro X Optik switch 75%,1650,Orta,Günlük Kullanım,,,,,Bluetooth,Optik switch klavye,8.3,5518,2,Yok,75%,,,,,,İncehesap
Toplama Bilgisayar,SSD,WD,990 EVO 2TB NVMe,4750,Üst,Video Edit,,,5,2TB,M2 NVMe,PCIe 3.0 NVMe SSD,9.4,2985,5,Yok,,,,,3470 MB/s,2513 MB/s,İncehesap
Toplama Bilgisayar,RAM,Lexar,XLR8 16GB 2x8GB DDR4 3200MHz,1300,Orta,Günlük Kullanım,,DDR4,,16GB,DDR4,3200MHz bellek kiti,7.2,789,3,Var,,,,,,,Epey
Toplama Bilgisayar,Mouse,Pulsar,Model O Pro 16000DPI,450,Giriş,Oyun,,,,,Bluetooth,"16000 DPI sensör, 49g",7.6,217,2,Var,,,,,,,İtopya
Toplama Bilgisayar,Monitör,Samsung,Alienware 31.5 inç 3840x2160 240Hz,42650,Amiral,Ofis,,,50,,HDMI-DP,"OLED panel, 240Hz",9.8,970,2,Yok,31.5 inç,3840x2160,240Hz,,,,Epey
Toplama Bilgisayar,Klavye,SteelSeries,MOD007 Wireless Mekanik 75%,2000,Orta,Ofis,,,,,Bluetooth,Mekanik klavye,7.6,1443,2,Yok,75%,,,,,,Vatan
Toplama Bilgisayar,Klavye,Akko,RK61 RGB Mekanik 60%,5400,Amiral,Günlük Kullanım,,,,,Kablosuz,Mekanik klavye,9.8,846,2,Var,60%,,,,,,İtopya
Toplama Bilgisayar,Ekran Kartı,PowerColor,RTX 4070 Super Dual 12GB,37950,Üst,Video Edit,,GDDR6,220,12GB,PCIe,1440p ultra oyun,8.3,5899,3,Var,,,,12GB,,,Sinerji
Toplama Bilgisayar,RAM,G.Skill,NOX 8GB 1x8GB DDR5 6000MHz,1500,Giriş,Ofis,,DDR5,,8GB,DDR5,6000MHz bellek kiti,7.9,2417,3,Var,,,,,,,Epey
Toplama Bilgisayar,RAM,TeamGroup,Vengeance 32GB 2x16GB DDR5 6400MHz,4850,Üst,Yayıncılık,,DDR5,,32GB,DDR5,6400MHz bellek kiti,8.8,10707,5,Yok,,,,,,,Sinerji
Toplama Bilgisayar,Monitör,Acer,Legion 24.5 inç 2560x1440 144Hz,7250,Üst,Video Edit,,,25,,HDMI-DP,"IPS panel, 144Hz",9.3,4930,3,Yok,24.5 inç,2560x1440,144Hz,,,,İtopya
Toplama Bilgisayar,Anakart,ASRock,Phantom Gaming Z790 WiFi DDR5,12900,Üst,Oyun,LGA1700,DDR5,,,LGA1700-DDR5,"Mini ITX, Z790 yonga seti, DDR5 bellek desteği",8.4,5236,3,Yok,Mini ITX,,,,,,Vatan
Toplama Bilgisayar,Klavye,HyperX,MOD007 Wireless Mekanik 60%,1700,Orta,Günlük Kullanım,,,,,Kablosuz,Mekanik klavye,7.7,3388,2,Yok,60%,,,,,,Akakçe
Toplama Bilgisayar,Kasa,Cooler Master,Meshify Mesh,1650,Giriş,Oyun,,,,,ATX,"Mid Tower, mesh/airflow odaklı kasa",6.6,738,2,Var,Mid Tower,,,,,,Sinerji
Toplama Bilgisayar,Anakart,MSI,Tomahawk X570 DDR4,12350,Üst,Yayıncılık,AM4,DDR4,,,AM4-DDR4,"Micro ATX, X570 yonga seti, DDR4 bellek desteği",8.1,4995,3,Yok,Micro ATX,,,,,,İtopya
Toplama Bilgisayar,Mouse,Razer,Clutch GM Mini 30000DPI,1450,Orta,Günlük Kullanım,,,,,Bluetooth,"30000 DPI sensör, 49g",7.7,3769,2,Yok,,,,,,,İncehesap
Toplama Bilgisayar,Monitör,ASUS,Predator 27 inç 1920x1080 144Hz,5550,Orta,Ofis,,,50,,HDMI-DP,"IPS panel, 144Hz",7.4,1953,3,Yok,27 inç,1920x1080,144Hz,,,,İncehesap
Toplama Bilgisayar,Kasa,MSI,MAG Forge,2850,Orta,Oyun,,,,,Micro ATX,"Mini Tower, mesh/airflow odaklı kasa",8.5,742,2,Yok,Mini Tower,,,,,,İtopya
Toplama Bilgisayar,Klavye,HyperX,Ogre Wireless Mekanik Tam boy,5650,Amiral,Ofis,,,,,USB,Mekanik klavye,9.3,1587,2,Var,Tam boy,,,,,,İtopya
Toplama Bilgisayar,Monitör,MSI,Optix 24.5 inç 2560x1440 144Hz,7000,Üst,Video Edit,,,50,,HDMI-DP,"IPS panel, 144Hz",9.3,2594,3,Yok,24.5 inç,2560x1440,144Hz,,,,İtopya
Toplama Bilgisayar,Klavye,Keychron,K70 Membran Tam boy,600,Giriş,Ofis,,,,,Bluetooth,Membran klavye,6.6,2789,2,Var,Tam boy,,,,,,GamingGenTR
Toplama Bilgisayar,Mouse,Razer,MM712 Wireless 12000DPI,400,Giriş,Günlük Kullanım,,,,,Kablosuz,"12000 DPI sensör, 90g",6.7,2506,2,Var,,,,,,,Akakçe
Toplama Bilgisayar,Kasa,Corsair,North RGB,1400,Giriş,Ofis,,,,,Micro ATX,"Mini Tower, mesh/airflow odaklı kasa",7.0,718,2,Var,Mini Tower,,,,,,Sinerji
Toplama Bilgisayar,Soğutucu,NZXT,H100i,13950,Amiral,Tasarım,,,,,AM4-AM5-LGA1700,280mm sıvı soğutma,9.6,2100,6,Var,280mm,,,,,,Sinerji
Toplama Bilgisayar,Monitör,LG,Odyssey 24.5 inç 1920x1080 75Hz,2700,Giriş,Yazılım,,,35,,HDMI-DP,"VA panel, 75Hz",6.7,80,3,Yok,24.5 inç,1920x1080,75Hz,,,,GamingGenTR
Toplama Bilgisayar,Klavye,HyperX,MOD007 Pro Optik switch 75%,600,Giriş,Ofis,,,,,Bluetooth,Optik switch klavye,6.7,507,2,Var,75%,,,,,,GamingGenTR
Toplama Bilgisayar,Klavye,Razer,GMMK Wireless Membran 75%,500,Giriş,Yazılım,,,,,Bluetooth,Membran klavye,7.6,2566,2,Yok,75%,,,,,,İncehesap
Toplama Bilgisayar,Mouse,Razer,Viper Mini 8000DPI,3600,Üst,Yazılım,,,,,USB,"8000 DPI sensör, 59g",8.6,8165,2,Yok,,,,,,,Epey
Toplama Bilgisayar,Anakart,MSI,Aorus Elite B660 MAX DDR4,6550,Orta,Günlük Kullanım,LGA1700,DDR4,,,LGA1700-DDR4,"Mini ITX, B660 yonga seti, DDR4 bellek desteği",8.2,5235,3,Yok,Mini ITX,,,,,,İtopya
Toplama Bilgisayar,Kasa,Thermaltake,4000D Airflow RGB,7800,Üst,Yayıncılık,,,,,ATX,"Mini Tower, mesh/airflow odaklı kasa",9.2,8862,2,Var,Mini Tower,,,,,,GamingGenTR
Toplama Bilgisayar,Mouse,Redragon,Pulsefire Mini 26000DPI,450,Giriş,Yazılım,,,,,Bluetooth,"26000 DPI sensör, 90g",8.0,1504,2,Yok,,,,,,,Sinerji
Toplama Bilgisayar,Monitör,BenQ,G-Master 27 inç 2560x1440 144Hz,9250,Üst,Yazılım,,,35,,HDMI-DP,"IPS panel, 144Hz",9.5,3305,2,Yok,27 inç,2560x1440,144Hz,,,,İncehesap
Toplama Bilgisayar,Mouse,HyperX,Viper 36000DPI,1450,Orta,Günlük Kullanım,,,,,Bluetooth,"36000 DPI sensör, 59g",7.6,1744,2,Var,,,,,,,Sinerji
Toplama Bilgisayar,Klavye,HyperX,K2 Pro Low Profile TKL,1850,Orta,Ofis,,,,,USB,Low Profile klavye,7.2,5412,2,Yok,TKL,,,,,,Vatan
Toplama Bilgisayar,Monitör,Samsung,TUF Gaming 31.5 inç 1920x1080 75Hz,3450,Giriş,Oyun,,,50,,HDMI-DP,"VA panel, 75Hz",7.4,977,3,Yok,31.5 inç,1920x1080,75Hz,,,,Epey
Toplama Bilgisayar,Monitör,Philips,Legion 27 inç 3440x1440 165Hz,18950,Amiral,Oyun,,,35,,HDMI-DP,"OLED panel, 165Hz",9.3,2521,3,Yok,27 inç,3440x1440,165Hz,,,,Epey
Toplama Bilgisayar,Anakart,Gigabyte,Steel Legend X670 AX DDR5,11000,Üst,Tasarım,AM5,DDR5,,,AM5-DDR5,"Mini ITX, X670 yonga seti, DDR5 bellek desteği",8.6,4724,3,Var,Mini ITX,,,,,,GamingGenTR
Toplama Bilgisayar,Ekran Kartı,Sapphire,RTX 4060 Ti Aero OC 8GB,26150,Orta,Günlük Kullanım,,GDDR6,160,8GB,PCIe,1080p/1440p oyun,8.6,6276,3,Yok,,,,8GB,,,İtopya
Toplama Bilgisayar,Mouse,SteelSeries,Clutch GM Mini 16000DPI,3300,Üst,Ofis,,,,,Kablosuz,"16000 DPI sensör, 63g",8.8,10904,2,Yok,,,,,,,Akakçe
Toplama Bilgisayar,Kasa,MSI,View 270,7250,Üst,Tasarım,,,,,Micro ATX,"Mid Tower, mesh/airflow odaklı kasa",9.3,1323,2,Yok,Mid Tower,,,,,,İtopya
Toplama Bilgisayar,Klavye,Corsair,BlackWidow Pro Mekanik 75%,3100,Üst,Günlük Kullanım,,,,,Kablosuz,Mekanik klavye,9.2,11239,2,Var,75%,,,,,,İtopya
Toplama Bilgisayar,Mouse,Lamzu,Pulsefire 30000DPI,6950,Amiral,Günlük Kullanım,,,,,USB,"30000 DPI sensör, 75g",9.3,5521,2,Var,,,,,,,İncehesap
Toplama Bilgisayar,Soğutucu,ID-Cooling,LS720,10400,Amiral,Oyun,,,,,AM4-AM5-LGA1700,360mm sıvı soğutma,9.5,4651,6,Yok,360mm,,,,,,Epey
Toplama Bilgisayar,HDD,WD,Red Plus 1TB 7200RPM,1750,Giriş,Yayıncılık,,,7,1TB,SATA,3.5 inç mekanik disk,8.0,421,3,Yok,,,,,,,İtopya
Toplama Bilgisayar,Mouse,Glorious,X2V2 Mini 36000DPI,1000,Orta,Oyun,,,,,Bluetooth,"36000 DPI sensör, 59g",7.9,2689,2,Var,,,,,,,İncehesap
Toplama Bilgisayar,Klavye,Akko,K380 RGB Membran TKL,2000,Orta,Yazılım,,,,,Kablosuz,Membran klavye,8.7,5431,2,Var,TKL,,,,,,İncehesap
Toplama Bilgisayar,Mouse,Razer,G Pro X Superlight 16000DPI,3050,Üst,Ofis,,,,,Kablosuz,"16000 DPI sensör, 49g",8.7,5817,2,Yok,,,,,,,GamingGenTR
Toplama Bilgisayar,Monitör,Gigabyte,Legion 34 inç 3840x2160 144Hz,20700,Amiral,Tasarım,,,25,,HDMI-DP,"VA panel, 144Hz",9.2,606,3,Yok,34 inç,3840x2160,144Hz,,,,Sinerji
Toplama Bilgisayar,Klavye,Royal Kludge,Alloy Origins Pro Low Profile 60%,600,Giriş,Oyun,,,,,Kablosuz,Low Profile klavye,7.7,3378,2,Var,60%,,,,,,İtopya
Toplama Bilgisayar,Güç Kaynağı,FSP,CV 1200W 80+ Platinum,16450,Amiral,Yapay Zeka,,,1200W,,80+ Platinum,"Modüler PSU, 80+ Platinum",9.5,4040,7,Yok,,,,,,,İncehesap
Toplama Bilgisayar,Klavye,Razer,Alloy Origins Wireless Low Profile 75%,1450,Orta,Yazılım,,,,,USB,Low Profile klavye,8.5,7703,2,Yok,75%,,,,,,Sinerji
Toplama Bilgisayar,Klavye,ASUS,K2 RGB Mekanik TKL,2100,Orta,Ofis,,,,,Kablosuz,Mekanik klavye,7.9,2565,2,Var,TKL,,,,,,Sinerji
Toplama Bilgisayar,SSD,Samsung,NM790 2TB NVMe,5250,Üst,Yayıncılık,,,5,2TB,M2 NVMe,PCIe 4.0 NVMe SSD,8.3,777,3,Yok,,,,,6242 MB/s,5521 MB/s,Vatan
Toplama Bilgisayar,Anakart,ASUS,Phantom Gaming Z790 WiFi DDR5,10450,Üst,Yazılım,LGA1700,DDR5,,,LGA1700-DDR5,"ATX, Z790 yonga seti, DDR5 bellek desteği",8.8,6913,3,Var,ATX,,,,,,GamingGenTR
Toplama Bilgisayar,Monitör,Dell,Optix 23.8 inç 1920x1080 180Hz,4650,Orta,Yazılım,,,25,,HDMI-DP,"IPS panel, 180Hz",7.5,4384,3,Yok,23.8 inç,1920x1080,180Hz,,,,İtopya
Toplama Bilgisayar,Mouse,Pulsar,Atlantis Wireless 16000DPI,7000,Amiral,Yazılım,,,,,Kablosuz,"16000 DPI sensör, 90g",9.8,3390,2,Var,,,,,,,Akakçe
Toplama Bilgisayar,SSD,ADATA,Legend 960 2TB NVMe,4400,Üst,Yazılım,,,3,2TB,M2 NVMe,PCIe 3.0 NVMe SSD,8.1,6970,3,Yok,,,,,3159 MB/s,2193 MB/s,İncehesap
Toplama Bilgisayar,Güç Kaynağı,SilverStone,PF 650W 80+ Bronze,3500,Orta,Günlük Kullanım,,,650W,,80+ Bronze,"Yarı modüler PSU, 80+ Bronze",8.2,323,3,Yok,,,,,,,İtopya
Toplama Bilgisayar,Klavye,Royal Kludge,RK61 RGB Low Profile Tam boy,1350,Orta,Ofis,,,,,Kablosuz,Low Profile klavye,8.5,4504,2,Var,Tam boy,,,,,,GamingGenTR
Toplama Bilgisayar,Soğutucu,DeepCool,ROG Ryujin 360,3900,Orta,Yazılım,,,,,AM4-AM5-LGA1700,360mm sıvı soğutma,7.2,3272,2,Var,360mm,,,,,,İncehesap
Toplama Bilgisayar,Kasa,DarkFlash,Meshify RGB,5350,Üst,Yayıncılık,,,,,ATX,"Mini Tower, mesh/airflow odaklı kasa",8.5,3436,2,Var,Mini Tower,,,,,,İncehesap
Toplama Bilgisayar,Klavye,Cooler Master,CK Low Profile Tam boy,3200,Üst,Günlük Kullanım,,,,,Bluetooth,Low Profile klavye,9.3,858,2,Yok,Tam boy,,,,,,İncehesap
Toplama Bilgisayar,Klavye,HyperX,Alloy Origins Wireless Optik switch 60%,750,Giriş,Günlük Kullanım,,,,,Kablosuz,Optik switch klavye,6.9,2050,2,Yok,60%,,,,,,Sinerji
Toplama Bilgisayar,SSD,Kingston,NV2 2TB NVMe,3950,Üst,Oyun,,,3,2TB,M2 NVMe,PCIe 3.0 NVMe SSD,8.8,9251,3,Yok,,,,,3555 MB/s,3045 MB/s,GamingGenTR
Toplama Bilgisayar,Mouse,Redragon,Harpoon Mini 36000DPI,1750,Orta,Yazılım,,,,,USB,"36000 DPI sensör, 75g",7.7,1391,2,Yok,,,,,,,Sinerji
Toplama Bilgisayar,Monitör,HP,ProArt 23.8 inç 3840x2160 240Hz,51350,Amiral,Ofis,,,35,,HDMI-DP,"VA panel, 240Hz",9.0,5267,3,Yok,23.8 inç,3840x2160,240Hz,,,,İtopya
Toplama Bilgisayar,Anakart,ASRock,Steel Legend X670 WiFi DDR5,9050,Üst,Oyun,AM5,DDR5,,,AM5-DDR5,"Micro ATX, X670 yonga seti, DDR5 bellek desteği",8.2,7782,3,Var,Micro ATX,,,,,,Vatan
Toplama Bilgisayar,Mouse,Darmoshark,G102 Wireless 8000DPI,350,Giriş,Ofis,,,,,Kablosuz,"8000 DPI sensör, 63g",6.8,2636,2,Yok,,,,,,,GamingGenTR
Toplama Bilgisayar,Ekran Kartı,Gigabyte,RX 7800 XT Pulse 16GB,37000,Üst,Yayıncılık,,GDDR6,263,16GB,PCIe,16GB VRAM 1440p,8.3,11831,3,Yok,,,,16GB,,,Vatan
Toplama Bilgisayar,Klavye,Logitech,K2 Wireless Membran 75%,1500,Orta,Yazılım,,,,,Bluetooth,Membran klavye,8.0,5878,2,Var,75%,,,,,,Vatan
Toplama Bilgisayar,Klavye,GamePower,GMMK Low Profile 75%,5250,Üst,Ofis,,,,,Bluetooth,Low Profile klavye,8.7,6976,2,Yok,75%,,,,,,Akakçe
Toplama Bilgisayar,Kasa,Phanteks,TUF GT Mesh,1500,Giriş,Günlük Kullanım,,,,,Micro ATX,"Mini Tower, mesh/airflow odaklı kasa",7.0,410,2,Var,Mini Tower,,,,,,Akakçe
Toplama Bilgisayar,Mouse,HyperX,G102 30000DPI,600,Giriş,Günlük Kullanım,,,,,Bluetooth,"30000 DPI sensör, 90g",6.9,1184,2,Var,,,,,,,Akakçe
Toplama Bilgisayar,Monitör,HP,Aorus 23.8 inç 1920x1080 180Hz,4750,Orta,Oyun,,,35,,HDMI-DP,"IPS panel, 180Hz",8.6,3421,3,Yok,23.8 inç,1920x1080,180Hz,,,,Sinerji
Toplama Bilgisayar,Güç Kaynağı,Cooler Master,Straight Power 1000W 80+ Platinum,6100,Üst,Yayıncılık,,,1000W,,80+ Platinum,"Modüler PSU, 80+ Platinum",8.6,4801,10,Yok,,,,,,,İtopya
Toplama Bilgisayar,Klavye,Glorious,K70 Membran TKL,600,Giriş,Ofis,,,,,Bluetooth,Membran klavye,8.0,2048,2,Yok,TKL,,,,,,İncehesap
Toplama Bilgisayar,RAM,Apacer,NOX 8GB 1x8GB DDR5 5600MHz,1250,Giriş,Yazılım,,DDR5,,8GB,DDR5,5600MHz bellek kiti,6.9,3350,5,Yok,,,,,,,Vatan
Toplama Bilgisayar,Kasa,Xigmatek,H5 Flow RGB,6400,Üst,Video Edit,,,,,ATX,"Mini Tower, mesh/airflow odaklı kasa",9.2,11233,2,Var,Mini Tower,,,,,,Akakçe
Toplama Bilgisayar,Kasa,NZXT,TD500,7100,Üst,Video Edit,,,,,ATX,"Mid Tower, mesh/airflow odaklı kasa",8.3,588,2,Var,Mid Tower,,,,,,Sinerji
Toplama Bilgisayar,Kasa,ASUS,H5 Flow Black,7500,Üst,Yayıncılık,,,,,Micro ATX,"Full Tower, mesh/airflow odaklı kasa",9.2,8149,2,Var,Full Tower,,,,,,Epey
Toplama Bilgisayar,Klavye,GamePower,K380 Wireless Low Profile 60%,1750,Orta,Günlük Kullanım,,,,,Kablosuz,Low Profile klavye,8.1,6126,2,Yok,60%,,,,,,İtopya
Toplama Bilgisayar,Klavye,Razer,BlackWidow Low Profile TKL,600,Giriş,Günlük Kullanım,,,,,Bluetooth,Low Profile klavye,7.0,2834,2,Var,TKL,,,,,,Epey
Toplama Bilgisayar,HDD,Toshiba,N300 2TB 7200RPM,2600,Giriş,Ofis,,,5,2TB,SATA,3.5 inç mekanik disk,7.1,2184,2,Yok,,,,,,,Sinerji
Toplama Bilgisayar,SSD,PNY,KC3000 4TB NVMe,16550,Amiral,Oyun,,,3,4TB,M2 NVMe,PCIe 5.0 NVMe SSD,9.4,5743,3,Yok,,,,,10179 MB/s,8646 MB/s,Vatan
Toplama Bilgisayar,Mouse,Razer,G Pro X Superlight Wireless 36000DPI,450,Giriş,Ofis,,,,,USB,"36000 DPI sensör, 75g",6.6,761,2,Var,,,,,,,Sinerji
Toplama Bilgisayar,Monitör,MSI,ProArt 31.5 inç 1920x1080 144Hz,4950,Orta,Ofis,,,25,,HDMI-DP,"IPS panel, 144Hz",8.8,2583,3,Yok,31.5 inç,1920x1080,144Hz,,,,Epey
Toplama Bilgisayar,Soğutucu,SilverStone,ROG Ryujin 360,4250,Orta,Oyun,,,,,AM4-AM5-LGA1700,360mm sıvı soğutma,7.7,6101,2,Var,360mm,,,,,,İncehesap
Toplama Bilgisayar,Monitör,Gigabyte,TUF Gaming 34 inç 3440x1440 165Hz,20300,Amiral,Oyun,,,25,,HDMI-DP,"Mini LED panel, 165Hz",9.5,5044,2,Yok,34 inç,3440x1440,165Hz,,,,Akakçe
Toplama Bilgisayar,Klavye,Akko,CK Wireless Optik switch Tam boy,1900,Orta,Yazılım,,,,,Kablosuz,Optik switch klavye,8.1,2378,2,Var,Tam boy,,,,,,GamingGenTR
Toplama Bilgisayar,Mouse,HyperX,DeathAdder Pro 36000DPI,550,Giriş,Yazılım,,,,,USB,"36000 DPI sensör, 90g",7.8,3314,2,Yok,,,,,,,Epey
Toplama Bilgisayar,Anakart,NZXT,Creator X870 WiFi DDR5,19150,Amiral,Oyun,AM5,DDR5,,,AM5-DDR5,"Mini ITX, X870 yonga seti, DDR5 bellek desteği",8.9,463,3,Yok,Mini ITX,,,,,,Sinerji
Toplama Bilgisayar,RAM,Apacer,XLR8 32GB 2x16GB DDR5 5200MHz,5100,Üst,Yazılım,,DDR5,,32GB,DDR5,5200MHz bellek kiti,9.0,5813,2,Yok,,,,,,,Sinerji
Toplama Bilgisayar,Ekran Kartı,Colorful,RX 7600 JetStream 8GB,13800,Orta,Video Edit,,GDDR6,165,8GB,PCIe,1080p oyun,7.8,3668,3,Yok,,,,8GB,,,Epey
Toplama Bilgisayar,Mouse,Glorious,X2V2 Wireless 8000DPI,3750,Üst,Günlük Kullanım,,,,,USB,"8000 DPI sensör, 75g",9.2,5104,2,Var,,,,,,,Akakçe
Toplama Bilgisayar,Kasa,Fractal Design,4000D Airflow Mesh,3500,Orta,Oyun,,,,,ATX,"Mini Tower, mesh/airflow odaklı kasa",7.3,5153,2,Var,Mini Tower,,,,,,Sinerji
Toplama Bilgisayar,Klavye,Cooler Master,K2 RGB Low Profile TKL,2350,Orta,Yazılım,,,,,USB,Low Profile klavye,8.8,4521,2,Var,TKL,,,,,,GamingGenTR
Toplama Bilgisayar,Ekran Kartı,PNY,RTX 4070 Ti Super Hellhound 16GB,62050,Üst,Oyun,,GDDR6X,285,16GB,PCIe,1440p/4K güçlü performans,9.2,9220,3,Var,,,,16GB,,,Sinerji
Toplama Bilgisayar,Anakart,ASRock,Prime B650 MAX DDR5,5850,Orta,Ofis,AM5,DDR5,,,AM5-DDR5,"ATX, B650 yonga seti, DDR5 bellek desteği",7.7,6431,3,Yok,ATX,,,,,,İncehesap
Toplama Bilgisayar,Ekran Kartı,Zotac,RTX 3050 Ventus 2X 8GB,10100,Giriş,Oyun,,GDDR6,130,8GB,PCIe,DLSS destekli giriş seviye,7.5,3414,3,Yok,,,,8GB,,,GamingGenTR
Toplama Bilgisayar,Kasa,Corsair,TUF GT RGB,2600,Orta,Günlük Kullanım,,,,,ATX,"Mini Tower, mesh/airflow odaklı kasa",7.4,1117,2,Var,Mini Tower,,,,,,GamingGenTR
Toplama Bilgisayar,Kasa,NZXT,CH370 Mesh,4700,Üst,Yazılım,,,,,E-ATX,"Full Tower, mesh/airflow odaklı kasa",8.1,7832,2,Yok,Full Tower,,,,,,GamingGenTR
Toplama Bilgisayar,RAM,TeamGroup,Vengeance 16GB 2x8GB DDR5 5200MHz,2800,Orta,Günlük Kullanım,,DDR5,,16GB,DDR5,5200MHz bellek kiti,8.4,8328,2,Yok,,,,,,,Akakçe
Toplama Bilgisayar,Klavye,Akko,G Pro X RGB Low Profile 60%,2350,Orta,Oyun,,,,,USB,Low Profile klavye,8.6,2800,2,Var,60%,,,,,,Epey
Toplama Bilgisayar,Mouse,Razer,G305 Mini 16000DPI,400,Giriş,Yazılım,,,,,Bluetooth,"16000 DPI sensör, 90g",6.9,1951,2,Yok,,,,,,,İncehesap
Toplama Bilgisayar,Monitör,Gigabyte,Optix 34 inç 1920x1080 144Hz,3450,Orta,Yazılım,,,35,,HDMI-DP,"IPS panel, 144Hz",8.5,5137,2,Yok,34 inç,1920x1080,144Hz,,,,İtopya
Toplama Bilgisayar,Kasa,ASUS,North Mesh,2100,Giriş,Oyun,,,,,Micro ATX,"Mini Tower, mesh/airflow odaklı kasa",8.0,318,2,Var,Mini Tower,,,,,,Sinerji
Toplama Bilgisayar,Ekran Kartı,PNY,RX 7900 GRE StormX 16GB,43100,Üst,Video Edit,,GDDR6,260,16GB,PCIe,1440p/4K,8.5,6255,3,Var,,,,16GB,,,İncehesap
Toplama Bilgisayar,Kasa,DarkFlash,View 270 RGB,5550,Üst,Oyun,,,,,Micro ATX,"Mid Tower, mesh/airflow odaklı kasa",9.3,2356,2,Var,Mid Tower,,,,,,Sinerji
Toplama Bilgisayar,RAM,PNY,Ripjaws 8GB 1x8GB DDR4 3600MHz,700,Giriş,Günlük Kullanım,,DDR4,,8GB,DDR4,3600MHz bellek kiti,6.7,2781,3,Yok,,,,,,,GamingGenTR
Toplama Bilgisayar,İşlemci,AMD,Ryzen 9 7900X,21050,Amiral,Tasarım,AM5,DDR5,170,,AM5-DDR5,12 çekirdek 24 thread,9.5,3991,3,Yok,,,,,,,Epey
Toplama Bilgisayar,Güç Kaynağı,SilverStone,Strider 1600W 80+ Titanium,16500,Amiral,Yayıncılık,,,1600W,,80+ Titanium,"Modüler PSU, 80+ Titanium",9.5,4417,5,Yok,,,,,,,Sinerji
Toplama Bilgisayar,Mouse,HyperX,Rival Mini 26000DPI,3600,Üst,Ofis,,,,,Bluetooth,"26000 DPI sensör, 59g",9.2,9513,2,Var,,,,,,,İtopya
Toplama Bilgisayar,Klavye,GamePower,ROG Strix Scope Pro Mekanik 75%,1800,Orta,Günlük Kullanım,,,,,Kablosuz,Mekanik klavye,8.3,4073,2,Yok,75%,,,,,,Sinerji
Toplama Bilgisayar,Anakart,ASRock,Creator A520 AX DDR4,3650,Giriş,Yazılım,AM4,DDR4,,,AM4-DDR4,"Mini ITX, A520 yonga seti, DDR4 bellek desteği",6.6,2919,3,Var,Mini ITX,,,,,,Epey
Toplama Bilgisayar,Kasa,Cooler Master,View 270 RGB,7150,Üst,Yayıncılık,,,,,E-ATX,"Full Tower, mesh/airflow odaklı kasa",9.0,9865,2,Var,Full Tower,,,,,,İncehesap
Toplama Bilgisayar,İşlemci,Intel,Core i3-12100F,2750,Giriş,Yazılım,LGA1700,DDR4,58,,LGA1700-DDR4,4 çekirdek 8 thread,7.6,2317,3,Yok,,,,,,,Akakçe
Toplama Bilgisayar,Kasa,Fractal Design,Warcry,7800,Üst,Oyun,,,,,E-ATX,"Full Tower, mesh/airflow odaklı kasa",8.8,4507,2,Var,Full Tower,,,,,,Vatan
Toplama Bilgisayar,Kasa,MSI,View 270 RGB,5900,Üst,Yayıncılık,,,,,ATX,"Full Tower, mesh/airflow odaklı kasa",8.1,10763,2,Var,Full Tower,,,,,,İtopya
Toplama Bilgisayar,Kasa,NZXT,TD500 Mesh,3650,Orta,Günlük Kullanım,,,,,E-ATX,"Mid Tower, mesh/airflow odaklı kasa",7.6,6037,2,Yok,Mid Tower,,,,,,GamingGenTR
Toplama Bilgisayar,Kasa,MSI,View 270 Mesh,7200,Üst,Yazılım,,,,,E-ATX,"Full Tower, mesh/airflow odaklı kasa",9.3,10369,2,Var,Full Tower,,,,,,İncehesap
Toplama Bilgisayar,Ekran Kartı,XFX,RX 7600 Gaming OC 8GB,15800,Orta,Günlük Kullanım,,GDDR6,165,8GB,PCIe,1080p oyun,7.2,5573,3,Var,,,,8GB,,,Sinerji
Toplama Bilgisayar,Mouse,Redragon,M711 Mini 16000DPI,2900,Üst,Günlük Kullanım,,,,,Kablosuz,"16000 DPI sensör, 75g",8.6,983,2,Yok,,,,,,,Epey
Toplama Bilgisayar,RAM,G.Skill,Ripjaws 64GB 2x32GB DDR5 7200MHz,13200,Amiral,Oyun,,DDR5,,64GB,DDR5,7200MHz bellek kiti,8.9,1689,3,Var,,,,,,,İtopya
Toplama Bilgisayar,Kasa,Phanteks,Aquarius Mesh,6100,Üst,Tasarım,,,,,E-ATX,"Full Tower, mesh/airflow odaklı kasa",8.1,6027,2,Var,Full Tower,,,,,,Vatan
Toplama Bilgisayar,Klavye,Corsair,K70 Wireless Low Profile Tam boy,800,Giriş,Yazılım,,,,,Bluetooth,Low Profile klavye,6.6,2245,2,Yok,Tam boy,,,,,,GamingGenTR
Toplama Bilgisayar,Monitör,Lenovo,Mobiuz 34 inç 1920x1080 144Hz,5100,Orta,Ofis,,,25,,HDMI-DP,"VA panel, 144Hz",7.9,7923,3,Yok,34 inç,1920x1080,144Hz,,,,İtopya
Toplama Bilgisayar,İşlemci,AMD,Ryzen 5 7600,7600,Orta,Oyun,AM5,DDR5,65,,AM5-DDR5,6 çekirdek 12 thread dahili grafik,7.7,3820,3,Yok,,,,,,,Vatan
Toplama Bilgisayar,Monitör,ASUS,UltraGear 32 inç 3440x1440 165Hz,20950,Amiral,Yazılım,,,35,,HDMI-DP,"IPS panel, 165Hz",9.5,725,3,Yok,32 inç,3440x1440,165Hz,,,,Sinerji
Toplama Bilgisayar,Kasa,MSI,TUF GT White,4300,Üst,Tasarım,,,,,ATX,"Full Tower, mesh/airflow odaklı kasa",8.8,8886,2,Var,Full Tower,,,,,,Sinerji
Toplama Bilgisayar,Ekran Kartı,Inno3D,RX 9070 XT Aero OC 16GB,66250,Amiral,Yapay Zeka,,GDDR6,304,16GB,PCIe,2026 RDNA üst seviye,8.9,6149,3,Var,,,,16GB,,,Sinerji
Toplama Bilgisayar,Monitör,ASUS,ProArt 27 inç 1920x1080 75Hz,3350,Giriş,Tasarım,,,25,,HDMI-DP,"VA panel, 75Hz",7.3,1113,2,Yok,27 inç,1920x1080,75Hz,,,,İncehesap
Toplama Bilgisayar,Mouse,Logitech,DeathAdder Wireless 8000DPI,4500,Amiral,Günlük Kullanım,,,,,Kablosuz,"8000 DPI sensör, 49g",8.9,4444,2,Yok,,,,,,,Akakçe
Toplama Bilgisayar,Mouse,Pulsar,ROG Keris Mini 8000DPI,1450,Orta,Oyun,,,,,Kablosuz,"8000 DPI sensör, 75g",7.6,574,2,Var,,,,,,,İtopya
Toplama Bilgisayar,Klavye,Royal Kludge,G Pro X RGB Mekanik 60%,2400,Orta,Ofis,,,,,USB,Mekanik klavye,8.7,83,2,Var,60%,,,,,,GamingGenTR
Toplama Bilgisayar,Mouse,ASUS,ROG Keris 30000DPI,400,Giriş,Oyun,,,,,USB,"30000 DPI sensör, 75g",7.0,576,2,Var,,,,,,,İncehesap
Toplama Bilgisayar,SSD,Lexar,SN770 4TB NVMe,16050,Amiral,Yapay Zeka,,,3,4TB,M2 NVMe,PCIe 5.0 NVMe SSD,8.8,1140,3,Yok,,,,,11096 MB/s,9571 MB/s,Epey
Toplama Bilgisayar,Mouse,Cooler Master,G102 Pro 36000DPI,1250,Orta,Yazılım,,,,,Bluetooth,"36000 DPI sensör, 63g",8.5,3293,2,Yok,,,,,,,GamingGenTR
Toplama Bilgisayar,Klavye,Glorious,GMMK Wireless Membran 75%,600,Giriş,Günlük Kullanım,,,,,Bluetooth,Membran klavye,7.4,3254,2,Yok,75%,,,,,,İncehesap
Toplama Bilgisayar,Kasa,Thermaltake,Aquarius RGB,3650,Orta,Yazılım,,,,,ATX,"Mini Tower, mesh/airflow odaklı kasa",7.9,3573,2,Var,Mini Tower,,,,,,Epey
Toplama Bilgisayar,Kasa,Xigmatek,Meshify Mesh,6250,Üst,Video Edit,,,,,E-ATX,"Mini Tower, mesh/airflow odaklı kasa",9.2,3732,2,Yok,Mini Tower,,,,,,Akakçe
Toplama Bilgisayar,SSD,WD,Viper VP4300 2TB NVMe,6150,Üst,Tasarım,,,4,2TB,M2 NVMe,PCIe 4.0 NVMe SSD,9.4,1565,3,Yok,,,,,5637 MB/s,4436 MB/s,GamingGenTR
Toplama Bilgisayar,Klavye,Keychron,K2 Pro Low Profile TKL,3500,Üst,Oyun,,,,,Kablosuz,Low Profile klavye,9.1,2654,2,Yok,TKL,,,,,,GamingGenTR
Toplama Bilgisayar,Kasa,NZXT,Lancool,7750,Üst,Video Edit,,,,,Micro ATX,"Mid Tower, mesh/airflow odaklı kasa",8.7,813,2,Yok,Mid Tower,,,,,,İtopya
Toplama Bilgisayar,Kasa,Thermaltake,Eclipse,4950,Üst,Oyun,,,,,E-ATX,"Mid Tower, mesh/airflow odaklı kasa",8.4,2862,2,Yok,Mid Tower,,,,,,İncehesap
Toplama Bilgisayar,Soğutucu,ID-Cooling,MAG CoreLiquid 360,15300,Amiral,Video Edit,,,,,AM4-AM5-LGA1700,360mm sıvı soğutma,9.9,2287,3,Yok,360mm,,,,,,Vatan
Toplama Bilgisayar,Klavye,Cooler Master,Apex Pro Optik switch 75%,3800,Üst,Ofis,,,,,USB,Optik switch klavye,8.7,8710,2,Yok,75%,,,,,,GamingGenTR
Toplama Bilgisayar,Mouse,SteelSeries,G Pro X Superlight 36000DPI,1200,Orta,Günlük Kullanım,,,,,Bluetooth,"36000 DPI sensör, 59g",7.6,1769,2,Yok,,,,,,,İtopya
Toplama Bilgisayar,Klavye,Keychron,K380 Low Profile 60%,1750,Orta,Yazılım,,,,,USB,Low Profile klavye,8.1,1834,2,Yok,60%,,,,,,GamingGenTR
Toplama Bilgisayar,Ekran Kartı,Colorful,RTX 4060 JetStream 8GB,19850,Orta,Günlük Kullanım,,GDDR6,115,8GB,PCIe,DLSS 3 1080p oyun,8.0,8140,3,Yok,,,,8GB,,,GamingGenTR
Toplama Bilgisayar,Soğutucu,NZXT,H150i,5200,Üst,Video Edit,,,,,AM4-AM5-LGA1700,360mm sıvı soğutma,8.9,7658,3,Yok,360mm,,,,,,Akakçe
Toplama Bilgisayar,İşlemci,Intel,Core i3-12100F Box,3000,Giriş,Yazılım,LGA1700,DDR4,58,,LGA1700-DDR4,4 çekirdek 8 thread,7.3,1780,3,Yok,,,,,,,Epey
Toplama Bilgisayar,Klavye,Cooler Master,Apex Mekanik 60%,1700,Orta,Oyun,,,,,Kablosuz,Mekanik klavye,7.2,3239,2,Yok,60%,,,,,,Sinerji
Toplama Bilgisayar,Soğutucu,Arctic,Peerless Assassin,1900,Orta,Ofis,,,,,AM4-AM5-LGA1700,Hava soğutma,8.2,7784,5,Var,,,,,,,Epey
Toplama Bilgisayar,Mouse,Redragon,Clutch GM Mini 16000DPI,350,Giriş,Ofis,,,,,Bluetooth,"16000 DPI sensör, 75g",7.7,109,2,Yok,,,,,,,İtopya
Toplama Bilgisayar,Kasa,ASUS,Lancool,3200,Orta,Oyun,,,,,ATX,"Full Tower, mesh/airflow odaklı kasa",7.2,6488,2,Yok,Full Tower,,,,,,İtopya
Toplama Bilgisayar,Güç Kaynağı,GamePower,Core Reactor 450W 80+ Bronze,1550,Giriş,Oyun,,,450W,,80+ Bronze,"Yarı modüler PSU, 80+ Bronze",6.7,2500,7,Yok,,,,,,,Sinerji
Toplama Bilgisayar,Güç Kaynağı,Thermaltake,Strider 1600W 80+ Gold,20550,Amiral,Video Edit,,,1600W,,80+ Gold,"Modüler PSU, 80+ Gold",9.5,2101,3,Yok,,,,,,,İtopya
Toplama Bilgisayar,Klavye,Redragon,RK61 Optik switch 60%,4700,Üst,Günlük Kullanım,,,,,Kablosuz,Optik switch klavye,9.4,3665,2,Var,60%,,,,,,İncehesap
Toplama Bilgisayar,Mouse,Darmoshark,ROG Keris 26000DPI,3250,Üst,Günlük Kullanım,,,,,Bluetooth,"26000 DPI sensör, 59g",8.1,9193,2,Var,,,,,,,İtopya
Toplama Bilgisayar,Monitör,ASUS,UltraGear 31.5 inç 1920x1080 180Hz,4900,Orta,Ofis,,,25,,HDMI-DP,"IPS panel, 180Hz",7.3,2929,2,Yok,31.5 inç,1920x1080,180Hz,,,,Epey
Toplama Bilgisayar,Ekran Kartı,MSI,RTX 5070 Nitro+ 12GB,52750,Üst,Yayıncılık,,GDDR6,250,12GB,PCIe,2026 yeni nesil 1440p,9.0,7156,3,Yok,,,,12GB,,,İtopya
Toplama Bilgisayar,Klavye,MSI,G Pro X RGB Membran Tam boy,4700,Üst,Ofis,,,,,Bluetooth,Membran klavye,9.2,3902,2,Var,Tam boy,,,,,,İncehesap
Toplama Bilgisayar,Anakart,MSI,Creator B660 AX DDR4,6350,Orta,Ofis,LGA1700,DDR4,,,LGA1700-DDR4,"Micro ATX, B660 yonga seti, DDR4 bellek desteği",8.0,2997,3,Yok,Micro ATX,,,,,,Vatan
Toplama Bilgisayar,Mouse,HyperX,X2V2 Wireless 36000DPI,1450,Orta,Oyun,,,,,Kablosuz,"36000 DPI sensör, 75g",8.7,426,2,Var,,,,,,,İncehesap
Toplama Bilgisayar,Ekran Kartı,ASUS,RX 7900 GRE GamingPro 16GB,37900,Üst,Yayıncılık,,GDDR6,260,16GB,PCIe,1440p/4K,9.1,9197,3,Var,,,,16GB,,,Epey
Toplama Bilgisayar,Mouse,Darmoshark,Model O Wireless 26000DPI,600,Giriş,Oyun,,,,,Kablosuz,"26000 DPI sensör, 49g",8.0,2317,2,Yok,,,,,,,Akakçe
Toplama Bilgisayar,Anakart,ASUS,Gaming X B760 WiFi DDR5,5800,Orta,Yazılım,LGA1700,DDR5,,,LGA1700-DDR5,"Mini ITX, B760 yonga seti, DDR5 bellek desteği",7.3,465,3,Var,Mini ITX,,,,,,İncehesap
Toplama Bilgisayar,Mouse,Redragon,MM712 16000DPI,350,Giriş,Ofis,,,,,USB,"16000 DPI sensör, 59g",7.9,332,2,Yok,,,,,,,Akakçe
Toplama Bilgisayar,Mouse,ASUS,Rival Wireless 16000DPI,1650,Orta,Günlük Kullanım,,,,,Bluetooth,"16000 DPI sensör, 63g",8.2,763,2,Var,,,,,,,Akakçe
Toplama Bilgisayar,Kasa,NZXT,TUF GT,2600,Orta,Ofis,,,,,ATX,"Mini Tower, mesh/airflow odaklı kasa",8.4,2537,2,Yok,Mini Tower,,,,,,Epey
Toplama Bilgisayar,Kasa,Corsair,Warcry,5350,Üst,Video Edit,,,,,E-ATX,"Mini Tower, mesh/airflow odaklı kasa",8.7,4158,2,Var,Mini Tower,,,,,,GamingGenTR
Toplama Bilgisayar,Güç Kaynağı,be quiet!,RM 1200W 80+ Titanium,11150,Amiral,Yapay Zeka,,,1200W,,80+ Titanium,"Modüler PSU, 80+ Titanium",8.9,4537,10,Yok,,,,,,,Vatan
Toplama Bilgisayar,Kasa,GamePower,TUF GT White,4650,Üst,Yayıncılık,,,,,E-ATX,"Full Tower, mesh/airflow odaklı kasa",8.4,9829,2,Var,Full Tower,,,,,,Sinerji
Toplama Bilgisayar,Klavye,Corsair,Ogre Wireless Membran 75%,600,Giriş,Günlük Kullanım,,,,,USB,Membran klavye,7.4,400,2,Var,75%,,,,,,Sinerji
Toplama Bilgisayar,Anakart,ASUS,Taichi B660 MAX DDR4,4800,Orta,Günlük Kullanım,LGA1700,DDR4,,,LGA1700-DDR4,"Micro ATX, B660 yonga seti, DDR4 bellek desteği",8.0,3488,3,Yok,Micro ATX,,,,,,İncehesap
Toplama Bilgisayar,Kasa,DeepCool,Aquarius White,5650,Üst,Oyun,,,,,E-ATX,"Mini Tower, mesh/airflow odaklı kasa",8.4,3663,2,Yok,Mini Tower,,,,,,Sinerji
Toplama Bilgisayar,Kasa,Xigmatek,View 270 White,1300,Giriş,Ofis,,,,,Micro ATX,"Mid Tower, mesh/airflow odaklı kasa",7.5,2716,2,Var,Mid Tower,,,,,,Akakçe
Toplama Bilgisayar,Kasa,ASUS,View 270 RGB,7050,Üst,Video Edit,,,,,ATX,"Full Tower, mesh/airflow odaklı kasa",8.5,11740,2,Var,Full Tower,,,,,,İncehesap
Toplama Bilgisayar,Anakart,NZXT,Steel Legend X670 DDR5,12450,Üst,Yazılım,AM5,DDR5,,,AM5-DDR5,"Mini ITX, X670 yonga seti, DDR5 bellek desteği",8.5,8745,3,Yok,Mini ITX,,,,,,Sinerji
Toplama Bilgisayar,Monitör,AOC,Aorus 32 inç 3840x2160 240Hz,34200,Amiral,Yazılım,,,35,,HDMI-DP,"Mini LED panel, 240Hz",8.9,2790,2,Yok,32 inç,3840x2160,240Hz,,,,Sinerji
Toplama Bilgisayar,Klavye,Keychron,K380 Wireless Mekanik TKL,3750,Üst,Oyun,,,,,USB,Mekanik klavye,8.5,11412,2,Var,TKL,,,,,,Sinerji
Toplama Bilgisayar,Ekran Kartı,Sapphire,RTX 4070 Pulse 12GB,33050,Üst,Yayıncılık,,GDDR6,200,12GB,PCIe,1440p oyun,9.4,7652,3,Var,,,,12GB,,,İtopya
Toplama Bilgisayar,SSD,SanDisk,Exceria Plus 1TB NVMe,1750,Orta,Oyun,,,4,1TB,M2 NVMe,PCIe 3.0 NVMe SSD,8.7,7034,3,Yok,,,,,3152 MB/s,2316 MB/s,Akakçe
Toplama Bilgisayar,SSD,Seagate,Legend 960 1TB NVMe,3100,Orta,Günlük Kullanım,,,3,1TB,M2 NVMe,PCIe 4.0 NVMe SSD,7.8,3690,3,Yok,,,,,6119 MB/s,4375 MB/s,GamingGenTR
Toplama Bilgisayar,Mouse,MSI,Model O Wireless 12000DPI,1050,Orta,Ofis,,,,,Bluetooth,"12000 DPI sensör, 90g",7.6,1883,2,Var,,,,,,,İncehesap
Toplama Bilgisayar,Mouse,Zowie,X2V2 Wireless 8000DPI,450,Giriş,Ofis,,,,,Bluetooth,"8000 DPI sensör, 59g",7.0,563,2,Var,,,,,,,Sinerji
Toplama Bilgisayar,Ekran Kartı,ASUS,GTX 1650 Dual 4GB,6600,Giriş,Günlük Kullanım,,GDDR6,75,4GB,PCIe,1080p giriş oyun,7.7,1572,3,Yok,,,,4GB,,,İtopya
Toplama Bilgisayar,Kasa,Corsair,Lancool RGB,1350,Giriş,Günlük Kullanım,,,,,ATX,"Mini Tower, mesh/airflow odaklı kasa",7.0,388,2,Var,Mini Tower,,,,,,İtopya
Toplama Bilgisayar,Klavye,MSI,MOD007 Wireless Optik switch Tam boy,500,Giriş,Günlük Kullanım,,,,,Kablosuz,Optik switch klavye,7.3,969,2,Yok,Tam boy,,,,,,Sinerji
Toplama Bilgisayar,Anakart,ASRock,Creator B760 WiFi DDR4,6300,Orta,Yazılım,LGA1700,DDR4,,,LGA1700-DDR4,"Micro ATX, B760 yonga seti, DDR4 bellek desteği",8.4,6815,3,Yok,Micro ATX,,,,,,Sinerji
Toplama Bilgisayar,HDD,Seagate,N300 4TB 7200RPM,4200,Orta,Video Edit,,,7,4TB,SATA,3.5 inç mekanik disk,8.1,1866,2,Yok,,,,,,,Vatan
Toplama Bilgisayar,Mouse,SteelSeries,X2V2 Wireless 36000DPI,1450,Orta,Yazılım,,,,,Kablosuz,"36000 DPI sensör, 63g",7.7,2224,2,Var,,,,,,,GamingGenTR
Toplama Bilgisayar,Ekran Kartı,Zotac,RTX 4070 Super TUF 12GB,44550,Üst,Oyun,,GDDR6,220,12GB,PCIe,1440p ultra oyun,8.7,5961,3,Yok,,,,12GB,,,Vatan
Toplama Bilgisayar,Mouse,HyperX,ROG Keris Mini 8000DPI,1550,Orta,Günlük Kullanım,,,,,Bluetooth,"8000 DPI sensör, 59g",8.3,663,2,Yok,,,,,,,Akakçe
Toplama Bilgisayar,Klavye,Razer,MOD007 Wireless Low Profile TKL,4100,Üst,Oyun,,,,,Kablosuz,Low Profile klavye,9.4,3354,2,Var,TKL,,,,,,İncehesap
Toplama Bilgisayar,Klavye,GamePower,Ogre RGB Optik switch 60%,500,Giriş,Günlük Kullanım,,,,,USB,Optik switch klavye,7.8,2356,2,Var,60%,,,,,,İtopya
Toplama Bilgisayar,Klavye,Razer,ROG Strix Scope Membran 60%,550,Giriş,Oyun,,,,,USB,Membran klavye,7.2,359,2,Yok,60%,,,,,,Epey
Toplama Bilgisayar,Kasa,Xigmatek,View 270 Black,2900,Orta,Oyun,,,,,E-ATX,"Mini Tower, mesh/airflow odaklı kasa",8.5,5900,2,Var,Mini Tower,,,,,,Sinerji
Toplama Bilgisayar,Monitör,Philips,Alienware 24.5 inç 1920x1080 180Hz,5000,Orta,Yazılım,,,25,,HDMI-DP,"VA panel, 180Hz",8.4,5894,3,Yok,24.5 inç,1920x1080,180Hz,,,,Vatan
Toplama Bilgisayar,Mouse,ASUS,M711 Pro 16000DPI,550,Giriş,Oyun,,,,,USB,"16000 DPI sensör, 75g",6.7,3374,2,Var,,,,,,,Vatan
Toplama Bilgisayar,RAM,Patriot,Trident Z5 32GB 2x16GB DDR5 7200MHz,5450,Üst,Yazılım,,DDR5,,32GB,DDR5,7200MHz bellek kiti,8.7,3231,5,Var,,,,,,,Epey
Toplama Bilgisayar,Klavye,Akko,Ogre Pro Optik switch 60%,2450,Orta,Ofis,,,,,Bluetooth,Optik switch klavye,7.3,7688,2,Yok,60%,,,,,,Vatan
Toplama Bilgisayar,Mouse,Lamzu,MM712 Mini 8000DPI,1250,Orta,Günlük Kullanım,,,,,Kablosuz,"8000 DPI sensör, 90g",7.5,320,2,Yok,,,,,,,Akakçe
Toplama Bilgisayar,Kasa,NZXT,Meshify White,6800,Üst,Yayıncılık,,,,,E-ATX,"Full Tower, mesh/airflow odaklı kasa",8.2,3736,2,Var,Full Tower,,,,,,İtopya
Toplama Bilgisayar,Monitör,LG,TUF Gaming 27 inç 3440x1440 165Hz,21350,Amiral,Ofis,,,35,,HDMI-DP,"IPS panel, 165Hz",9.0,5687,3,Yok,27 inç,3440x1440,165Hz,,,,GamingGenTR
Toplama Bilgisayar,Klavye,Redragon,K380 RGB Membran Tam boy,4500,Üst,Ofis,,,,,Bluetooth,Membran klavye,8.7,5206,2,Var,Tam boy,,,,,,Epey
Toplama Bilgisayar,Kasa,Fractal Design,View 270,3000,Orta,Günlük Kullanım,,,,,Micro ATX,"Mini Tower, mesh/airflow odaklı kasa",8.0,4001,2,Var,Mini Tower,,,,,,Vatan
Toplama Bilgisayar,Klavye,ASUS,MOD007 Pro Optik switch 60%,1750,Orta,Yazılım,,,,,Bluetooth,Optik switch klavye,8.3,4593,2,Yok,60%,,,,,,İtopya
Toplama Bilgisayar,İşlemci,AMD,Ryzen 5 7500F Tray,5750,Orta,Oyun,AM5,DDR5,65,,AM5-DDR5,6 çekirdek 12 thread,7.3,8012,3,Yok,,,,,,,Sinerji
Toplama Bilgisayar,Mouse,Razer,G102 30000DPI,1050,Orta,Oyun,,,,,Bluetooth,"30000 DPI sensör, 75g",7.6,4031,2,Yok,,,,,,,İtopya
Toplama Bilgisayar,Mouse,Razer,Viper Wireless 8000DPI,6250,Amiral,Günlük Kullanım,,,,,Bluetooth,"8000 DPI sensör, 49g",9.8,6051,2,Yok,,,,,,,Sinerji
Toplama Bilgisayar,Monitör,BenQ,Odyssey 32 inç 2560x1440 144Hz,7750,Üst,Tasarım,,,50,,HDMI-DP,"IPS panel, 144Hz",8.2,10798,3,Yok,32 inç,2560x1440,144Hz,,,,Vatan
Toplama Bilgisayar,Monitör,Dell,Predator 31.5 inç 3440x1440 165Hz,23450,Amiral,Ofis,,,50,,HDMI-DP,"VA panel, 165Hz",9.0,6161,2,Yok,31.5 inç,3440x1440,165Hz,,,,Vatan
Toplama Bilgisayar,Anakart,NZXT,Gaming X B650 AX DDR5,4950,Orta,Günlük Kullanım,AM5,DDR5,,,AM5-DDR5,"ATX, B650 yonga seti, DDR5 bellek desteği",8.5,7195,3,Var,ATX,,,,,,İtopya
Toplama Bilgisayar,Klavye,Keychron,K70 Wireless Membran 60%,9600,Amiral,Günlük Kullanım,,,,,USB,Membran klavye,9.5,1040,2,Yok,60%,,,,,,Akakçe
Toplama Bilgisayar,RAM,TeamGroup,XLR8 32GB 2x16GB DDR4 3600MHz,2950,Üst,Tasarım,,DDR4,,32GB,DDR4,3600MHz bellek kiti,9.3,8085,2,Yok,,,,,,,GamingGenTR
Toplama Bilgisayar,Mouse,Zowie,Clutch GM Mini 8000DPI,550,Giriş,Ofis,,,,,Bluetooth,"8000 DPI sensör, 49g",6.4,1018,2,Yok,,,,,,,İncehesap
Toplama Bilgisayar,İşlemci,Intel,Core i5-14600KF Tray,12750,Üst,Oyun,LGA1700,DDR5,125,,LGA1700-DDR5,14 çekirdek yüksek frekans,8.5,3473,3,Yok,,,,,,,GamingGenTR
Toplama Bilgisayar,Kasa,DarkFlash,Aquarius White,4300,Orta,Günlük Kullanım,,,,,Micro ATX,"Mini Tower, mesh/airflow odaklı kasa",7.9,353,2,Var,Mini Tower,,,,,,İtopya
Toplama Bilgisayar,HDD,Toshiba,N300 1TB 7200RPM,1700,Giriş,Günlük Kullanım,,,5,1TB,SATA,3.5 inç mekanik disk,7.6,2134,2,Yok,,,,,,,Epey
Toplama Bilgisayar,Ekran Kartı,Palit,RX 9070 XT Nitro+ 16GB,70750,Amiral,Yapay Zeka,,GDDR6,304,16GB,PCIe,2026 RDNA üst seviye,9.0,3524,3,Yok,,,,16GB,,,Sinerji
Toplama Bilgisayar,Mouse,ASUS,FK2 Wireless 26000DPI,1550,Orta,Günlük Kullanım,,,,,Bluetooth,"26000 DPI sensör, 63g",8.6,4744,2,Var,,,,,,,Akakçe
Toplama Bilgisayar,Klavye,Corsair,K70 RGB Membran 75%,650,Giriş,Yazılım,,,,,USB,Membran klavye,6.5,487,2,Var,75%,,,,,,GamingGenTR
Toplama Bilgisayar,Mouse,Redragon,Harpoon Wireless 16000DPI,1450,Orta,Ofis,,,,,Kablosuz,"16000 DPI sensör, 59g",8.4,2235,2,Yok,,,,,,,Vatan
Toplama Bilgisayar,Ekran Kartı,ASUS,RX 7700 XT GamingPro 12GB,26200,Üst,Oyun,,GDDR6,245,12GB,PCIe,1440p oyun,8.7,11040,3,Var,,,,12GB,,,İncehesap
Toplama Bilgisayar,Mouse,Razer,Harpoon 8000DPI,500,Giriş,Günlük Kullanım,,,,,Kablosuz,"8000 DPI sensör, 59g",6.9,771,2,Var,,,,,,,İncehesap
Toplama Bilgisayar,Kasa,DarkFlash,Aquarius Black,3500,Orta,Ofis,,,,,ATX,"Mid Tower, mesh/airflow odaklı kasa",8.7,74,2,Yok,Mid Tower,,,,,,İncehesap
Toplama Bilgisayar,Mouse,Logitech,Model O Mini 36000DPI,2350,Üst,Oyun,,,,,Bluetooth,"36000 DPI sensör, 90g",9.4,11188,2,Var,,,,,,,Vatan
Toplama Bilgisayar,Mouse,HyperX,Clutch GM Wireless 26000DPI,450,Giriş,Yazılım,,,,,Bluetooth,"26000 DPI sensör, 49g",7.5,2610,2,Yok,,,,,,,Epey
Toplama Bilgisayar,Güç Kaynağı,DeepCool,Performance GD 750W 80+ Gold,5200,Orta,Yazılım,,,750W,,80+ Gold,"Sabit kablo PSU, 80+ Gold",8.0,774,3,Yok,,,,,,,Epey
Toplama Bilgisayar,HDD,WD,SkyHawk 4TB 7200RPM,4500,Orta,Ofis,,,9,4TB,SATA,3.5 inç mekanik disk,8.3,346,3,Yok,,,,,,,Vatan
Toplama Bilgisayar,Klavye,Corsair,ROG Strix Scope RGB Optik switch Tam boy,3900,Üst,Günlük Kullanım,,,,,Kablosuz,Optik switch klavye,8.4,11224,2,Var,Tam boy,,,,,,İncehesap
Toplama Bilgisayar,Monitör,Gigabyte,Mobiuz 31.5 inç 2560x1440 180Hz,11600,Üst,Ofis,,,50,,HDMI-DP,"VA panel, 180Hz",9.0,11390,3,Yok,31.5 inç,2560x1440,180Hz,,,,İncehesap
Toplama Bilgisayar,Ekran Kartı,Galax,RTX 4060 StormX 8GB,17050,Orta,Günlük Kullanım,,GDDR6,115,8GB,PCIe,DLSS 3 1080p oyun,8.1,7740,3,Var,,,,8GB,,,GamingGenTR
Toplama Bilgisayar,Anakart,Gigabyte,PRO X870 MAX DDR5,18050,Amiral,Yayıncılık,AM5,DDR5,,,AM5-DDR5,"Micro ATX, X870 yonga seti, DDR5 bellek desteği",9.5,2647,3,Var,Micro ATX,,,,,,GamingGenTR
Toplama Bilgisayar,Kasa,DarkFlash,TD500 Black,5600,Üst,Yazılım,,,,,ATX,"Mini Tower, mesh/airflow odaklı kasa",8.3,10742,2,Yok,Mini Tower,,,,,,Akakçe
Toplama Bilgisayar,Soğutucu,be quiet!,Peerless Assassin,1050,Giriş,Ofis,,,,,AM4-AM5-LGA1700,Hava soğutma,7.7,2225,2,Yok,,,,,,,Sinerji
Toplama Bilgisayar,Mouse,Zowie,Harpoon Wireless 8000DPI,1650,Orta,Ofis,,,,,USB,"8000 DPI sensör, 90g",8.1,5972,2,Var,,,,,,,Vatan
Toplama Bilgisayar,Mouse,HyperX,X2V2 Pro 30000DPI,5300,Amiral,Oyun,,,,,Bluetooth,"30000 DPI sensör, 75g",9.1,2244,2,Yok,,,,,,,Epey
Toplama Bilgisayar,Kasa,Cooler Master,Eclipse White,7900,Amiral,Tasarım,,,,,Micro ATX,"Mid Tower, mesh/airflow odaklı kasa",9.5,3194,2,Var,Mid Tower,,,,,,Akakçe
Toplama Bilgisayar,Anakart,ASUS,Strix B550 WiFi DDR4,5200,Orta,Günlük Kullanım,AM4,DDR4,,,AM4-DDR4,"Mini ITX, B550 yonga seti, DDR4 bellek desteği",8.0,4946,3,Yok,Mini ITX,,,,,,İtopya
Toplama Bilgisayar,RAM,Kingston,Ballistix 64GB 2x32GB DDR4 4000MHz,5950,Amiral,Oyun,,DDR4,,64GB,DDR4,4000MHz bellek kiti,9.2,459,5,Yok,,,,,,,İncehesap
Toplama Bilgisayar,Mouse,Glorious,Model O Pro 8000DPI,400,Giriş,Günlük Kullanım,,,,,Kablosuz,"8000 DPI sensör, 75g",7.1,3125,2,Yok,,,,,,,İncehesap
Toplama Bilgisayar,Mouse,Darmoshark,X2V2 Pro 16000DPI,2650,Üst,Oyun,,,,,USB,"16000 DPI sensör, 63g",8.9,4196,2,Yok,,,,,,,Vatan
Toplama Bilgisayar,Monitör,Philips,Aorus 27 inç 1920x1080 75Hz,3400,Giriş,Tasarım,,,50,,HDMI-DP,"VA panel, 75Hz",7.9,1474,2,Yok,27 inç,1920x1080,75Hz,,,,Vatan
Toplama Bilgisayar,HDD,WD,SkyHawk 8TB 7200RPM,9200,Üst,Video Edit,,,5,8TB,SATA,3.5 inç mekanik disk,9.1,3985,3,Yok,,,,,,,İncehesap
Toplama Bilgisayar,Klavye,Razer,BlackWidow RGB Membran Tam boy,2000,Orta,Oyun,,,,,USB,Membran klavye,8.7,5256,2,Var,Tam boy,,,,,,GamingGenTR
Toplama Bilgisayar,Klavye,MSI,RK61 Optik switch 60%,850,Giriş,Günlük Kullanım,,,,,USB,Optik switch klavye,6.8,561,2,Var,60%,,,,,,GamingGenTR
Toplama Bilgisayar,Klavye,Royal Kludge,Alloy Origins RGB Membran Tam boy,1600,Orta,Günlük Kullanım,,,,,Bluetooth,Membran klavye,8.7,4239,2,Var,Tam boy,,,,,,İtopya
Toplama Bilgisayar,Mouse,ASUS,G305 Mini 36000DPI,550,Giriş,Ofis,,,,,USB,"36000 DPI sensör, 75g",7.0,546,2,Var,,,,,,,Epey
Toplama Bilgisayar,Monitör,Gigabyte,Optix 32 inç 3840x2160 240Hz,42150,Amiral,Oyun,,,25,,HDMI-DP,"Mini LED panel, 240Hz",9.5,3518,2,Yok,32 inç,3840x2160,240Hz,,,,İtopya
Toplama Bilgisayar,RAM,GoodRam,Vengeance 16GB 2x8GB DDR4 4000MHz,1600,Orta,Günlük Kullanım,,DDR4,,16GB,DDR4,4000MHz bellek kiti,8.2,741,5,Var,,,,,,,İncehesap
Toplama Bilgisayar,Klavye,Razer,Ogre RGB Low Profile TKL,1450,Orta,Oyun,,,,,Bluetooth,Low Profile klavye,7.7,6967,2,Var,TKL,,,,,,Vatan
Toplama Bilgisayar,Anakart,MSI,Creator X870 DDR5,16400,Amiral,Yayıncılık,AM5,DDR5,,,AM5-DDR5,"Mini ITX, X870 yonga seti, DDR5 bellek desteği",9.8,4909,3,Yok,Mini ITX,,,,,,Sinerji
Toplama Bilgisayar,Ekran Kartı,PowerColor,RX 7900 GRE JetStream 16GB,40500,Üst,Video Edit,,GDDR6,260,16GB,PCIe,1440p/4K,8.5,6513,3,Var,,,,16GB,,,İtopya
Toplama Bilgisayar,Kasa,NZXT,View 270 Black,1800,Giriş,Oyun,,,,,ATX,"Mid Tower, mesh/airflow odaklı kasa",8.0,2087,2,Yok,Mid Tower,,,,,,Epey
Toplama Bilgisayar,Kasa,Lian Li,O11 Dynamic,2350,Orta,Oyun,,,,,E-ATX,"Mini Tower, mesh/airflow odaklı kasa",8.5,1203,2,Var,Mini Tower,,,,,,Epey
Toplama Bilgisayar,Mouse,MSI,X2V2 26000DPI,1250,Orta,Yazılım,,,,,USB,"26000 DPI sensör, 90g",8.2,3626,2,Var,,,,,,,Epey
Toplama Bilgisayar,Anakart,Gigabyte,Strix B660 MAX DDR4,6900,Orta,Yazılım,LGA1700,DDR4,,,LGA1700-DDR4,"ATX, B660 yonga seti, DDR4 bellek desteği",7.4,7596,3,Yok,ATX,,,,,,Sinerji
Toplama Bilgisayar,Monitör,ViewSonic,TUF Gaming 34 inç 1920x1080 75Hz,2450,Giriş,Video Edit,,,50,,HDMI-DP,"IPS panel, 75Hz",7.0,2840,3,Yok,34 inç,1920x1080,75Hz,,,,Epey
Toplama Bilgisayar,Monitör,Acer,Optix 34 inç 1920x1080 144Hz,5600,Orta,Video Edit,,,25,,HDMI-DP,"IPS panel, 144Hz",8.7,6919,3,Yok,34 inç,1920x1080,144Hz,,,,Sinerji
Toplama Bilgisayar,Klavye,Royal Kludge,GMMK Pro Mekanik Tam boy,750,Giriş,Günlük Kullanım,,,,,USB,Mekanik klavye,7.0,1560,2,Var,Tam boy,,,,,,Epey
Toplama Bilgisayar,Mouse,Redragon,G305 30000DPI,1150,Orta,Günlük Kullanım,,,,,Kablosuz,"30000 DPI sensör, 63g",8.0,6064,2,Var,,,,,,,Akakçe
Toplama Bilgisayar,Mouse,Redragon,DeathAdder Wireless 16000DPI,2350,Üst,Ofis,,,,,USB,"16000 DPI sensör, 90g",8.9,11499,2,Yok,,,,,,,İncehesap
Toplama Bilgisayar,Klavye,Royal Kludge,MOD007 Wireless Mekanik 60%,1600,Orta,Ofis,,,,,Kablosuz,Mekanik klavye,7.9,1583,2,Yok,60%,,,,,,Sinerji
Toplama Bilgisayar,HDD,Toshiba,N300 6TB 7200RPM,7250,Orta,Video Edit,,,9,6TB,SATA,3.5 inç mekanik disk,7.5,780,2,Yok,,,,,,,İtopya
Toplama Bilgisayar,Anakart,ASRock,Strix B650 WiFi DDR5,6550,Orta,Oyun,AM5,DDR5,,,AM5-DDR5,"Mini ITX, B650 yonga seti, DDR5 bellek desteği",8.3,670,3,Yok,Mini ITX,,,,,,Akakçe
Toplama Bilgisayar,Kasa,Xigmatek,North Mesh,6750,Üst,Yazılım,,,,,E-ATX,"Mid Tower, mesh/airflow odaklı kasa",9.0,10659,2,Yok,Mid Tower,,,,,,Vatan
Toplama Bilgisayar,Klavye,GamePower,BlackWidow Membran 75%,3350,Üst,Ofis,,,,,Bluetooth,Membran klavye,9.3,2853,2,Var,75%,,,,,,İncehesap
Toplama Bilgisayar,Mouse,Darmoshark,Rival Pro 36000DPI,6200,Amiral,Oyun,,,,,Kablosuz,"36000 DPI sensör, 49g",9.6,5655,2,Var,,,,,,,Epey
Toplama Bilgisayar,Mouse,SteelSeries,Model O Wireless 8000DPI,450,Giriş,Günlük Kullanım,,,,,Kablosuz,"8000 DPI sensör, 63g",6.7,1049,2,Yok,,,,,,,Sinerji
Toplama Bilgisayar,Mouse,Lamzu,DeathAdder Mini 12000DPI,2600,Üst,Yazılım,,,,,Bluetooth,"12000 DPI sensör, 90g",8.9,8312,2,Yok,,,,,,,Sinerji
Toplama Bilgisayar,Soğutucu,Thermalright,Hyper 212,800,Giriş,Ofis,,,,,AM4-AM5-LGA1700,Hava soğutma,7.9,2596,2,Yok,,,,,,,Sinerji
Toplama Bilgisayar,Ekran Kartı,PowerColor,RX 7900 GRE GamingPro 16GB,39550,Üst,Oyun,,GDDR6,260,16GB,PCIe,1440p/4K,9.1,8153,3,Var,,,,16GB,,,Vatan
Toplama Bilgisayar,Kasa,Cooler Master,View 270 Black,3950,Orta,Günlük Kullanım,,,,,E-ATX,"Full Tower, mesh/airflow odaklı kasa",7.5,308,2,Var,Full Tower,,,,,,İncehesap
Toplama Bilgisayar,Klavye,Redragon,K70 Pro Optik switch Tam boy,2250,Orta,Oyun,,,,,Kablosuz,Optik switch klavye,7.7,7922,2,Var,Tam boy,,,,,,İncehesap
Toplama Bilgisayar,Klavye,MSI,Alloy Origins RGB Low Profile 60%,5100,Üst,Ofis,,,,,Kablosuz,Low Profile klavye,9.0,2746,2,Var,60%,,,,,,Akakçe
Toplama Bilgisayar,Anakart,ASRock,Taichi B550 DDR4,7400,Orta,Ofis,AM4,DDR4,,,AM4-DDR4,"Mini ITX, B550 yonga seti, DDR4 bellek desteği",7.5,5896,3,Yok,Mini ITX,,,,,,Epey
Toplama Bilgisayar,HDD,Toshiba,Barracuda 8TB 7200RPM,8700,Üst,Video Edit,,,7,8TB,SATA,3.5 inç mekanik disk,9.0,7168,3,Yok,,,,,,,İtopya
Toplama Bilgisayar,Ekran Kartı,PowerColor,RTX 5090 Twin Edge 32GB,192900,Amiral,Yapay Zeka,,GDDR6X,575,32GB,PCIe,2026 amiral seviye AI/4K,8.9,797,3,Var,,,,32GB,,,GamingGenTR
Toplama Bilgisayar,Kasa,NZXT,Warcry Black,13850,Amiral,Oyun,,,,,Micro ATX,"Mini Tower, mesh/airflow odaklı kasa",9.6,2653,2,Yok,Mini Tower,,,,,,Akakçe
Toplama Bilgisayar,Mouse,Corsair,M711 Pro 12000DPI,350,Giriş,Yazılım,,,,,Kablosuz,"12000 DPI sensör, 90g",7.8,2219,2,Var,,,,,,,İtopya
Toplama Bilgisayar,Klavye,Keychron,Alloy Origins Pro Optik switch Tam boy,1750,Orta,Yazılım,,,,,Kablosuz,Optik switch klavye,8.1,5307,2,Var,Tam boy,,,,,,Sinerji
Toplama Bilgisayar,Mouse,Glorious,G Pro X Superlight Mini 12000DPI,500,Giriş,Günlük Kullanım,,,,,Bluetooth,"12000 DPI sensör, 75g",7.1,3422,2,Var,,,,,,,Epey
Toplama Bilgisayar,Mouse,MSI,MM712 16000DPI,3100,Üst,Günlük Kullanım,,,,,USB,"16000 DPI sensör, 49g",9.1,4072,2,Var,,,,,,,Epey
Toplama Bilgisayar,Kasa,DarkFlash,MAG Forge White,1400,Giriş,Oyun,,,,,ATX,"Full Tower, mesh/airflow odaklı kasa",8.0,2731,2,Var,Full Tower,,,,,,Sinerji
Toplama Bilgisayar,Kasa,DeepCool,Lancool RGB,3050,Orta,Günlük Kullanım,,,,,Micro ATX,"Mini Tower, mesh/airflow odaklı kasa",8.8,1173,2,Var,Mini Tower,,,,,,Akakçe
Toplama Bilgisayar,Klavye,HyperX,Apex Membran 60%,1900,Orta,Oyun,,,,,Bluetooth,Membran klavye,7.9,4135,2,Yok,60%,,,,,,Vatan
Toplama Bilgisayar,Güç Kaynağı,Seasonic,Focus GX 750W 80+ Titanium,3900,Orta,Günlük Kullanım,,,750W,,80+ Titanium,"Sabit kablo PSU, 80+ Titanium",8.4,435,5,Yok,,,,,,,Vatan
Toplama Bilgisayar,HDD,Seagate,P300 12TB 7200RPM,10550,Üst,Günlük Kullanım,,,9,12TB,SATA,3.5 inç mekanik disk,8.1,452,2,Yok,,,,,,,İtopya
Toplama Bilgisayar,Klavye,MSI,Apex RGB Optik switch TKL,9250,Amiral,Günlük Kullanım,,,,,Bluetooth,Optik switch klavye,9.8,5801,2,Var,TKL,,,,,,Sinerji
Toplama Bilgisayar,SSD,Samsung,KC3000 1TB NVMe,4950,Orta,Yazılım,,,5,1TB,M2 NVMe,PCIe 5.0 NVMe SSD,8.7,2983,3,Yok,,,,,9862 MB/s,8713 MB/s,Sinerji
Toplama Bilgisayar,Klavye,MSI,MOD007 Mekanik TKL,3750,Üst,Günlük Kullanım,,,,,USB,Mekanik klavye,9.4,5001,2,Var,TKL,,,,,,Akakçe
Toplama Bilgisayar,Mouse,Glorious,FK2 Pro 30000DPI,400,Giriş,Günlük Kullanım,,,,,Bluetooth,"30000 DPI sensör, 49g",7.9,78,2,Yok,,,,,,,Vatan
Toplama Bilgisayar,Kasa,DarkFlash,Aquarius,3050,Orta,Günlük Kullanım,,,,,ATX,"Mini Tower, mesh/airflow odaklı kasa",7.4,6205,2,Var,Mini Tower,,,,,,Epey
Toplama Bilgisayar,Kasa,NZXT,CH370,4300,Üst,Video Edit,,,,,Micro ATX,"Mini Tower, mesh/airflow odaklı kasa",8.7,6144,2,Var,Mini Tower,,,,,,Sinerji
Toplama Bilgisayar,Kasa,NZXT,Meshify RGB,2950,Orta,Ofis,,,,,E-ATX,"Full Tower, mesh/airflow odaklı kasa",8.1,4420,2,Var,Full Tower,,,,,,Sinerji
Toplama Bilgisayar,Monitör,BenQ,UltraGear 34 inç 1920x1080 75Hz,3350,Giriş,Oyun,,,25,,HDMI-DP,"VA panel, 75Hz",7.7,1238,3,Yok,34 inç,1920x1080,75Hz,,,,İncehesap
Toplama Bilgisayar,Mouse,Glorious,M711 26000DPI,1000,Orta,Günlük Kullanım,,,,,Kablosuz,"26000 DPI sensör, 75g",7.5,4047,2,Yok,,,,,,,Akakçe
Toplama Bilgisayar,Kasa,Lian Li,Lancool Mesh,5200,Üst,Oyun,,,,,Micro ATX,"Mid Tower, mesh/airflow odaklı kasa",9.2,1997,2,Var,Mid Tower,,,,,,İtopya
Toplama Bilgisayar,Mouse,SteelSeries,G102 30000DPI,1100,Orta,Günlük Kullanım,,,,,USB,"30000 DPI sensör, 49g",8.5,668,2,Var,,,,,,,Epey
Toplama Bilgisayar,Kasa,Phanteks,CH370 White,4300,Orta,Ofis,,,,,ATX,"Mid Tower, mesh/airflow odaklı kasa",8.4,7386,2,Yok,Mid Tower,,,,,,Epey
Toplama Bilgisayar,Klavye,Keychron,Alloy Origins Optik switch TKL,4100,Üst,Ofis,,,,,Bluetooth,Optik switch klavye,9.0,1113,2,Yok,TKL,,,,,,GamingGenTR
Toplama Bilgisayar,SSD,Seagate,P3 Plus 500GB NVMe,950,Giriş,Yazılım,,,3,500GB,M2 NVMe,PCIe 3.0 NVMe SSD,7.9,306,3,Yok,,,,,3390 MB/s,2729 MB/s,Epey
Toplama Bilgisayar,Kasa,GamePower,Meshify RGB,1550,Giriş,Oyun,,,,,Micro ATX,"Mini Tower, mesh/airflow odaklı kasa",7.2,2097,2,Var,Mini Tower,,,,,,Epey
Toplama Bilgisayar,Güç Kaynağı,Corsair,Strider 550W 80+ Bronze,2500,Giriş,Günlük Kullanım,,,550W,,80+ Bronze,"Sabit kablo PSU, 80+ Bronze",7.3,1375,2,Yok,,,,,,,Akakçe
Toplama Bilgisayar,Anakart,Gigabyte,PRO H610 AX DDR4,4050,Giriş,Yazılım,LGA1700,DDR4,,,LGA1700-DDR4,"Micro ATX, H610 yonga seti, DDR4 bellek desteği",7.8,2583,3,Yok,Micro ATX,,,,,,İtopya
Toplama Bilgisayar,Anakart,Biostar,Tomahawk Z790 MAX DDR5,11250,Üst,Yazılım,LGA1700,DDR5,,,LGA1700-DDR5,"Micro ATX, Z790 yonga seti, DDR5 bellek desteği",8.4,6284,3,Var,Micro ATX,,,,,,İtopya
Toplama Bilgisayar,Soğutucu,ID-Cooling,Frozr,1450,Orta,Ofis,,,,,AM4-AM5-LGA1700,Hava soğutma,8.4,444,5,Yok,,,,,,,İncehesap
Toplama Bilgisayar,Soğutucu,Corsair,NH-D15,1600,Orta,Yazılım,,,,,AM4-AM5-LGA1700,Hava soğutma,7.4,7620,5,Yok,,,,,,,Epey
Toplama Bilgisayar,Mouse,Darmoshark,Pulsefire 16000DPI,3650,Üst,Oyun,,,,,Kablosuz,"16000 DPI sensör, 49g",9.2,774,2,Var,,,,,,,GamingGenTR
Toplama Bilgisayar,RAM,Corsair,T-Force Delta 8GB 1x8GB DDR5 5600MHz,1100,Giriş,Yazılım,,DDR5,,8GB,DDR5,5600MHz bellek kiti,7.9,455,5,Yok,,,,,,,GamingGenTR
Toplama Bilgisayar,HDD,WD,Barracuda 8TB 7200RPM,7750,Üst,Ofis,,,9,8TB,SATA,3.5 inç mekanik disk,9.2,6708,2,Yok,,,,,,,İncehesap
Toplama Bilgisayar,Ekran Kartı,MSI,RTX 4080 Super Pulse 16GB,80400,Amiral,Yapay Zeka,,GDDR6X,320,16GB,PCIe,4K oyun ve render,9.4,939,3,Var,,,,16GB,,,Vatan
Toplama Bilgisayar,Soğutucu,Thermalright,LT720,10500,Amiral,Tasarım,,,,,AM4-AM5-LGA1700,360mm sıvı soğutma,9.0,590,2,Var,360mm,,,,,,GamingGenTR
Toplama Bilgisayar,Klavye,MSI,ROG Strix Scope Wireless Mekanik 60%,650,Giriş,Yazılım,,,,,Kablosuz,Mekanik klavye,7.0,3052,2,Yok,60%,,,,,,Vatan
Toplama Bilgisayar,Klavye,Akko,RK61 Mekanik TKL,1500,Orta,Ofis,,,,,USB,Mekanik klavye,8.8,4474,2,Yok,TKL,,,,,,Akakçe
Toplama Bilgisayar,Monitör,ASUS,Nitro 23.8 inç 3840x2160 240Hz,56400,Amiral,Oyun,,,25,,HDMI-DP,"Mini LED panel, 240Hz",8.9,5730,2,Yok,23.8 inç,3840x2160,240Hz,,,,Epey
Toplama Bilgisayar,Ekran Kartı,XFX,RX 7600 Merc 8GB,15500,Orta,Günlük Kullanım,,GDDR6,165,8GB,PCIe,1080p oyun,7.5,6693,3,Var,,,,8GB,,,Sinerji
Toplama Bilgisayar,Kasa,Phanteks,MAG Forge RGB,2350,Orta,Oyun,,,,,Micro ATX,"Full Tower, mesh/airflow odaklı kasa",8.1,1013,2,Var,Full Tower,,,,,,Akakçe
Toplama Bilgisayar,Anakart,Colorful,Mortar H610 DDR4,3850,Giriş,Günlük Kullanım,LGA1700,DDR4,,,LGA1700-DDR4,"Micro ATX, H610 yonga seti, DDR4 bellek desteği",7.1,1287,3,Var,Micro ATX,,,,,,İncehesap
Toplama Bilgisayar,Klavye,Logitech,CK RGB Optik switch 60%,1400,Orta,Oyun,,,,,Bluetooth,Optik switch klavye,7.5,1467,2,Var,60%,,,,,,Sinerji
Toplama Bilgisayar,Mouse,Cooler Master,Model O Mini 30000DPI,1750,Orta,Oyun,,,,,Kablosuz,"30000 DPI sensör, 49g",8.3,8239,2,Yok,,,,,,,Sinerji
Toplama Bilgisayar,Mouse,Corsair,FK2 Wireless 16000DPI,5300,Amiral,Ofis,,,,,USB,"16000 DPI sensör, 63g",9.9,1893,2,Var,,,,,,,İtopya
Toplama Bilgisayar,Mouse,Lamzu,Viper Mini 26000DPI,3150,Üst,Oyun,,,,,Bluetooth,"26000 DPI sensör, 75g",8.4,6817,2,Yok,,,,,,,İncehesap
Toplama Bilgisayar,Kasa,Thermaltake,O11 Dynamic,10100,Amiral,Yayıncılık,,,,,Micro ATX,"Mini Tower, mesh/airflow odaklı kasa",9.6,328,2,Var,Mini Tower,,,,,,Vatan
Toplama Bilgisayar,İşlemci,AMD,Ryzen 5 5500 Pro Sistem,4000,Orta,Yazılım,AM4,DDR4,65,,AM4-DDR4,6 çekirdek 12 thread,7.5,6266,3,Yok,,,,,,,İtopya
Toplama Bilgisayar,Klavye,Royal Kludge,K70 Wireless Membran 75%,7950,Amiral,Günlük Kullanım,,,,,Kablosuz,Membran klavye,9.6,4435,2,Yok,75%,,,,,,GamingGenTR
Toplama Bilgisayar,Soğutucu,be quiet!,Dark Rock 4,4200,Üst,Yazılım,,,,,AM4-AM5-LGA1700,Hava soğutma,9.3,7325,5,Var,,,,,,,GamingGenTR
Toplama Bilgisayar,Kasa,MSI,TD500 White,2550,Orta,Yazılım,,,,,ATX,"Mid Tower, mesh/airflow odaklı kasa",7.2,7178,2,Var,Mid Tower,,,,,,Epey
Toplama Bilgisayar,Ekran Kartı,Gainward,RTX 4060 Ti StormX 8GB,23600,Orta,Günlük Kullanım,,GDDR6,160,8GB,PCIe,1080p/1440p oyun,7.8,8377,3,Var,,,,8GB,,,İncehesap
Toplama Bilgisayar,Ekran Kartı,ASUS,RTX 4090 Merc 24GB,171100,Amiral,Yayıncılık,,GDDR6X,450,24GB,PCIe,AI ve 4K üst seviye,9.1,1229,3,Var,,,,24GB,,,Vatan
Toplama Bilgisayar,Monitör,MSI,TUF Gaming 24.5 inç 3840x2160 144Hz,23600,Amiral,Yazılım,,,25,,HDMI-DP,"VA panel, 144Hz",9.4,2661,3,Yok,24.5 inç,3840x2160,144Hz,,,,İncehesap
Toplama Bilgisayar,Klavye,MSI,GMMK Optik switch TKL,8150,Amiral,Günlük Kullanım,,,,,USB,Optik switch klavye,8.8,1854,2,Var,TKL,,,,,,Epey
Toplama Bilgisayar,Klavye,Glorious,Apex Pro Membran Tam boy,2150,Orta,Yazılım,,,,,Bluetooth,Membran klavye,7.6,186,2,Yok,Tam boy,,,,,,Sinerji
Toplama Bilgisayar,Anakart,Colorful,Prime B660 MAX DDR4,6250,Orta,Ofis,LGA1700,DDR4,,,LGA1700-DDR4,"Micro ATX, B660 yonga seti, DDR4 bellek desteği",8.1,7344,3,Yok,Micro ATX,,,,,,Epey
Toplama Bilgisayar,Mouse,MSI,FK2 Wireless 12000DPI,400,Giriş,Günlük Kullanım,,,,,USB,"12000 DPI sensör, 75g",7.7,2327,2,Var,,,,,,,Sinerji
Toplama Bilgisayar,Klavye,Akko,ROG Strix Scope Optik switch Tam boy,650,Giriş,Ofis,,,,,USB,Optik switch klavye,7.4,2929,2,Yok,Tam boy,,,,,,İtopya
Toplama Bilgisayar,Klavye,HyperX,RK61 Optik switch Tam boy,850,Giriş,Günlük Kullanım,,,,,Kablosuz,Optik switch klavye,7.4,1261,2,Var,Tam boy,,,,,,İncehesap
Toplama Bilgisayar,Anakart,MSI,Strix X870 DDR5,18100,Amiral,Yayıncılık,AM5,DDR5,,,AM5-DDR5,"Micro ATX, X870 yonga seti, DDR5 bellek desteği",9.7,4441,3,Yok,Micro ATX,,,,,,İtopya
Toplama Bilgisayar,Soğutucu,MSI,ROG Ryujin 360,7250,Üst,Oyun,,,,,AM4-AM5-LGA1700,360mm sıvı soğutma,8.7,6618,6,Var,360mm,,,,,,İtopya
Toplama Bilgisayar,Monitör,BenQ,Optix 31.5 inç 1920x1080 144Hz,5200,Orta,Tasarım,,,50,,HDMI-DP,"VA panel, 144Hz",8.2,6661,3,Yok,31.5 inç,1920x1080,144Hz,,,,Sinerji
Toplama Bilgisayar,Klavye,ASUS,K380 RGB Membran TKL,2100,Orta,Günlük Kullanım,,,,,Kablosuz,Membran klavye,8.7,6638,2,Var,TKL,,,,,,Epey
Toplama Bilgisayar,Mouse,MSI,Rival Wireless 26000DPI,450,Giriş,Yazılım,,,,,USB,"26000 DPI sensör, 59g",6.8,3297,2,Var,,,,,,,Sinerji
Toplama Bilgisayar,Soğutucu,DeepCool,H150i,2900,Orta,Oyun,,,,,AM4-AM5-LGA1700,360mm sıvı soğutma,8.6,6968,2,Var,360mm,,,,,,GamingGenTR
Toplama Bilgisayar,Klavye,Cooler Master,Vigor GK RGB Low Profile 75%,2000,Orta,Günlük Kullanım,,,,,Bluetooth,Low Profile klavye,8.0,6216,2,Var,75%,,,,,,İtopya
Toplama Bilgisayar,Anakart,NZXT,Strix B760 WiFi DDR5,6100,Orta,Ofis,LGA1700,DDR5,,,LGA1700-DDR5,"ATX, B760 yonga seti, DDR5 bellek desteği",7.9,3990,3,Var,ATX,,,,,,Akakçe
Toplama Bilgisayar,Kasa,Corsair,Warcry Black,1500,Giriş,Ofis,,,,,E-ATX,"Mid Tower, mesh/airflow odaklı kasa",7.5,1411,2,Yok,Mid Tower,,,,,,GamingGenTR
Toplama Bilgisayar,Monitör,Dell,ProArt 24.5 inç 3440x1440 165Hz,15100,Amiral,Yazılım,,,35,,HDMI-DP,"Mini LED panel, 165Hz",9.0,2829,3,Yok,24.5 inç,3440x1440,165Hz,,,,GamingGenTR
Toplama Bilgisayar,Kasa,Cooler Master,CH370 White,2800,Orta,Ofis,,,,,E-ATX,"Mini Tower, mesh/airflow odaklı kasa",8.0,482,2,Yok,Mini Tower,,,,,,Vatan
Toplama Bilgisayar,Mouse,MSI,ROG Keris Pro 12000DPI,550,Giriş,Günlük Kullanım,,,,,Bluetooth,"12000 DPI sensör, 49g",7.4,2616,2,Var,,,,,,,İtopya
Toplama Bilgisayar,Mouse,HyperX,X2V2 16000DPI,3600,Üst,Oyun,,,,,USB,"16000 DPI sensör, 75g",8.5,1760,2,Var,,,,,,,İncehesap
Toplama Bilgisayar,HDD,Seagate,IronWolf 6TB 7200RPM,7000,Orta,Video Edit,,,7,6TB,SATA,3.5 inç mekanik disk,7.7,1434,3,Yok,,,,,,,Akakçe
Toplama Bilgisayar,Monitör,Acer,Predator 31.5 inç 1920x1080 180Hz,5400,Orta,Tasarım,,,25,,HDMI-DP,"IPS panel, 180Hz",7.6,5442,2,Yok,31.5 inç,1920x1080,180Hz,,,,İtopya
Toplama Bilgisayar,Kasa,Xigmatek,Warcry RGB,13400,Amiral,Video Edit,,,,,ATX,"Mini Tower, mesh/airflow odaklı kasa",8.9,3001,2,Var,Mini Tower,,,,,,Sinerji
Toplama Bilgisayar,RAM,Crucial,XLR8 8GB 1x8GB DDR5 7200MHz,1800,Giriş,Günlük Kullanım,,DDR5,,8GB,DDR5,7200MHz bellek kiti,7.7,585,5,Yok,,,,,,,Sinerji
Toplama Bilgisayar,Mouse,Corsair,G Pro X Superlight Pro 8000DPI,3100,Üst,Günlük Kullanım,,,,,Bluetooth,"8000 DPI sensör, 63g",8.4,11507,2,Yok,,,,,,,Sinerji
Toplama Bilgisayar,Mouse,Lamzu,Model O Pro 36000DPI,400,Giriş,Ofis,,,,,Kablosuz,"36000 DPI sensör, 49g",7.2,1092,2,Var,,,,,,,GamingGenTR
Toplama Bilgisayar,Kasa,Fractal Design,TUF GT Black,4750,Üst,Oyun,,,,,ATX,"Mid Tower, mesh/airflow odaklı kasa",8.8,154,2,Yok,Mid Tower,,,,,,Epey
Toplama Bilgisayar,Anakart,Colorful,Taichi X870 DDR5,19450,Amiral,Yayıncılık,AM5,DDR5,,,AM5-DDR5,"Micro ATX, X870 yonga seti, DDR5 bellek desteği",9.6,4717,3,Yok,Micro ATX,,,,,,Vatan
Toplama Bilgisayar,Mouse,Redragon,MM712 Pro 12000DPI,3500,Üst,Oyun,,,,,Kablosuz,"12000 DPI sensör, 59g",9.1,10072,2,Var,,,,,,,Akakçe
Toplama Bilgisayar,Anakart,Biostar,Gaming X B760 WiFi DDR4,6400,Orta,Ofis,LGA1700,DDR4,,,LGA1700-DDR4,"Mini ITX, B760 yonga seti, DDR4 bellek desteği",7.7,4425,3,Yok,Mini ITX,,,,,,Sinerji
Toplama Bilgisayar,SSD,PNY,Viper VP4300 500GB NVMe,1000,Giriş,Yazılım,,,5,500GB,M2 NVMe,PCIe 3.0 NVMe SSD,6.7,1847,5,Yok,,,,,3509 MB/s,3057 MB/s,Akakçe
Toplama Bilgisayar,Mouse,SteelSeries,Model O Pro 8000DPI,400,Giriş,Oyun,,,,,Bluetooth,"8000 DPI sensör, 49g",7.2,1887,2,Yok,,,,,,,İncehesap
Toplama Bilgisayar,Klavye,Cooler Master,MOD007 Wireless Membran 60%,500,Giriş,Yazılım,,,,,USB,Membran klavye,7.4,85,2,Yok,60%,,,,,,Vatan
Toplama Bilgisayar,Monitör,AOC,Raptor 24.5 inç 3840x2160 240Hz,50350,Amiral,Yazılım,,,25,,HDMI-DP,"IPS panel, 240Hz",9.3,50,3,Yok,24.5 inç,3840x2160,240Hz,,,,GamingGenTR
Toplama Bilgisayar,SSD,Kioxia,P3 Plus 4TB NVMe,18700,Amiral,Tasarım,,,3,4TB,M2 NVMe,PCIe 5.0 NVMe SSD,9.4,5872,3,Yok,,,,,9271 MB/s,7162 MB/s,Vatan
Toplama Bilgisayar,Klavye,Redragon,K380 Low Profile Tam boy,1450,Orta,Günlük Kullanım,,,,,Kablosuz,Low Profile klavye,7.8,2036,2,Yok,Tam boy,,,,,,GamingGenTR
Toplama Bilgisayar,SSD,Crucial,Exceria Plus 500GB NVMe,2550,Giriş,Yazılım,,,3,500GB,M2 NVMe,PCIe 5.0 NVMe SSD,6.7,3139,5,Yok,,,,,11852 MB/s,9164 MB/s,İncehesap
Toplama Bilgisayar,Kasa,Cooler Master,Lancool Mesh,1300,Giriş,Günlük Kullanım,,,,,ATX,"Full Tower, mesh/airflow odaklı kasa",7.7,994,2,Var,Full Tower,,,,,,Sinerji
Toplama Bilgisayar,Anakart,Gigabyte,Mortar B760 DDR4,4600,Orta,Günlük Kullanım,LGA1700,DDR4,,,LGA1700-DDR4,"Mini ITX, B760 yonga seti, DDR4 bellek desteği",7.7,1401,3,Var,Mini ITX,,,,,,Epey
Toplama Bilgisayar,Kasa,Corsair,Aquarius White,2800,Orta,Yazılım,,,,,E-ATX,"Full Tower, mesh/airflow odaklı kasa",7.5,6004,2,Var,Full Tower,,,,,,GamingGenTR
Toplama Bilgisayar,Kasa,Cooler Master,4000D Airflow RGB,4050,Orta,Oyun,,,,,ATX,"Mid Tower, mesh/airflow odaklı kasa",8.4,6085,2,Var,Mid Tower,,,,,,Epey
Toplama Bilgisayar,Kasa,Thermaltake,4000D Airflow White,4500,Üst,Video Edit,,,,,ATX,"Mid Tower, mesh/airflow odaklı kasa",8.4,5752,2,Var,Mid Tower,,,,,,İtopya
Toplama Bilgisayar,Monitör,AOC,Raptor 34 inç 2560x1440 180Hz,13800,Üst,Ofis,,,25,,HDMI-DP,"IPS panel, 180Hz",8.7,7818,2,Yok,34 inç,2560x1440,180Hz,,,,Vatan
Toplama Bilgisayar,Kasa,Xigmatek,H5 Flow Black,6050,Üst,Tasarım,,,,,Micro ATX,"Mini Tower, mesh/airflow odaklı kasa",9.3,6700,2,Var,Mini Tower,,,,,,İtopya
Toplama Bilgisayar,Klavye,Glorious,BlackWidow Membran 60%,2200,Orta,Günlük Kullanım,,,,,Bluetooth,Membran klavye,8.1,7378,2,Yok,60%,,,,,,GamingGenTR
Toplama Bilgisayar,Anakart,MSI,Tomahawk A620 WiFi DDR5,3200,Giriş,Yazılım,AM5,DDR5,,,AM5-DDR5,"Micro ATX, A620 yonga seti, DDR5 bellek desteği",7.7,3425,3,Var,Micro ATX,,,,,,Vatan
Toplama Bilgisayar,Kasa,Cooler Master,View 270 White,10600,Amiral,Tasarım,,,,,E-ATX,"Mid Tower, mesh/airflow odaklı kasa",9.4,5132,2,Var,Mid Tower,,,,,,GamingGenTR
Toplama Bilgisayar,Klavye,HyperX,CK Pro Low Profile Tam boy,1650,Orta,Yazılım,,,,,Bluetooth,Low Profile klavye,7.6,3843,2,Var,Tam boy,,,,,,Akakçe
Toplama Bilgisayar,Klavye,Logitech,Ogre Wireless Membran TKL,4550,Üst,Günlük Kullanım,,,,,Bluetooth,Membran klavye,9.2,4247,2,Yok,TKL,,,,,,İncehesap
Toplama Bilgisayar,Kasa,DarkFlash,North RGB,1850,Giriş,Günlük Kullanım,,,,,ATX,"Full Tower, mesh/airflow odaklı kasa",6.9,2209,2,Var,Full Tower,,,,,,Sinerji
Toplama Bilgisayar,SSD,TeamGroup,990 Pro 2TB NVMe,6650,Üst,Oyun,,,5,2TB,M2 NVMe,PCIe 4.0 NVMe SSD,8.4,10030,5,Yok,,,,,6475 MB/s,5371 MB/s,Vatan
Toplama Bilgisayar,Kasa,DarkFlash,Warcry White,7800,Üst,Yazılım,,,,,E-ATX,"Mid Tower, mesh/airflow odaklı kasa",9.2,8588,2,Var,Mid Tower,,,,,,Vatan
Toplama Bilgisayar,Ekran Kartı,Colorful,RTX 4060 Gaming OC 8GB,19350,Orta,Günlük Kullanım,,GDDR6,115,8GB,PCIe,DLSS 3 1080p oyun,7.9,7729,3,Yok,,,,8GB,,,İncehesap
Toplama Bilgisayar,Klavye,Cooler Master,K2 Optik switch TKL,2350,Orta,Oyun,,,,,Kablosuz,Optik switch klavye,7.5,3036,2,Var,TKL,,,,,,GamingGenTR
Toplama Bilgisayar,Güç Kaynağı,be quiet!,Straight Power 650W 80+ Bronze,3650,Orta,Yazılım,,,650W,,80+ Bronze,"Sabit kablo PSU, 80+ Bronze",8.6,2951,5,Yok,,,,,,,İtopya
Toplama Bilgisayar,Klavye,Keychron,Apex Mekanik 75%,4400,Üst,Yazılım,,,,,Kablosuz,Mekanik klavye,9.5,146,2,Var,75%,,,,,,Akakçe
Toplama Bilgisayar,Mouse,Redragon,G305 Pro 16000DPI,1450,Orta,Yazılım,,,,,USB,"16000 DPI sensör, 59g",7.9,3397,2,Yok,,,,,,,İtopya
Toplama Bilgisayar,Kasa,Cooler Master,North RGB,4350,Orta,Yazılım,,,,,Micro ATX,"Mid Tower, mesh/airflow odaklı kasa",7.5,4148,2,Var,Mid Tower,,,,,,Sinerji
Toplama Bilgisayar,Kasa,Cooler Master,O11 Dynamic Mesh,2800,Orta,Oyun,,,,,E-ATX,"Full Tower, mesh/airflow odaklı kasa",8.3,8120,2,Var,Full Tower,,,,,,Epey
Toplama Bilgisayar,Klavye,Razer,G Pro X Wireless Membran 75%,4700,Üst,Oyun,,,,,Bluetooth,Membran klavye,9.4,6160,2,Yok,75%,,,,,,Akakçe
Toplama Bilgisayar,Kasa,MSI,Warcry,6750,Üst,Yayıncılık,,,,,Micro ATX,"Full Tower, mesh/airflow odaklı kasa",9.1,1111,2,Var,Full Tower,,,,,,Sinerji
Toplama Bilgisayar,İşlemci,Intel,Core i5-13400F Pro Sistem,7250,Orta,Ofis,LGA1700,DDR4,65,,LGA1700-DDR4,10 çekirdek,7.8,5189,3,Yok,,,,,,,GamingGenTR
Toplama Bilgisayar,Güç Kaynağı,SilverStone,Performance GD 650W 80+ Bronze,4450,Orta,Yazılım,,,650W,,80+ Bronze,"Sabit kablo PSU, 80+ Bronze",8.4,6050,10,Yok,,,,,,,Vatan
Toplama Bilgisayar,Anakart,Gigabyte,Phantom Gaming B650 AX DDR5,5150,Orta,Yazılım,AM5,DDR5,,,AM5-DDR5,"ATX, B650 yonga seti, DDR5 bellek desteği",8.3,5308,3,Var,ATX,,,,,,GamingGenTR
Toplama Bilgisayar,Monitör,BenQ,Raptor 27 inç 1920x1080 180Hz,7000,Orta,Tasarım,,,35,,HDMI-DP,"IPS panel, 180Hz",7.5,2209,3,Yok,27 inç,1920x1080,180Hz,,,,İncehesap
Toplama Bilgisayar,Klavye,MSI,K380 Wireless Optik switch Tam boy,2150,Orta,Günlük Kullanım,,,,,Bluetooth,Optik switch klavye,8.1,4073,2,Yok,Tam boy,,,,,,İtopya
Toplama Bilgisayar,Klavye,Akko,K70 Low Profile Tam boy,4850,Üst,Günlük Kullanım,,,,,Kablosuz,Low Profile klavye,8.8,5178,2,Yok,Tam boy,,,,,,GamingGenTR
Toplama Bilgisayar,Kasa,MSI,Meshify White,2400,Orta,Oyun,,,,,E-ATX,"Mini Tower, mesh/airflow odaklı kasa",8.5,3815,2,Var,Mini Tower,,,,,,Akakçe
Toplama Bilgisayar,Ekran Kartı,Colorful,RTX 4070 Ti Super Aero OC 16GB,63800,Üst,Oyun,,GDDR6X,285,16GB,PCIe,1440p/4K güçlü performans,8.3,10152,3,Var,,,,16GB,,,Akakçe
Toplama Bilgisayar,Kasa,GamePower,North White,2200,Giriş,Ofis,,,,,Micro ATX,"Mini Tower, mesh/airflow odaklı kasa",6.5,956,2,Var,Mini Tower,,,,,,Akakçe
Toplama Bilgisayar,Kasa,Fractal Design,Warcry White,3000,Orta,Ofis,,,,,E-ATX,"Full Tower, mesh/airflow odaklı kasa",7.9,4763,2,Yok,Full Tower,,,,,,İtopya
Toplama Bilgisayar,HDD,Seagate,Purple 1TB 7200RPM,1800,Giriş,Yayıncılık,,,9,1TB,SATA,3.5 inç mekanik disk,8.0,1151,3,Yok,,,,,,,İtopya
Toplama Bilgisayar,Kasa,Lian Li,Lancool Black,6250,Üst,Yayıncılık,,,,,E-ATX,"Mid Tower, mesh/airflow odaklı kasa",9.3,4101,2,Yok,Mid Tower,,,,,,Akakçe
Toplama Bilgisayar,Anakart,ASRock,Aorus Elite B650E AX DDR5,8100,Üst,Oyun,AM5,DDR5,,,AM5-DDR5,"Micro ATX, B650E yonga seti, DDR5 bellek desteği",8.8,6174,3,Var,Micro ATX,,,,,,İncehesap
Toplama Bilgisayar,İşlemci,Intel,Core i7-14700KF Box,18700,Amiral,Yayıncılık,LGA1700,DDR5,125,,LGA1700-DDR5,20 çekirdek,9.5,4583,3,Yok,,,,,,,Vatan
Toplama Bilgisayar,HDD,Toshiba,N300 8TB 7200RPM,6750,Üst,Video Edit,,,5,8TB,SATA,3.5 inç mekanik disk,8.5,8003,2,Yok,,,,,,,GamingGenTR
Toplama Bilgisayar,Ekran Kartı,Inno3D,RTX 5070 Hellhound 12GB,48850,Üst,Oyun,,GDDR6,250,12GB,PCIe,2026 yeni nesil 1440p,8.6,11161,3,Yok,,,,12GB,,,Epey
Toplama Bilgisayar,Monitör,BenQ,Odyssey 23.8 inç 3840x2160 240Hz,44800,Amiral,Ofis,,,50,,HDMI-DP,"Mini LED panel, 240Hz",8.9,2239,3,Yok,23.8 inç,3840x2160,240Hz,,,,İtopya
Toplama Bilgisayar,Güç Kaynağı,GamePower,Performance GD 650W 80+ Bronze,3100,Orta,Ofis,,,650W,,80+ Bronze,"Sabit kablo PSU, 80+ Bronze",7.6,3305,2,Yok,,,,,,,İncehesap
Toplama Bilgisayar,Güç Kaynağı,FSP,Toughpower 1200W 80+ Titanium,15850,Amiral,Video Edit,,,1200W,,80+ Titanium,"Modüler PSU, 80+ Titanium",9.7,5038,10,Yok,,,,,,,Sinerji
Toplama Bilgisayar,Mouse,Cooler Master,Atlantis Pro 12000DPI,600,Giriş,Oyun,,,,,Kablosuz,"12000 DPI sensör, 59g",6.5,447,2,Var,,,,,,,GamingGenTR
Toplama Bilgisayar,RAM,Patriot,Ripjaws 64GB 2x32GB DDR4 3200MHz,5150,Amiral,Yayıncılık,,DDR4,,64GB,DDR4,3200MHz bellek kiti,8.9,4588,5,Yok,,,,,,,Akakçe
Toplama Bilgisayar,Klavye,Cooler Master,MOD007 Optik switch Tam boy,1600,Orta,Oyun,,,,,USB,Optik switch klavye,7.5,2729,2,Yok,Tam boy,,,,,,İncehesap
Toplama Bilgisayar,RAM,GoodRam,Fury Beast 8GB 1x8GB DDR4 4000MHz,800,Giriş,Ofis,,DDR4,,8GB,DDR4,4000MHz bellek kiti,6.5,3042,2,Var,,,,,,,Akakçe
Toplama Bilgisayar,Kasa,ASUS,TD500 White,1600,Giriş,Ofis,,,,,Micro ATX,"Mid Tower, mesh/airflow odaklı kasa",7.5,1406,2,Yok,Mid Tower,,,,,,İncehesap
Toplama Bilgisayar,Anakart,MSI,TUF Gaming B760 DDR4,6000,Orta,Ofis,LGA1700,DDR4,,,LGA1700-DDR4,"ATX, B760 yonga seti, DDR4 bellek desteği",7.8,3094,3,Yok,ATX,,,,,,GamingGenTR
Toplama Bilgisayar,Klavye,SteelSeries,Ogre Pro Optik switch 60%,1400,Orta,Oyun,,,,,Kablosuz,Optik switch klavye,7.2,3420,2,Yok,60%,,,,,,İtopya
Toplama Bilgisayar,Mouse,Zowie,G Pro X Superlight Mini 30000DPI,400,Giriş,Günlük Kullanım,,,,,Bluetooth,"30000 DPI sensör, 90g",6.6,3171,2,Yok,,,,,,,İtopya
Toplama Bilgisayar,Mouse,Glorious,FK2 16000DPI,1150,Orta,Günlük Kullanım,,,,,Bluetooth,"16000 DPI sensör, 49g",8.0,3638,2,Yok,,,,,,,Epey
Toplama Bilgisayar,Mouse,ASUS,Pulsefire 12000DPI,3550,Üst,Oyun,,,,,Kablosuz,"12000 DPI sensör, 75g",9.1,10822,2,Yok,,,,,,,Sinerji
Toplama Bilgisayar,Kasa,Xigmatek,CH370 White,10500,Amiral,Tasarım,,,,,E-ATX,"Mid Tower, mesh/airflow odaklı kasa",9.2,525,2,Yok,Mid Tower,,,,,,GamingGenTR
Toplama Bilgisayar,Kasa,Lian Li,Warcry,2600,Orta,Yazılım,,,,,E-ATX,"Mini Tower, mesh/airflow odaklı kasa",7.4,1291,2,Yok,Mini Tower,,,,,,Epey
Toplama Bilgisayar,SSD,TeamGroup,Exceria Plus 4TB NVMe,11050,Amiral,Yayıncılık,,,3,4TB,M2 NVMe,PCIe 4.0 NVMe SSD,9.1,2431,3,Yok,,,,,7007 MB/s,6406 MB/s,İncehesap
Toplama Bilgisayar,İşlemci,Intel,Core i5-14600KF Pro Sistem,13950,Üst,Yazılım,LGA1700,DDR5,125,,LGA1700-DDR5,14 çekirdek yüksek frekans,9.0,10175,3,Yok,,,,,,,İtopya
Toplama Bilgisayar,Ekran Kartı,XFX,RX 9070 XT TUF 16GB,59700,Amiral,Yayıncılık,,GDDR6,304,16GB,PCIe,2026 RDNA üst seviye,9.7,1700,3,Var,,,,16GB,,,Sinerji
Toplama Bilgisayar,Kasa,Fractal Design,Lancool Black,3850,Orta,Günlük Kullanım,,,,,ATX,"Mini Tower, mesh/airflow odaklı kasa",7.3,2473,2,Yok,Mini Tower,,,,,,Vatan
Toplama Bilgisayar,Mouse,Lamzu,Viper 8000DPI,450,Giriş,Ofis,,,,,Kablosuz,"8000 DPI sensör, 63g",7.2,1964,2,Yok,,,,,,,Akakçe
Toplama Bilgisayar,Monitör,Philips,Legion 24.5 inç 3440x1440 165Hz,15500,Amiral,Oyun,,,35,,HDMI-DP,"Mini LED panel, 165Hz",9.3,1055,2,Yok,24.5 inç,3440x1440,165Hz,,,,GamingGenTR
Toplama Bilgisayar,RAM,Apacer,Ballistix 16GB 2x8GB DDR4 3600MHz,1600,Orta,Yazılım,,DDR4,,16GB,DDR4,3600MHz bellek kiti,8.1,3539,2,Var,,,,,,,İncehesap
Toplama Bilgisayar,Monitör,BenQ,Mobiuz 31.5 inç 2560x1440 180Hz,13500,Üst,Ofis,,,35,,HDMI-DP,"IPS panel, 180Hz",8.6,2199,2,Yok,31.5 inç,2560x1440,180Hz,,,,Akakçe
Toplama Bilgisayar,İşlemci,Intel,Core i5-14400F,8600,Orta,Oyun,LGA1700,DDR5,65,,LGA1700-DDR5,10 çekirdek,7.8,3164,3,Yok,,,,,,,İtopya
Toplama Bilgisayar,Klavye,Royal Kludge,Vigor GK Wireless Membran Tam boy,3450,Üst,Yazılım,,,,,Bluetooth,Membran klavye,8.8,11481,2,Var,Tam boy,,,,,,İncehesap
Toplama Bilgisayar,Kasa,Fractal Design,TUF GT Mesh,4100,Orta,Yazılım,,,,,E-ATX,"Full Tower, mesh/airflow odaklı kasa",8.1,3582,2,Yok,Full Tower,,,,,,GamingGenTR
Toplama Bilgisayar,Soğutucu,Cooler Master,MAG CoreLiquid 360,3450,Orta,Ofis,,,,,AM4-AM5-LGA1700,360mm sıvı soğutma,7.9,8293,6,Var,360mm,,,,,,İncehesap
Toplama Bilgisayar,Kasa,Cooler Master,O11 Dynamic Black,9250,Amiral,Video Edit,,,,,ATX,"Mid Tower, mesh/airflow odaklı kasa",9.9,2913,2,Var,Mid Tower,,,,,,Epey
Toplama Bilgisayar,Soğutucu,SilverStone,ML240L V2,12200,Amiral,Yapay Zeka,,,,,AM4-AM5-LGA1700,240mm sıvı soğutma,8.8,193,6,Var,240mm,,,,,,Vatan
Toplama Bilgisayar,Klavye,Glorious,GMMK RGB Optik switch 60%,2050,Orta,Ofis,,,,,USB,Optik switch klavye,7.4,7859,2,Var,60%,,,,,,Vatan
Toplama Bilgisayar,Soğutucu,Cooler Master,NH-D15,1800,Orta,Yazılım,,,,,AM4-AM5-LGA1700,Hava soğutma,8.7,1830,3,Yok,,,,,,,Akakçe
Toplama Bilgisayar,Anakart,NZXT,Steel Legend B550 MAX DDR4,4500,Orta,Yazılım,AM4,DDR4,,,AM4-DDR4,"Mini ITX, B550 yonga seti, DDR4 bellek desteği",7.5,1709,3,Yok,Mini ITX,,,,,,İtopya
Toplama Bilgisayar,Mouse,Darmoshark,M711 12000DPI,2550,Üst,Ofis,,,,,Kablosuz,"12000 DPI sensör, 75g",8.8,2729,2,Yok,,,,,,,İtopya
Toplama Bilgisayar,Klavye,Akko,K380 Wireless Low Profile Tam boy,550,Giriş,Günlük Kullanım,,,,,USB,Low Profile klavye,7.8,3499,2,Yok,Tam boy,,,,,,Sinerji
Toplama Bilgisayar,Mouse,Lamzu,G102 Wireless 8000DPI,1500,Orta,Günlük Kullanım,,,,,Kablosuz,"8000 DPI sensör, 75g",7.5,6845,2,Var,,,,,,,Sinerji
Toplama Bilgisayar,Kasa,Fractal Design,Lancool Mesh,2000,Giriş,Günlük Kullanım,,,,,Micro ATX,"Mini Tower, mesh/airflow odaklı kasa",7.0,1418,2,Var,Mini Tower,,,,,,Akakçe
Toplama Bilgisayar,Kasa,GamePower,View 270 Mesh,3350,Orta,Oyun,,,,,Micro ATX,"Full Tower, mesh/airflow odaklı kasa",8.2,6887,2,Yok,Full Tower,,,,,,Akakçe
Toplama Bilgisayar,Klavye,SteelSeries,GMMK Pro Membran 60%,2200,Orta,Oyun,,,,,USB,Membran klavye,7.8,8468,2,Yok,60%,,,,,,İncehesap
Toplama Bilgisayar,Anakart,NZXT,Gaming X B550 DDR4,5700,Orta,Günlük Kullanım,AM4,DDR4,,,AM4-DDR4,"Micro ATX, B550 yonga seti, DDR4 bellek desteği",7.7,1621,3,Yok,Micro ATX,,,,,,Akakçe
Toplama Bilgisayar,Anakart,Biostar,Strix B550 DDR4,4650,Orta,Günlük Kullanım,AM4,DDR4,,,AM4-DDR4,"Mini ITX, B550 yonga seti, DDR4 bellek desteği",8.4,838,3,Var,Mini ITX,,,,,,GamingGenTR
Toplama Bilgisayar,Anakart,ASRock,Tomahawk X670 WiFi DDR5,12450,Üst,Yazılım,AM5,DDR5,,,AM5-DDR5,"Micro ATX, X670 yonga seti, DDR5 bellek desteği",8.2,10156,3,Var,Micro ATX,,,,,,Epey
Toplama Bilgisayar,RAM,GoodRam,XPG Lancer 8GB 1x8GB DDR4 3200MHz,750,Giriş,Günlük Kullanım,,DDR4,,8GB,DDR4,3200MHz bellek kiti,6.7,1473,3,Var,,,,,,,GamingGenTR
Toplama Bilgisayar,Kasa,NZXT,Eclipse,5000,Üst,Oyun,,,,,ATX,"Mid Tower, mesh/airflow odaklı kasa",9.5,9914,2,Yok,Mid Tower,,,,,,Vatan
Toplama Bilgisayar,Klavye,Glorious,Apex Optik switch TKL,1650,Orta,Yazılım,,,,,Kablosuz,Optik switch klavye,7.4,7281,2,Var,TKL,,,,,,İncehesap
Toplama Bilgisayar,RAM,Crucial,XLR8 8GB 1x8GB DDR4 3200MHz,650,Giriş,Günlük Kullanım,,DDR4,,8GB,DDR4,3200MHz bellek kiti,8.0,1444,2,Yok,,,,,,,İtopya
Toplama Bilgisayar,Kasa,Xigmatek,View 270 RGB,1800,Giriş,Oyun,,,,,ATX,"Mini Tower, mesh/airflow odaklı kasa",7.6,289,2,Var,Mini Tower,,,,,,İtopya
Toplama Bilgisayar,Klavye,Royal Kludge,CK Wireless Mekanik 75%,1600,Orta,Oyun,,,,,Bluetooth,Mekanik klavye,8.0,6139,2,Yok,75%,,,,,,Sinerji
Toplama Bilgisayar,Güç Kaynağı,NZXT,MWE 750W 80+ Titanium,3450,Orta,Yazılım,,,750W,,80+ Titanium,"Sabit kablo PSU, 80+ Titanium",7.4,6506,5,Yok,,,,,,,İncehesap
Toplama Bilgisayar,Ekran Kartı,XFX,RX 7700 XT Eagle OC 12GB,29000,Üst,Video Edit,,GDDR6,245,12GB,PCIe,1440p oyun,8.4,3722,3,Yok,,,,12GB,,,İtopya
Toplama Bilgisayar,SSD,SanDisk,990 EVO 500GB NVMe,2000,Giriş,Ofis,,,4,500GB,M2 NVMe,PCIe 5.0 NVMe SSD,7.0,1970,3,Yok,,,,,10333 MB/s,8707 MB/s,İncehesap
Toplama Bilgisayar,Mouse,Corsair,G102 Wireless 26000DPI,1600,Orta,Ofis,,,,,Kablosuz,"26000 DPI sensör, 75g",7.4,176,2,Yok,,,,,,,İtopya
Toplama Bilgisayar,Mouse,Lamzu,X2V2 26000DPI,1500,Orta,Oyun,,,,,Kablosuz,"26000 DPI sensör, 90g",7.8,6766,2,Var,,,,,,,İtopya
Toplama Bilgisayar,Klavye,Logitech,Ogre Pro Membran TKL,3600,Üst,Günlük Kullanım,,,,,Kablosuz,Membran klavye,8.9,11327,2,Var,TKL,,,,,,Sinerji
Toplama Bilgisayar,Güç Kaynağı,FSP,CV 1600W 80+ Gold,21000,Amiral,Tasarım,,,1600W,,80+ Gold,"Modüler PSU, 80+ Gold",9.4,4607,5,Yok,,,,,,,Akakçe
Toplama Bilgisayar,Anakart,Colorful,PRO A620 AX DDR5,3850,Giriş,Ofis,AM5,DDR5,,,AM5-DDR5,"Mini ITX, A620 yonga seti, DDR5 bellek desteği",6.9,1424,3,Var,Mini ITX,,,,,,İtopya
Toplama Bilgisayar,Mouse,Redragon,X2V2 Mini 16000DPI,1200,Orta,Oyun,,,,,USB,"16000 DPI sensör, 59g",7.3,6118,2,Yok,,,,,,,Epey
Toplama Bilgisayar,RAM,PNY,Ballistix 64GB 2x32GB DDR4 3600MHz,5500,Amiral,Oyun,,DDR4,,64GB,DDR4,3600MHz bellek kiti,9.5,2697,2,Yok,,,,,,,Akakçe
Toplama Bilgisayar,Güç Kaynağı,FSP,Straight Power 850W 80+ Platinum,7950,Üst,Yazılım,,,850W,,80+ Platinum,"Modüler PSU, 80+ Platinum",8.9,4023,10,Yok,,,,,,,İncehesap
Toplama Bilgisayar,SSD,PNY,Exceria Plus 500GB NVMe,1300,Giriş,Yazılım,,,5,500GB,M2 NVMe,PCIe 4.0 NVMe SSD,6.6,2951,3,Yok,,,,,7214 MB/s,5322 MB/s,Akakçe
Toplama Bilgisayar,Güç Kaynağı,XPG,MAG 1600W 80+ Gold,15200,Amiral,Oyun,,,1600W,,80+ Gold,"Modüler PSU, 80+ Gold",9.9,2964,5,Yok,,,,,,,Sinerji
Toplama Bilgisayar,Kasa,GamePower,Aquarius Black,2350,Orta,Günlük Kullanım,,,,,ATX,"Mini Tower, mesh/airflow odaklı kasa",7.5,6329,2,Var,Mini Tower,,,,,,Epey
Toplama Bilgisayar,Mouse,Razer,Model O Mini 26000DPI,2700,Üst,Yazılım,,,,,Bluetooth,"26000 DPI sensör, 63g",9.3,405,2,Var,,,,,,,Sinerji
Toplama Bilgisayar,SSD,Lexar,990 EVO 4TB NVMe,11950,Amiral,Yapay Zeka,,,3,4TB,M2 NVMe,PCIe 4.0 NVMe SSD,9.5,4395,3,Yok,,,,,7238 MB/s,4930 MB/s,Akakçe
Toplama Bilgisayar,Ekran Kartı,Gigabyte,RTX 4060 Ti Nitro+ 8GB,25550,Orta,Video Edit,,GDDR6,160,8GB,PCIe,1080p/1440p oyun,8.2,8217,3,Yok,,,,8GB,,,İncehesap
Toplama Bilgisayar,Güç Kaynağı,be quiet!,Hydro K Pro 450W 80+ Bronze,1600,Giriş,Ofis,,,450W,,80+ Bronze,"Yarı modüler PSU, 80+ Bronze",6.5,1757,2,Yok,,,,,,,GamingGenTR
Toplama Bilgisayar,Mouse,Zowie,MM712 Wireless 36000DPI,6500,Amiral,Yazılım,,,,,USB,"36000 DPI sensör, 59g",9.3,6233,2,Yok,,,,,,,İtopya
Toplama Bilgisayar,Güç Kaynağı,Thermaltake,RM 850W 80+ Gold,5900,Üst,Oyun,,,850W,,80+ Gold,"Modüler PSU, 80+ Gold",8.7,2999,10,Yok,,,,,,,İncehesap
Toplama Bilgisayar,HDD,Seagate,Barracuda 12TB 7200RPM,10800,Üst,Ofis,,,7,12TB,SATA,3.5 inç mekanik disk,9.5,1768,3,Yok,,,,,,,Epey
Toplama Bilgisayar,İşlemci,Intel,Core i9-14900KF,28750,Amiral,Yayıncılık,LGA1700,DDR5,125,,LGA1700-DDR5,24 çekirdek,9.1,2030,3,Yok,,,,,,,Sinerji
Toplama Bilgisayar,Mouse,Darmoshark,Viper Wireless 8000DPI,1400,Orta,Yazılım,,,,,Bluetooth,"8000 DPI sensör, 90g",8.2,8311,2,Yok,,,,,,,İncehesap
Toplama Bilgisayar,RAM,Lexar,Ballistix 16GB 2x8GB DDR5 7200MHz,3050,Orta,Yazılım,,DDR5,,16GB,DDR5,7200MHz bellek kiti,8.7,7950,2,Var,,,,,,,İtopya
Toplama Bilgisayar,SSD,SK hynix,990 EVO 4TB NVMe,10050,Amiral,Video Edit,,,3,4TB,M2 NVMe,PCIe 4.0 NVMe SSD,9.2,3711,5,Yok,,,,,5630 MB/s,4973 MB/s,Sinerji
Toplama Bilgisayar,RAM,Apacer,Trident Z5 8GB 1x8GB DDR4 3200MHz,800,Giriş,Yazılım,,DDR4,,8GB,DDR4,3200MHz bellek kiti,7.3,299,5,Var,,,,,,,Akakçe
Toplama Bilgisayar,Kasa,GamePower,Lancool Mesh,3550,Orta,Ofis,,,,,ATX,"Mini Tower, mesh/airflow odaklı kasa",8.3,4048,2,Yok,Mini Tower,,,,,,İncehesap
Toplama Bilgisayar,Anakart,MSI,Prime A520 DDR4,2550,Giriş,Günlük Kullanım,AM4,DDR4,,,AM4-DDR4,"ATX, A520 yonga seti, DDR4 bellek desteği",6.9,1245,3,Var,ATX,,,,,,Epey
Toplama Bilgisayar,Kasa,Corsair,H5 Flow Mesh,2150,Giriş,Oyun,,,,,ATX,"Full Tower, mesh/airflow odaklı kasa",6.6,3232,2,Var,Full Tower,,,,,,Vatan
Toplama Bilgisayar,Kasa,Corsair,Eclipse,3450,Orta,Ofis,,,,,E-ATX,"Mid Tower, mesh/airflow odaklı kasa",7.4,3728,2,Var,Mid Tower,,,,,,Sinerji
Toplama Bilgisayar,Mouse,ASUS,ROG Keris Pro 30000DPI,1100,Orta,Ofis,,,,,Kablosuz,"30000 DPI sensör, 63g",8.0,4521,2,Yok,,,,,,,Epey
Toplama Bilgisayar,Monitör,LG,UltraGear 31.5 inç 1920x1080 75Hz,3100,Giriş,Oyun,,,35,,HDMI-DP,"VA panel, 75Hz",7.5,3283,3,Yok,31.5 inç,1920x1080,75Hz,,,,Akakçe
Toplama Bilgisayar,RAM,PNY,Trident Z5 8GB 1x8GB DDR5 6400MHz,1550,Giriş,Ofis,,DDR5,,8GB,DDR5,6400MHz bellek kiti,7.5,548,5,Var,,,,,,,Epey
Toplama Bilgisayar,RAM,Apacer,Viper Steel 8GB 1x8GB DDR4 4000MHz,900,Giriş,Günlük Kullanım,,DDR4,,8GB,DDR4,4000MHz bellek kiti,7.7,847,2,Yok,,,,,,,İtopya
Toplama Bilgisayar,Klavye,Corsair,BlackWidow Wireless Optik switch 75%,550,Giriş,Yazılım,,,,,USB,Optik switch klavye,7.6,2958,2,Var,75%,,,,,,Sinerji
Toplama Bilgisayar,Anakart,NZXT,Steel Legend B760 WiFi DDR5,6700,Orta,Yazılım,LGA1700,DDR5,,,LGA1700-DDR5,"Mini ITX, B760 yonga seti, DDR5 bellek desteği",7.8,3966,3,Var,Mini ITX,,,,,,İncehesap
Toplama Bilgisayar,Güç Kaynağı,High Power,MAG 750W 80+ Titanium,5000,Orta,Yazılım,,,750W,,80+ Titanium,"Sabit kablo PSU, 80+ Titanium",7.8,5265,2,Yok,,,,,,,Sinerji
Toplama Bilgisayar,RAM,TeamGroup,Ares 8GB 1x8GB DDR5 5200MHz,950,Giriş,Yazılım,,DDR5,,8GB,DDR5,5200MHz bellek kiti,6.7,766,5,Yok,,,,,,,Sinerji
Toplama Bilgisayar,HDD,Seagate,P300 6TB 7200RPM,7300,Orta,Yayıncılık,,,9,6TB,SATA,3.5 inç mekanik disk,8.7,398,3,Yok,,,,,,,GamingGenTR
Toplama Bilgisayar,Klavye,Royal Kludge,Apex Pro Mekanik TKL,2950,Üst,Oyun,,,,,Kablosuz,Mekanik klavye,8.2,4059,2,Yok,TKL,,,,,,GamingGenTR
Toplama Bilgisayar,Kasa,Fractal Design,Meshify Mesh,8600,Amiral,Yapay Zeka,,,,,E-ATX,"Full Tower, mesh/airflow odaklı kasa",9.1,814,2,Var,Full Tower,,,,,,İtopya
Toplama Bilgisayar,Kasa,GamePower,TD500 Black,2800,Orta,Yazılım,,,,,Micro ATX,"Mini Tower, mesh/airflow odaklı kasa",7.4,6451,2,Var,Mini Tower,,,,,,Akakçe
Toplama Bilgisayar,Anakart,MSI,Creator X570 AX DDR4,12250,Üst,Yazılım,AM4,DDR4,,,AM4-DDR4,"ATX, X570 yonga seti, DDR4 bellek desteği",8.4,3493,3,Var,ATX,,,,,,Sinerji
Toplama Bilgisayar,Anakart,NZXT,Strix B650E WiFi DDR5,8500,Üst,Yayıncılık,AM5,DDR5,,,AM5-DDR5,"Mini ITX, B650E yonga seti, DDR5 bellek desteği",9.4,8439,3,Yok,Mini ITX,,,,,,İtopya
Toplama Bilgisayar,Monitör,Gigabyte,Mobiuz 34 inç 1920x1080 75Hz,2350,Giriş,Oyun,,,50,,HDMI-DP,"IPS panel, 75Hz",6.8,31,3,Yok,34 inç,1920x1080,75Hz,,,,GamingGenTR
Toplama Bilgisayar,Klavye,HyperX,BlackWidow Mekanik 75%,2150,Orta,Oyun,,,,,Bluetooth,Mekanik klavye,7.7,6750,2,Yok,75%,,,,,,GamingGenTR
Toplama Bilgisayar,Kasa,DarkFlash,4000D Airflow White,5700,Üst,Yayıncılık,,,,,Micro ATX,"Mini Tower, mesh/airflow odaklı kasa",9.1,7734,2,Var,Mini Tower,,,,,,Epey
Toplama Bilgisayar,Kasa,MSI,MAG Forge Mesh,11200,Amiral,Oyun,,,,,Micro ATX,"Mini Tower, mesh/airflow odaklı kasa",9.3,2185,2,Var,Mini Tower,,,,,,Epey
Toplama Bilgisayar,Kasa,Lian Li,MAG Forge Black,1350,Giriş,Ofis,,,,,ATX,"Full Tower, mesh/airflow odaklı kasa",7.2,1584,2,Yok,Full Tower,,,,,,Vatan
Toplama Bilgisayar,Monitör,LG,ProArt 32 inç 2560x1440 144Hz,10250,Üst,Oyun,,,35,,HDMI-DP,"IPS panel, 144Hz",8.8,10818,3,Yok,32 inç,2560x1440,144Hz,,,,Vatan
Toplama Bilgisayar,Mouse,Glorious,G Pro X Superlight 16000DPI,1500,Orta,Oyun,,,,,Bluetooth,"16000 DPI sensör, 75g",7.3,2430,2,Var,,,,,,,İncehesap
Toplama Bilgisayar,Mouse,Redragon,Atlantis Wireless 30000DPI,550,Giriş,Günlük Kullanım,,,,,USB,"30000 DPI sensör, 75g",7.9,1253,2,Var,,,,,,,GamingGenTR
Toplama Bilgisayar,Kasa,Phanteks,Aquarius Black,2250,Giriş,Oyun,,,,,E-ATX,"Mid Tower, mesh/airflow odaklı kasa",6.6,1842,2,Yok,Mid Tower,,,,,,Akakçe
Toplama Bilgisayar,Kasa,Thermaltake,TUF GT,4700,Üst,Oyun,,,,,Micro ATX,"Mini Tower, mesh/airflow odaklı kasa",9.3,1164,2,Var,Mini Tower,,,,,,Epey
Toplama Bilgisayar,Kasa,Phanteks,TD500 Black,7200,Üst,Yayıncılık,,,,,E-ATX,"Mini Tower, mesh/airflow odaklı kasa",9.4,11213,2,Yok,Mini Tower,,,,,,Epey
Toplama Bilgisayar,Monitör,ASUS,TUF Gaming 32 inç 3840x2160 240Hz,54850,Amiral,Video Edit,,,35,,HDMI-DP,"VA panel, 240Hz",9.1,6150,2,Yok,32 inç,3840x2160,240Hz,,,,İncehesap
Toplama Bilgisayar,RAM,PNY,XPG Lancer 64GB 2x32GB DDR5 6400MHz,11050,Amiral,Yayıncılık,,DDR5,,64GB,DDR5,6400MHz bellek kiti,9.6,5661,3,Yok,,,,,,,Vatan
Toplama Bilgisayar,Klavye,Akko,Ogre RGB Optik switch Tam boy,1700,Orta,Günlük Kullanım,,,,,Bluetooth,Optik switch klavye,8.0,3347,2,Var,Tam boy,,,,,,Akakçe
Toplama Bilgisayar,Klavye,Corsair,Ogre Pro Low Profile Tam boy,3900,Üst,Yazılım,,,,,Bluetooth,Low Profile klavye,9.1,4456,2,Yok,Tam boy,,,,,,GamingGenTR
Toplama Bilgisayar,Kasa,Lian Li,Eclipse RGB,1900,Giriş,Günlük Kullanım,,,,,Micro ATX,"Mini Tower, mesh/airflow odaklı kasa",7.6,2402,2,Var,Mini Tower,,,,,,İtopya
Toplama Bilgisayar,Soğutucu,Cooler Master,ROG Ryujin 360,14950,Amiral,Tasarım,,,,,AM4-AM5-LGA1700,360mm sıvı soğutma,9.1,619,2,Yok,360mm,,,,,,Vatan
Toplama Bilgisayar,Mouse,Zowie,ROG Keris Pro 36000DPI,2500,Üst,Yazılım,,,,,USB,"36000 DPI sensör, 49g",8.7,318,2,Yok,,,,,,,İncehesap
Toplama Bilgisayar,Anakart,ASUS,Strix X570 AX DDR4,13250,Üst,Oyun,AM4,DDR4,,,AM4-DDR4,"ATX, X570 yonga seti, DDR4 bellek desteği",8.6,6540,3,Var,ATX,,,,,,Vatan
Toplama Bilgisayar,Mouse,HyperX,Viper Wireless 30000DPI,1150,Orta,Yazılım,,,,,Bluetooth,"30000 DPI sensör, 90g",8.8,2776,2,Var,,,,,,,Sinerji
Toplama Bilgisayar,Ekran Kartı,Zotac,RTX 5070 Aero OC 12GB,61100,Üst,Yayıncılık,,GDDR6,250,12GB,PCIe,2026 yeni nesil 1440p,9.0,2239,3,Yok,,,,12GB,,,Akakçe
Toplama Bilgisayar,Güç Kaynağı,GamePower,Strider 1600W 80+ Titanium,17900,Amiral,Tasarım,,,1600W,,80+ Titanium,"Modüler PSU, 80+ Titanium",9.8,381,7,Yok,,,,,,,Sinerji
Toplama Bilgisayar,SSD,ADATA,SN770 1TB NVMe,3800,Orta,Oyun,,,3,1TB,M2 NVMe,PCIe 5.0 NVMe SSD,7.3,4733,3,Yok,,,,,9325 MB/s,6512 MB/s,Vatan
Toplama Bilgisayar,Mouse,Glorious,G102 Mini 30000DPI,1750,Orta,Günlük Kullanım,,,,,Bluetooth,"30000 DPI sensör, 63g",7.9,6460,2,Var,,,,,,,Vatan
Toplama Bilgisayar,Mouse,Lamzu,MM712 36000DPI,1250,Orta,Yazılım,,,,,Kablosuz,"36000 DPI sensör, 90g",8.7,6852,2,Yok,,,,,,,İncehesap
Toplama Bilgisayar,Kasa,MSI,North RGB,1550,Giriş,Oyun,,,,,E-ATX,"Full Tower, mesh/airflow odaklı kasa",7.5,688,2,Var,Full Tower,,,,,,Sinerji
Toplama Bilgisayar,Monitör,ViewSonic,Optix 27 inç 3440x1440 165Hz,16950,Amiral,Video Edit,,,25,,HDMI-DP,"Mini LED panel, 165Hz",9.2,6256,2,Yok,27 inç,3440x1440,165Hz,,,,Epey
Toplama Bilgisayar,Klavye,Logitech,Vigor GK RGB Membran TKL,2950,Üst,Ofis,,,,,Bluetooth,Membran klavye,9.2,3588,2,Var,TKL,,,,,,Epey
Toplama Bilgisayar,Mouse,Razer,FK2 36000DPI,2950,Üst,Ofis,,,,,Kablosuz,"36000 DPI sensör, 59g",9.1,8678,2,Var,,,,,,,GamingGenTR
Toplama Bilgisayar,Mouse,Pulsar,MM712 Mini 16000DPI,3400,Üst,Oyun,,,,,Bluetooth,"16000 DPI sensör, 90g",8.7,2643,2,Yok,,,,,,,Akakçe
Toplama Bilgisayar,Klavye,Redragon,GMMK RGB Optik switch 75%,500,Giriş,Günlük Kullanım,,,,,USB,Optik switch klavye,6.8,1767,2,Var,75%,,,,,,Sinerji
Toplama Bilgisayar,Güç Kaynağı,Corsair,Toughpower 650W 80+ Bronze,3750,Orta,Oyun,,,650W,,80+ Bronze,"Sabit kablo PSU, 80+ Bronze",8.7,1494,10,Yok,,,,,,,Akakçe
Toplama Bilgisayar,Mouse,Logitech,DeathAdder 8000DPI,1100,Orta,Günlük Kullanım,,,,,Kablosuz,"8000 DPI sensör, 49g",8.5,239,2,Var,,,,,,,Akakçe
Toplama Bilgisayar,İşlemci,AMD,Ryzen 7 9700X Tray,14000,Üst,Yazılım,AM5,DDR5,65,,AM5-DDR5,Zen 5 8 çekirdek,8.5,5748,3,Yok,,,,,,,Akakçe
Toplama Bilgisayar,Kasa,ASUS,Meshify RGB,3800,Orta,Yazılım,,,,,ATX,"Mini Tower, mesh/airflow odaklı kasa",7.5,4166,2,Var,Mini Tower,,,,,,Epey
Toplama Bilgisayar,Anakart,ASUS,Creator B650E DDR5,9000,Üst,Oyun,AM5,DDR5,,,AM5-DDR5,"ATX, B650E yonga seti, DDR5 bellek desteği",8.4,3092,3,Yok,ATX,,,,,,Epey
Toplama Bilgisayar,Mouse,Pulsar,MM712 Wireless 8000DPI,1050,Orta,Yazılım,,,,,Bluetooth,"8000 DPI sensör, 63g",7.3,3339,2,Yok,,,,,,,GamingGenTR
Toplama Bilgisayar,Ekran Kartı,Inno3D,RTX 5090 Hellhound 32GB,183350,Amiral,Yapay Zeka,,GDDR6X,575,32GB,PCIe,2026 amiral seviye AI/4K,9.9,2290,3,Var,,,,32GB,,,Vatan
Toplama Bilgisayar,Anakart,ASUS,Phantom Gaming B660 AX DDR4,6500,Orta,Yazılım,LGA1700,DDR4,,,LGA1700-DDR4,"Mini ITX, B660 yonga seti, DDR4 bellek desteği",8.4,5951,3,Yok,Mini ITX,,,,,,Akakçe
Toplama Bilgisayar,Mouse,Pulsar,DeathAdder Pro 26000DPI,1400,Orta,Oyun,,,,,Kablosuz,"26000 DPI sensör, 49g",7.6,1614,2,Yok,,,,,,,İtopya
Toplama Bilgisayar,Klavye,SteelSeries,Apex Mekanik 75%,2300,Orta,Oyun,,,,,Bluetooth,Mekanik klavye,8.4,5048,2,Yok,75%,,,,,,GamingGenTR
Toplama Bilgisayar,Klavye,Corsair,CK Pro Optik switch 60%,800,Giriş,Oyun,,,,,Bluetooth,Optik switch klavye,7.4,2869,2,Yok,60%,,,,,,İncehesap
Toplama Bilgisayar,SSD,Lexar,SN850X 500GB NVMe,1000,Giriş,Günlük Kullanım,,,4,500GB,M2 NVMe,PCIe 3.0 NVMe SSD,7.5,995,3,Yok,,,,,3140 MB/s,2417 MB/s,İncehesap
Toplama Bilgisayar,SSD,WD,KC3000 500GB NVMe,2600,Giriş,Günlük Kullanım,,,4,500GB,M2 NVMe,PCIe 5.0 NVMe SSD,7.8,718,5,Yok,,,,,11691 MB/s,8629 MB/s,Sinerji
Toplama Bilgisayar,Klavye,GamePower,Ogre Optik switch Tam boy,1650,Orta,Oyun,,,,,Kablosuz,Optik switch klavye,8.3,5959,2,Var,Tam boy,,,,,,Akakçe
Toplama Bilgisayar,Mouse,Razer,G305 Pro 30000DPI,400,Giriş,Oyun,,,,,Kablosuz,"30000 DPI sensör, 63g",6.9,866,2,Var,,,,,,,İncehesap
Toplama Bilgisayar,Klavye,Royal Kludge,K380 Wireless Low Profile 75%,1800,Orta,Oyun,,,,,Bluetooth,Low Profile klavye,8.4,720,2,Yok,75%,,,,,,Sinerji
Toplama Bilgisayar,Kasa,Thermaltake,Meshify RGB,2750,Orta,Yazılım,,,,,Micro ATX,"Full Tower, mesh/airflow odaklı kasa",8.0,6112,2,Var,Full Tower,,,,,,Akakçe
Toplama Bilgisayar,Kasa,Thermaltake,4000D Airflow Mesh,10650,Amiral,Video Edit,,,,,E-ATX,"Full Tower, mesh/airflow odaklı kasa",8.9,5340,2,Yok,Full Tower,,,,,,Sinerji
Toplama Bilgisayar,Kasa,Thermaltake,View 270,5950,Üst,Yazılım,,,,,ATX,"Mini Tower, mesh/airflow odaklı kasa",8.4,7013,2,Yok,Mini Tower,,,,,,GamingGenTR
Toplama Bilgisayar,Anakart,MSI,Creator B760 DDR5,5450,Orta,Ofis,LGA1700,DDR5,,,LGA1700-DDR5,"ATX, B760 yonga seti, DDR5 bellek desteği",7.4,2300,3,Yok,ATX,,,,,,İtopya
Toplama Bilgisayar,Monitör,Philips,Optix 23.8 inç 2560x1440 144Hz,8150,Üst,Yazılım,,,50,,HDMI-DP,"VA panel, 144Hz",8.9,11809,2,Yok,23.8 inç,2560x1440,144Hz,,,,Sinerji
Toplama Bilgisayar,Mouse,HyperX,G102 Mini 30000DPI,550,Giriş,Günlük Kullanım,,,,,Kablosuz,"30000 DPI sensör, 90g",7.1,2576,2,Yok,,,,,,,İtopya
Toplama Bilgisayar,Klavye,MSI,K70 Wireless Optik switch TKL,8900,Amiral,Ofis,,,,,Kablosuz,Optik switch klavye,9.9,6220,2,Yok,TKL,,,,,,İtopya
Toplama Bilgisayar,Soğutucu,Noctua,Assassin X,1850,Orta,Yazılım,,,,,AM4-AM5-LGA1700,Hava soğutma,8.1,5313,5,Yok,,,,,,,Vatan
Toplama Bilgisayar,Güç Kaynağı,Seasonic,Straight Power 450W 80+ Bronze,1950,Giriş,Ofis,,,450W,,80+ Bronze,"Sabit kablo PSU, 80+ Bronze",6.9,2923,3,Yok,,,,,,,GamingGenTR
Toplama Bilgisayar,Güç Kaynağı,Seasonic,Toughpower 850W 80+ Gold,7950,Üst,Yazılım,,,850W,,80+ Gold,"Modüler PSU, 80+ Gold",8.4,2636,5,Yok,,,,,,,Sinerji
Toplama Bilgisayar,RAM,Corsair,Ballistix 64GB 2x32GB DDR4 4000MHz,5950,Amiral,Oyun,,DDR4,,64GB,DDR4,4000MHz bellek kiti,9.3,3184,3,Var,,,,,,,GamingGenTR
Toplama Bilgisayar,Klavye,MSI,G Pro X Wireless Low Profile Tam boy,1950,Orta,Yazılım,,,,,Bluetooth,Low Profile klavye,7.7,1653,2,Yok,Tam boy,,,,,,GamingGenTR
Toplama Bilgisayar,Kasa,Lian Li,H5 Flow Mesh,5150,Üst,Tasarım,,,,,Micro ATX,"Full Tower, mesh/airflow odaklı kasa",8.2,10789,2,Yok,Full Tower,,,,,,GamingGenTR
Toplama Bilgisayar,Mouse,SteelSeries,G102 Wireless 30000DPI,1300,Orta,Ofis,,,,,USB,"30000 DPI sensör, 90g",8.7,2755,2,Var,,,,,,,Epey
Toplama Bilgisayar,Kasa,DeepCool,Aquarius Mesh,4250,Üst,Yayıncılık,,,,,E-ATX,"Full Tower, mesh/airflow odaklı kasa",9.0,8166,2,Yok,Full Tower,,,,,,Vatan
Toplama Bilgisayar,Monitör,Acer,ProArt 27 inç 1920x1080 144Hz,4750,Orta,Ofis,,,50,,HDMI-DP,"IPS panel, 144Hz",8.4,1382,2,Yok,27 inç,1920x1080,144Hz,,,,Epey
Toplama Bilgisayar,Kasa,NZXT,O11 Dynamic Mesh,3300,Orta,Oyun,,,,,Micro ATX,"Mini Tower, mesh/airflow odaklı kasa",7.2,6276,2,Yok,Mini Tower,,,,,,Sinerji
Toplama Bilgisayar,Soğutucu,Thermalright,ROG Ryujin 360,12150,Amiral,Tasarım,,,,,AM4-AM5-LGA1700,360mm sıvı soğutma,9.0,2420,5,Yok,360mm,,,,,,GamingGenTR
Toplama Bilgisayar,Kasa,DarkFlash,Eclipse White,6400,Üst,Yayıncılık,,,,,ATX,"Full Tower, mesh/airflow odaklı kasa",8.9,10178,2,Var,Full Tower,,,,,,Vatan
Toplama Bilgisayar,RAM,Patriot,XLR8 64GB 2x32GB DDR5 6000MHz,12650,Amiral,Video Edit,,DDR5,,64GB,DDR5,6000MHz bellek kiti,9.9,6168,5,Var,,,,,,,İncehesap
Toplama Bilgisayar,İşlemci,Intel,Core i5-14400F Box,8850,Orta,Günlük Kullanım,LGA1700,DDR5,65,,LGA1700-DDR5,10 çekirdek,8.2,2091,3,Yok,,,,,,,İncehesap
Toplama Bilgisayar,Mouse,Darmoshark,Atlantis Wireless 16000DPI,1000,Orta,Ofis,,,,,Kablosuz,"16000 DPI sensör, 63g",7.5,3183,2,Var,,,,,,,İtopya
Toplama Bilgisayar,Klavye,Corsair,Alloy Origins RGB Mekanik Tam boy,1800,Orta,Günlük Kullanım,,,,,USB,Mekanik klavye,8.2,5184,2,Var,Tam boy,,,,,,GamingGenTR
Toplama Bilgisayar,Monitör,Philips,Optix 34 inç 3440x1440 165Hz,20200,Amiral,Ofis,,,35,,HDMI-DP,"IPS panel, 165Hz",9.8,5196,3,Yok,34 inç,3440x1440,165Hz,,,,İtopya
Toplama Bilgisayar,Monitör,Lenovo,Nitro 31.5 inç 3840x2160 240Hz,55250,Amiral,Tasarım,,,50,,HDMI-DP,"IPS panel, 240Hz",9.7,1630,3,Yok,31.5 inç,3840x2160,240Hz,,,,GamingGenTR
Toplama Bilgisayar,Kasa,ASUS,Meshify,3850,Orta,Oyun,,,,,ATX,"Mini Tower, mesh/airflow odaklı kasa",8.0,6539,2,Var,Mini Tower,,,,,,GamingGenTR
Toplama Bilgisayar,Kasa,Lian Li,North,1400,Giriş,Oyun,,,,,E-ATX,"Mid Tower, mesh/airflow odaklı kasa",8.0,3267,2,Var,Mid Tower,,,,,,Akakçe
Toplama Bilgisayar,RAM,Corsair,Trident Z5 16GB 2x8GB DDR5 5200MHz,2350,Orta,Ofis,,DDR5,,16GB,DDR5,5200MHz bellek kiti,8.6,997,2,Var,,,,,,,İncehesap
Toplama Bilgisayar,Kasa,Lian Li,MAG Forge,3200,Orta,Oyun,,,,,Micro ATX,"Mini Tower, mesh/airflow odaklı kasa",7.6,2410,2,Yok,Mini Tower,,,,,,İtopya
Toplama Bilgisayar,Klavye,Logitech,K380 Pro Optik switch 75%,750,Giriş,Ofis,,,,,Kablosuz,Optik switch klavye,7.3,187,2,Var,75%,,,,,,Vatan
Toplama Bilgisayar,Kasa,Xigmatek,Aquarius,2800,Orta,Ofis,,,,,ATX,"Mini Tower, mesh/airflow odaklı kasa",7.3,1929,2,Yok,Mini Tower,,,,,,Vatan
Toplama Bilgisayar,Klavye,Royal Kludge,K2 Pro Low Profile Tam boy,550,Giriş,Ofis,,,,,Bluetooth,Low Profile klavye,7.8,1742,2,Var,Tam boy,,,,,,İtopya
Toplama Bilgisayar,Mouse,ASUS,G Pro X Superlight Wireless 16000DPI,450,Giriş,Yazılım,,,,,USB,"16000 DPI sensör, 59g",7.8,465,2,Var,,,,,,,İncehesap
Toplama Bilgisayar,Kasa,Thermaltake,4000D Airflow Black,7500,Üst,Yazılım,,,,,ATX,"Mid Tower, mesh/airflow odaklı kasa",9.3,283,2,Var,Mid Tower,,,,,,İtopya
Toplama Bilgisayar,Klavye,Keychron,Ogre Optik switch Tam boy,7100,Amiral,Günlük Kullanım,,,,,USB,Optik switch klavye,8.8,4482,2,Yok,Tam boy,,,,,,İtopya
Toplama Bilgisayar,Mouse,SteelSeries,ROG Keris Wireless 12000DPI,1450,Orta,Yazılım,,,,,Bluetooth,"12000 DPI sensör, 90g",8.7,1078,2,Var,,,,,,,Vatan
Toplama Bilgisayar,Klavye,HyperX,ROG Strix Scope Pro Optik switch 75%,1600,Orta,Ofis,,,,,Bluetooth,Optik switch klavye,7.6,4050,2,Var,75%,,,,,,Vatan
Toplama Bilgisayar,Anakart,MSI,PRO X870 WiFi DDR5,19750,Amiral,Tasarım,AM5,DDR5,,,AM5-DDR5,"ATX, X870 yonga seti, DDR5 bellek desteği",9.4,4019,3,Yok,ATX,,,,,,Epey
Toplama Bilgisayar,SSD,Corsair,SN850X 500GB NVMe,1450,Giriş,Yazılım,,,5,500GB,M2 NVMe,PCIe 4.0 NVMe SSD,7.4,3026,5,Yok,,,,,6035 MB/s,5105 MB/s,GamingGenTR
Toplama Bilgisayar,SSD,SanDisk,SN850X 4TB NVMe,11400,Amiral,Tasarım,,,4,4TB,M2 NVMe,PCIe 4.0 NVMe SSD,9.4,899,5,Yok,,,,,5794 MB/s,4348 MB/s,İncehesap
Toplama Bilgisayar,Mouse,ASUS,Clutch GM Wireless 26000DPI,1600,Orta,Oyun,,,,,Kablosuz,"26000 DPI sensör, 75g",8.6,4168,2,Var,,,,,,,İncehesap
Toplama Bilgisayar,HDD,Seagate,N300 2TB 7200RPM,2100,Giriş,Ofis,,,7,2TB,SATA,3.5 inç mekanik disk,6.9,2754,3,Yok,,,,,,,Akakçe
Toplama Bilgisayar,Anakart,NZXT,Strix B760 DDR4,5300,Orta,Oyun,LGA1700,DDR4,,,LGA1700-DDR4,"Micro ATX, B760 yonga seti, DDR4 bellek desteği",7.8,1034,3,Yok,Micro ATX,,,,,,İtopya
Toplama Bilgisayar,Ekran Kartı,Palit,RX 9070 XT GamingPro 16GB,71050,Amiral,Oyun,,GDDR6,304,16GB,PCIe,2026 RDNA üst seviye,9.6,3760,3,Var,,,,16GB,,,İncehesap
Toplama Bilgisayar,Klavye,Corsair,K70 Mekanik TKL,9450,Amiral,Günlük Kullanım,,,,,Kablosuz,Mekanik klavye,9.5,2300,2,Yok,TKL,,,,,,Akakçe
Toplama Bilgisayar,Soğutucu,SilverStone,SE-224-XT,3850,Üst,Video Edit,,,,,AM4-AM5-LGA1700,Hava soğutma,9.4,54,2,Yok,,,,,,,Epey
Toplama Bilgisayar,Kasa,Fractal Design,Aquarius RGB,2050,Giriş,Oyun,,,,,ATX,"Full Tower, mesh/airflow odaklı kasa",6.5,695,2,Var,Full Tower,,,,,,Sinerji
Toplama Bilgisayar,Monitör,ViewSonic,ProArt 27 inç 1920x1080 180Hz,4900,Orta,Oyun,,,35,,HDMI-DP,"VA panel, 180Hz",7.8,6032,2,Yok,27 inç,1920x1080,180Hz,,,,Akakçe
Toplama Bilgisayar,Güç Kaynağı,Thermaltake,Straight Power 1200W 80+ Gold,13650,Amiral,Oyun,,,1200W,,80+ Gold,"Modüler PSU, 80+ Gold",9.1,4802,3,Yok,,,,,,,Sinerji
Toplama Bilgisayar,Kasa,GamePower,Aquarius RGB,3250,Orta,Yazılım,,,,,ATX,"Mini Tower, mesh/airflow odaklı kasa",8.7,4628,2,Var,Mini Tower,,,,,,Akakçe
Toplama Bilgisayar,Anakart,Gigabyte,Taichi B760 MAX DDR5,4800,Orta,Yazılım,LGA1700,DDR5,,,LGA1700-DDR5,"Mini ITX, B760 yonga seti, DDR5 bellek desteği",8.0,6800,3,Yok,Mini ITX,,,,,,Epey
Toplama Bilgisayar,Anakart,Colorful,Strix B760 WiFi DDR4,6700,Orta,Ofis,LGA1700,DDR4,,,LGA1700-DDR4,"Mini ITX, B760 yonga seti, DDR4 bellek desteği",8.6,2488,3,Var,Mini ITX,,,,,,İncehesap
Toplama Bilgisayar,RAM,Kingston,Fury Beast 8GB 1x8GB DDR5 7200MHz,1900,Giriş,Ofis,,DDR5,,8GB,DDR5,7200MHz bellek kiti,7.6,3141,2,Yok,,,,,,,Vatan
Toplama Bilgisayar,Mouse,SteelSeries,Pulsefire Pro 36000DPI,1800,Orta,Oyun,,,,,Kablosuz,"36000 DPI sensör, 49g",8.5,3276,2,Yok,,,,,,,Vatan
Toplama Bilgisayar,Monitör,Acer,Mobiuz 24.5 inç 3840x2160 240Hz,53850,Amiral,Oyun,,,25,,HDMI-DP,"Mini LED panel, 240Hz",9.3,4916,3,Yok,24.5 inç,3840x2160,240Hz,,,,Akakçe
Toplama Bilgisayar,Anakart,Gigabyte,PRO B650E MAX DDR5,11450,Üst,Yazılım,AM5,DDR5,,,AM5-DDR5,"ATX, B650E yonga seti, DDR5 bellek desteği",8.7,4200,3,Var,ATX,,,,,,GamingGenTR
Toplama Bilgisayar,Klavye,Glorious,CK Pro Optik switch 60%,2350,Orta,Ofis,,,,,Bluetooth,Optik switch klavye,7.6,5131,2,Var,60%,,,,,,Epey
Toplama Bilgisayar,Ekran Kartı,Galax,RX 6600 JetStream 8GB,10750,Giriş,Günlük Kullanım,,GDDR6,132,8GB,PCIe,1080p fiyat performans,6.9,1198,3,Var,,,,8GB,,,İncehesap
Toplama Bilgisayar,RAM,Corsair,XLR8 64GB 2x32GB DDR5 5200MHz,9950,Amiral,Yapay Zeka,,DDR5,,64GB,DDR5,5200MHz bellek kiti,9.0,2332,2,Var,,,,,,,Epey
Toplama Bilgisayar,Mouse,HyperX,Model O Mini 8000DPI,1150,Orta,Günlük Kullanım,,,,,Kablosuz,"8000 DPI sensör, 75g",7.2,943,2,Yok,,,,,,,İncehesap
Toplama Bilgisayar,Güç Kaynağı,High Power,MWE 650W 80+ Bronze,3400,Orta,Ofis,,,650W,,80+ Bronze,"Sabit kablo PSU, 80+ Bronze",8.1,5765,5,Yok,,,,,,,Sinerji
Toplama Bilgisayar,Kasa,Cooler Master,MAG Forge,2600,Orta,Oyun,,,,,Micro ATX,"Full Tower, mesh/airflow odaklı kasa",7.2,8249,2,Var,Full Tower,,,,,,İtopya
Toplama Bilgisayar,RAM,ADATA,Ripjaws 64GB 2x32GB DDR4 4000MHz,5850,Amiral,Video Edit,,DDR4,,64GB,DDR4,4000MHz bellek kiti,9.7,2339,2,Yok,,,,,,,İncehesap
Toplama Bilgisayar,Ekran Kartı,Palit,RTX 4070 Eagle OC 12GB,34800,Üst,Oyun,,GDDR6,200,12GB,PCIe,1440p oyun,8.9,10491,3,Yok,,,,12GB,,,İtopya
Toplama Bilgisayar,Anakart,MSI,Taichi A620 MAX DDR5,4000,Giriş,Yazılım,AM5,DDR5,,,AM5-DDR5,"Micro ATX, A620 yonga seti, DDR5 bellek desteği",7.6,434,3,Var,Micro ATX,,,,,,İtopya
Toplama Bilgisayar,Klavye,MSI,K2 RGB Membran TKL,3350,Üst,Ofis,,,,,Kablosuz,Membran klavye,8.8,10430,2,Var,TKL,,,,,,Vatan
Toplama Bilgisayar,Klavye,HyperX,K2 RGB Mekanik 75%,1850,Orta,Günlük Kullanım,,,,,USB,Mekanik klavye,7.5,1529,2,Var,75%,,,,,,İtopya
Toplama Bilgisayar,Monitör,BenQ,Raptor 24.5 inç 2560x1440 144Hz,9800,Üst,Ofis,,,35,,HDMI-DP,"VA panel, 144Hz",8.8,9450,3,Yok,24.5 inç,2560x1440,144Hz,,,,Vatan
Toplama Bilgisayar,Kasa,Phanteks,TUF GT,3750,Orta,Yazılım,,,,,E-ATX,"Full Tower, mesh/airflow odaklı kasa",7.5,4784,2,Var,Full Tower,,,,,,İtopya
Toplama Bilgisayar,Ekran Kartı,Colorful,RTX 5080 Twin Edge 16GB,111350,Amiral,Oyun,,GDDR6X,360,16GB,PCIe,2026 4K üst seviye,9.1,1331,3,Var,,,,16GB,,,İtopya
Toplama Bilgisayar,Kasa,NZXT,H5 Flow White,2350,Giriş,Günlük Kullanım,,,,,E-ATX,"Mini Tower, mesh/airflow odaklı kasa",6.7,2123,2,Var,Mini Tower,,,,,,Sinerji
Toplama Bilgisayar,RAM,Corsair,Ares 8GB 1x8GB DDR5 6000MHz,1450,Giriş,Yazılım,,DDR5,,8GB,DDR5,6000MHz bellek kiti,6.8,268,5,Yok,,,,,,,Vatan
Toplama Bilgisayar,Kasa,Corsair,CH370 Black,7150,Üst,Tasarım,,,,,ATX,"Mini Tower, mesh/airflow odaklı kasa",9.0,8837,2,Var,Mini Tower,,,,,,Sinerji
Toplama Bilgisayar,Anakart,ASUS,PRO B660 WiFi DDR4,4900,Orta,Günlük Kullanım,LGA1700,DDR4,,,LGA1700-DDR4,"Micro ATX, B660 yonga seti, DDR4 bellek desteği",7.4,581,3,Var,Micro ATX,,,,,,İncehesap
Toplama Bilgisayar,Anakart,Colorful,Tomahawk B660 AX DDR4,4650,Orta,Oyun,LGA1700,DDR4,,,LGA1700-DDR4,"ATX, B660 yonga seti, DDR4 bellek desteği",7.7,1057,3,Yok,ATX,,,,,,Akakçe
Toplama Bilgisayar,Kasa,DeepCool,CH370 Black,1950,Giriş,Ofis,,,,,Micro ATX,"Mini Tower, mesh/airflow odaklı kasa",6.8,200,2,Var,Mini Tower,,,,,,İtopya
Toplama Bilgisayar,Ekran Kartı,XFX,RX 7900 GRE Aero OC 16GB,38950,Üst,Video Edit,,GDDR6,260,16GB,PCIe,1440p/4K,8.8,2940,3,Var,,,,16GB,,,GamingGenTR
Toplama Bilgisayar,Güç Kaynağı,NZXT,Core Reactor 1200W 80+ Gold,12400,Amiral,Video Edit,,,1200W,,80+ Gold,"Modüler PSU, 80+ Gold",9.1,6378,3,Yok,,,,,,,İncehesap
Toplama Bilgisayar,Klavye,Keychron,Apex RGB Low Profile Tam boy,1500,Orta,Oyun,,,,,USB,Low Profile klavye,7.2,8438,2,Var,Tam boy,,,,,,Epey
Toplama Bilgisayar,İşlemci,AMD,Ryzen 9 9900X Box,23150,Amiral,Yapay Zeka,AM5,DDR5,120,,AM5-DDR5,Zen 5 12 çekirdek,9.4,2062,3,Yok,,,,,,,Sinerji
Toplama Bilgisayar,Ekran Kartı,Galax,RTX 4070 JetStream 12GB,36100,Üst,Video Edit,,GDDR6,200,12GB,PCIe,1440p oyun,8.4,3145,3,Yok,,,,12GB,,,Vatan
Toplama Bilgisayar,Mouse,Pulsar,ROG Keris Pro 26000DPI,1200,Orta,Günlük Kullanım,,,,,USB,"26000 DPI sensör, 90g",8.7,8251,2,Var,,,,,,,İncehesap
Toplama Bilgisayar,Soğutucu,ID-Cooling,Assassin X,1850,Orta,Ofis,,,,,AM4-AM5-LGA1700,Hava soğutma,8.4,6826,5,Yok,,,,,,,İtopya
Toplama Bilgisayar,SSD,PNY,MP600 1TB NVMe,1900,Orta,Ofis,,,3,1TB,M2 NVMe,PCIe 3.0 NVMe SSD,7.3,3190,3,Yok,,,,,3559 MB/s,2948 MB/s,GamingGenTR
Toplama Bilgisayar,Anakart,MSI,Mortar A520 MAX DDR4,2550,Giriş,Günlük Kullanım,AM4,DDR4,,,AM4-DDR4,"Micro ATX, A520 yonga seti, DDR4 bellek desteği",7.7,2434,3,Var,Micro ATX,,,,,,İncehesap
Toplama Bilgisayar,SSD,Seagate,Exceria Plus 2TB NVMe,4950,Üst,Oyun,,,3,2TB,M2 NVMe,PCIe 3.0 NVMe SSD,8.6,2313,5,Yok,,,,,3371 MB/s,2744 MB/s,İtopya
Toplama Bilgisayar,Kasa,Phanteks,4000D Airflow RGB,7800,Üst,Yazılım,,,,,ATX,"Mid Tower, mesh/airflow odaklı kasa",9.4,10041,2,Var,Mid Tower,,,,,,İtopya
Toplama Bilgisayar,Kasa,Thermaltake,TUF GT White,2950,Orta,Ofis,,,,,Micro ATX,"Mini Tower, mesh/airflow odaklı kasa",8.1,8088,2,Yok,Mini Tower,,,,,,Epey
Toplama Bilgisayar,SSD,TeamGroup,Exceria Plus 1TB NVMe,2400,Orta,Yazılım,,,4,1TB,M2 NVMe,PCIe 4.0 NVMe SSD,7.4,8062,5,Yok,,,,,6356 MB/s,5696 MB/s,Vatan
Toplama Bilgisayar,Klavye,Logitech,ROG Strix Scope Pro Membran TKL,650,Giriş,Yazılım,,,,,Kablosuz,Membran klavye,7.4,367,2,Var,TKL,,,,,,Vatan
Toplama Bilgisayar,Klavye,SteelSeries,RK61 Optik switch 75%,2050,Orta,Yazılım,,,,,USB,Optik switch klavye,8.5,8323,2,Yok,75%,,,,,,Akakçe
Toplama Bilgisayar,Kasa,Thermaltake,TUF GT Mesh,8900,Amiral,Oyun,,,,,ATX,"Full Tower, mesh/airflow odaklı kasa",9.2,4226,2,Yok,Full Tower,,,,,,İncehesap
Toplama Bilgisayar,Klavye,Cooler Master,RK61 RGB Membran 75%,2250,Orta,Oyun,,,,,USB,Membran klavye,7.7,8417,2,Var,75%,,,,,,Sinerji
Toplama Bilgisayar,Ekran Kartı,Sapphire,RTX 3050 Merc 8GB,10850,Giriş,Video Edit,,GDDR6,130,8GB,PCIe,DLSS destekli giriş seviye,7.7,401,3,Yok,,,,8GB,,,İtopya
Toplama Bilgisayar,Mouse,Redragon,X2V2 Wireless 36000DPI,1800,Orta,Günlük Kullanım,,,,,Bluetooth,"36000 DPI sensör, 90g",8.7,6342,2,Yok,,,,,,,İncehesap
Toplama Bilgisayar,Monitör,AOC,Legion 27 inç 1920x1080 180Hz,6100,Orta,Yazılım,,,35,,HDMI-DP,"IPS panel, 180Hz",7.3,8057,3,Yok,27 inç,1920x1080,180Hz,,,,Sinerji
Toplama Bilgisayar,SSD,WD,Viper VP4300 500GB NVMe,1250,Giriş,Ofis,,,5,500GB,M2 NVMe,PCIe 3.0 NVMe SSD,7.2,299,5,Yok,,,,,3256 MB/s,2303 MB/s,Akakçe
Toplama Bilgisayar,Kasa,Xigmatek,TUF GT,3900,Orta,Yazılım,,,,,ATX,"Mid Tower, mesh/airflow odaklı kasa",7.6,7043,2,Var,Mid Tower,,,,,,Akakçe
Toplama Bilgisayar,Kasa,MSI,H5 Flow,3350,Orta,Ofis,,,,,Micro ATX,"Full Tower, mesh/airflow odaklı kasa",8.3,6148,2,Yok,Full Tower,,,,,,İncehesap
Toplama Bilgisayar,RAM,Apacer,Dominator 16GB 2x8GB DDR5 6000MHz,3050,Orta,Ofis,,DDR5,,16GB,DDR5,6000MHz bellek kiti,7.3,6761,2,Yok,,,,,,,GamingGenTR
Toplama Bilgisayar,Klavye,SteelSeries,K70 Wireless Optik switch 60%,1900,Orta,Yazılım,,,,,USB,Optik switch klavye,7.2,7598,2,Yok,60%,,,,,,GamingGenTR
Toplama Bilgisayar,RAM,GoodRam,Fury Beast 16GB 2x8GB DDR4 3200MHz,1650,Orta,Oyun,,DDR4,,16GB,DDR4,3200MHz bellek kiti,7.7,372,3,Var,,,,,,,Vatan
Toplama Bilgisayar,Ekran Kartı,Gigabyte,RX 7800 XT TUF 16GB,37150,Üst,Video Edit,,GDDR6,263,16GB,PCIe,16GB VRAM 1440p,8.5,8035,3,Yok,,,,16GB,,,İncehesap
Toplama Bilgisayar,Monitör,HP,G-Master 23.8 inç 1920x1080 75Hz,3400,Giriş,Video Edit,,,25,,HDMI-DP,"IPS panel, 75Hz",7.5,2689,3,Yok,23.8 inç,1920x1080,75Hz,,,,Sinerji
Toplama Bilgisayar,Anakart,ASRock,Taichi B760 AX DDR4,4600,Orta,Ofis,LGA1700,DDR4,,,LGA1700-DDR4,"Micro ATX, B760 yonga seti, DDR4 bellek desteği",8.0,7853,3,Yok,Micro ATX,,,,,,İncehesap
Toplama Bilgisayar,Mouse,SteelSeries,Harpoon 8000DPI,2700,Üst,Günlük Kullanım,,,,,Kablosuz,"8000 DPI sensör, 63g",9.2,5816,2,Var,,,,,,,İtopya
Toplama Bilgisayar,Klavye,Cooler Master,K70 RGB Low Profile 75%,750,Giriş,Yazılım,,,,,USB,Low Profile klavye,6.4,1545,2,Var,75%,,,,,,Vatan
Toplama Bilgisayar,RAM,PNY,Ballistix 32GB 2x16GB DDR4 3200MHz,2350,Üst,Yayıncılık,,DDR4,,32GB,DDR4,3200MHz bellek kiti,9.2,3895,3,Yok,,,,,,,GamingGenTR
Toplama Bilgisayar,Kasa,Xigmatek,MAG Forge Black,6100,Üst,Tasarım,,,,,ATX,"Mid Tower, mesh/airflow odaklı kasa",9.4,468,2,Var,Mid Tower,,,,,,Vatan
Toplama Bilgisayar,HDD,Toshiba,P300 6TB 7200RPM,6700,Orta,Günlük Kullanım,,,9,6TB,SATA,3.5 inç mekanik disk,8.8,314,3,Yok,,,,,,,İncehesap
Toplama Bilgisayar,Güç Kaynağı,Thermaltake,RM 450W 80+ Bronze,1550,Giriş,Oyun,,,450W,,80+ Bronze,"Yarı modüler PSU, 80+ Bronze",6.4,3061,7,Yok,,,,,,,Sinerji
Toplama Bilgisayar,RAM,Corsair,Vengeance 16GB 2x8GB DDR5 6400MHz,2750,Orta,Yazılım,,DDR5,,16GB,DDR5,6400MHz bellek kiti,8.6,5249,3,Var,,,,,,,GamingGenTR
Toplama Bilgisayar,Klavye,GamePower,BlackWidow Pro Membran 75%,4250,Üst,Oyun,,,,,Bluetooth,Membran klavye,8.1,7868,2,Yok,75%,,,,,,Vatan
Toplama Bilgisayar,HDD,WD,Blue 1TB 7200RPM,1450,Giriş,Günlük Kullanım,,,5,1TB,SATA,3.5 inç mekanik disk,6.9,1782,3,Yok,,,,,,,İtopya
Toplama Bilgisayar,Mouse,Zowie,G102 Pro 12000DPI,3600,Üst,Yazılım,,,,,Bluetooth,"12000 DPI sensör, 63g",8.6,5626,2,Var,,,,,,,Sinerji
Toplama Bilgisayar,Mouse,SteelSeries,G Pro X Superlight Mini 30000DPI,2800,Üst,Günlük Kullanım,,,,,Bluetooth,"30000 DPI sensör, 49g",8.4,8439,2,Var,,,,,,,Akakçe
Toplama Bilgisayar,Kasa,GamePower,H5 Flow Mesh,3250,Orta,Günlük Kullanım,,,,,Micro ATX,"Mid Tower, mesh/airflow odaklı kasa",7.4,8152,2,Yok,Mid Tower,,,,,,İncehesap
Toplama Bilgisayar,Monitör,Dell,Legion 24.5 inç 2560x1440 180Hz,11800,Üst,Video Edit,,,25,,HDMI-DP,"VA panel, 180Hz",8.9,9318,3,Yok,24.5 inç,2560x1440,180Hz,,,,Sinerji
Toplama Bilgisayar,SSD,PNY,990 EVO 2TB NVMe,4050,Üst,Yayıncılık,,,5,2TB,M2 NVMe,PCIe 3.0 NVMe SSD,9.3,8627,5,Yok,,,,,3145 MB/s,2190 MB/s,Epey
Toplama Bilgisayar,Mouse,Lamzu,Model O Mini 8000DPI,450,Giriş,Günlük Kullanım,,,,,USB,"8000 DPI sensör, 59g",7.2,362,2,Yok,,,,,,,İncehesap
Toplama Bilgisayar,Anakart,Gigabyte,PRO A520 AX DDR4,2450,Giriş,Günlük Kullanım,AM4,DDR4,,,AM4-DDR4,"Micro ATX, A520 yonga seti, DDR4 bellek desteği",7.3,2594,3,Yok,Micro ATX,,,,,,İncehesap
Toplama Bilgisayar,Klavye,Keychron,RK61 Wireless Low Profile TKL,2350,Orta,Oyun,,,,,Bluetooth,Low Profile klavye,8.6,5064,2,Yok,TKL,,,,,,GamingGenTR
Toplama Bilgisayar,Mouse,Corsair,Pulsefire 8000DPI,2850,Üst,Ofis,,,,,Bluetooth,"8000 DPI sensör, 59g",9.2,12000,2,Yok,,,,,,,Vatan
Toplama Bilgisayar,Kasa,Lian Li,H5 Flow,13900,Amiral,Oyun,,,,,Micro ATX,"Full Tower, mesh/airflow odaklı kasa",8.9,1110,2,Yok,Full Tower,,,,,,Vatan
Toplama Bilgisayar,Ekran Kartı,Palit,RTX 4060 Ventus 2X 8GB,17100,Orta,Oyun,,GDDR6,115,8GB,PCIe,DLSS 3 1080p oyun,8.2,3747,3,Yok,,,,8GB,,,Sinerji
Toplama Bilgisayar,Klavye,Logitech,RK61 Mekanik 75%,5200,Üst,Günlük Kullanım,,,,,USB,Mekanik klavye,8.6,8545,2,Yok,75%,,,,,,İtopya
Toplama Bilgisayar,Kasa,GamePower,Warcry,3000,Orta,Günlük Kullanım,,,,,ATX,"Full Tower, mesh/airflow odaklı kasa",7.7,7888,2,Yok,Full Tower,,,,,,İncehesap
Toplama Bilgisayar,Klavye,Royal Kludge,CK Pro Low Profile 75%,1700,Orta,Yazılım,,,,,USB,Low Profile klavye,7.8,3694,2,Yok,75%,,,,,,GamingGenTR
Toplama Bilgisayar,Kasa,Thermaltake,Meshify White,14100,Amiral,Yapay Zeka,,,,,Micro ATX,"Mid Tower, mesh/airflow odaklı kasa",9.0,4719,2,Var,Mid Tower,,,,,,Epey
Toplama Bilgisayar,Anakart,MSI,Creator B760 WiFi DDR4,5950,Orta,Günlük Kullanım,LGA1700,DDR4,,,LGA1700-DDR4,"Mini ITX, B760 yonga seti, DDR4 bellek desteği",8.1,1361,3,Var,Mini ITX,,,,,,Epey
Toplama Bilgisayar,Kasa,Thermaltake,TD500,2350,Orta,Günlük Kullanım,,,,,Micro ATX,"Mid Tower, mesh/airflow odaklı kasa",8.4,4757,2,Yok,Mid Tower,,,,,,Sinerji
Toplama Bilgisayar,Monitör,LG,G-Master 24.5 inç 3840x2160 240Hz,43850,Amiral,Oyun,,,35,,HDMI-DP,"Mini LED panel, 240Hz",9.7,5520,2,Yok,24.5 inç,3840x2160,240Hz,,,,Akakçe
Toplama Bilgisayar,Kasa,Corsair,North White,6700,Üst,Video Edit,,,,,ATX,"Full Tower, mesh/airflow odaklı kasa",9.0,2432,2,Yok,Full Tower,,,,,,GamingGenTR
Toplama Bilgisayar,Kasa,Corsair,Aquarius,7800,Üst,Video Edit,,,,,E-ATX,"Full Tower, mesh/airflow odaklı kasa",8.6,6678,2,Var,Full Tower,,,,,,GamingGenTR
Toplama Bilgisayar,Mouse,Corsair,Viper Wireless 26000DPI,500,Giriş,Günlük Kullanım,,,,,Bluetooth,"26000 DPI sensör, 49g",6.5,1455,2,Yok,,,,,,,İncehesap
Toplama Bilgisayar,Monitör,Acer,Nitro 27 inç 3840x2160 240Hz,44800,Amiral,Oyun,,,50,,HDMI-DP,"OLED panel, 240Hz",8.8,3344,2,Yok,27 inç,3840x2160,240Hz,,,,Epey
Toplama Bilgisayar,Monitör,Acer,Nitro 34 inç 1920x1080 75Hz,3250,Giriş,Tasarım,,,50,,HDMI-DP,"IPS panel, 75Hz",7.6,2343,3,Yok,34 inç,1920x1080,75Hz,,,,GamingGenTR
Toplama Bilgisayar,RAM,Crucial,XLR8 8GB 1x8GB DDR4 4000MHz,900,Giriş,Yazılım,,DDR4,,8GB,DDR4,4000MHz bellek kiti,7.8,2234,3,Yok,,,,,,,Vatan
Toplama Bilgisayar,Mouse,MSI,ROG Keris Wireless 30000DPI,600,Giriş,Ofis,,,,,USB,"30000 DPI sensör, 63g",7.3,2725,2,Var,,,,,,,GamingGenTR
Toplama Bilgisayar,RAM,Corsair,Ares 32GB 2x16GB DDR4 3600MHz,3500,Üst,Tasarım,,DDR4,,32GB,DDR4,3600MHz bellek kiti,9.2,10538,5,Var,,,,,,,İncehesap
Toplama Bilgisayar,Kasa,DeepCool,MAG Forge Mesh,1350,Giriş,Oyun,,,,,ATX,"Mini Tower, mesh/airflow odaklı kasa",6.7,1858,2,Var,Mini Tower,,,,,,Epey
Toplama Bilgisayar,SSD,Kioxia,MP600 1TB NVMe,3700,Orta,Ofis,,,3,1TB,M2 NVMe,PCIe 5.0 NVMe SSD,8.5,6647,5,Yok,,,,,9405 MB/s,8419 MB/s,GamingGenTR
Toplama Bilgisayar,Mouse,Zowie,Viper Mini 36000DPI,600,Giriş,Günlük Kullanım,,,,,Kablosuz,"36000 DPI sensör, 49g",7.0,283,2,Yok,,,,,,,Sinerji
Toplama Bilgisayar,Soğutucu,Noctua,LS720,3100,Orta,Yazılım,,,,,AM4-AM5-LGA1700,360mm sıvı soğutma,8.0,8340,6,Var,360mm,,,,,,Vatan
Toplama Bilgisayar,Klavye,Glorious,G Pro X Wireless Optik switch 75%,800,Giriş,Ofis,,,,,USB,Optik switch klavye,7.0,1591,2,Yok,75%,,,,,,İncehesap
Toplama Bilgisayar,Kasa,Thermaltake,H5 Flow RGB,7400,Üst,Yazılım,,,,,ATX,"Mini Tower, mesh/airflow odaklı kasa",8.9,5247,2,Var,Mini Tower,,,,,,GamingGenTR
Toplama Bilgisayar,RAM,Crucial,Trident Z5 32GB 2x16GB DDR4 3600MHz,3450,Üst,Yazılım,,DDR4,,32GB,DDR4,3600MHz bellek kiti,8.7,11977,2,Yok,,,,,,,Sinerji
Toplama Bilgisayar,Kasa,Lian Li,Lancool White,6450,Üst,Oyun,,,,,Micro ATX,"Mini Tower, mesh/airflow odaklı kasa",9.4,5001,2,Var,Mini Tower,,,,,,GamingGenTR
Toplama Bilgisayar,SSD,WD,990 EVO 500GB NVMe,2100,Giriş,Günlük Kullanım,,,5,500GB,M2 NVMe,PCIe 5.0 NVMe SSD,7.9,2200,3,Yok,,,,,10119 MB/s,7253 MB/s,Epey
Toplama Bilgisayar,Kasa,DeepCool,View 270,1450,Giriş,Ofis,,,,,Micro ATX,"Full Tower, mesh/airflow odaklı kasa",7.9,3270,2,Var,Full Tower,,,,,,Sinerji
Toplama Bilgisayar,Klavye,GamePower,K2 Wireless Mekanik 60%,550,Giriş,Ofis,,,,,Kablosuz,Mekanik klavye,7.9,2375,2,Var,60%,,,,,,GamingGenTR
Toplama Bilgisayar,Kasa,Xigmatek,Eclipse Black,3850,Orta,Yazılım,,,,,ATX,"Mid Tower, mesh/airflow odaklı kasa",7.5,3600,2,Yok,Mid Tower,,,,,,İncehesap
Toplama Bilgisayar,Anakart,Colorful,Gaming X B760 WiFi DDR4,6500,Orta,Günlük Kullanım,LGA1700,DDR4,,,LGA1700-DDR4,"Micro ATX, B760 yonga seti, DDR4 bellek desteği",8.3,6461,3,Var,Micro ATX,,,,,,Vatan
Toplama Bilgisayar,Anakart,Colorful,TUF Gaming Z790 AX DDR5,10400,Üst,Video Edit,LGA1700,DDR5,,,LGA1700-DDR5,"ATX, Z790 yonga seti, DDR5 bellek desteği",8.4,8277,3,Var,ATX,,,,,,Epey
Toplama Bilgisayar,SSD,Lexar,SN850X 4TB NVMe,10100,Amiral,Tasarım,,,5,4TB,M2 NVMe,PCIe 3.0 NVMe SSD,8.9,2813,3,Yok,,,,,3184 MB/s,2393 MB/s,İtopya
Toplama Bilgisayar,Klavye,Logitech,ROG Strix Scope Wireless Membran 75%,850,Giriş,Oyun,,,,,USB,Membran klavye,7.4,2068,2,Var,75%,,,,,,Akakçe
Toplama Bilgisayar,Monitör,Gigabyte,UltraGear 24.5 inç 3440x1440 165Hz,20300,Amiral,Oyun,,,35,,HDMI-DP,"IPS panel, 165Hz",9.1,3730,2,Yok,24.5 inç,3440x1440,165Hz,,,,Sinerji
Toplama Bilgisayar,Kasa,Phanteks,Meshify RGB,4300,Üst,Yazılım,,,,,ATX,"Full Tower, mesh/airflow odaklı kasa",9.3,1663,2,Var,Full Tower,,,,,,Akakçe
Toplama Bilgisayar,HDD,WD,Blue 12TB 7200RPM,10900,Üst,Yayıncılık,,,5,12TB,SATA,3.5 inç mekanik disk,8.5,2511,2,Yok,,,,,,,GamingGenTR
Toplama Bilgisayar,Ekran Kartı,ASUS,RTX 4080 Super Gaming OC 16GB,84250,Amiral,Yayıncılık,,GDDR6X,320,16GB,PCIe,4K oyun ve render,9.5,4629,3,Yok,,,,16GB,,,İncehesap
Toplama Bilgisayar,Monitör,ViewSonic,Optix 23.8 inç 1920x1080 75Hz,2400,Giriş,Ofis,,,25,,HDMI-DP,"IPS panel, 75Hz",7.8,991,2,Yok,23.8 inç,1920x1080,75Hz,,,,İncehesap
Toplama Bilgisayar,Monitör,HP,Optix 32 inç 3840x2160 144Hz,20900,Amiral,Yazılım,,,25,,HDMI-DP,"IPS panel, 144Hz",8.9,6407,2,Yok,32 inç,3840x2160,144Hz,,,,Vatan
Toplama Bilgisayar,SSD,PNY,P3 Plus 1TB NVMe,2400,Orta,Günlük Kullanım,,,4,1TB,M2 NVMe,PCIe 3.0 NVMe SSD,7.4,273,5,Yok,,,,,3441 MB/s,2492 MB/s,İncehesap
Toplama Bilgisayar,Monitör,Dell,UltraGear 31.5 inç 3840x2160 240Hz,37800,Amiral,Ofis,,,35,,HDMI-DP,"IPS panel, 240Hz",8.8,3973,2,Yok,31.5 inç,3840x2160,240Hz,,,,GamingGenTR
Toplama Bilgisayar,Klavye,GamePower,Apex RGB Membran TKL,2000,Orta,Günlük Kullanım,,,,,Bluetooth,Membran klavye,7.5,7614,2,Var,TKL,,,,,,GamingGenTR
Toplama Bilgisayar,Kasa,Fractal Design,Eclipse Mesh,6150,Üst,Oyun,,,,,Micro ATX,"Mini Tower, mesh/airflow odaklı kasa",8.8,1562,2,Var,Mini Tower,,,,,,İtopya
Toplama Bilgisayar,SSD,Corsair,SN850X 1TB NVMe,3200,Orta,Yazılım,,,4,1TB,M2 NVMe,PCIe 4.0 NVMe SSD,7.2,7108,5,Yok,,,,,5438 MB/s,3704 MB/s,GamingGenTR
Toplama Bilgisayar,Soğutucu,MSI,Liquid Freezer III 240,3150,Orta,Günlük Kullanım,,,,,AM4-AM5-LGA1700,240mm sıvı soğutma,7.4,3816,5,Yok,240mm,,,,,,Vatan
Toplama Bilgisayar,Mouse,Razer,MM712 Pro 30000DPI,450,Giriş,Oyun,,,,,Bluetooth,"30000 DPI sensör, 75g",7.8,139,2,Yok,,,,,,,GamingGenTR
Toplama Bilgisayar,SSD,SanDisk,P3 Plus 4TB NVMe,15400,Amiral,Tasarım,,,3,4TB,M2 NVMe,PCIe 5.0 NVMe SSD,9.3,1238,5,Yok,,,,,10854 MB/s,8297 MB/s,GamingGenTR
Toplama Bilgisayar,Kasa,Corsair,North Black,5700,Üst,Yazılım,,,,,E-ATX,"Mini Tower, mesh/airflow odaklı kasa",8.7,9232,2,Var,Mini Tower,,,,,,Vatan
Toplama Bilgisayar,Mouse,Darmoshark,G305 30000DPI,1350,Orta,Yazılım,,,,,Kablosuz,"30000 DPI sensör, 75g",8.1,5245,2,Var,,,,,,,Vatan
Toplama Bilgisayar,Kasa,MSI,Lancool Mesh,3500,Orta,Yazılım,,,,,E-ATX,"Mini Tower, mesh/airflow odaklı kasa",7.9,2098,2,Yok,Mini Tower,,,,,,Akakçe
Toplama Bilgisayar,Anakart,ASRock,Taichi X670 MAX DDR5,8550,Üst,Yayıncılık,AM5,DDR5,,,AM5-DDR5,"Micro ATX, X670 yonga seti, DDR5 bellek desteği",8.5,10728,3,Var,Micro ATX,,,,,,İtopya
Toplama Bilgisayar,İşlemci,AMD,Ryzen 7 5800X3D,11550,Üst,Yayıncılık,AM4,DDR4,105,,AM4-DDR4,3D V-Cache oyun işlemcisi,8.3,7153,3,Yok,,,,,,,Epey
Toplama Bilgisayar,Anakart,ASRock,Tomahawk A520 AX DDR4,3350,Giriş,Yazılım,AM4,DDR4,,,AM4-DDR4,"ATX, A520 yonga seti, DDR4 bellek desteği",6.9,1811,3,Var,ATX,,,,,,İncehesap
Toplama Bilgisayar,Kasa,Phanteks,View 270,4300,Üst,Yayıncılık,,,,,ATX,"Full Tower, mesh/airflow odaklı kasa",9.4,8096,2,Yok,Full Tower,,,,,,Akakçe
Toplama Bilgisayar,Anakart,ASRock,Taichi A520 DDR4,2800,Giriş,Ofis,AM4,DDR4,,,AM4-DDR4,"Micro ATX, A520 yonga seti, DDR4 bellek desteği",7.2,2513,3,Var,Micro ATX,,,,,,Akakçe
Toplama Bilgisayar,Kasa,Cooler Master,MAG Forge Mesh,2950,Orta,Yazılım,,,,,E-ATX,"Full Tower, mesh/airflow odaklı kasa",8.2,5387,2,Var,Full Tower,,,,,,İncehesap
Toplama Bilgisayar,Mouse,Logitech,Pulsefire Pro 16000DPI,3600,Üst,Yazılım,,,,,USB,"16000 DPI sensör, 63g",9.1,8214,2,Var,,,,,,,Akakçe
Toplama Bilgisayar,Klavye,MSI,Vigor GK Wireless Mekanik 60%,600,Giriş,Yazılım,,,,,Bluetooth,Mekanik klavye,7.6,1604,2,Var,60%,,,,,,Sinerji
Toplama Bilgisayar,Kasa,Fractal Design,H5 Flow Mesh,8700,Amiral,Oyun,,,,,E-ATX,"Full Tower, mesh/airflow odaklı kasa",9.1,2561,2,Yok,Full Tower,,,,,,Vatan
Toplama Bilgisayar,Kasa,Thermaltake,H5 Flow,2350,Orta,Yazılım,,,,,E-ATX,"Mini Tower, mesh/airflow odaklı kasa",7.3,8103,2,Var,Mini Tower,,,,,,Sinerji
Toplama Bilgisayar,Mouse,Glorious,Rival Pro 30000DPI,1650,Orta,Ofis,,,,,Bluetooth,"30000 DPI sensör, 49g",7.9,6492,2,Yok,,,,,,,Epey
Toplama Bilgisayar,Mouse,Lamzu,M711 Wireless 30000DPI,600,Giriş,Oyun,,,,,Kablosuz,"30000 DPI sensör, 75g",6.6,3054,2,Var,,,,,,,İncehesap
Toplama Bilgisayar,Ekran Kartı,XFX,RTX 4080 Super JetStream 16GB,83150,Amiral,Video Edit,,GDDR6X,320,16GB,PCIe,4K oyun ve render,9.5,3473,3,Var,,,,16GB,,,Vatan
Toplama Bilgisayar,Ekran Kartı,PNY,RX 7900 GRE Pulse 16GB,42750,Üst,Video Edit,,GDDR6,260,16GB,PCIe,1440p/4K,8.2,10165,3,Yok,,,,16GB,,,İtopya
Toplama Bilgisayar,Mouse,Redragon,Harpoon 8000DPI,2850,Üst,Ofis,,,,,Bluetooth,"8000 DPI sensör, 49g",9.1,8803,2,Yok,,,,,,,Akakçe
Toplama Bilgisayar,Mouse,Logitech,Model O 16000DPI,2700,Üst,Oyun,,,,,Bluetooth,"16000 DPI sensör, 49g",8.8,4375,2,Yok,,,,,,,İncehesap
Toplama Bilgisayar,Kasa,Corsair,H5 Flow White,3600,Orta,Ofis,,,,,E-ATX,"Mini Tower, mesh/airflow odaklı kasa",7.6,6013,2,Yok,Mini Tower,,,,,,Sinerji
Toplama Bilgisayar,Anakart,Colorful,Taichi B550 AX DDR4,5900,Orta,Günlük Kullanım,AM4,DDR4,,,AM4-DDR4,"ATX, B550 yonga seti, DDR4 bellek desteği",8.2,6399,3,Var,ATX,,,,,,Epey
Toplama Bilgisayar,Klavye,Glorious,MOD007 Pro Membran 75%,750,Giriş,Günlük Kullanım,,,,,USB,Membran klavye,6.5,535,2,Yok,75%,,,,,,Sinerji
Toplama Bilgisayar,Klavye,Logitech,K2 Pro Mekanik Tam boy,4900,Üst,Ofis,,,,,USB,Mekanik klavye,8.1,503,2,Yok,Tam boy,,,,,,İncehesap
Toplama Bilgisayar,Monitör,BenQ,Legion 34 inç 2560x1440 180Hz,10850,Üst,Ofis,,,35,,HDMI-DP,"VA panel, 180Hz",8.9,6367,3,Yok,34 inç,2560x1440,180Hz,,,,Epey
Toplama Bilgisayar,Klavye,HyperX,ROG Strix Scope Low Profile Tam boy,2300,Orta,Oyun,,,,,Kablosuz,Low Profile klavye,7.9,5861,2,Yok,Tam boy,,,,,,Akakçe
Toplama Bilgisayar,RAM,Corsair,Vengeance 32GB 2x16GB DDR5 6400MHz,5400,Üst,Tasarım,,DDR5,,32GB,DDR5,6400MHz bellek kiti,9.0,9192,2,Var,,,,,,,Akakçe
Toplama Bilgisayar,Monitör,Acer,Nitro 34 inç 3840x2160 144Hz,21700,Amiral,Yazılım,,,35,,HDMI-DP,"IPS panel, 144Hz",9.6,2967,2,Yok,34 inç,3840x2160,144Hz,,,,GamingGenTR
Toplama Bilgisayar,SSD,SanDisk,MP600 2TB NVMe,7850,Üst,Oyun,,,5,2TB,M2 NVMe,PCIe 5.0 NVMe SSD,9.1,4041,3,Yok,,,,,10692 MB/s,8568 MB/s,İncehesap
Toplama Bilgisayar,Mouse,Pulsar,Model O 36000DPI,1650,Orta,Yazılım,,,,,Bluetooth,"36000 DPI sensör, 49g",8.0,4141,2,Var,,,,,,,Akakçe
Toplama Bilgisayar,HDD,Toshiba,SkyHawk 6TB 7200RPM,5800,Orta,Video Edit,,,7,6TB,SATA,3.5 inç mekanik disk,8.6,6189,3,Yok,,,,,,,GamingGenTR
Toplama Bilgisayar,Kasa,Corsair,TUF GT Mesh,3800,Orta,Günlük Kullanım,,,,,Micro ATX,"Mini Tower, mesh/airflow odaklı kasa",7.3,1750,2,Var,Mini Tower,,,,,,İncehesap
Toplama Bilgisayar,Anakart,MSI,Taichi B650E MAX DDR5,13600,Üst,Oyun,AM5,DDR5,,,AM5-DDR5,"Mini ITX, B650E yonga seti, DDR5 bellek desteği",9.4,3578,3,Yok,Mini ITX,,,,,,GamingGenTR
Toplama Bilgisayar,Kasa,Thermaltake,Eclipse Black,2700,Orta,Oyun,,,,,ATX,"Mini Tower, mesh/airflow odaklı kasa",7.5,2396,2,Var,Mini Tower,,,,,,Sinerji
Toplama Bilgisayar,Klavye,SteelSeries,RK61 Pro Membran Tam boy,4550,Üst,Oyun,,,,,Bluetooth,Membran klavye,8.6,2021,2,Var,Tam boy,,,,,,İncehesap
Toplama Bilgisayar,Ekran Kartı,MSI,RTX 5080 TUF 16GB,97500,Amiral,Yapay Zeka,,GDDR6X,360,16GB,PCIe,2026 4K üst seviye,9.4,1386,3,Var,,,,16GB,,,Vatan
Toplama Bilgisayar,Klavye,Royal Kludge,Ogre Pro Mekanik 60%,5200,Üst,Yazılım,,,,,Kablosuz,Mekanik klavye,8.5,7358,2,Var,60%,,,,,,Sinerji
Toplama Bilgisayar,Klavye,MSI,GMMK RGB Low Profile 75%,5000,Üst,Oyun,,,,,Bluetooth,Low Profile klavye,8.5,7219,2,Var,75%,,,,,,İncehesap
Toplama Bilgisayar,HDD,WD,P300 1TB 7200RPM,1650,Giriş,Günlük Kullanım,,,5,1TB,SATA,3.5 inç mekanik disk,6.6,1180,3,Yok,,,,,,,Sinerji
Toplama Bilgisayar,Klavye,GamePower,Vigor GK Wireless Mekanik 60%,3550,Üst,Oyun,,,,,Bluetooth,Mekanik klavye,8.7,4120,2,Var,60%,,,,,,Epey
Toplama Bilgisayar,Kasa,Phanteks,North White,3800,Orta,Oyun,,,,,ATX,"Mid Tower, mesh/airflow odaklı kasa",7.9,5946,2,Var,Mid Tower,,,,,,Vatan
Toplama Bilgisayar,Klavye,Corsair,RK61 Low Profile TKL,600,Giriş,Günlük Kullanım,,,,,Kablosuz,Low Profile klavye,6.6,3041,2,Var,TKL,,,,,,Vatan
Toplama Bilgisayar,RAM,ADATA,Ballistix 32GB 2x16GB DDR4 4000MHz,4000,Üst,Yayıncılık,,DDR4,,32GB,DDR4,4000MHz bellek kiti,8.7,3010,2,Var,,,,,,,GamingGenTR
Toplama Bilgisayar,Anakart,Gigabyte,Prime B650E MAX DDR5,10450,Üst,Oyun,AM5,DDR5,,,AM5-DDR5,"Mini ITX, B650E yonga seti, DDR5 bellek desteği",8.4,7929,3,Yok,Mini ITX,,,,,,Sinerji
Toplama Bilgisayar,Kasa,Fractal Design,Meshify,3850,Orta,Günlük Kullanım,,,,,ATX,"Mini Tower, mesh/airflow odaklı kasa",7.9,4755,2,Var,Mini Tower,,,,,,Epey
Toplama Bilgisayar,Mouse,MSI,G Pro X Superlight Pro 8000DPI,1100,Orta,Ofis,,,,,Bluetooth,"8000 DPI sensör, 59g",7.4,440,2,Var,,,,,,,Akakçe
Toplama Bilgisayar,Monitör,ASUS,Legion 32 inç 1920x1080 180Hz,5650,Orta,Video Edit,,,25,,HDMI-DP,"VA panel, 180Hz",8.2,2414,3,Yok,32 inç,1920x1080,180Hz,,,,GamingGenTR
Toplama Bilgisayar,Mouse,Zowie,MM712 16000DPI,1700,Orta,Yazılım,,,,,Kablosuz,"16000 DPI sensör, 49g",7.6,5617,2,Var,,,,,,,Epey
Toplama Bilgisayar,Monitör,Philips,UltraGear 27 inç 2560x1440 144Hz,11350,Üst,Video Edit,,,50,,HDMI-DP,"VA panel, 144Hz",8.9,10610,2,Yok,27 inç,2560x1440,144Hz,,,,Vatan
Toplama Bilgisayar,Kasa,Fractal Design,TD500 White,4750,Üst,Oyun,,,,,Micro ATX,"Full Tower, mesh/airflow odaklı kasa",9.2,9104,2,Var,Full Tower,,,,,,GamingGenTR
Toplama Bilgisayar,İşlemci,AMD,Ryzen 3 4100 Box,2550,Giriş,Günlük Kullanım,AM4,DDR4,65,,AM4-DDR4,4 çekirdek 8 thread,6.5,915,3,Yok,,,,,,,Epey
Toplama Bilgisayar,Ekran Kartı,Inno3D,RTX 4060 Ti Twin Edge 8GB,27500,Orta,Günlük Kullanım,,GDDR6,160,8GB,PCIe,1080p/1440p oyun,7.4,7536,3,Yok,,,,8GB,,,Akakçe
Toplama Bilgisayar,Klavye,GamePower,K380 Pro Mekanik 60%,3650,Üst,Ofis,,,,,Kablosuz,Mekanik klavye,9.4,9191,2,Var,60%,,,,,,Epey
Toplama Bilgisayar,Anakart,ASRock,Steel Legend A620 MAX DDR5,3500,Giriş,Yazılım,AM5,DDR5,,,AM5-DDR5,"ATX, A620 yonga seti, DDR5 bellek desteği",6.7,3405,3,Yok,ATX,,,,,,Vatan
Toplama Bilgisayar,Kasa,ASUS,Meshify Black,4900,Üst,Oyun,,,,,ATX,"Full Tower, mesh/airflow odaklı kasa",8.9,5901,2,Var,Full Tower,,,,,,GamingGenTR
Toplama Bilgisayar,Soğutucu,ID-Cooling,LT720,3400,Orta,Oyun,,,,,AM4-AM5-LGA1700,360mm sıvı soğutma,8.1,3353,2,Yok,360mm,,,,,,GamingGenTR
Toplama Bilgisayar,Kasa,ASUS,North RGB,13650,Amiral,Tasarım,,,,,E-ATX,"Mid Tower, mesh/airflow odaklı kasa",9.4,1535,2,Var,Mid Tower,,,,,,GamingGenTR
Toplama Bilgisayar,Anakart,ASUS,Aorus Elite X870 DDR5,15350,Amiral,Yayıncılık,AM5,DDR5,,,AM5-DDR5,"Micro ATX, X870 yonga seti, DDR5 bellek desteği",8.8,2266,3,Yok,Micro ATX,,,,,,Vatan
Toplama Bilgisayar,Kasa,Phanteks,Lancool Mesh,3000,Orta,Günlük Kullanım,,,,,ATX,"Mini Tower, mesh/airflow odaklı kasa",8.3,8469,2,Yok,Mini Tower,,,,,,Epey
Toplama Bilgisayar,Mouse,Redragon,Atlantis Pro 8000DPI,1550,Orta,Ofis,,,,,Kablosuz,"8000 DPI sensör, 90g",7.4,5681,2,Yok,,,,,,,Akakçe
Toplama Bilgisayar,Kasa,Cooler Master,TUF GT Black,2250,Giriş,Ofis,,,,,E-ATX,"Mid Tower, mesh/airflow odaklı kasa",6.6,603,2,Var,Mid Tower,,,,,,İncehesap
Toplama Bilgisayar,RAM,Lexar,NOX 32GB 2x16GB DDR4 3600MHz,3050,Üst,Yayıncılık,,DDR4,,32GB,DDR4,3600MHz bellek kiti,9.3,1674,5,Yok,,,,,,,Sinerji
Toplama Bilgisayar,Kasa,Cooler Master,North Black,1350,Giriş,Oyun,,,,,E-ATX,"Mini Tower, mesh/airflow odaklı kasa",6.9,1103,2,Yok,Mini Tower,,,,,,Vatan
Toplama Bilgisayar,Anakart,ASRock,Taichi B760 AX DDR5,6950,Orta,Ofis,LGA1700,DDR5,,,LGA1700-DDR5,"Mini ITX, B760 yonga seti, DDR5 bellek desteği",7.4,909,3,Var,Mini ITX,,,,,,Vatan
Toplama Bilgisayar,Monitör,HP,Predator 34 inç 3440x1440 165Hz,15950,Amiral,Tasarım,,,25,,HDMI-DP,"OLED panel, 165Hz",9.3,4857,3,Yok,34 inç,3440x1440,165Hz,,,,Epey
Toplama Bilgisayar,Mouse,Darmoshark,G102 Pro 16000DPI,450,Giriş,Ofis,,,,,USB,"16000 DPI sensör, 49g",6.4,2614,2,Yok,,,,,,,Akakçe
Toplama Bilgisayar,Kasa,Thermaltake,CH370 RGB,2700,Orta,Günlük Kullanım,,,,,Micro ATX,"Full Tower, mesh/airflow odaklı kasa",7.6,3040,2,Var,Full Tower,,,,,,Vatan
Toplama Bilgisayar,Mouse,Logitech,Clutch GM Wireless 36000DPI,350,Giriş,Günlük Kullanım,,,,,Bluetooth,"36000 DPI sensör, 75g",7.9,1331,2,Yok,,,,,,,Vatan
Toplama Bilgisayar,Anakart,NZXT,Taichi A620 WiFi DDR5,3150,Giriş,Yazılım,AM5,DDR5,,,AM5-DDR5,"ATX, A620 yonga seti, DDR5 bellek desteği",8.0,37,3,Var,ATX,,,,,,Vatan
Toplama Bilgisayar,Mouse,Zowie,Pulsefire Mini 12000DPI,1350,Orta,Ofis,,,,,Bluetooth,"12000 DPI sensör, 75g",7.8,5262,2,Yok,,,,,,,İtopya
Toplama Bilgisayar,Soğutucu,SilverStone,AK620,1550,Orta,Ofis,,,,,AM4-AM5-LGA1700,Hava soğutma,8.4,782,5,Yok,,,,,,,GamingGenTR
Toplama Bilgisayar,Anakart,Gigabyte,Aorus Elite H610 DDR4,3600,Giriş,Yazılım,LGA1700,DDR4,,,LGA1700-DDR4,"Micro ATX, H610 yonga seti, DDR4 bellek desteği",7.1,2366,3,Var,Micro ATX,,,,,,Epey
Toplama Bilgisayar,Mouse,Zowie,M711 Mini 12000DPI,2600,Üst,Günlük Kullanım,,,,,Kablosuz,"12000 DPI sensör, 90g",9.2,11157,2,Var,,,,,,,Sinerji
Toplama Bilgisayar,İşlemci,AMD,Ryzen 5 7600 Kampanya,6850,Orta,Ofis,AM5,DDR5,65,,AM5-DDR5,6 çekirdek 12 thread dahili grafik,7.5,2217,3,Yok,,,,,,,İncehesap
Toplama Bilgisayar,Kasa,Corsair,4000D Airflow White,4300,Üst,Tasarım,,,,,E-ATX,"Mini Tower, mesh/airflow odaklı kasa",9.0,5725,2,Var,Mini Tower,,,,,,GamingGenTR
Toplama Bilgisayar,Klavye,ASUS,ROG Strix Scope Wireless Membran Tam boy,600,Giriş,Ofis,,,,,Bluetooth,Membran klavye,7.7,1370,2,Yok,Tam boy,,,,,,Vatan
Toplama Bilgisayar,RAM,Corsair,XLR8 8GB 1x8GB DDR4 3200MHz,700,Giriş,Günlük Kullanım,,DDR4,,8GB,DDR4,3200MHz bellek kiti,7.9,197,3,Var,,,,,,,Akakçe
Toplama Bilgisayar,RAM,Corsair,Viper Steel 64GB 2x32GB DDR5 5600MHz,10700,Amiral,Tasarım,,DDR5,,64GB,DDR5,5600MHz bellek kiti,9.0,1667,5,Var,,,,,,,GamingGenTR
Toplama Bilgisayar,Ekran Kartı,XFX,RTX 4070 Gaming OC 12GB,33050,Üst,Video Edit,,GDDR6,200,12GB,PCIe,1440p oyun,9.5,4865,3,Yok,,,,12GB,,,İncehesap
Toplama Bilgisayar,Monitör,ViewSonic,ProArt 31.5 inç 3440x1440 165Hz,20500,Amiral,Yazılım,,,50,,HDMI-DP,"Mini LED panel, 165Hz",9.1,3603,2,Yok,31.5 inç,3440x1440,165Hz,,,,GamingGenTR
Toplama Bilgisayar,Mouse,HyperX,DeathAdder 30000DPI,500,Giriş,Ofis,,,,,USB,"30000 DPI sensör, 75g",7.2,1404,2,Var,,,,,,,Epey
Toplama Bilgisayar,Klavye,Royal Kludge,MOD007 Mekanik Tam boy,3700,Üst,Günlük Kullanım,,,,,Kablosuz,Mekanik klavye,8.7,10668,2,Var,Tam boy,,,,,,Vatan
Toplama Bilgisayar,SSD,Seagate,P5 Plus 2TB NVMe,6100,Üst,Video Edit,,,5,2TB,M2 NVMe,PCIe 4.0 NVMe SSD,8.4,76,3,Yok,,,,,7158 MB/s,5860 MB/s,Epey
Toplama Bilgisayar,Anakart,ASUS,Creator H610 AX DDR4,2700,Giriş,Ofis,LGA1700,DDR4,,,LGA1700-DDR4,"ATX, H610 yonga seti, DDR4 bellek desteği",7.7,713,3,Var,ATX,,,,,,İtopya
Toplama Bilgisayar,HDD,WD,IronWolf 8TB 7200RPM,7050,Üst,Ofis,,,7,8TB,SATA,3.5 inç mekanik disk,8.3,6888,2,Yok,,,,,,,İtopya
Toplama Bilgisayar,Soğutucu,Thermalright,Dark Rock 4,2000,Orta,Yazılım,,,,,AM4-AM5-LGA1700,Hava soğutma,8.6,8185,3,Yok,,,,,,,Akakçe
Toplama Bilgisayar,Ekran Kartı,MSI,RTX 4080 Super Ventus 2X 16GB,79750,Amiral,Oyun,,GDDR6X,320,16GB,PCIe,4K oyun ve render,9.2,2546,3,Var,,,,16GB,,,İncehesap
Toplama Bilgisayar,Kasa,Thermaltake,O11 Dynamic RGB,7250,Üst,Tasarım,,,,,E-ATX,"Full Tower, mesh/airflow odaklı kasa",8.9,11358,2,Var,Full Tower,,,,,,İtopya
Toplama Bilgisayar,Mouse,Logitech,ROG Keris Wireless 16000DPI,5250,Amiral,Ofis,,,,,Bluetooth,"16000 DPI sensör, 63g",9.4,337,2,Yok,,,,,,,GamingGenTR
Toplama Bilgisayar,Kasa,Lian Li,North White,3750,Orta,Ofis,,,,,ATX,"Mid Tower, mesh/airflow odaklı kasa",8.4,2561,2,Var,Mid Tower,,,,,,Epey
Toplama Bilgisayar,İşlemci,AMD,Ryzen 5 5500 Tray,3350,Orta,Günlük Kullanım,AM4,DDR4,65,,AM4-DDR4,6 çekirdek 12 thread,8.8,3864,3,Yok,,,,,,,Sinerji
Toplama Bilgisayar,Kasa,DarkFlash,North,2800,Orta,Yazılım,,,,,Micro ATX,"Full Tower, mesh/airflow odaklı kasa",8.3,2575,2,Yok,Full Tower,,,,,,İncehesap
Toplama Bilgisayar,Mouse,Pulsar,MM712 12000DPI,1200,Orta,Yazılım,,,,,USB,"12000 DPI sensör, 75g",7.8,3115,2,Var,,,,,,,İtopya
Toplama Bilgisayar,Kasa,NZXT,O11 Dynamic RGB,7600,Üst,Yazılım,,,,,Micro ATX,"Mini Tower, mesh/airflow odaklı kasa",9.1,5221,2,Var,Mini Tower,,,,,,GamingGenTR
Toplama Bilgisayar,Güç Kaynağı,GamePower,C Series 450W 80+ Bronze,2150,Giriş,Ofis,,,450W,,80+ Bronze,"Sabit kablo PSU, 80+ Bronze",7.7,1257,10,Yok,,,,,,,İtopya
Toplama Bilgisayar,Soğutucu,ASUS,SE-224-XT,850,Giriş,Ofis,,,,,AM4-AM5-LGA1700,Hava soğutma,6.5,1496,5,Var,,,,,,,Epey
Toplama Bilgisayar,Anakart,Gigabyte,Taichi H610 MAX DDR4,3950,Giriş,Ofis,LGA1700,DDR4,,,LGA1700-DDR4,"Micro ATX, H610 yonga seti, DDR4 bellek desteği",6.7,1629,3,Var,Micro ATX,,,,,,İncehesap
Toplama Bilgisayar,Mouse,ASUS,G305 Wireless 16000DPI,1700,Orta,Ofis,,,,,USB,"16000 DPI sensör, 49g",7.3,5564,2,Var,,,,,,,İtopya
Toplama Bilgisayar,Kasa,Lian Li,4000D Airflow Black,3100,Orta,Günlük Kullanım,,,,,E-ATX,"Mid Tower, mesh/airflow odaklı kasa",7.8,6059,2,Yok,Mid Tower,,,,,,Sinerji
Toplama Bilgisayar,Klavye,GamePower,CK Low Profile TKL,4200,Üst,Ofis,,,,,Bluetooth,Low Profile klavye,8.5,5213,2,Yok,TKL,,,,,,Sinerji
Toplama Bilgisayar,Mouse,Corsair,Rival Wireless 12000DPI,550,Giriş,Oyun,,,,,USB,"12000 DPI sensör, 75g",7.3,101,2,Yok,,,,,,,İncehesap
Toplama Bilgisayar,Kasa,Thermaltake,4000D Airflow,6700,Üst,Oyun,,,,,Micro ATX,"Mid Tower, mesh/airflow odaklı kasa",8.8,1030,2,Yok,Mid Tower,,,,,,GamingGenTR
Toplama Bilgisayar,Klavye,GamePower,Vigor GK RGB Membran Tam boy,800,Giriş,Günlük Kullanım,,,,,Kablosuz,Membran klavye,7.9,3207,2,Var,Tam boy,,,,,,GamingGenTR
Toplama Bilgisayar,Anakart,Colorful,Strix A620 DDR5,3350,Giriş,Yazılım,AM5,DDR5,,,AM5-DDR5,"Mini ITX, A620 yonga seti, DDR5 bellek desteği",6.6,2713,3,Var,Mini ITX,,,,,,Vatan
Toplama Bilgisayar,SSD,Lexar,990 Pro 500GB NVMe,2050,Giriş,Ofis,,,4,500GB,M2 NVMe,PCIe 5.0 NVMe SSD,7.3,1719,3,Yok,,,,,10817 MB/s,9274 MB/s,İncehesap
Toplama Bilgisayar,HDD,WD,Blue 4TB 7200RPM,3650,Orta,Günlük Kullanım,,,5,4TB,SATA,3.5 inç mekanik disk,8.1,5450,2,Yok,,,,,,,Sinerji
Toplama Bilgisayar,Mouse,SteelSeries,MM712 Wireless 26000DPI,1250,Orta,Ofis,,,,,USB,"26000 DPI sensör, 75g",7.2,2550,2,Yok,,,,,,,İncehesap
Toplama Bilgisayar,Kasa,MSI,TUF GT RGB,3150,Orta,Yazılım,,,,,E-ATX,"Mini Tower, mesh/airflow odaklı kasa",8.3,499,2,Var,Mini Tower,,,,,,İncehesap
Toplama Bilgisayar,Mouse,HyperX,M711 Pro 16000DPI,350,Giriş,Günlük Kullanım,,,,,Kablosuz,"16000 DPI sensör, 63g",7.7,1698,2,Yok,,,,,,,Vatan
Toplama Bilgisayar,Monitör,ViewSonic,Nitro 34 inç 3840x2160 240Hz,51450,Amiral,Tasarım,,,35,,HDMI-DP,"VA panel, 240Hz",9.8,4041,2,Yok,34 inç,3840x2160,240Hz,,,,GamingGenTR
Toplama Bilgisayar,Kasa,Phanteks,View 270 Black,7250,Üst,Tasarım,,,,,E-ATX,"Full Tower, mesh/airflow odaklı kasa",8.9,5827,2,Var,Full Tower,,,,,,İncehesap
Toplama Bilgisayar,Mouse,Glorious,Model O 8000DPI,3250,Üst,Oyun,,,,,Kablosuz,"8000 DPI sensör, 49g",9.3,4844,2,Var,,,,,,,GamingGenTR
Toplama Bilgisayar,Anakart,Biostar,Gaming X B660 MAX DDR4,4750,Orta,Günlük Kullanım,LGA1700,DDR4,,,LGA1700-DDR4,"Micro ATX, B660 yonga seti, DDR4 bellek desteği",8.1,5164,3,Var,Micro ATX,,,,,,İncehesap
Toplama Bilgisayar,Mouse,Pulsar,ROG Keris Wireless 16000DPI,5000,Amiral,Ofis,,,,,Kablosuz,"16000 DPI sensör, 49g",9.5,5345,2,Var,,,,,,,Akakçe
Toplama Bilgisayar,SSD,SanDisk,MP600 1TB NVMe,2800,Orta,Oyun,,,4,1TB,M2 NVMe,PCIe 4.0 NVMe SSD,7.6,4646,3,Yok,,,,,6745 MB/s,5362 MB/s,İtopya
Toplama Bilgisayar,Kasa,Thermaltake,Warcry Mesh,3350,Orta,Yazılım,,,,,ATX,"Full Tower, mesh/airflow odaklı kasa",7.7,3263,2,Yok,Full Tower,,,,,,GamingGenTR
Toplama Bilgisayar,HDD,Toshiba,Barracuda 1TB 7200RPM,1450,Giriş,Video Edit,,,9,1TB,SATA,3.5 inç mekanik disk,7.3,1559,3,Yok,,,,,,,Sinerji
Toplama Bilgisayar,Anakart,Gigabyte,TUF Gaming X570 DDR4,13100,Üst,Oyun,AM4,DDR4,,,AM4-DDR4,"Mini ITX, X570 yonga seti, DDR4 bellek desteği",8.4,3318,3,Var,Mini ITX,,,,,,Sinerji
Toplama Bilgisayar,Mouse,Logitech,MM712 26000DPI,3300,Üst,Yazılım,,,,,Kablosuz,"26000 DPI sensör, 90g",8.3,6085,2,Var,,,,,,,GamingGenTR
Toplama Bilgisayar,Kasa,NZXT,Warcry Mesh,2650,Orta,Yazılım,,,,,E-ATX,"Mini Tower, mesh/airflow odaklı kasa",8.5,3025,2,Yok,Mini Tower,,,,,,İtopya
Toplama Bilgisayar,Kasa,MSI,TD500 Mesh,1650,Giriş,Oyun,,,,,ATX,"Mini Tower, mesh/airflow odaklı kasa",7.4,661,2,Var,Mini Tower,,,,,,Sinerji
Toplama Bilgisayar,Klavye,Glorious,MOD007 RGB Optik switch TKL,1550,Orta,Yazılım,,,,,Kablosuz,Optik switch klavye,8.0,648,2,Var,TKL,,,,,,Akakçe
Toplama Bilgisayar,SSD,Kingston,990 EVO 2TB NVMe,4600,Üst,Oyun,,,5,2TB,M2 NVMe,PCIe 3.0 NVMe SSD,8.6,369,3,Yok,,,,,3539 MB/s,2523 MB/s,Akakçe
Toplama Bilgisayar,Kasa,Fractal Design,O11 Dynamic Mesh,3600,Orta,Oyun,,,,,Micro ATX,"Mini Tower, mesh/airflow odaklı kasa",7.5,2125,2,Var,Mini Tower,,,,,,Epey
Toplama Bilgisayar,Anakart,Biostar,Taichi X670 WiFi DDR5,10100,Üst,Yayıncılık,AM5,DDR5,,,AM5-DDR5,"Mini ITX, X670 yonga seti, DDR5 bellek desteği",8.8,8886,3,Yok,Mini ITX,,,,,,İtopya
Toplama Bilgisayar,RAM,Apacer,Ripjaws 16GB 2x8GB DDR4 3200MHz,1400,Orta,Oyun,,DDR4,,16GB,DDR4,3200MHz bellek kiti,8.3,7747,5,Yok,,,,,,,GamingGenTR
Toplama Bilgisayar,Monitör,Acer,Optix 32 inç 1920x1080 75Hz,3150,Giriş,Tasarım,,,25,,HDMI-DP,"VA panel, 75Hz",8.0,460,2,Yok,32 inç,1920x1080,75Hz,,,,Epey
Toplama Bilgisayar,Monitör,Philips,G-Master 32 inç 1920x1080 75Hz,3100,Giriş,Yazılım,,,35,,HDMI-DP,"VA panel, 75Hz",8.0,969,2,Yok,32 inç,1920x1080,75Hz,,,,Sinerji
Toplama Bilgisayar,Monitör,Dell,Nitro 24.5 inç 1920x1080 180Hz,4750,Orta,Oyun,,,25,,HDMI-DP,"VA panel, 180Hz",8.5,2386,3,Yok,24.5 inç,1920x1080,180Hz,,,,İtopya
Toplama Bilgisayar,RAM,Kingston,Ballistix 64GB 2x32GB DDR5 6400MHz,12450,Amiral,Tasarım,,DDR5,,64GB,DDR5,6400MHz bellek kiti,9.9,1677,5,Yok,,,,,,,GamingGenTR
Toplama Bilgisayar,Ekran Kartı,XFX,RX 9070 XT JetStream 16GB,70100,Amiral,Video Edit,,GDDR6,304,16GB,PCIe,2026 RDNA üst seviye,9.7,5004,3,Yok,,,,16GB,,,İncehesap
Toplama Bilgisayar,Mouse,Pulsar,FK2 Wireless 16000DPI,600,Giriş,Yazılım,,,,,Kablosuz,"16000 DPI sensör, 75g",7.3,630,2,Var,,,,,,,İncehesap
Toplama Bilgisayar,HDD,WD,Blue 8TB 7200RPM,8250,Üst,Ofis,,,9,8TB,SATA,3.5 inç mekanik disk,9.2,5626,3,Yok,,,,,,,İtopya
Toplama Bilgisayar,Monitör,LG,UltraGear 34 inç 3840x2160 144Hz,20850,Amiral,Yazılım,,,50,,HDMI-DP,"OLED panel, 144Hz",9.2,52,2,Yok,34 inç,3840x2160,144Hz,,,,İncehesap
Toplama Bilgisayar,Kasa,Xigmatek,View 270 Mesh,2550,Orta,Oyun,,,,,E-ATX,"Mid Tower, mesh/airflow odaklı kasa",7.7,2072,2,Var,Mid Tower,,,,,,Sinerji
Toplama Bilgisayar,Güç Kaynağı,DeepCool,PF 1000W 80+ Gold,8450,Üst,Yayıncılık,,,1000W,,80+ Gold,"Modüler PSU, 80+ Gold",9.0,2355,7,Yok,,,,,,,Epey
Toplama Bilgisayar,Ekran Kartı,Gainward,RX 7900 XTX Aero OC 24GB,76150,Amiral,Yayıncılık,,GDDR6,355,24GB,PCIe,24GB VRAM 4K,9.9,3531,3,Yok,,,,24GB,,,Akakçe
Toplama Bilgisayar,Mouse,ASUS,Viper Wireless 30000DPI,2650,Üst,Ofis,,,,,USB,"30000 DPI sensör, 75g",8.7,896,2,Yok,,,,,,,Akakçe
Toplama Bilgisayar,RAM,GoodRam,Dominator 8GB 1x8GB DDR5 5200MHz,1300,Giriş,Yazılım,,DDR5,,8GB,DDR5,5200MHz bellek kiti,8.0,2179,5,Var,,,,,,,İncehesap
Toplama Bilgisayar,RAM,XPG,Fury Beast 32GB 2x16GB DDR5 5600MHz,4350,Üst,Yazılım,,DDR5,,32GB,DDR5,5600MHz bellek kiti,8.4,11138,2,Yok,,,,,,,Akakçe
Toplama Bilgisayar,Anakart,NZXT,Taichi B760 MAX DDR4,6800,Orta,Yazılım,LGA1700,DDR4,,,LGA1700-DDR4,"Mini ITX, B760 yonga seti, DDR4 bellek desteği",8.3,4200,3,Var,Mini ITX,,,,,,İtopya
Toplama Bilgisayar,Ekran Kartı,Zotac,RX 7800 XT TUF 16GB,33550,Üst,Yayıncılık,,GDDR6,263,16GB,PCIe,16GB VRAM 1440p,9.0,287,3,Yok,,,,16GB,,,Akakçe
Toplama Bilgisayar,Mouse,Lamzu,Model O Wireless 8000DPI,2750,Üst,Ofis,,,,,Kablosuz,"8000 DPI sensör, 63g",8.2,2115,2,Var,,,,,,,Vatan
Toplama Bilgisayar,HDD,Toshiba,P300 4TB 7200RPM,4500,Orta,Günlük Kullanım,,,5,4TB,SATA,3.5 inç mekanik disk,8.5,1305,2,Yok,,,,,,,Akakçe
Toplama Bilgisayar,HDD,Toshiba,Red Plus 12TB 7200RPM,11000,Üst,Ofis,,,7,12TB,SATA,3.5 inç mekanik disk,8.5,6744,2,Yok,,,,,,,Epey
Toplama Bilgisayar,RAM,GoodRam,Vengeance 16GB 2x8GB DDR5 5600MHz,2500,Orta,Yazılım,,DDR5,,16GB,DDR5,5600MHz bellek kiti,7.9,6100,3,Var,,,,,,,İncehesap
Toplama Bilgisayar,Mouse,Zowie,MM712 Mini 30000DPI,5100,Amiral,Ofis,,,,,USB,"30000 DPI sensör, 49g",9.0,3613,2,Yok,,,,,,,Sinerji
Toplama Bilgisayar,Klavye,Corsair,G Pro X RGB Low Profile 60%,2250,Orta,Yazılım,,,,,Kablosuz,Low Profile klavye,7.9,1332,2,Var,60%,,,,,,Epey
Toplama Bilgisayar,Kasa,Phanteks,North,2350,Orta,Yazılım,,,,,E-ATX,"Mid Tower, mesh/airflow odaklı kasa",7.5,4875,2,Var,Mid Tower,,,,,,Vatan
Toplama Bilgisayar,Monitör,Philips,Optix 24.5 inç 3840x2160 144Hz,32050,Amiral,Video Edit,,,35,,HDMI-DP,"OLED panel, 144Hz",9.3,1484,3,Yok,24.5 inç,3840x2160,144Hz,,,,Vatan
Toplama Bilgisayar,Ekran Kartı,Zotac,RX 7700 XT StormX 12GB,25950,Üst,Yayıncılık,,GDDR6,245,12GB,PCIe,1440p oyun,8.9,9723,3,Var,,,,12GB,,,İncehesap
Toplama Bilgisayar,Mouse,Glorious,Clutch GM 8000DPI,3300,Üst,Yazılım,,,,,Bluetooth,"8000 DPI sensör, 63g",8.8,2350,2,Yok,,,,,,,Epey
Toplama Bilgisayar,Mouse,Glorious,Pulsefire Wireless 30000DPI,550,Giriş,Oyun,,,,,Bluetooth,"30000 DPI sensör, 63g",6.7,2982,2,Yok,,,,,,,Vatan
Toplama Bilgisayar,HDD,Toshiba,Red Plus 4TB 7200RPM,4800,Orta,Ofis,,,7,4TB,SATA,3.5 inç mekanik disk,8.6,3659,3,Yok,,,,,,,GamingGenTR
Toplama Bilgisayar,HDD,Seagate,P300 4TB 7200RPM,3600,Orta,Yayıncılık,,,5,4TB,SATA,3.5 inç mekanik disk,8.1,7811,2,Yok,,,,,,,Vatan
Toplama Bilgisayar,Kasa,Thermaltake,Aquarius White,6850,Üst,Tasarım,,,,,ATX,"Full Tower, mesh/airflow odaklı kasa",8.9,3006,2,Var,Full Tower,,,,,,İncehesap
Toplama Bilgisayar,Monitör,AOC,Mobiuz 31.5 inç 1920x1080 144Hz,4950,Orta,Video Edit,,,25,,HDMI-DP,"IPS panel, 144Hz",8.0,4411,2,Yok,31.5 inç,1920x1080,144Hz,,,,Akakçe
Toplama Bilgisayar,Kasa,Phanteks,Meshify Black,1950,Giriş,Ofis,,,,,ATX,"Mid Tower, mesh/airflow odaklı kasa",7.0,1646,2,Yok,Mid Tower,,,,,,Epey
Toplama Bilgisayar,SSD,Corsair,SN770 2TB NVMe,4850,Üst,Oyun,,,4,2TB,M2 NVMe,PCIe 4.0 NVMe SSD,8.1,4653,5,Yok,,,,,6737 MB/s,4896 MB/s,Epey
Toplama Bilgisayar,Kasa,ASUS,Lancool White,3900,Orta,Ofis,,,,,ATX,"Mid Tower, mesh/airflow odaklı kasa",8.0,296,2,Yok,Mid Tower,,,,,,İtopya
Toplama Bilgisayar,Klavye,Cooler Master,RK61 Wireless Low Profile Tam boy,3300,Üst,Ofis,,,,,Kablosuz,Low Profile klavye,8.7,1196,2,Yok,Tam boy,,,,,,Akakçe
Toplama Bilgisayar,Mouse,Razer,G102 Mini 30000DPI,3350,Üst,Oyun,,,,,Kablosuz,"30000 DPI sensör, 75g",8.2,11671,2,Yok,,,,,,,Sinerji
Toplama Bilgisayar,İşlemci,Intel,Core i9-14900KF Pro Sistem,31300,Amiral,Video Edit,LGA1700,DDR5,125,,LGA1700-DDR5,24 çekirdek,8.9,3344,3,Yok,,,,,,,İtopya
Toplama Bilgisayar,RAM,Crucial,Vengeance 32GB 2x16GB DDR5 5600MHz,4350,Üst,Yayıncılık,,DDR5,,32GB,DDR5,5600MHz bellek kiti,8.1,354,2,Yok,,,,,,,Sinerji
Toplama Bilgisayar,Klavye,GamePower,K70 Pro Membran TKL,2300,Orta,Günlük Kullanım,,,,,Kablosuz,Membran klavye,7.3,4971,2,Yok,TKL,,,,,,İncehesap
Toplama Bilgisayar,Mouse,Corsair,G102 Pro 36000DPI,3200,Üst,Oyun,,,,,Kablosuz,"36000 DPI sensör, 75g",8.5,1275,2,Var,,,,,,,Sinerji
Toplama Bilgisayar,Kasa,GamePower,MAG Forge RGB,2450,Orta,Günlük Kullanım,,,,,Micro ATX,"Full Tower, mesh/airflow odaklı kasa",8.6,8463,2,Var,Full Tower,,,,,,Epey
Toplama Bilgisayar,Klavye,ASUS,GMMK Low Profile TKL,550,Giriş,Oyun,,,,,Kablosuz,Low Profile klavye,8.0,2559,2,Yok,TKL,,,,,,Vatan
Toplama Bilgisayar,Klavye,Glorious,ROG Strix Scope Pro Mekanik 75%,1950,Orta,Günlük Kullanım,,,,,USB,Mekanik klavye,8.3,3982,2,Yok,75%,,,,,,Sinerji
Toplama Bilgisayar,Soğutucu,Corsair,SE-224-XT,1900,Orta,Ofis,,,,,AM4-AM5-LGA1700,Hava soğutma,8.1,7542,3,Var,,,,,,,İtopya
Toplama Bilgisayar,Kasa,NZXT,North Black,5650,Üst,Oyun,,,,,ATX,"Mid Tower, mesh/airflow odaklı kasa",8.2,11689,2,Var,Mid Tower,,,,,,Vatan
Toplama Bilgisayar,Mouse,MSI,Model O Mini 8000DPI,2950,Üst,Ofis,,,,,USB,"8000 DPI sensör, 49g",9.3,11600,2,Var,,,,,,,GamingGenTR
Toplama Bilgisayar,Soğutucu,NZXT,Assassin X,1100,Giriş,Ofis,,,,,AM4-AM5-LGA1700,Hava soğutma,8.0,783,2,Yok,,,,,,,Vatan
Toplama Bilgisayar,Anakart,ASRock,Creator H610 DDR4,2500,Giriş,Yazılım,LGA1700,DDR4,,,LGA1700-DDR4,"ATX, H610 yonga seti, DDR4 bellek desteği",6.7,3458,3,Var,ATX,,,,,,Epey
Toplama Bilgisayar,Kasa,ASUS,View 270,10950,Amiral,Yayıncılık,,,,,ATX,"Full Tower, mesh/airflow odaklı kasa",9.1,2409,2,Var,Full Tower,,,,,,İncehesap
Toplama Bilgisayar,Mouse,Darmoshark,Atlantis Mini 16000DPI,600,Giriş,Günlük Kullanım,,,,,Kablosuz,"16000 DPI sensör, 49g",7.8,2377,2,Var,,,,,,,İncehesap
Toplama Bilgisayar,Kasa,Phanteks,Lancool RGB,6200,Üst,Tasarım,,,,,E-ATX,"Mini Tower, mesh/airflow odaklı kasa",9.4,8361,2,Var,Mini Tower,,,,,,Vatan
Toplama Bilgisayar,Kasa,Cooler Master,4000D Airflow Black,2250,Giriş,Günlük Kullanım,,,,,ATX,"Mid Tower, mesh/airflow odaklı kasa",7.1,958,2,Yok,Mid Tower,,,,,,İncehesap
Toplama Bilgisayar,Güç Kaynağı,XPG,MAG 450W 80+ Bronze,1650,Giriş,Ofis,,,450W,,80+ Bronze,"Yarı modüler PSU, 80+ Bronze",6.9,1184,10,Yok,,,,,,,İncehesap
Toplama Bilgisayar,Soğutucu,be quiet!,Hyper 212,3050,Üst,Yayıncılık,,,,,AM4-AM5-LGA1700,Hava soğutma,9.3,401,5,Var,,,,,,,İncehesap
Toplama Bilgisayar,Ekran Kartı,PowerColor,RX 7700 XT Hellhound 12GB,29250,Üst,Yayıncılık,,GDDR6,245,12GB,PCIe,1440p oyun,9.1,6718,3,Yok,,,,12GB,,,Epey
Toplama Bilgisayar,Monitör,Philips,G-Master 32 inç 1920x1080 180Hz,6900,Orta,Tasarım,,,35,,HDMI-DP,"IPS panel, 180Hz",8.3,6384,3,Yok,32 inç,1920x1080,180Hz,,,,İncehesap
Toplama Bilgisayar,Klavye,GamePower,G Pro X Membran 75%,2150,Orta,Ofis,,,,,USB,Membran klavye,8.5,1060,2,Var,75%,,,,,,GamingGenTR
Toplama Bilgisayar,Güç Kaynağı,Corsair,Straight Power 1600W 80+ Platinum,14500,Amiral,Yayıncılık,,,1600W,,80+ Platinum,"Modüler PSU, 80+ Platinum",9.5,1151,5,Yok,,,,,,,GamingGenTR
Toplama Bilgisayar,Monitör,LG,TUF Gaming 31.5 inç 1920x1080 144Hz,5450,Orta,Ofis,,,35,,HDMI-DP,"IPS panel, 144Hz",7.6,3180,2,Yok,31.5 inç,1920x1080,144Hz,,,,Epey
Toplama Bilgisayar,Mouse,Corsair,X2V2 Wireless 8000DPI,1350,Orta,Günlük Kullanım,,,,,USB,"8000 DPI sensör, 49g",7.5,2236,2,Yok,,,,,,,Akakçe
Toplama Bilgisayar,Kasa,DarkFlash,TUF GT,2550,Orta,Yazılım,,,,,Micro ATX,"Mid Tower, mesh/airflow odaklı kasa",7.3,5944,2,Yok,Mid Tower,,,,,,İncehesap
Toplama Bilgisayar,SSD,Kingston,Exceria Plus 4TB NVMe,9450,Amiral,Video Edit,,,5,4TB,M2 NVMe,PCIe 3.0 NVMe SSD,9.5,6429,3,Yok,,,,,3447 MB/s,2535 MB/s,GamingGenTR
Toplama Bilgisayar,Mouse,Darmoshark,X2V2 Wireless 12000DPI,400,Giriş,Günlük Kullanım,,,,,Bluetooth,"12000 DPI sensör, 75g",7.4,3262,2,Var,,,,,,,GamingGenTR
Toplama Bilgisayar,Mouse,Pulsar,Rival 16000DPI,1750,Orta,Yazılım,,,,,Bluetooth,"16000 DPI sensör, 90g",8.7,7985,2,Var,,,,,,,Akakçe
Toplama Bilgisayar,HDD,WD,IronWolf 6TB 7200RPM,7350,Orta,Video Edit,,,7,6TB,SATA,3.5 inç mekanik disk,7.3,4543,3,Yok,,,,,,,İtopya
Toplama Bilgisayar,Klavye,MSI,K70 Membran Tam boy,8100,Amiral,Yazılım,,,,,Kablosuz,Membran klavye,9.8,3098,2,Yok,Tam boy,,,,,,Akakçe
Toplama Bilgisayar,Kasa,Lian Li,TUF GT,3550,Orta,Oyun,,,,,E-ATX,"Mini Tower, mesh/airflow odaklı kasa",7.7,695,2,Yok,Mini Tower,,,,,,Vatan
Toplama Bilgisayar,Mouse,ASUS,Harpoon Pro 12000DPI,1050,Orta,Yazılım,,,,,Bluetooth,"12000 DPI sensör, 75g",8.1,4351,2,Yok,,,,,,,İtopya
Toplama Bilgisayar,Ekran Kartı,Gainward,RTX 3050 JetStream 8GB,9750,Giriş,Günlük Kullanım,,GDDR6,130,8GB,PCIe,DLSS destekli giriş seviye,7.3,2136,3,Yok,,,,8GB,,,Epey
Toplama Bilgisayar,Anakart,ASUS,Aorus Elite B760 DDR4,6100,Orta,Ofis,LGA1700,DDR4,,,LGA1700-DDR4,"ATX, B760 yonga seti, DDR4 bellek desteği",7.5,5237,3,Yok,ATX,,,,,,İtopya
Toplama Bilgisayar,Klavye,Cooler Master,Alloy Origins Optik switch TKL,550,Giriş,Günlük Kullanım,,,,,USB,Optik switch klavye,6.9,2738,2,Var,TKL,,,,,,Vatan
Toplama Bilgisayar,HDD,WD,P300 2TB 7200RPM,2450,Giriş,Günlük Kullanım,,,9,2TB,SATA,3.5 inç mekanik disk,6.5,2684,3,Yok,,,,,,,İncehesap
Toplama Bilgisayar,Anakart,ASUS,Mortar B650E MAX DDR5,12750,Üst,Yayıncılık,AM5,DDR5,,,AM5-DDR5,"ATX, B650E yonga seti, DDR5 bellek desteği",9.2,9929,3,Yok,ATX,,,,,,Akakçe
Toplama Bilgisayar,Anakart,ASUS,Prime A520 AX DDR4,3900,Giriş,Günlük Kullanım,AM4,DDR4,,,AM4-DDR4,"Mini ITX, A520 yonga seti, DDR4 bellek desteği",7.1,1271,3,Var,Mini ITX,,,,,,İncehesap
Toplama Bilgisayar,Kasa,DeepCool,H5 Flow,3600,Orta,Yazılım,,,,,Micro ATX,"Mini Tower, mesh/airflow odaklı kasa",8.1,6984,2,Var,Mini Tower,,,,,,Epey
Toplama Bilgisayar,Klavye,Razer,K70 Pro Membran Tam boy,4750,Üst,Ofis,,,,,USB,Membran klavye,8.3,7599,2,Var,Tam boy,,,,,,Epey
Toplama Bilgisayar,Monitör,Gigabyte,Raptor 24.5 inç 3840x2160 144Hz,26050,Amiral,Video Edit,,,50,,HDMI-DP,"OLED panel, 144Hz",9.7,5566,2,Yok,24.5 inç,3840x2160,144Hz,,,,İncehesap
Toplama Bilgisayar,Mouse,HyperX,Pulsefire 8000DPI,1050,Orta,Ofis,,,,,Kablosuz,"8000 DPI sensör, 63g",7.4,4323,2,Var,,,,,,,Epey
Toplama Bilgisayar,Mouse,Pulsar,X2V2 Pro 8000DPI,600,Giriş,Günlük Kullanım,,,,,USB,"8000 DPI sensör, 63g",6.8,2073,2,Yok,,,,,,,Vatan
Toplama Bilgisayar,Ekran Kartı,Sapphire,RX 9070 XT StormX 16GB,65800,Amiral,Yapay Zeka,,GDDR6,304,16GB,PCIe,2026 RDNA üst seviye,9.6,3620,3,Var,,,,16GB,,,Vatan
Toplama Bilgisayar,Klavye,Keychron,K70 RGB Membran TKL,2950,Üst,Yazılım,,,,,USB,Membran klavye,8.8,6544,2,Var,TKL,,,,,,Sinerji
Toplama Bilgisayar,Mouse,Razer,X2V2 Mini 16000DPI,1150,Orta,Günlük Kullanım,,,,,Bluetooth,"16000 DPI sensör, 75g",8.3,168,2,Yok,,,,,,,Sinerji
Toplama Bilgisayar,Monitör,AOC,G-Master 24.5 inç 3440x1440 165Hz,22600,Amiral,Tasarım,,,50,,HDMI-DP,"VA panel, 165Hz",8.9,5312,3,Yok,24.5 inç,3440x1440,165Hz,,,,Sinerji
Toplama Bilgisayar,SSD,Corsair,Exceria Plus 4TB NVMe,20550,Amiral,Yapay Zeka,,,3,4TB,M2 NVMe,PCIe 5.0 NVMe SSD,8.9,2497,3,Yok,,,,,9020 MB/s,8155 MB/s,Akakçe
Toplama Bilgisayar,Anakart,NZXT,Phantom Gaming H610 WiFi DDR4,2850,Giriş,Ofis,LGA1700,DDR4,,,LGA1700-DDR4,"Micro ATX, H610 yonga seti, DDR4 bellek desteği",7.7,1191,3,Yok,Micro ATX,,,,,,GamingGenTR
Toplama Bilgisayar,Güç Kaynağı,Cooler Master,PF 1000W 80+ Platinum,7900,Üst,Yazılım,,,1000W,,80+ Platinum,"Modüler PSU, 80+ Platinum",9.2,2455,2,Yok,,,,,,,Vatan
Toplama Bilgisayar,Mouse,Lamzu,Clutch GM Pro 30000DPI,550,Giriş,Günlük Kullanım,,,,,Kablosuz,"30000 DPI sensör, 63g",7.6,1575,2,Yok,,,,,,,GamingGenTR
Toplama Bilgisayar,Kasa,Fractal Design,North RGB,4050,Orta,Ofis,,,,,E-ATX,"Full Tower, mesh/airflow odaklı kasa",7.8,328,2,Var,Full Tower,,,,,,Sinerji
Toplama Bilgisayar,Klavye,GamePower,K70 Mekanik TKL,5250,Üst,Oyun,,,,,USB,Mekanik klavye,8.5,5032,2,Var,TKL,,,,,,Vatan
Toplama Bilgisayar,Kasa,DeepCool,TUF GT White,2400,Orta,Günlük Kullanım,,,,,Micro ATX,"Mid Tower, mesh/airflow odaklı kasa",7.5,8202,2,Var,Mid Tower,,,,,,GamingGenTR
Toplama Bilgisayar,Klavye,Keychron,Vigor GK Pro Optik switch 60%,2150,Orta,Yazılım,,,,,Bluetooth,Optik switch klavye,8.5,8059,2,Var,60%,,,,,,Sinerji
Toplama Bilgisayar,Klavye,Redragon,BlackWidow RGB Membran 60%,1500,Orta,Oyun,,,,,Bluetooth,Membran klavye,8.2,1889,2,Var,60%,,,,,,İncehesap
Toplama Bilgisayar,Klavye,ASUS,CK Membran 75%,1850,Orta,Günlük Kullanım,,,,,Bluetooth,Membran klavye,7.3,4212,2,Var,75%,,,,,,GamingGenTR
Toplama Bilgisayar,SSD,Crucial,Legend 960 1TB NVMe,4550,Orta,Oyun,,,3,1TB,M2 NVMe,PCIe 5.0 NVMe SSD,7.5,2998,3,Yok,,,,,12428 MB/s,10195 MB/s,Akakçe
Toplama Bilgisayar,Mouse,Pulsar,Viper Pro 12000DPI,1200,Orta,Yazılım,,,,,Bluetooth,"12000 DPI sensör, 63g",8.6,6191,2,Var,,,,,,,Akakçe
Toplama Bilgisayar,Monitör,Dell,Raptor 32 inç 3440x1440 165Hz,19900,Amiral,Yazılım,,,35,,HDMI-DP,"Mini LED panel, 165Hz",9.3,1539,3,Yok,32 inç,3440x1440,165Hz,,,,İtopya
Toplama Bilgisayar,Mouse,Zowie,Pulsefire 12000DPI,1650,Orta,Ofis,,,,,USB,"12000 DPI sensör, 90g",7.7,854,2,Yok,,,,,,,Vatan
Toplama Bilgisayar,Klavye,Logitech,K70 Wireless Mekanik 75%,650,Giriş,Yazılım,,,,,Kablosuz,Mekanik klavye,6.6,1375,2,Var,75%,,,,,,İtopya
Toplama Bilgisayar,Monitör,Samsung,Alienware 32 inç 3440x1440 165Hz,21800,Amiral,Ofis,,,50,,HDMI-DP,"OLED panel, 165Hz",8.8,5926,3,Yok,32 inç,3440x1440,165Hz,,,,Akakçe
Toplama Bilgisayar,Kasa,Fractal Design,CH370 Black,12300,Amiral,Oyun,,,,,E-ATX,"Full Tower, mesh/airflow odaklı kasa",8.8,881,2,Var,Full Tower,,,,,,İtopya
Toplama Bilgisayar,İşlemci,AMD,Ryzen 5 7600 Tray,7100,Orta,Oyun,AM5,DDR5,65,,AM5-DDR5,6 çekirdek 12 thread dahili grafik,8.3,1014,3,Yok,,,,,,,Epey
Toplama Bilgisayar,Kasa,Corsair,Eclipse Mesh,12950,Amiral,Yayıncılık,,,,,Micro ATX,"Mini Tower, mesh/airflow odaklı kasa",9.0,3772,2,Yok,Mini Tower,,,,,,GamingGenTR
Toplama Bilgisayar,Kasa,NZXT,TD500 White,5850,Üst,Video Edit,,,,,Micro ATX,"Full Tower, mesh/airflow odaklı kasa",9.0,8973,2,Yok,Full Tower,,,,,,GamingGenTR
Toplama Bilgisayar,Klavye,Keychron,CK Wireless Membran 60%,1350,Orta,Günlük Kullanım,,,,,USB,Membran klavye,8.7,6488,2,Yok,60%,,,,,,İncehesap
Toplama Bilgisayar,Mouse,Redragon,Atlantis Mini 30000DPI,2300,Üst,Günlük Kullanım,,,,,Bluetooth,"30000 DPI sensör, 49g",8.7,11680,2,Var,,,,,,,Akakçe
Toplama Bilgisayar,Soğutucu,NZXT,Frozr,1050,Giriş,Ofis,,,,,AM4-AM5-LGA1700,Hava soğutma,6.7,873,5,Var,,,,,,,Vatan
Toplama Bilgisayar,Monitör,ASUS,Alienware 34 inç 2560x1440 144Hz,8900,Üst,Yazılım,,,25,,HDMI-DP,"IPS panel, 144Hz",9.3,11557,3,Yok,34 inç,2560x1440,144Hz,,,,Sinerji
Toplama Bilgisayar,SSD,PNY,990 EVO 500GB NVMe,2300,Giriş,Ofis,,,3,500GB,M2 NVMe,PCIe 5.0 NVMe SSD,7.9,2379,5,Yok,,,,,9556 MB/s,8614 MB/s,Sinerji
Toplama Bilgisayar,Kasa,MSI,MAG Forge RGB,1700,Giriş,Oyun,,,,,E-ATX,"Mid Tower, mesh/airflow odaklı kasa",6.9,1702,2,Var,Mid Tower,,,,,,GamingGenTR
Toplama Bilgisayar,Mouse,Logitech,G102 Pro 16000DPI,6650,Amiral,Günlük Kullanım,,,,,USB,"16000 DPI sensör, 59g",9.4,5075,2,Yok,,,,,,,Epey
Toplama Bilgisayar,RAM,Patriot,XPG Lancer 16GB 2x8GB DDR5 7200MHz,3300,Orta,Ofis,,DDR5,,16GB,DDR5,7200MHz bellek kiti,7.2,3879,2,Yok,,,,,,,Akakçe
Toplama Bilgisayar,Klavye,ASUS,Vigor GK Pro Mekanik Tam boy,700,Giriş,Yazılım,,,,,USB,Mekanik klavye,8.0,612,2,Yok,Tam boy,,,,,,Epey
Toplama Bilgisayar,Monitör,Acer,Alienware 23.8 inç 1920x1080 144Hz,4600,Orta,Video Edit,,,25,,HDMI-DP,"IPS panel, 144Hz",7.3,4396,3,Yok,23.8 inç,1920x1080,144Hz,,,,Akakçe
Toplama Bilgisayar,SSD,ADATA,990 Pro 1TB NVMe,3200,Orta,Yazılım,,,3,1TB,M2 NVMe,PCIe 4.0 NVMe SSD,7.8,2234,3,Yok,,,,,5690 MB/s,4790 MB/s,Vatan
Toplama Bilgisayar,Ekran Kartı,Gigabyte,RTX 4070 Ti Super Dual 16GB,57450,Üst,Video Edit,,GDDR6X,285,16GB,PCIe,1440p/4K güçlü performans,9.2,4772,3,Var,,,,16GB,,,İtopya
Toplama Bilgisayar,Anakart,MSI,Gaming X A620 DDR5,4050,Giriş,Ofis,AM5,DDR5,,,AM5-DDR5,"ATX, A620 yonga seti, DDR5 bellek desteği",7.2,428,3,Yok,ATX,,,,,,Sinerji
Toplama Bilgisayar,Klavye,Royal Kludge,K380 RGB Low Profile 75%,500,Giriş,Ofis,,,,,USB,Low Profile klavye,7.5,2629,2,Var,75%,,,,,,Sinerji
Toplama Bilgisayar,Mouse,MSI,G305 16000DPI,400,Giriş,Yazılım,,,,,USB,"16000 DPI sensör, 59g",7.7,3023,2,Var,,,,,,,Vatan
Toplama Bilgisayar,Mouse,HyperX,G102 Pro 16000DPI,350,Giriş,Oyun,,,,,USB,"16000 DPI sensör, 59g",6.6,1256,2,Var,,,,,,,Akakçe
Toplama Bilgisayar,Mouse,ASUS,Model O Wireless 26000DPI,2800,Üst,Günlük Kullanım,,,,,USB,"26000 DPI sensör, 63g",8.9,1618,2,Yok,,,,,,,İtopya
Toplama Bilgisayar,Kasa,Xigmatek,Lancool Black,1350,Giriş,Oyun,,,,,E-ATX,"Full Tower, mesh/airflow odaklı kasa",7.0,1774,2,Yok,Full Tower,,,,,,İtopya
Toplama Bilgisayar,Mouse,Cooler Master,X2V2 Wireless 12000DPI,1550,Orta,Yazılım,,,,,USB,"12000 DPI sensör, 63g",8.7,3165,2,Yok,,,,,,,Epey
Toplama Bilgisayar,Anakart,Gigabyte,Gaming X B760 DDR4,6600,Orta,Günlük Kullanım,LGA1700,DDR4,,,LGA1700-DDR4,"Micro ATX, B760 yonga seti, DDR4 bellek desteği",7.3,7802,3,Yok,Micro ATX,,,,,,Vatan
Toplama Bilgisayar,Mouse,Corsair,Clutch GM 12000DPI,1400,Orta,Ofis,,,,,USB,"12000 DPI sensör, 90g",8.2,2222,2,Yok,,,,,,,Vatan
Toplama Bilgisayar,Kasa,DeepCool,O11 Dynamic White,4700,Üst,Video Edit,,,,,Micro ATX,"Mid Tower, mesh/airflow odaklı kasa",8.5,6571,2,Var,Mid Tower,,,,,,GamingGenTR
Toplama Bilgisayar,Kasa,ASUS,TD500 RGB,2200,Giriş,Günlük Kullanım,,,,,ATX,"Mini Tower, mesh/airflow odaklı kasa",6.6,812,2,Var,Mini Tower,,,,,,Epey
Toplama Bilgisayar,Kasa,Cooler Master,Aquarius Mesh,6350,Üst,Yayıncılık,,,,,ATX,"Mid Tower, mesh/airflow odaklı kasa",8.9,1538,2,Var,Mid Tower,,,,,,İncehesap
Toplama Bilgisayar,Güç Kaynağı,XPG,Toughpower 750W 80+ Titanium,3500,Orta,Ofis,,,750W,,80+ Titanium,"Sabit kablo PSU, 80+ Titanium",7.5,1793,3,Yok,,,,,,,GamingGenTR
Toplama Bilgisayar,Ekran Kartı,XFX,RX 7900 GRE StormX 16GB,44050,Üst,Yayıncılık,,GDDR6,260,16GB,PCIe,1440p/4K,8.7,7085,3,Yok,,,,16GB,,,Sinerji
Toplama Bilgisayar,Kasa,Lian Li,CH370 Black,3450,Orta,Yazılım,,,,,ATX,"Mid Tower, mesh/airflow odaklı kasa",8.1,749,2,Yok,Mid Tower,,,,,,İncehesap
Toplama Bilgisayar,Ekran Kartı,Colorful,RX 7600 Eagle OC 8GB,15150,Orta,Oyun,,GDDR6,165,8GB,PCIe,1080p oyun,8.4,6171,3,Yok,,,,8GB,,,GamingGenTR
Toplama Bilgisayar,Kasa,Thermaltake,H5 Flow White,3900,Orta,Ofis,,,,,ATX,"Mid Tower, mesh/airflow odaklı kasa",8.4,3845,2,Yok,Mid Tower,,,,,,Sinerji
Toplama Bilgisayar,HDD,Toshiba,Red Plus 1TB 7200RPM,1350,Giriş,Günlük Kullanım,,,7,1TB,SATA,3.5 inç mekanik disk,7.8,366,3,Yok,,,,,,,Akakçe
Toplama Bilgisayar,Mouse,Lamzu,G102 16000DPI,600,Giriş,Yazılım,,,,,Bluetooth,"16000 DPI sensör, 63g",7.4,2108,2,Yok,,,,,,,Akakçe
Toplama Bilgisayar,Mouse,Zowie,FK2 Wireless 36000DPI,1450,Orta,Oyun,,,,,Kablosuz,"36000 DPI sensör, 59g",8.0,4169,2,Var,,,,,,,Sinerji
Toplama Bilgisayar,RAM,Corsair,XPG Lancer 32GB 2x16GB DDR5 6000MHz,4600,Üst,Yazılım,,DDR5,,32GB,DDR5,6000MHz bellek kiti,9.5,6973,2,Var,,,,,,,Akakçe
Toplama Bilgisayar,Kasa,ASUS,North Black,5500,Üst,Oyun,,,,,E-ATX,"Mid Tower, mesh/airflow odaklı kasa",8.7,6207,2,Var,Mid Tower,,,,,,Akakçe
Toplama Bilgisayar,Mouse,Pulsar,Atlantis Pro 36000DPI,2850,Üst,Günlük Kullanım,,,,,Kablosuz,"36000 DPI sensör, 90g",8.5,6532,2,Yok,,,,,,,Akakçe
Toplama Bilgisayar,Mouse,Pulsar,DeathAdder 16000DPI,1600,Orta,Günlük Kullanım,,,,,Bluetooth,"16000 DPI sensör, 49g",8.6,3217,2,Yok,,,,,,,GamingGenTR
Toplama Bilgisayar,Mouse,Corsair,G305 Wireless 16000DPI,1400,Orta,Günlük Kullanım,,,,,USB,"16000 DPI sensör, 63g",7.7,968,2,Yok,,,,,,,GamingGenTR
Toplama Bilgisayar,SSD,SanDisk,990 Pro 2TB NVMe,4750,Üst,Yayıncılık,,,5,2TB,M2 NVMe,PCIe 4.0 NVMe SSD,8.4,7832,5,Yok,,,,,5817 MB/s,4516 MB/s,Akakçe
Toplama Bilgisayar,Soğutucu,ASUS,ML240L V2,3900,Orta,Oyun,,,,,AM4-AM5-LGA1700,240mm sıvı soğutma,7.5,1838,6,Var,240mm,,,,,,Epey
Toplama Bilgisayar,Kasa,ASUS,O11 Dynamic White,4950,Üst,Yayıncılık,,,,,ATX,"Full Tower, mesh/airflow odaklı kasa",8.7,11652,2,Yok,Full Tower,,,,,,İncehesap
Toplama Bilgisayar,Mouse,Razer,Rival Pro 30000DPI,1800,Orta,Günlük Kullanım,,,,,USB,"30000 DPI sensör, 49g",8.5,2184,2,Yok,,,,,,,Epey
Toplama Bilgisayar,Kasa,Corsair,CH370 White,8600,Amiral,Video Edit,,,,,E-ATX,"Mid Tower, mesh/airflow odaklı kasa",9.4,821,2,Yok,Mid Tower,,,,,,GamingGenTR
Toplama Bilgisayar,HDD,WD,IronWolf 4TB 7200RPM,4850,Orta,Yayıncılık,,,9,4TB,SATA,3.5 inç mekanik disk,8.6,7894,2,Yok,,,,,,,Epey
Toplama Bilgisayar,Mouse,Glorious,FK2 Wireless 8000DPI,400,Giriş,Günlük Kullanım,,,,,Bluetooth,"8000 DPI sensör, 63g",7.0,297,2,Var,,,,,,,Akakçe
Toplama Bilgisayar,Mouse,Cooler Master,G Pro X Superlight Wireless 16000DPI,450,Giriş,Yazılım,,,,,Kablosuz,"16000 DPI sensör, 75g",7.6,929,2,Yok,,,,,,,GamingGenTR
Toplama Bilgisayar,Monitör,HP,ProArt 34 inç 3840x2160 144Hz,29450,Amiral,Yazılım,,,25,,HDMI-DP,"IPS panel, 144Hz",9.4,4840,3,Yok,34 inç,3840x2160,144Hz,,,,İncehesap
Toplama Bilgisayar,HDD,Toshiba,Barracuda 6TB 7200RPM,7050,Orta,Ofis,,,5,6TB,SATA,3.5 inç mekanik disk,7.4,862,2,Yok,,,,,,,Epey
Toplama Bilgisayar,İşlemci,AMD,Ryzen 5 4500 Tray,2650,Giriş,Ofis,AM4,DDR4,65,,AM4-DDR4,6 çekirdek 12 thread,6.7,3147,3,Yok,,,,,,,İtopya
Toplama Bilgisayar,Ekran Kartı,Inno3D,RTX 5090 JetStream 32GB,166350,Amiral,Yapay Zeka,,GDDR6X,575,32GB,PCIe,2026 amiral seviye AI/4K,9.6,5779,3,Yok,,,,32GB,,,Epey
Toplama Bilgisayar,Klavye,Redragon,K2 RGB Mekanik TKL,600,Giriş,Ofis,,,,,USB,Mekanik klavye,6.7,305,2,Var,TKL,,,,,,Vatan
Toplama Bilgisayar,Anakart,MSI,Taichi X870 AX DDR5,20000,Amiral,Oyun,AM5,DDR5,,,AM5-DDR5,"ATX, X870 yonga seti, DDR5 bellek desteği",9.2,1108,3,Yok,ATX,,,,,,İtopya
Toplama Bilgisayar,Kasa,GamePower,TUF GT Black,6700,Üst,Yayıncılık,,,,,E-ATX,"Mid Tower, mesh/airflow odaklı kasa",8.9,5291,2,Var,Mid Tower,,,,,,Epey
Toplama Bilgisayar,Mouse,Corsair,Clutch GM Mini 26000DPI,1700,Orta,Ofis,,,,,Kablosuz,"26000 DPI sensör, 90g",7.4,3830,2,Yok,,,,,,,Vatan
Toplama Bilgisayar,Klavye,Glorious,CK Wireless Low Profile 75%,3800,Üst,Ofis,,,,,Kablosuz,Low Profile klavye,8.6,4887,2,Yok,75%,,,,,,Akakçe
Toplama Bilgisayar,Kasa,ASUS,Aquarius,2250,Giriş,Ofis,,,,,Micro ATX,"Full Tower, mesh/airflow odaklı kasa",7.5,2646,2,Var,Full Tower,,,,,,Akakçe
Toplama Bilgisayar,Mouse,Corsair,MM712 Wireless 30000DPI,3450,Üst,Yazılım,,,,,Kablosuz,"30000 DPI sensör, 63g",8.5,7932,2,Var,,,,,,,İncehesap
Toplama Bilgisayar,Ekran Kartı,Zotac,RX 7800 XT Twin Edge 16GB,30450,Üst,Yayıncılık,,GDDR6,263,16GB,PCIe,16GB VRAM 1440p,8.9,4727,3,Yok,,,,16GB,,,Akakçe
Toplama Bilgisayar,Anakart,MSI,Aorus Elite B760 MAX DDR5,6600,Orta,Yazılım,LGA1700,DDR5,,,LGA1700-DDR5,"Micro ATX, B760 yonga seti, DDR5 bellek desteği",7.6,716,3,Yok,Micro ATX,,,,,,Epey
Toplama Bilgisayar,Mouse,SteelSeries,ROG Keris 12000DPI,1550,Orta,Yazılım,,,,,USB,"12000 DPI sensör, 59g",8.1,3080,2,Yok,,,,,,,Akakçe
Toplama Bilgisayar,Klavye,Royal Kludge,K70 Mekanik 60%,2150,Orta,Yazılım,,,,,USB,Mekanik klavye,7.3,625,2,Yok,60%,,,,,,Vatan
Toplama Bilgisayar,HDD,WD,Purple 6TB 7200RPM,5650,Orta,Video Edit,,,9,6TB,SATA,3.5 inç mekanik disk,7.4,5309,2,Yok,,,,,,,Sinerji
Toplama Bilgisayar,Kasa,DeepCool,MAG Forge Black,2050,Giriş,Günlük Kullanım,,,,,Micro ATX,"Full Tower, mesh/airflow odaklı kasa",7.8,2743,2,Var,Full Tower,,,,,,Epey
Toplama Bilgisayar,Mouse,Cooler Master,ROG Keris Pro 12000DPI,400,Giriş,Oyun,,,,,Kablosuz,"12000 DPI sensör, 49g",7.4,2991,2,Yok,,,,,,,İtopya
Toplama Bilgisayar,Kasa,Corsair,Meshify,4400,Üst,Tasarım,,,,,E-ATX,"Mini Tower, mesh/airflow odaklı kasa",9.1,9715,2,Yok,Mini Tower,,,,,,Akakçe
Toplama Bilgisayar,Kasa,GamePower,TD500,6250,Üst,Tasarım,,,,,ATX,"Full Tower, mesh/airflow odaklı kasa",9.5,10782,2,Yok,Full Tower,,,,,,Epey
Toplama Bilgisayar,SSD,Kioxia,NM790 4TB NVMe,7100,Amiral,Yapay Zeka,,,3,4TB,M2 NVMe,PCIe 3.0 NVMe SSD,9.4,2639,5,Yok,,,,,3009 MB/s,2276 MB/s,Epey
Toplama Bilgisayar,Monitör,Acer,UltraGear 34 inç 3840x2160 240Hz,46450,Amiral,Tasarım,,,35,,HDMI-DP,"VA panel, 240Hz",9.4,3863,2,Yok,34 inç,3840x2160,240Hz,,,,İtopya
Toplama Bilgisayar,Kasa,Cooler Master,CH370 RGB,1500,Giriş,Oyun,,,,,ATX,"Mid Tower, mesh/airflow odaklı kasa",8.0,2504,2,Var,Mid Tower,,,,,,Vatan
Toplama Bilgisayar,Klavye,Cooler Master,K2 Wireless Mekanik 75%,2400,Orta,Ofis,,,,,Kablosuz,Mekanik klavye,8.1,258,2,Yok,75%,,,,,,Akakçe
Toplama Bilgisayar,SSD,PNY,P3 Plus 2TB NVMe,3750,Üst,Yazılım,,,3,2TB,M2 NVMe,PCIe 3.0 NVMe SSD,8.2,5952,5,Yok,,,,,3481 MB/s,2488 MB/s,Sinerji
Toplama Bilgisayar,İşlemci,AMD,Ryzen 9 7900X Tray,17200,Amiral,Video Edit,AM5,DDR5,170,,AM5-DDR5,12 çekirdek 24 thread,9.9,4749,3,Yok,,,,,,,İncehesap
Toplama Bilgisayar,Kasa,ASUS,H5 Flow White,3200,Orta,Oyun,,,,,ATX,"Full Tower, mesh/airflow odaklı kasa",8.3,4532,2,Var,Full Tower,,,,,,Akakçe
Toplama Bilgisayar,İşlemci,AMD,Ryzen 9 7950X Box,28000,Amiral,Tasarım,AM5,DDR5,170,,AM5-DDR5,16 çekirdek 32 thread,9.1,2141,3,Yok,,,,,,,Epey
Toplama Bilgisayar,Klavye,SteelSeries,K2 Pro Membran 60%,650,Giriş,Yazılım,,,,,Bluetooth,Membran klavye,6.7,2978,2,Yok,60%,,,,,,Epey
Toplama Bilgisayar,Kasa,Xigmatek,Aquarius RGB,2700,Orta,Oyun,,,,,E-ATX,"Mid Tower, mesh/airflow odaklı kasa",8.5,6592,2,Var,Mid Tower,,,,,,Epey
Toplama Bilgisayar,Mouse,MSI,Harpoon Pro 26000DPI,1700,Orta,Ofis,,,,,Bluetooth,"26000 DPI sensör, 90g",8.3,1508,2,Yok,,,,,,,İncehesap
Toplama Bilgisayar,Kasa,Lian Li,Meshify Black,1600,Giriş,Oyun,,,,,Micro ATX,"Mid Tower, mesh/airflow odaklı kasa",6.8,2012,2,Var,Mid Tower,,,,,,Vatan
Toplama Bilgisayar,Klavye,Corsair,RK61 Wireless Low Profile Tam boy,2200,Orta,Ofis,,,,,Kablosuz,Low Profile klavye,7.5,4131,2,Yok,Tam boy,,,,,,İncehesap
Toplama Bilgisayar,Klavye,Logitech,MOD007 RGB Membran 60%,1800,Orta,Oyun,,,,,Kablosuz,Membran klavye,8.6,2334,2,Var,60%,,,,,,Akakçe
Toplama Bilgisayar,Klavye,Glorious,Alloy Origins Low Profile 60%,1450,Orta,Günlük Kullanım,,,,,USB,Low Profile klavye,7.9,8226,2,Var,60%,,,,,,İtopya
Toplama Bilgisayar,Monitör,HP,Aorus 34 inç 2560x1440 180Hz,13300,Üst,Ofis,,,35,,HDMI-DP,"VA panel, 180Hz",9.2,6421,3,Yok,34 inç,2560x1440,180Hz,,,,Epey
Toplama Bilgisayar,SSD,Kioxia,NM790 1TB NVMe,4550,Orta,Yazılım,,,5,1TB,M2 NVMe,PCIe 5.0 NVMe SSD,8.3,3049,5,Yok,,,,,11618 MB/s,10617 MB/s,GamingGenTR
Toplama Bilgisayar,Mouse,SteelSeries,G305 16000DPI,350,Giriş,Ofis,,,,,USB,"16000 DPI sensör, 49g",7.5,2197,2,Var,,,,,,,Epey
Toplama Bilgisayar,Monitör,Lenovo,Odyssey 24.5 inç 1920x1080 180Hz,6150,Orta,Yazılım,,,25,,HDMI-DP,"IPS panel, 180Hz",8.4,6300,3,Yok,24.5 inç,1920x1080,180Hz,,,,Sinerji
Toplama Bilgisayar,RAM,Apacer,XLR8 16GB 2x8GB DDR5 5600MHz,3050,Orta,Ofis,,DDR5,,16GB,DDR5,5600MHz bellek kiti,7.9,3918,3,Var,,,,,,,Sinerji
Toplama Bilgisayar,Mouse,Darmoshark,Clutch GM Wireless 16000DPI,500,Giriş,Günlük Kullanım,,,,,Kablosuz,"16000 DPI sensör, 75g",6.5,107,2,Var,,,,,,,Epey
Toplama Bilgisayar,Anakart,Biostar,Gaming X X570 WiFi DDR4,10400,Üst,Yayıncılık,AM4,DDR4,,,AM4-DDR4,"Mini ITX, X570 yonga seti, DDR4 bellek desteği",9.1,10768,3,Var,Mini ITX,,,,,,GamingGenTR
Toplama Bilgisayar,Mouse,Glorious,Model O Wireless 16000DPI,550,Giriş,Oyun,,,,,USB,"16000 DPI sensör, 90g",6.5,2395,2,Var,,,,,,,İncehesap
Toplama Bilgisayar,Monitör,BenQ,G-Master 24.5 inç 1920x1080 144Hz,4000,Orta,Oyun,,,35,,HDMI-DP,"VA panel, 144Hz",7.7,8007,3,Yok,24.5 inç,1920x1080,144Hz,,,,İncehesap
Toplama Bilgisayar,Mouse,Cooler Master,Harpoon Pro 36000DPI,2200,Üst,Oyun,,,,,Bluetooth,"36000 DPI sensör, 49g",9.0,10496,2,Var,,,,,,,Sinerji
Toplama Bilgisayar,Mouse,Razer,DeathAdder 16000DPI,550,Giriş,Yazılım,,,,,Bluetooth,"16000 DPI sensör, 63g",7.5,170,2,Var,,,,,,,GamingGenTR
Toplama Bilgisayar,Kasa,Xigmatek,View 270,4700,Üst,Tasarım,,,,,Micro ATX,"Mid Tower, mesh/airflow odaklı kasa",9.1,6693,2,Yok,Mid Tower,,,,,,Epey
Toplama Bilgisayar,Ekran Kartı,Gigabyte,RTX 5090 Merc 32GB,206050,Amiral,Yayıncılık,,GDDR6X,575,32GB,PCIe,2026 amiral seviye AI/4K,9.5,5910,3,Yok,,,,32GB,,,İncehesap
Toplama Bilgisayar,SSD,Kioxia,NV2 4TB NVMe,20250,Amiral,Tasarım,,,4,4TB,M2 NVMe,PCIe 5.0 NVMe SSD,8.8,1478,5,Yok,,,,,10678 MB/s,8013 MB/s,Sinerji
Toplama Bilgisayar,Monitör,Lenovo,Alienware 27 inç 3440x1440 165Hz,19900,Amiral,Ofis,,,35,,HDMI-DP,"VA panel, 165Hz",9.0,5792,2,Yok,27 inç,3440x1440,165Hz,,,,Vatan
Toplama Bilgisayar,Kasa,Corsair,Warcry Mesh,7350,Üst,Video Edit,,,,,ATX,"Full Tower, mesh/airflow odaklı kasa",9.0,8192,2,Yok,Full Tower,,,,,,Epey
Toplama Bilgisayar,Ekran Kartı,Gainward,RX 7800 XT Ventus 2X 16GB,31050,Üst,Video Edit,,GDDR6,263,16GB,PCIe,16GB VRAM 1440p,9.0,5457,3,Yok,,,,16GB,,,Vatan
Toplama Bilgisayar,Güç Kaynağı,DeepCool,C Series 550W 80+ Bronze,1950,Giriş,Oyun,,,550W,,80+ Bronze,"Yarı modüler PSU, 80+ Bronze",7.8,2946,3,Yok,,,,,,,İtopya
Toplama Bilgisayar,Kasa,Cooler Master,Aquarius Black,2250,Giriş,Oyun,,,,,ATX,"Mid Tower, mesh/airflow odaklı kasa",7.9,1835,2,Var,Mid Tower,,,,,,İncehesap
Toplama Bilgisayar,Klavye,Razer,Vigor GK RGB Membran 60%,4400,Üst,Yazılım,,,,,USB,Membran klavye,9.3,9523,2,Var,60%,,,,,,Akakçe
Toplama Bilgisayar,Mouse,Redragon,FK2 26000DPI,1300,Orta,Günlük Kullanım,,,,,Bluetooth,"26000 DPI sensör, 49g",7.7,2070,2,Var,,,,,,,İncehesap
Toplama Bilgisayar,Klavye,SteelSeries,K380 Wireless Optik switch 60%,1400,Orta,Yazılım,,,,,Bluetooth,Optik switch klavye,7.8,453,2,Yok,60%,,,,,,İtopya
Toplama Bilgisayar,RAM,ADATA,Viper Steel 32GB 2x16GB DDR5 7200MHz,6950,Üst,Yayıncılık,,DDR5,,32GB,DDR5,7200MHz bellek kiti,8.8,10805,3,Var,,,,,,,İncehesap
Toplama Bilgisayar,Ekran Kartı,PowerColor,RX 6600 TUF 8GB,9550,Giriş,Günlük Kullanım,,GDDR6,132,8GB,PCIe,1080p fiyat performans,6.6,3177,3,Yok,,,,8GB,,,Epey
Toplama Bilgisayar,Ekran Kartı,XFX,RTX 4090 Dual 24GB,165050,Amiral,Oyun,,GDDR6X,450,24GB,PCIe,AI ve 4K üst seviye,9.7,1132,3,Yok,,,,24GB,,,Akakçe
Toplama Bilgisayar,Mouse,HyperX,Rival Pro 30000DPI,3250,Üst,Yazılım,,,,,USB,"30000 DPI sensör, 63g",8.7,8296,2,Yok,,,,,,,GamingGenTR
Toplama Bilgisayar,Ekran Kartı,Galax,RX 9070 XT GamingPro 16GB,67150,Amiral,Yapay Zeka,,GDDR6,304,16GB,PCIe,2026 RDNA üst seviye,9.3,5195,3,Yok,,,,16GB,,,Sinerji
Toplama Bilgisayar,Mouse,Cooler Master,Atlantis Mini 12000DPI,1650,Orta,Oyun,,,,,Kablosuz,"12000 DPI sensör, 63g",7.3,6576,2,Var,,,,,,,İncehesap
Toplama Bilgisayar,İşlemci,AMD,Ryzen 7 7700 Box,12450,Üst,Oyun,AM5,DDR5,65,,AM5-DDR5,8 çekirdek 16 thread,8.2,11961,3,Yok,,,,,,,İtopya
Toplama Bilgisayar,Monitör,ASUS,Raptor 34 inç 1920x1080 180Hz,6000,Orta,Oyun,,,35,,HDMI-DP,"VA panel, 180Hz",8.4,3726,3,Yok,34 inç,1920x1080,180Hz,,,,Sinerji
Toplama Bilgisayar,Anakart,Biostar,Gaming X X670 MAX DDR5,11700,Üst,Yazılım,AM5,DDR5,,,AM5-DDR5,"Mini ITX, X670 yonga seti, DDR5 bellek desteği",9.4,7921,3,Yok,Mini ITX,,,,,,Vatan
Toplama Bilgisayar,Monitör,LG,TUF Gaming 27 inç 1920x1080 180Hz,6450,Orta,Yazılım,,,50,,HDMI-DP,"VA panel, 180Hz",8.7,3891,2,Yok,27 inç,1920x1080,180Hz,,,,Sinerji
Toplama Bilgisayar,Soğutucu,ID-Cooling,Kraken 240,6400,Üst,Yayıncılık,,,,,AM4-AM5-LGA1700,240mm sıvı soğutma,8.8,1951,6,Var,240mm,,,,,,Epey
Toplama Bilgisayar,Monitör,ASUS,UltraGear 31.5 inç 2560x1440 180Hz,13900,Üst,Oyun,,,50,,HDMI-DP,"VA panel, 180Hz",9.3,6727,3,Yok,31.5 inç,2560x1440,180Hz,,,,Sinerji
Toplama Bilgisayar,RAM,PNY,Ballistix 16GB 2x8GB DDR4 3600MHz,1800,Orta,Ofis,,DDR4,,16GB,DDR4,3600MHz bellek kiti,7.8,1306,3,Var,,,,,,,İncehesap
Toplama Bilgisayar,Anakart,ASRock,TUF Gaming X670 AX DDR5,11750,Üst,Yayıncılık,AM5,DDR5,,,AM5-DDR5,"Mini ITX, X670 yonga seti, DDR5 bellek desteği",9.2,5980,3,Yok,Mini ITX,,,,,,İncehesap
Toplama Bilgisayar,Mouse,Pulsar,Clutch GM Wireless 26000DPI,1250,Orta,Oyun,,,,,Kablosuz,"26000 DPI sensör, 49g",8.8,5748,2,Var,,,,,,,İncehesap
Toplama Bilgisayar,Anakart,Biostar,Taichi B650 WiFi DDR5,6500,Orta,Oyun,AM5,DDR5,,,AM5-DDR5,"Micro ATX, B650 yonga seti, DDR5 bellek desteği",8.2,1248,3,Yok,Micro ATX,,,,,,İtopya
Toplama Bilgisayar,Kasa,Thermaltake,TD500 Mesh,4000,Orta,Yazılım,,,,,ATX,"Mini Tower, mesh/airflow odaklı kasa",7.5,2892,2,Yok,Mini Tower,,,,,,İtopya
Toplama Bilgisayar,Klavye,HyperX,Vigor GK Low Profile 60%,6450,Amiral,Yazılım,,,,,USB,Low Profile klavye,9.8,1071,2,Yok,60%,,,,,,GamingGenTR
Toplama Bilgisayar,Anakart,NZXT,Gaming X X670 AX DDR5,9150,Üst,Oyun,AM5,DDR5,,,AM5-DDR5,"ATX, X670 yonga seti, DDR5 bellek desteği",8.3,1838,3,Var,ATX,,,,,,İncehesap
Toplama Bilgisayar,SSD,SK hynix,CS2241 1TB NVMe,2250,Orta,Yazılım,,,3,1TB,M2 NVMe,PCIe 3.0 NVMe SSD,7.9,181,5,Yok,,,,,3352 MB/s,2681 MB/s,GamingGenTR
Toplama Bilgisayar,Klavye,Redragon,K2 Low Profile 60%,850,Giriş,Oyun,,,,,USB,Low Profile klavye,7.8,3314,2,Var,60%,,,,,,Sinerji
Toplama Bilgisayar,Klavye,Cooler Master,G Pro X Low Profile Tam boy,4100,Üst,Yazılım,,,,,Kablosuz,Low Profile klavye,9.1,825,2,Var,Tam boy,,,,,,Akakçe
Toplama Bilgisayar,Kasa,Thermaltake,Warcry White,2400,Orta,Ofis,,,,,Micro ATX,"Mini Tower, mesh/airflow odaklı kasa",7.8,1327,2,Var,Mini Tower,,,,,,Vatan
Toplama Bilgisayar,Klavye,Logitech,MOD007 Pro Low Profile Tam boy,800,Giriş,Yazılım,,,,,Bluetooth,Low Profile klavye,7.1,1219,2,Yok,Tam boy,,,,,,Epey
Toplama Bilgisayar,Klavye,Royal Kludge,CK Membran 75%,3850,Üst,Oyun,,,,,USB,Membran klavye,8.6,8006,2,Yok,75%,,,,,,Vatan
Toplama Bilgisayar,Kasa,Phanteks,MAG Forge Black,14450,Amiral,Yapay Zeka,,,,,Micro ATX,"Mid Tower, mesh/airflow odaklı kasa",9.6,2000,2,Var,Mid Tower,,,,,,İtopya
Toplama Bilgisayar,Mouse,Cooler Master,DeathAdder 12000DPI,1300,Orta,Ofis,,,,,USB,"12000 DPI sensör, 75g",7.7,2652,2,Var,,,,,,,GamingGenTR
Toplama Bilgisayar,Mouse,Darmoshark,X2V2 16000DPI,2350,Üst,Yazılım,,,,,Kablosuz,"16000 DPI sensör, 75g",9.3,4330,2,Var,,,,,,,Sinerji
Toplama Bilgisayar,Kasa,Cooler Master,H5 Flow RGB,2900,Orta,Yazılım,,,,,E-ATX,"Full Tower, mesh/airflow odaklı kasa",8.1,5088,2,Var,Full Tower,,,,,,GamingGenTR
Toplama Bilgisayar,RAM,GoodRam,Ballistix 64GB 2x32GB DDR4 3200MHz,4900,Amiral,Video Edit,,DDR4,,64GB,DDR4,3200MHz bellek kiti,9.8,3839,5,Yok,,,,,,,Epey
Toplama Bilgisayar,HDD,WD,P300 12TB 7200RPM,13500,Üst,Yayıncılık,,,7,12TB,SATA,3.5 inç mekanik disk,8.4,1483,2,Yok,,,,,,,Vatan
Toplama Bilgisayar,Klavye,MSI,K2 Wireless Membran 75%,1400,Orta,Yazılım,,,,,Bluetooth,Membran klavye,7.3,821,2,Var,75%,,,,,,Sinerji
Toplama Bilgisayar,Anakart,Biostar,Gaming X A620 MAX DDR5,3000,Giriş,Günlük Kullanım,AM5,DDR5,,,AM5-DDR5,"ATX, A620 yonga seti, DDR5 bellek desteği",7.8,1379,3,Var,ATX,,,,,,Vatan
Toplama Bilgisayar,Soğutucu,NZXT,Dark Rock 4,4400,Üst,Oyun,,,,,AM4-AM5-LGA1700,Hava soğutma,8.4,7728,5,Yok,,,,,,,GamingGenTR
Toplama Bilgisayar,Kasa,DarkFlash,H5 Flow Black,4900,Üst,Yazılım,,,,,E-ATX,"Mid Tower, mesh/airflow odaklı kasa",9.1,9503,2,Yok,Mid Tower,,,,,,İncehesap
Toplama Bilgisayar,Mouse,Razer,Model O Wireless 36000DPI,1250,Orta,Yazılım,,,,,Kablosuz,"36000 DPI sensör, 90g",8.1,7610,2,Yok,,,,,,,GamingGenTR
Toplama Bilgisayar,Mouse,Corsair,FK2 26000DPI,1500,Orta,Yazılım,,,,,Kablosuz,"26000 DPI sensör, 49g",7.8,4996,2,Var,,,,,,,Sinerji
Toplama Bilgisayar,Mouse,Logitech,Clutch GM Mini 36000DPI,450,Giriş,Oyun,,,,,USB,"36000 DPI sensör, 90g",7.4,542,2,Yok,,,,,,,İtopya
Toplama Bilgisayar,Mouse,Razer,X2V2 36000DPI,550,Giriş,Oyun,,,,,Kablosuz,"36000 DPI sensör, 90g",7.7,2592,2,Var,,,,,,,Sinerji
Toplama Bilgisayar,Mouse,Razer,Viper Pro 36000DPI,1450,Orta,Günlük Kullanım,,,,,USB,"36000 DPI sensör, 63g",8.2,8236,2,Var,,,,,,,Vatan
Toplama Bilgisayar,Anakart,ASUS,Aorus Elite H610 WiFi DDR4,3600,Giriş,Günlük Kullanım,LGA1700,DDR4,,,LGA1700-DDR4,"Micro ATX, H610 yonga seti, DDR4 bellek desteği",7.9,3379,3,Var,Micro ATX,,,,,,İtopya
Toplama Bilgisayar,Anakart,NZXT,PRO B660 WiFi DDR4,6200,Orta,Oyun,LGA1700,DDR4,,,LGA1700-DDR4,"ATX, B660 yonga seti, DDR4 bellek desteği",7.4,5135,3,Yok,ATX,,,,,,İncehesap
Toplama Bilgisayar,Anakart,ASUS,Taichi H610 WiFi DDR4,3550,Giriş,Günlük Kullanım,LGA1700,DDR4,,,LGA1700-DDR4,"ATX, H610 yonga seti, DDR4 bellek desteği",7.2,113,3,Yok,ATX,,,,,,İtopya
Toplama Bilgisayar,HDD,Seagate,Purple 4TB 7200RPM,3450,Orta,Günlük Kullanım,,,5,4TB,SATA,3.5 inç mekanik disk,7.4,8220,3,Yok,,,,,,,Epey
Toplama Bilgisayar,Klavye,Logitech,CK Pro Low Profile 60%,3900,Üst,Oyun,,,,,Bluetooth,Low Profile klavye,9.0,2583,2,Var,60%,,,,,,Epey
Toplama Bilgisayar,Mouse,ASUS,M711 Mini 8000DPI,1700,Orta,Günlük Kullanım,,,,,USB,"8000 DPI sensör, 75g",7.7,2823,2,Yok,,,,,,,Sinerji
Toplama Bilgisayar,Anakart,Colorful,TUF Gaming X570 MAX DDR4,10500,Üst,Tasarım,AM4,DDR4,,,AM4-DDR4,"ATX, X570 yonga seti, DDR4 bellek desteği",8.1,8775,3,Yok,ATX,,,,,,Epey
Toplama Bilgisayar,Kasa,Cooler Master,4000D Airflow,1800,Giriş,Günlük Kullanım,,,,,Micro ATX,"Mid Tower, mesh/airflow odaklı kasa",6.9,2607,2,Var,Mid Tower,,,,,,GamingGenTR
Toplama Bilgisayar,Mouse,Darmoshark,FK2 12000DPI,400,Giriş,Oyun,,,,,USB,"12000 DPI sensör, 63g",7.1,2070,2,Yok,,,,,,,GamingGenTR
Toplama Bilgisayar,Monitör,MSI,Alienware 32 inç 1920x1080 180Hz,5000,Orta,Oyun,,,35,,HDMI-DP,"IPS panel, 180Hz",7.5,2261,3,Yok,32 inç,1920x1080,180Hz,,,,Epey
Toplama Bilgisayar,Kasa,DarkFlash,TUF GT Black,2650,Orta,Ofis,,,,,E-ATX,"Full Tower, mesh/airflow odaklı kasa",7.4,8336,2,Yok,Full Tower,,,,,,Sinerji
Toplama Bilgisayar,Kasa,Xigmatek,TD500 Mesh,12600,Amiral,Yayıncılık,,,,,Micro ATX,"Full Tower, mesh/airflow odaklı kasa",9.8,1214,2,Var,Full Tower,,,,,,Epey
Toplama Bilgisayar,Monitör,Dell,Nitro 32 inç 1920x1080 144Hz,3550,Orta,Video Edit,,,35,,HDMI-DP,"VA panel, 144Hz",7.9,1890,2,Yok,32 inç,1920x1080,144Hz,,,,İncehesap
Toplama Bilgisayar,Monitör,HP,UltraGear 32 inç 3840x2160 240Hz,53050,Amiral,Yazılım,,,35,,HDMI-DP,"VA panel, 240Hz",9.6,1685,3,Yok,32 inç,3840x2160,240Hz,,,,Sinerji
Toplama Bilgisayar,Anakart,Colorful,Prime H610 DDR4,3300,Giriş,Günlük Kullanım,LGA1700,DDR4,,,LGA1700-DDR4,"ATX, H610 yonga seti, DDR4 bellek desteği",8.0,2336,3,Var,ATX,,,,,,Sinerji
Toplama Bilgisayar,Klavye,Redragon,ROG Strix Scope Mekanik 75%,600,Giriş,Ofis,,,,,Bluetooth,Mekanik klavye,8.0,92,2,Var,75%,,,,,,GamingGenTR
Toplama Bilgisayar,Anakart,Biostar,Tomahawk X870 DDR5,20300,Amiral,Yapay Zeka,AM5,DDR5,,,AM5-DDR5,"ATX, X870 yonga seti, DDR5 bellek desteği",9.9,3670,3,Yok,ATX,,,,,,GamingGenTR
Toplama Bilgisayar,İşlemci,AMD,Ryzen 3 4100 Kampanya,2100,Giriş,Günlük Kullanım,AM4,DDR4,65,,AM4-DDR4,4 çekirdek 8 thread,7.4,2952,3,Yok,,,,,,,İncehesap
Toplama Bilgisayar,Klavye,Logitech,GMMK Membran 75%,2200,Orta,Günlük Kullanım,,,,,USB,Membran klavye,8.8,5226,2,Var,75%,,,,,,İtopya
Toplama Bilgisayar,SSD,SK hynix,NV2 1TB NVMe,3300,Orta,Yazılım,,,5,1TB,M2 NVMe,PCIe 4.0 NVMe SSD,7.5,1738,5,Yok,,,,,5471 MB/s,4854 MB/s,İncehesap
Toplama Bilgisayar,Soğutucu,MSI,Frozen Notte 240,3500,Orta,Yazılım,,,,,AM4-AM5-LGA1700,240mm sıvı soğutma,8.7,8391,6,Var,240mm,,,,,,Sinerji
Toplama Bilgisayar,Mouse,Razer,Pulsefire Mini 26000DPI,350,Giriş,Oyun,,,,,Bluetooth,"26000 DPI sensör, 75g",6.9,2553,2,Yok,,,,,,,Akakçe
Toplama Bilgisayar,Ekran Kartı,XFX,RX 7800 XT Twin Edge 16GB,37300,Üst,Yayıncılık,,GDDR6,263,16GB,PCIe,16GB VRAM 1440p,8.2,1608,3,Var,,,,16GB,,,Vatan
Toplama Bilgisayar,İşlemci,Intel,Core i7-14700KF Kampanya,16450,Amiral,Yayıncılık,LGA1700,DDR5,125,,LGA1700-DDR5,20 çekirdek,9.5,5897,3,Yok,,,,,,,Vatan
Toplama Bilgisayar,RAM,ADATA,Dominator 64GB 2x32GB DDR4 3600MHz,5150,Amiral,Yapay Zeka,,DDR4,,64GB,DDR4,3600MHz bellek kiti,9.3,926,5,Yok,,,,,,,Sinerji
Toplama Bilgisayar,Monitör,Samsung,ProArt 32 inç 1920x1080 180Hz,7550,Orta,Oyun,,,35,,HDMI-DP,"IPS panel, 180Hz",8.3,4451,2,Yok,32 inç,1920x1080,180Hz,,,,GamingGenTR
Toplama Bilgisayar,Monitör,BenQ,Odyssey 32 inç 1920x1080 180Hz,5350,Orta,Ofis,,,35,,HDMI-DP,"VA panel, 180Hz",7.6,116,2,Yok,32 inç,1920x1080,180Hz,,,,İncehesap
Toplama Bilgisayar,Klavye,Razer,Ogre Wireless Membran TKL,9100,Amiral,Günlük Kullanım,,,,,Kablosuz,Membran klavye,9.8,4958,2,Var,TKL,,,,,,GamingGenTR
Toplama Bilgisayar,Kasa,Corsair,MAG Forge White,2600,Orta,Oyun,,,,,Micro ATX,"Mid Tower, mesh/airflow odaklı kasa",8.0,1875,2,Var,Mid Tower,,,,,,Epey
Toplama Bilgisayar,Mouse,MSI,X2V2 Mini 30000DPI,1100,Orta,Ofis,,,,,Bluetooth,"30000 DPI sensör, 75g",8.7,505,2,Yok,,,,,,,Epey
Toplama Bilgisayar,Mouse,Pulsar,Rival Pro 8000DPI,1250,Orta,Yazılım,,,,,USB,"8000 DPI sensör, 90g",8.0,3726,2,Var,,,,,,,İncehesap
Toplama Bilgisayar,Klavye,HyperX,K380 Pro Optik switch 60%,3950,Üst,Ofis,,,,,Kablosuz,Optik switch klavye,8.1,11511,2,Yok,60%,,,,,,Akakçe
Toplama Bilgisayar,Ekran Kartı,Galax,RTX 5070 JetStream 12GB,60450,Üst,Yapay Zeka,,GDDR6,250,12GB,PCIe,2026 yeni nesil 1440p,9.5,8927,3,Yok,,,,12GB,,,GamingGenTR
Toplama Bilgisayar,Kasa,Xigmatek,H5 Flow,7300,Üst,Video Edit,,,,,E-ATX,"Mid Tower, mesh/airflow odaklı kasa",9.3,4022,2,Yok,Mid Tower,,,,,,İtopya
Toplama Bilgisayar,Monitör,Samsung,TUF Gaming 34 inç 1920x1080 75Hz,3450,Giriş,Video Edit,,,35,,HDMI-DP,"VA panel, 75Hz",7.0,124,2,Yok,34 inç,1920x1080,75Hz,,,,İncehesap
Toplama Bilgisayar,Anakart,NZXT,Tomahawk X570 AX DDR4,8400,Üst,Video Edit,AM4,DDR4,,,AM4-DDR4,"ATX, X570 yonga seti, DDR4 bellek desteği",9.5,5644,3,Var,ATX,,,,,,GamingGenTR
Toplama Bilgisayar,Klavye,Akko,G Pro X Wireless Membran 60%,1700,Orta,Oyun,,,,,USB,Membran klavye,8.8,59,2,Yok,60%,,,,,,Vatan
Toplama Bilgisayar,Mouse,Glorious,MM712 Pro 16000DPI,400,Giriş,Yazılım,,,,,Kablosuz,"16000 DPI sensör, 90g",7.2,1904,2,Yok,,,,,,,İncehesap
Toplama Bilgisayar,Ekran Kartı,PowerColor,RTX 4060 StormX 8GB,20000,Orta,Oyun,,GDDR6,115,8GB,PCIe,DLSS 3 1080p oyun,8.4,4686,3,Yok,,,,8GB,,,Akakçe
Toplama Bilgisayar,Mouse,ASUS,Model O Mini 26000DPI,1400,Orta,Günlük Kullanım,,,,,USB,"26000 DPI sensör, 59g",7.7,2250,2,Var,,,,,,,Akakçe
Toplama Bilgisayar,SSD,Patriot,Legend 960 500GB NVMe,1150,Giriş,Günlük Kullanım,,,5,500GB,M2 NVMe,PCIe 4.0 NVMe SSD,7.8,1755,3,Yok,,,,,6557 MB/s,5366 MB/s,İtopya
Toplama Bilgisayar,Kasa,DarkFlash,Meshify White,4900,Üst,Tasarım,,,,,ATX,"Mid Tower, mesh/airflow odaklı kasa",9.4,2253,2,Var,Mid Tower,,,,,,Akakçe
Toplama Bilgisayar,Ekran Kartı,MSI,RX 7600 JetStream 8GB,14550,Orta,Günlük Kullanım,,GDDR6,165,8GB,PCIe,1080p oyun,8.1,5099,3,Var,,,,8GB,,,İncehesap
Toplama Bilgisayar,Klavye,HyperX,K70 Wireless Membran 75%,4500,Üst,Yazılım,,,,,Bluetooth,Membran klavye,8.9,6632,2,Yok,75%,,,,,,Vatan
Toplama Bilgisayar,SSD,ADATA,P3 Plus 2TB NVMe,6700,Üst,Yazılım,,,3,2TB,M2 NVMe,PCIe 4.0 NVMe SSD,8.8,10723,5,Yok,,,,,5752 MB/s,5046 MB/s,İncehesap
Toplama Bilgisayar,Ekran Kartı,PNY,RX 7700 XT Gaming OC 12GB,24550,Üst,Yapay Zeka,,GDDR6,245,12GB,PCIe,1440p oyun,8.2,6209,3,Var,,,,12GB,,,İncehesap
Toplama Bilgisayar,Kasa,MSI,Aquarius Black,2000,Giriş,Oyun,,,,,Micro ATX,"Mini Tower, mesh/airflow odaklı kasa",7.7,2477,2,Yok,Mini Tower,,,,,,İncehesap
Toplama Bilgisayar,Mouse,Lamzu,Atlantis Pro 8000DPI,1150,Orta,Yazılım,,,,,Kablosuz,"8000 DPI sensör, 90g",8.5,4894,2,Var,,,,,,,GamingGenTR
Toplama Bilgisayar,SSD,ADATA,P5 Plus 500GB NVMe,1250,Giriş,Ofis,,,5,500GB,M2 NVMe,PCIe 3.0 NVMe SSD,7.6,2663,3,Yok,,,,,3248 MB/s,2581 MB/s,Epey
Toplama Bilgisayar,Monitör,Philips,ProArt 34 inç 3840x2160 240Hz,45450,Amiral,Oyun,,,25,,HDMI-DP,"Mini LED panel, 240Hz",9.4,494,3,Yok,34 inç,3840x2160,240Hz,,,,Akakçe
Toplama Bilgisayar,Kasa,GamePower,Meshify,2800,Orta,Ofis,,,,,ATX,"Mid Tower, mesh/airflow odaklı kasa",8.3,1952,2,Var,Mid Tower,,,,,,Akakçe
Toplama Bilgisayar,SSD,Patriot,NM790 1TB NVMe,3000,Orta,Ofis,,,3,1TB,M2 NVMe,PCIe 4.0 NVMe SSD,7.9,8305,5,Yok,,,,,6499 MB/s,5118 MB/s,Sinerji
Toplama Bilgisayar,Kasa,DeepCool,O11 Dynamic,3100,Orta,Günlük Kullanım,,,,,Micro ATX,"Full Tower, mesh/airflow odaklı kasa",7.2,8032,2,Yok,Full Tower,,,,,,Epey
Toplama Bilgisayar,İşlemci,AMD,Ryzen 7 7700 Pro Sistem,12700,Üst,Tasarım,AM5,DDR5,65,,AM5-DDR5,8 çekirdek 16 thread,8.4,7609,3,Yok,,,,,,,Epey
Toplama Bilgisayar,Ekran Kartı,ASUS,RTX 4060 Ti Hellhound 8GB,26350,Orta,Oyun,,GDDR6,160,8GB,PCIe,1080p/1440p oyun,8.3,2684,3,Yok,,,,8GB,,,İtopya
Toplama Bilgisayar,Monitör,Acer,Predator 31.5 inç 2560x1440 180Hz,11600,Üst,Tasarım,,,25,,HDMI-DP,"IPS panel, 180Hz",9.4,8210,2,Yok,31.5 inç,2560x1440,180Hz,,,,İtopya
Toplama Bilgisayar,Klavye,Redragon,K70 Wireless Membran Tam boy,1500,Orta,Ofis,,,,,Kablosuz,Membran klavye,7.7,3554,2,Var,Tam boy,,,,,,Epey
Toplama Bilgisayar,Kasa,Phanteks,Meshify Mesh,8500,Amiral,Oyun,,,,,ATX,"Mid Tower, mesh/airflow odaklı kasa",9.2,2421,2,Yok,Mid Tower,,,,,,İncehesap
Toplama Bilgisayar,Anakart,Biostar,Prime B760 MAX DDR5,5100,Orta,Ofis,LGA1700,DDR5,,,LGA1700-DDR5,"Micro ATX, B760 yonga seti, DDR5 bellek desteği",7.8,2284,3,Var,Micro ATX,,,,,,GamingGenTR
Toplama Bilgisayar,Klavye,Corsair,Apex Pro Membran 60%,2100,Orta,Oyun,,,,,Kablosuz,Membran klavye,8.1,3017,2,Var,60%,,,,,,İncehesap
Toplama Bilgisayar,Monitör,BenQ,Raptor 27 inç 3840x2160 144Hz,32850,Amiral,Oyun,,,35,,HDMI-DP,"VA panel, 144Hz",9.0,5477,2,Yok,27 inç,3840x2160,144Hz,,,,Vatan
Toplama Bilgisayar,Ekran Kartı,PNY,RTX 4070 Ti Super Gaming OC 16GB,54300,Üst,Yayıncılık,,GDDR6X,285,16GB,PCIe,1440p/4K güçlü performans,8.6,9143,3,Var,,,,16GB,,,İtopya
Toplama Bilgisayar,Anakart,Colorful,Gaming X B650 DDR5,5650,Orta,Günlük Kullanım,AM5,DDR5,,,AM5-DDR5,"ATX, B650 yonga seti, DDR5 bellek desteği",7.9,8412,3,Var,ATX,,,,,,Akakçe
Toplama Bilgisayar,HDD,Toshiba,Blue 1TB 7200RPM,1800,Giriş,Yayıncılık,,,5,1TB,SATA,3.5 inç mekanik disk,7.3,2863,2,Yok,,,,,,,İtopya
Toplama Bilgisayar,Monitör,LG,Mobiuz 34 inç 1920x1080 180Hz,5050,Orta,Ofis,,,25,,HDMI-DP,"IPS panel, 180Hz",8.4,7965,3,Yok,34 inç,1920x1080,180Hz,,,,GamingGenTR
Toplama Bilgisayar,Kasa,Fractal Design,North,3400,Orta,Ofis,,,,,Micro ATX,"Full Tower, mesh/airflow odaklı kasa",8.1,3913,2,Yok,Full Tower,,,,,,GamingGenTR
Toplama Bilgisayar,Monitör,Samsung,ProArt 31.5 inç 1920x1080 180Hz,6300,Orta,Tasarım,,,25,,HDMI-DP,"IPS panel, 180Hz",7.2,3002,2,Yok,31.5 inç,1920x1080,180Hz,,,,İncehesap
Toplama Bilgisayar,Monitör,LG,G-Master 34 inç 2560x1440 144Hz,7050,Üst,Video Edit,,,50,,HDMI-DP,"VA panel, 144Hz",9.0,5916,3,Yok,34 inç,2560x1440,144Hz,,,,İncehesap
Toplama Bilgisayar,Kasa,DeepCool,View 270 Black,4200,Üst,Video Edit,,,,,ATX,"Mini Tower, mesh/airflow odaklı kasa",8.3,6039,2,Var,Mini Tower,,,,,,İncehesap
Toplama Bilgisayar,Mouse,Zowie,Pulsefire Wireless 16000DPI,2700,Üst,Oyun,,,,,Bluetooth,"16000 DPI sensör, 75g",8.7,3954,2,Var,,,,,,,İtopya
Toplama Bilgisayar,Mouse,Glorious,M711 Pro 36000DPI,6450,Amiral,Yazılım,,,,,Bluetooth,"36000 DPI sensör, 49g",8.9,1322,2,Var,,,,,,,İtopya
Toplama Bilgisayar,Kasa,Xigmatek,4000D Airflow White,3050,Orta,Günlük Kullanım,,,,,Micro ATX,"Mini Tower, mesh/airflow odaklı kasa",8.5,6493,2,Var,Mini Tower,,,,,,GamingGenTR
Toplama Bilgisayar,Monitör,Lenovo,Alienware 23.8 inç 2560x1440 144Hz,10100,Üst,Oyun,,,35,,HDMI-DP,"IPS panel, 144Hz",9.3,11735,3,Yok,23.8 inç,2560x1440,144Hz,,,,Vatan
Toplama Bilgisayar,Güç Kaynağı,MSI,Strider 750W 80+ Titanium,3700,Orta,Günlük Kullanım,,,750W,,80+ Titanium,"Yarı modüler PSU, 80+ Titanium",7.6,8486,10,Yok,,,,,,,Sinerji
Toplama Bilgisayar,Kasa,Corsair,Lancool White,4050,Orta,Yazılım,,,,,Micro ATX,"Mid Tower, mesh/airflow odaklı kasa",7.7,628,2,Var,Mid Tower,,,,,,İncehesap
Toplama Bilgisayar,Anakart,Colorful,Prime X570 DDR4,12050,Üst,Yayıncılık,AM4,DDR4,,,AM4-DDR4,"Micro ATX, X570 yonga seti, DDR4 bellek desteği",8.3,6314,3,Yok,Micro ATX,,,,,,Vatan
Toplama Bilgisayar,Mouse,MSI,Pulsefire Wireless 26000DPI,6250,Amiral,Oyun,,,,,Bluetooth,"26000 DPI sensör, 49g",8.9,3483,2,Yok,,,,,,,Vatan
Toplama Bilgisayar,Kasa,DarkFlash,North White,6550,Üst,Yazılım,,,,,Micro ATX,"Full Tower, mesh/airflow odaklı kasa",8.2,3384,2,Var,Full Tower,,,,,,İncehesap
Toplama Bilgisayar,Kasa,GamePower,Warcry White,3200,Orta,Günlük Kullanım,,,,,E-ATX,"Mid Tower, mesh/airflow odaklı kasa",8.0,497,2,Var,Mid Tower,,,,,,GamingGenTR
Toplama Bilgisayar,Anakart,Colorful,Aorus Elite B650 WiFi DDR5,6250,Orta,Yazılım,AM5,DDR5,,,AM5-DDR5,"Mini ITX, B650 yonga seti, DDR5 bellek desteği",8.1,7784,3,Var,Mini ITX,,,,,,İncehesap
Toplama Bilgisayar,Klavye,MSI,Apex Wireless Optik switch 75%,3850,Üst,Oyun,,,,,Bluetooth,Optik switch klavye,8.3,5644,2,Var,75%,,,,,,Epey
Toplama Bilgisayar,HDD,WD,N300 8TB 7200RPM,7350,Üst,Video Edit,,,7,8TB,SATA,3.5 inç mekanik disk,9.5,771,2,Yok,,,,,,,Akakçe
Toplama Bilgisayar,Anakart,ASUS,Creator B650 AX DDR5,6500,Orta,Ofis,AM5,DDR5,,,AM5-DDR5,"Mini ITX, B650 yonga seti, DDR5 bellek desteği",7.9,5172,3,Yok,Mini ITX,,,,,,Vatan
Toplama Bilgisayar,Güç Kaynağı,Seasonic,MAG 450W 80+ Bronze,2250,Giriş,Ofis,,,450W,,80+ Bronze,"Yarı modüler PSU, 80+ Bronze",7.0,3120,2,Yok,,,,,,,Akakçe
Toplama Bilgisayar,Kasa,DarkFlash,MAG Forge,2450,Orta,Yazılım,,,,,ATX,"Mid Tower, mesh/airflow odaklı kasa",8.4,4282,2,Var,Mid Tower,,,,,,Sinerji
Toplama Bilgisayar,Soğutucu,Arctic,H150i,11050,Amiral,Yayıncılık,,,,,AM4-AM5-LGA1700,360mm sıvı soğutma,8.9,1903,5,Var,360mm,,,,,,Vatan
Toplama Bilgisayar,Mouse,Cooler Master,FK2 Mini 16000DPI,450,Giriş,Ofis,,,,,Kablosuz,"16000 DPI sensör, 59g",7.5,1341,2,Yok,,,,,,,Sinerji
Toplama Bilgisayar,Mouse,SteelSeries,FK2 Wireless 8000DPI,1050,Orta,Günlük Kullanım,,,,,USB,"8000 DPI sensör, 90g",8.5,8253,2,Var,,,,,,,Sinerji
Toplama Bilgisayar,Mouse,Corsair,Atlantis Pro 36000DPI,350,Giriş,Günlük Kullanım,,,,,Bluetooth,"36000 DPI sensör, 90g",7.3,2337,2,Yok,,,,,,,Akakçe
Toplama Bilgisayar,RAM,G.Skill,XLR8 32GB 2x16GB DDR4 3200MHz,2500,Üst,Yayıncılık,,DDR4,,32GB,DDR4,3200MHz bellek kiti,8.8,6055,2,Yok,,,,,,,Sinerji
Toplama Bilgisayar,Kasa,NZXT,TUF GT Black,3850,Orta,Oyun,,,,,E-ATX,"Full Tower, mesh/airflow odaklı kasa",7.4,5148,2,Yok,Full Tower,,,,,,Vatan
Toplama Bilgisayar,Monitör,HP,Optix 31.5 inç 2560x1440 180Hz,13200,Üst,Yazılım,,,25,,HDMI-DP,"VA panel, 180Hz",9.1,6315,3,Yok,31.5 inç,2560x1440,180Hz,,,,GamingGenTR
Toplama Bilgisayar,Klavye,GamePower,CK Wireless Mekanik 60%,850,Giriş,Ofis,,,,,Bluetooth,Mekanik klavye,7.9,3207,2,Var,60%,,,,,,Sinerji
Toplama Bilgisayar,HDD,Seagate,Red Plus 8TB 7200RPM,8200,Üst,Ofis,,,7,8TB,SATA,3.5 inç mekanik disk,9.2,5960,2,Yok,,,,,,,Epey
Toplama Bilgisayar,Kasa,Corsair,View 270 Mesh,6500,Üst,Oyun,,,,,ATX,"Mini Tower, mesh/airflow odaklı kasa",9.4,8034,2,Var,Mini Tower,,,,,,Akakçe
Toplama Bilgisayar,Ekran Kartı,XFX,RTX 5090 Hellhound 32GB,188550,Amiral,Yapay Zeka,,GDDR6X,575,32GB,PCIe,2026 amiral seviye AI/4K,9.2,3286,3,Yok,,,,32GB,,,Akakçe
Toplama Bilgisayar,Klavye,Royal Kludge,BlackWidow Mekanik TKL,2150,Orta,Günlük Kullanım,,,,,Kablosuz,Mekanik klavye,8.5,2875,2,Var,TKL,,,,,,İncehesap
Toplama Bilgisayar,Mouse,Glorious,Viper Mini 12000DPI,1700,Orta,Oyun,,,,,USB,"12000 DPI sensör, 63g",7.2,4028,2,Var,,,,,,,Sinerji
Toplama Bilgisayar,Kasa,ASUS,North,3300,Orta,Ofis,,,,,E-ATX,"Full Tower, mesh/airflow odaklı kasa",7.3,551,2,Var,Full Tower,,,,,,İtopya
Toplama Bilgisayar,Kasa,DarkFlash,O11 Dynamic Black,2950,Orta,Oyun,,,,,Micro ATX,"Mini Tower, mesh/airflow odaklı kasa",8.2,5545,2,Yok,Mini Tower,,,,,,Vatan
Toplama Bilgisayar,Klavye,SteelSeries,Vigor GK Wireless Low Profile 75%,3750,Üst,Oyun,,,,,Kablosuz,Low Profile klavye,9.0,7097,2,Yok,75%,,,,,,Akakçe
Toplama Bilgisayar,Kasa,Cooler Master,North White,1350,Giriş,Ofis,,,,,Micro ATX,"Mini Tower, mesh/airflow odaklı kasa",7.3,3368,2,Yok,Mini Tower,,,,,,Akakçe
Toplama Bilgisayar,Monitör,Philips,Mobiuz 32 inç 3840x2160 144Hz,19600,Amiral,Ofis,,,35,,HDMI-DP,"VA panel, 144Hz",9.9,546,2,Yok,32 inç,3840x2160,144Hz,,,,İtopya
Toplama Bilgisayar,Monitör,Dell,Aorus 27 inç 3840x2160 144Hz,26700,Amiral,Ofis,,,25,,HDMI-DP,"VA panel, 144Hz",9.0,1037,2,Yok,27 inç,3840x2160,144Hz,,,,GamingGenTR
Toplama Bilgisayar,Kasa,Corsair,H5 Flow,2800,Orta,Yazılım,,,,,Micro ATX,"Full Tower, mesh/airflow odaklı kasa",8.2,3588,2,Var,Full Tower,,,,,,Epey
Toplama Bilgisayar,Kasa,NZXT,View 270 Mesh,3100,Orta,Oyun,,,,,E-ATX,"Full Tower, mesh/airflow odaklı kasa",7.5,3757,2,Var,Full Tower,,,,,,Sinerji
Toplama Bilgisayar,Kasa,MSI,CH370 RGB,6550,Üst,Video Edit,,,,,E-ATX,"Full Tower, mesh/airflow odaklı kasa",9.1,4706,2,Var,Full Tower,,,,,,Akakçe
Toplama Bilgisayar,Ekran Kartı,PowerColor,RTX 5070 Pulse 12GB,51200,Üst,Yapay Zeka,,GDDR6,250,12GB,PCIe,2026 yeni nesil 1440p,8.1,3078,3,Var,,,,12GB,,,GamingGenTR
Toplama Bilgisayar,Klavye,SteelSeries,RK61 Wireless Membran TKL,550,Giriş,Oyun,,,,,Kablosuz,Membran klavye,6.6,1021,2,Yok,TKL,,,,,,İtopya
Toplama Bilgisayar,Monitör,Lenovo,Odyssey 34 inç 3840x2160 144Hz,24200,Amiral,Video Edit,,,25,,HDMI-DP,"OLED panel, 144Hz",9.3,273,3,Yok,34 inç,3840x2160,144Hz,,,,İtopya
Toplama Bilgisayar,Klavye,Royal Kludge,Vigor GK Pro Mekanik 75%,3350,Üst,Yazılım,,,,,Bluetooth,Mekanik klavye,8.3,10298,2,Var,75%,,,,,,Vatan
Toplama Bilgisayar,İşlemci,AMD,Ryzen 7 7700 Tray,10600,Üst,Tasarım,AM5,DDR5,65,,AM5-DDR5,8 çekirdek 16 thread,9.3,917,3,Yok,,,,,,,İncehesap
Toplama Bilgisayar,Anakart,ASUS,Mortar B550 DDR4,4450,Orta,Yazılım,AM4,DDR4,,,AM4-DDR4,"Micro ATX, B550 yonga seti, DDR4 bellek desteği",7.5,6613,3,Var,Micro ATX,,,,,,İtopya
Toplama Bilgisayar,Monitör,LG,Predator 34 inç 1920x1080 75Hz,2850,Giriş,Tasarım,,,25,,HDMI-DP,"IPS panel, 75Hz",6.6,1545,2,Yok,34 inç,1920x1080,75Hz,,,,Epey
Toplama Bilgisayar,Kasa,MSI,Warcry Black,7150,Üst,Video Edit,,,,,E-ATX,"Full Tower, mesh/airflow odaklı kasa",9.0,9798,2,Var,Full Tower,,,,,,İtopya
Toplama Bilgisayar,Anakart,Colorful,PRO B760 DDR4,5600,Orta,Ofis,LGA1700,DDR4,,,LGA1700-DDR4,"Micro ATX, B760 yonga seti, DDR4 bellek desteği",8.1,5930,3,Var,Micro ATX,,,,,,İtopya
Toplama Bilgisayar,Klavye,SteelSeries,Alloy Origins Low Profile 75%,1750,Orta,Oyun,,,,,Bluetooth,Low Profile klavye,7.5,4459,2,Var,75%,,,,,,GamingGenTR
Toplama Bilgisayar,İşlemci,Intel,Core i7-14700KF Tray,17650,Amiral,Tasarım,LGA1700,DDR5,125,,LGA1700-DDR5,20 çekirdek,9.1,999,3,Yok,,,,,,,GamingGenTR
Toplama Bilgisayar,Klavye,Akko,K380 Membran 60%,1600,Orta,Günlük Kullanım,,,,,Kablosuz,Membran klavye,8.1,356,2,Var,60%,,,,,,Epey
Toplama Bilgisayar,Mouse,ASUS,G102 Pro 8000DPI,600,Giriş,Yazılım,,,,,Kablosuz,"8000 DPI sensör, 63g",7.3,530,2,Var,,,,,,,Epey
Toplama Bilgisayar,Mouse,Lamzu,Pulsefire Wireless 36000DPI,600,Giriş,Yazılım,,,,,Kablosuz,"36000 DPI sensör, 90g",7.5,3362,2,Var,,,,,,,Vatan
Toplama Bilgisayar,Mouse,Darmoshark,ROG Keris Mini 12000DPI,1200,Orta,Oyun,,,,,Kablosuz,"12000 DPI sensör, 63g",8.0,2193,2,Yok,,,,,,,İtopya
Toplama Bilgisayar,Soğutucu,Cooler Master,Peerless Assassin,4400,Üst,Yazılım,,,,,AM4-AM5-LGA1700,Hava soğutma,8.7,8778,2,Var,,,,,,,İncehesap
Toplama Bilgisayar,Mouse,ASUS,Model O 8000DPI,3950,Üst,Oyun,,,,,Kablosuz,"8000 DPI sensör, 59g",8.8,5757,2,Yok,,,,,,,Vatan
Toplama Bilgisayar,Monitör,Dell,UltraGear 24.5 inç 1920x1080 144Hz,3750,Orta,Ofis,,,35,,HDMI-DP,"VA panel, 144Hz",8.5,5395,3,Yok,24.5 inç,1920x1080,144Hz,,,,Sinerji
Toplama Bilgisayar,Anakart,NZXT,Phantom Gaming X870 DDR5,20700,Amiral,Oyun,AM5,DDR5,,,AM5-DDR5,"ATX, X870 yonga seti, DDR5 bellek desteği",9.4,1786,3,Yok,ATX,,,,,,İncehesap
Toplama Bilgisayar,Klavye,Royal Kludge,K2 RGB Mekanik TKL,4350,Üst,Günlük Kullanım,,,,,Bluetooth,Mekanik klavye,9.0,3596,2,Var,TKL,,,,,,İncehesap
Toplama Bilgisayar,Mouse,Glorious,DeathAdder Mini 26000DPI,1350,Orta,Ofis,,,,,USB,"26000 DPI sensör, 49g",7.2,3139,2,Var,,,,,,,İtopya
Toplama Bilgisayar,Kasa,Cooler Master,Eclipse Mesh,4000,Orta,Oyun,,,,,ATX,"Full Tower, mesh/airflow odaklı kasa",8.7,6197,2,Yok,Full Tower,,,,,,Vatan
Toplama Bilgisayar,Klavye,Glorious,MOD007 Mekanik 60%,700,Giriş,Ofis,,,,,Kablosuz,Mekanik klavye,8.0,3064,2,Yok,60%,,,,,,Akakçe
Toplama Bilgisayar,Kasa,MSI,TD500,11050,Amiral,Video Edit,,,,,E-ATX,"Full Tower, mesh/airflow odaklı kasa",8.8,3715,2,Var,Full Tower,,,,,,Akakçe
Toplama Bilgisayar,Ekran Kartı,Palit,RX 7900 GRE Hellhound 16GB,40400,Üst,Yapay Zeka,,GDDR6,260,16GB,PCIe,1440p/4K,8.2,1460,3,Yok,,,,16GB,,,Epey
Toplama Bilgisayar,Klavye,Corsair,MOD007 Pro Low Profile Tam boy,3950,Üst,Ofis,,,,,Bluetooth,Low Profile klavye,9.4,1518,2,Yok,Tam boy,,,,,,Akakçe
Toplama Bilgisayar,SSD,SK hynix,990 EVO 500GB NVMe,850,Giriş,Yazılım,,,5,500GB,M2 NVMe,PCIe 3.0 NVMe SSD,8.0,1958,5,Yok,,,,,3216 MB/s,2590 MB/s,Sinerji
Toplama Bilgisayar,Klavye,Royal Kludge,BlackWidow Wireless Optik switch TKL,5200,Üst,Yazılım,,,,,USB,Optik switch klavye,8.8,11852,2,Yok,TKL,,,,,,İncehesap
Toplama Bilgisayar,Kasa,Fractal Design,North White,3800,Orta,Oyun,,,,,E-ATX,"Full Tower, mesh/airflow odaklı kasa",8.0,6713,2,Yok,Full Tower,,,,,,Epey
Toplama Bilgisayar,Klavye,Logitech,K70 RGB Optik switch Tam boy,600,Giriş,Ofis,,,,,Kablosuz,Optik switch klavye,7.2,3484,2,Var,Tam boy,,,,,,Vatan
Toplama Bilgisayar,Kasa,NZXT,TD500 RGB,2000,Giriş,Oyun,,,,,Micro ATX,"Mid Tower, mesh/airflow odaklı kasa",7.0,783,2,Var,Mid Tower,,,,,,İtopya
Toplama Bilgisayar,Monitör,Lenovo,ProArt 32 inç 1920x1080 144Hz,5050,Orta,Ofis,,,25,,HDMI-DP,"VA panel, 144Hz",8.0,2165,2,Yok,32 inç,1920x1080,144Hz,,,,Sinerji
Toplama Bilgisayar,Mouse,HyperX,Atlantis Mini 8000DPI,550,Giriş,Ofis,,,,,Bluetooth,"8000 DPI sensör, 63g",7.8,1831,2,Var,,,,,,,Vatan
Toplama Bilgisayar,Kasa,GamePower,MAG Forge,3900,Orta,Oyun,,,,,Micro ATX,"Full Tower, mesh/airflow odaklı kasa",7.6,4651,2,Var,Full Tower,,,,,,GamingGenTR
Toplama Bilgisayar,RAM,PNY,Ares 16GB 2x8GB DDR5 5600MHz,2500,Orta,Ofis,,DDR5,,16GB,DDR5,5600MHz bellek kiti,8.2,7260,3,Yok,,,,,,,İncehesap
Toplama Bilgisayar,Mouse,Redragon,X2V2 26000DPI,1600,Orta,Ofis,,,,,Kablosuz,"26000 DPI sensör, 75g",8.1,1436,2,Var,,,,,,,Vatan
Toplama Bilgisayar,Monitör,MSI,Optix 31.5 inç 3840x2160 144Hz,22500,Amiral,Oyun,,,35,,HDMI-DP,"Mini LED panel, 144Hz",9.1,1874,3,Yok,31.5 inç,3840x2160,144Hz,,,,Vatan
Toplama Bilgisayar,Kasa,MSI,Aquarius White,3250,Orta,Ofis,,,,,E-ATX,"Full Tower, mesh/airflow odaklı kasa",8.7,7867,2,Var,Full Tower,,,,,,İncehesap
Toplama Bilgisayar,Kasa,GamePower,H5 Flow Black,1900,Giriş,Oyun,,,,,Micro ATX,"Full Tower, mesh/airflow odaklı kasa",7.7,2950,2,Yok,Full Tower,,,,,,Sinerji
Toplama Bilgisayar,Kasa,Xigmatek,TUF GT White,3900,Orta,Oyun,,,,,E-ATX,"Full Tower, mesh/airflow odaklı kasa",8.5,3325,2,Yok,Full Tower,,,,,,GamingGenTR
Toplama Bilgisayar,Anakart,MSI,Strix H610 WiFi DDR4,3500,Giriş,Günlük Kullanım,LGA1700,DDR4,,,LGA1700-DDR4,"ATX, H610 yonga seti, DDR4 bellek desteği",7.1,1131,3,Var,ATX,,,,,,İncehesap
Toplama Bilgisayar,Klavye,Redragon,BlackWidow Wireless Optik switch 75%,2150,Orta,Yazılım,,,,,Kablosuz,Optik switch klavye,8.0,611,2,Yok,75%,,,,,,Akakçe
Toplama Bilgisayar,HDD,Seagate,P300 8TB 7200RPM,8650,Üst,Yayıncılık,,,9,8TB,SATA,3.5 inç mekanik disk,9.4,3709,2,Yok,,,,,,,Vatan
Toplama Bilgisayar,Anakart,ASRock,Tomahawk B660 MAX DDR4,5100,Orta,Günlük Kullanım,LGA1700,DDR4,,,LGA1700-DDR4,"ATX, B660 yonga seti, DDR4 bellek desteği",7.4,662,3,Var,ATX,,,,,,Sinerji
Toplama Bilgisayar,Mouse,SteelSeries,Viper 8000DPI,1600,Orta,Ofis,,,,,Bluetooth,"8000 DPI sensör, 90g",7.9,5452,2,Var,,,,,,,İtopya
Toplama Bilgisayar,Soğutucu,Cooler Master,Liquid Freezer III 240,3550,Orta,Günlük Kullanım,,,,,AM4-AM5-LGA1700,240mm sıvı soğutma,8.7,7951,2,Yok,240mm,,,,,,GamingGenTR
Toplama Bilgisayar,İşlemci,AMD,Ryzen 5 7500F,6200,Orta,Günlük Kullanım,AM5,DDR5,65,,AM5-DDR5,6 çekirdek 12 thread,8.6,5088,3,Yok,,,,,,,Epey
Toplama Bilgisayar,Klavye,SteelSeries,CK Wireless Low Profile 60%,850,Giriş,Yazılım,,,,,Kablosuz,Low Profile klavye,6.8,435,2,Yok,60%,,,,,,Epey
Toplama Bilgisayar,Ekran Kartı,Inno3D,RTX 4060 Ti Aero OC 8GB,23000,Orta,Video Edit,,GDDR6,160,8GB,PCIe,1080p/1440p oyun,7.3,4392,3,Var,,,,8GB,,,İtopya
Toplama Bilgisayar,Kasa,Lian Li,CH370,6250,Üst,Yayıncılık,,,,,Micro ATX,"Full Tower, mesh/airflow odaklı kasa",8.6,7901,2,Var,Full Tower,,,,,,İtopya
Toplama Bilgisayar,Anakart,ASUS,Aorus Elite A620 DDR5,4050,Giriş,Günlük Kullanım,AM5,DDR5,,,AM5-DDR5,"Mini ITX, A620 yonga seti, DDR5 bellek desteği",7.4,712,3,Var,Mini ITX,,,,,,Akakçe
Toplama Bilgisayar,HDD,WD,N300 2TB 7200RPM,2550,Giriş,Yayıncılık,,,7,2TB,SATA,3.5 inç mekanik disk,7.4,2096,2,Yok,,,,,,,Sinerji
Toplama Bilgisayar,Kasa,Lian Li,CH370 White,3000,Orta,Ofis,,,,,Micro ATX,"Mid Tower, mesh/airflow odaklı kasa",8.6,7658,2,Yok,Mid Tower,,,,,,GamingGenTR
Toplama Bilgisayar,Kasa,NZXT,North,4250,Üst,Video Edit,,,,,E-ATX,"Mini Tower, mesh/airflow odaklı kasa",8.5,8322,2,Yok,Mini Tower,,,,,,İncehesap
Toplama Bilgisayar,Anakart,MSI,Aorus Elite B650 AX DDR5,6650,Orta,Yazılım,AM5,DDR5,,,AM5-DDR5,"ATX, B650 yonga seti, DDR5 bellek desteği",7.4,5335,3,Var,ATX,,,,,,Vatan
Toplama Bilgisayar,Ekran Kartı,Gigabyte,RX 7900 GRE Merc 16GB,42050,Üst,Video Edit,,GDDR6,260,16GB,PCIe,1440p/4K,9.2,6733,3,Var,,,,16GB,,,İncehesap
Toplama Bilgisayar,Kasa,DeepCool,Lancool,3900,Orta,Yazılım,,,,,Micro ATX,"Full Tower, mesh/airflow odaklı kasa",8.1,5433,2,Yok,Full Tower,,,,,,Epey
Toplama Bilgisayar,Monitör,Philips,ProArt 31.5 inç 2560x1440 144Hz,9400,Üst,Oyun,,,25,,HDMI-DP,"IPS panel, 144Hz",8.6,7561,3,Yok,31.5 inç,2560x1440,144Hz,,,,Akakçe
Toplama Bilgisayar,Mouse,Darmoshark,Atlantis Pro 16000DPI,450,Giriş,Ofis,,,,,USB,"16000 DPI sensör, 63g",7.6,3424,2,Yok,,,,,,,Akakçe
Toplama Bilgisayar,HDD,Toshiba,IronWolf 4TB 7200RPM,3500,Orta,Ofis,,,7,4TB,SATA,3.5 inç mekanik disk,7.7,4051,2,Yok,,,,,,,İtopya
Toplama Bilgisayar,Klavye,Redragon,RK61 Wireless Low Profile TKL,2250,Orta,Oyun,,,,,Kablosuz,Low Profile klavye,8.0,1862,2,Var,TKL,,,,,,Akakçe
Toplama Bilgisayar,Klavye,ASUS,ROG Strix Scope RGB Optik switch 75%,1950,Orta,Günlük Kullanım,,,,,Kablosuz,Optik switch klavye,7.3,1104,2,Var,75%,,,,,,İncehesap
Toplama Bilgisayar,Klavye,Akko,RK61 Wireless Mekanik Tam boy,5200,Üst,Ofis,,,,,Bluetooth,Mekanik klavye,8.1,7238,2,Var,Tam boy,,,,,,Akakçe
Toplama Bilgisayar,Anakart,Gigabyte,TUF Gaming X870 MAX DDR5,17750,Amiral,Tasarım,AM5,DDR5,,,AM5-DDR5,"Mini ITX, X870 yonga seti, DDR5 bellek desteği",8.9,1813,3,Yok,Mini ITX,,,,,,Vatan
Toplama Bilgisayar,Mouse,HyperX,M711 Mini 8000DPI,3750,Üst,Ofis,,,,,Kablosuz,"8000 DPI sensör, 75g",8.9,11262,2,Var,,,,,,,Akakçe
Toplama Bilgisayar,HDD,WD,SkyHawk 2TB 7200RPM,2250,Giriş,Ofis,,,7,2TB,SATA,3.5 inç mekanik disk,8.0,299,3,Yok,,,,,,,Sinerji
Toplama Bilgisayar,Kasa,DarkFlash,O11 Dynamic,2700,Orta,Günlük Kullanım,,,,,ATX,"Mid Tower, mesh/airflow odaklı kasa",7.5,2689,2,Var,Mid Tower,,,,,,GamingGenTR
Toplama Bilgisayar,Anakart,ASRock,Phantom Gaming B650E DDR5,11200,Üst,Yazılım,AM5,DDR5,,,AM5-DDR5,"ATX, B650E yonga seti, DDR5 bellek desteği",8.4,9190,3,Yok,ATX,,,,,,Vatan
Toplama Bilgisayar,SSD,SK hynix,Legend 960 4TB NVMe,17300,Amiral,Oyun,,,4,4TB,M2 NVMe,PCIe 5.0 NVMe SSD,9.0,2521,5,Yok,,,,,11103 MB/s,8091 MB/s,Sinerji
Toplama Bilgisayar,SSD,Kingston,990 Pro 1TB NVMe,2950,Orta,Ofis,,,5,1TB,M2 NVMe,PCIe 4.0 NVMe SSD,8.4,6310,3,Yok,,,,,7441 MB/s,6764 MB/s,İtopya
Toplama Bilgisayar,Anakart,NZXT,PRO B650E MAX DDR5,11900,Üst,Tasarım,AM5,DDR5,,,AM5-DDR5,"ATX, B650E yonga seti, DDR5 bellek desteği",8.8,11558,3,Var,ATX,,,,,,Akakçe
Toplama Bilgisayar,Klavye,SteelSeries,K70 Pro Membran 75%,3500,Üst,Günlük Kullanım,,,,,Bluetooth,Membran klavye,9.1,8804,2,Yok,75%,,,,,,Akakçe
Toplama Bilgisayar,Mouse,Pulsar,G102 26000DPI,1200,Orta,Oyun,,,,,USB,"26000 DPI sensör, 59g",7.6,8059,2,Var,,,,,,,Sinerji
Toplama Bilgisayar,Güç Kaynağı,SilverStone,Strider 1200W 80+ Gold,11750,Amiral,Oyun,,,1200W,,80+ Gold,"Modüler PSU, 80+ Gold",8.9,1622,7,Yok,,,,,,,Akakçe
Toplama Bilgisayar,Mouse,HyperX,Clutch GM Pro 8000DPI,500,Giriş,Yazılım,,,,,USB,"8000 DPI sensör, 63g",7.5,104,2,Var,,,,,,,İtopya
Toplama Bilgisayar,RAM,XPG,Viper Steel 32GB 2x16GB DDR4 3600MHz,2650,Üst,Video Edit,,DDR4,,32GB,DDR4,3600MHz bellek kiti,9.3,2655,3,Var,,,,,,,GamingGenTR
Toplama Bilgisayar,Monitör,Lenovo,Mobiuz 27 inç 3840x2160 240Hz,41100,Amiral,Oyun,,,35,,HDMI-DP,"Mini LED panel, 240Hz",9.6,4779,2,Yok,27 inç,3840x2160,240Hz,,,,İncehesap
Toplama Bilgisayar,Klavye,Corsair,Ogre Membran TKL,650,Giriş,Günlük Kullanım,,,,,Kablosuz,Membran klavye,7.4,1754,2,Yok,TKL,,,,,,Vatan
Toplama Bilgisayar,Mouse,Logitech,DeathAdder Mini 26000DPI,350,Giriş,Günlük Kullanım,,,,,Kablosuz,"26000 DPI sensör, 63g",7.4,2771,2,Var,,,,,,,Sinerji
Toplama Bilgisayar,Mouse,Cooler Master,Model O Wireless 26000DPI,1350,Orta,Yazılım,,,,,USB,"26000 DPI sensör, 90g",7.5,4221,2,Var,,,,,,,Sinerji
Toplama Bilgisayar,Klavye,Redragon,Apex Wireless Low Profile 75%,1800,Orta,Oyun,,,,,Kablosuz,Low Profile klavye,7.8,4366,2,Var,75%,,,,,,Vatan
Toplama Bilgisayar,İşlemci,AMD,Ryzen 9 9900X Kampanya,18600,Amiral,Yayıncılık,AM5,DDR5,120,,AM5-DDR5,Zen 5 12 çekirdek,9.7,366,3,Yok,,,,,,,Akakçe
Toplama Bilgisayar,Anakart,ASRock,Aorus Elite H610 AX DDR4,3700,Giriş,Günlük Kullanım,LGA1700,DDR4,,,LGA1700-DDR4,"Micro ATX, H610 yonga seti, DDR4 bellek desteği",6.7,3142,3,Var,Micro ATX,,,,,,Vatan
Toplama Bilgisayar,Ekran Kartı,Sapphire,RTX 5090 Nitro+ 32GB,181050,Amiral,Yapay Zeka,,GDDR6X,575,32GB,PCIe,2026 amiral seviye AI/4K,9.6,1635,3,Yok,,,,32GB,,,Vatan
Toplama Bilgisayar,Klavye,MSI,BlackWidow Low Profile 60%,1900,Orta,Günlük Kullanım,,,,,USB,Low Profile klavye,7.4,3562,2,Var,60%,,,,,,İtopya
Toplama Bilgisayar,İşlemci,AMD,Ryzen 3 4100 Tray,2050,Giriş,Günlük Kullanım,AM4,DDR4,65,,AM4-DDR4,4 çekirdek 8 thread,7.6,2253,3,Yok,,,,,,,Akakçe
Toplama Bilgisayar,Klavye,Akko,K2 Pro Membran Tam boy,2250,Orta,Yazılım,,,,,USB,Membran klavye,8.0,2665,2,Var,Tam boy,,,,,,Epey
Toplama Bilgisayar,Monitör,ASUS,Mobiuz 27 inç 2560x1440 180Hz,13350,Üst,Ofis,,,35,,HDMI-DP,"VA panel, 180Hz",8.8,1349,3,Yok,27 inç,2560x1440,180Hz,,,,İncehesap
Toplama Bilgisayar,Klavye,ASUS,Vigor GK Membran 75%,650,Giriş,Ofis,,,,,USB,Membran klavye,7.7,3209,2,Yok,75%,,,,,,İncehesap
Toplama Bilgisayar,Mouse,Pulsar,Clutch GM Pro 26000DPI,1300,Orta,Ofis,,,,,Bluetooth,"26000 DPI sensör, 49g",7.3,6578,2,Yok,,,,,,,Vatan
Toplama Bilgisayar,Klavye,HyperX,Vigor GK Pro Optik switch 75%,1450,Orta,Oyun,,,,,Bluetooth,Optik switch klavye,8.6,8281,2,Var,75%,,,,,,Epey
Toplama Bilgisayar,Kasa,NZXT,Meshify,5400,Üst,Yazılım,,,,,Micro ATX,"Mid Tower, mesh/airflow odaklı kasa",9.4,10981,2,Var,Mid Tower,,,,,,İncehesap
Toplama Bilgisayar,Ekran Kartı,XFX,RTX 4080 Super Nitro+ 16GB,70300,Amiral,Yapay Zeka,,GDDR6X,320,16GB,PCIe,4K oyun ve render,9.0,1759,3,Yok,,,,16GB,,,İtopya
Toplama Bilgisayar,Ekran Kartı,PowerColor,RTX 4060 Eagle OC 8GB,17650,Orta,Günlük Kullanım,,GDDR6,115,8GB,PCIe,DLSS 3 1080p oyun,7.7,3083,3,Var,,,,8GB,,,Epey
Toplama Bilgisayar,Kasa,Xigmatek,4000D Airflow,4650,Üst,Oyun,,,,,Micro ATX,"Mini Tower, mesh/airflow odaklı kasa",8.4,8897,2,Var,Mini Tower,,,,,,Sinerji
Toplama Bilgisayar,Anakart,MSI,Strix B760 DDR5,6250,Orta,Günlük Kullanım,LGA1700,DDR5,,,LGA1700-DDR5,"Micro ATX, B760 yonga seti, DDR5 bellek desteği",7.4,2364,3,Var,Micro ATX,,,,,,Sinerji
Toplama Bilgisayar,Klavye,Logitech,G Pro X Membran Tam boy,5100,Üst,Oyun,,,,,USB,Membran klavye,8.1,4946,2,Var,Tam boy,,,,,,Akakçe
Toplama Bilgisayar,HDD,Seagate,Red Plus 4TB 7200RPM,3400,Orta,Video Edit,,,5,4TB,SATA,3.5 inç mekanik disk,8.5,4799,2,Yok,,,,,,,Sinerji
Toplama Bilgisayar,RAM,Patriot,T-Force Delta 64GB 2x32GB DDR5 5600MHz,9900,Amiral,Yapay Zeka,,DDR5,,64GB,DDR5,5600MHz bellek kiti,9.4,3069,3,Yok,,,,,,,İtopya
Toplama Bilgisayar,Monitör,AOC,Alienware 31.5 inç 1920x1080 75Hz,2400,Giriş,Video Edit,,,50,,HDMI-DP,"VA panel, 75Hz",6.4,374,3,Yok,31.5 inç,1920x1080,75Hz,,,,Sinerji
Toplama Bilgisayar,Kasa,Cooler Master,Lancool White,2500,Orta,Yazılım,,,,,Micro ATX,"Mid Tower, mesh/airflow odaklı kasa",7.8,2855,2,Var,Mid Tower,,,,,,Epey
Toplama Bilgisayar,Kasa,ASUS,TD500 Black,3350,Orta,Günlük Kullanım,,,,,Micro ATX,"Mini Tower, mesh/airflow odaklı kasa",8.5,4446,2,Var,Mini Tower,,,,,,Akakçe
Toplama Bilgisayar,Güç Kaynağı,High Power,Straight Power 650W 80+ Bronze,4350,Orta,Yazılım,,,650W,,80+ Bronze,"Sabit kablo PSU, 80+ Bronze",8.7,6368,2,Yok,,,,,,,Epey
Toplama Bilgisayar,Monitör,Acer,UltraGear 24.5 inç 1920x1080 75Hz,2550,Giriş,Oyun,,,50,,HDMI-DP,"VA panel, 75Hz",7.3,2743,3,Yok,24.5 inç,1920x1080,75Hz,,,,Akakçe
Toplama Bilgisayar,Kasa,Thermaltake,CH370 White,12550,Amiral,Tasarım,,,,,ATX,"Mid Tower, mesh/airflow odaklı kasa",8.8,1027,2,Yok,Mid Tower,,,,,,Epey
Toplama Bilgisayar,SSD,Patriot,990 Pro 500GB NVMe,1100,Giriş,Günlük Kullanım,,,5,500GB,M2 NVMe,PCIe 3.0 NVMe SSD,7.4,541,3,Yok,,,,,3091 MB/s,2354 MB/s,Sinerji
Toplama Bilgisayar,Anakart,Colorful,Creator B760 AX DDR4,4600,Orta,Oyun,LGA1700,DDR4,,,LGA1700-DDR4,"ATX, B760 yonga seti, DDR4 bellek desteği",8.1,5621,3,Yok,ATX,,,,,,Akakçe
Toplama Bilgisayar,Güç Kaynağı,Thermaltake,Straight Power 1000W 80+ Gold,7100,Üst,Video Edit,,,1000W,,80+ Gold,"Modüler PSU, 80+ Gold",8.9,7761,3,Yok,,,,,,,İncehesap
Toplama Bilgisayar,Kasa,NZXT,MAG Forge,11550,Amiral,Tasarım,,,,,Micro ATX,"Full Tower, mesh/airflow odaklı kasa",9.7,2285,2,Var,Full Tower,,,,,,Akakçe
Toplama Bilgisayar,Anakart,ASRock,Creator B660 AX DDR4,4500,Orta,Ofis,LGA1700,DDR4,,,LGA1700-DDR4,"Mini ITX, B660 yonga seti, DDR4 bellek desteği",8.0,3943,3,Var,Mini ITX,,,,,,İtopya
Toplama Bilgisayar,Kasa,Xigmatek,Eclipse,2300,Giriş,Ofis,,,,,E-ATX,"Mid Tower, mesh/airflow odaklı kasa",7.9,3212,2,Yok,Mid Tower,,,,,,GamingGenTR
Toplama Bilgisayar,Anakart,Biostar,PRO B760 DDR5,5900,Orta,Ofis,LGA1700,DDR5,,,LGA1700-DDR5,"Mini ITX, B760 yonga seti, DDR5 bellek desteği",7.2,7064,3,Yok,Mini ITX,,,,,,İncehesap
Toplama Bilgisayar,Ekran Kartı,Galax,RTX 4070 Ti Super Twin Edge 16GB,59350,Üst,Yapay Zeka,,GDDR6X,285,16GB,PCIe,1440p/4K güçlü performans,9.1,6873,3,Yok,,,,16GB,,,İtopya
Toplama Bilgisayar,Monitör,Samsung,TUF Gaming 27 inç 3440x1440 165Hz,19800,Amiral,Oyun,,,50,,HDMI-DP,"VA panel, 165Hz",9.4,1412,2,Yok,27 inç,3440x1440,165Hz,,,,Vatan
Toplama Bilgisayar,Mouse,MSI,FK2 Pro 30000DPI,2650,Üst,Ofis,,,,,Bluetooth,"30000 DPI sensör, 49g",9.0,7622,2,Var,,,,,,,İncehesap
Toplama Bilgisayar,Monitör,Gigabyte,Predator 23.8 inç 1920x1080 75Hz,2400,Giriş,Yazılım,,,50,,HDMI-DP,"VA panel, 75Hz",7.4,1987,3,Yok,23.8 inç,1920x1080,75Hz,,,,Epey
Toplama Bilgisayar,Klavye,Akko,ROG Strix Scope Pro Mekanik TKL,4200,Üst,Yazılım,,,,,Bluetooth,Mekanik klavye,8.9,10431,2,Var,TKL,,,,,,Epey
Toplama Bilgisayar,Ekran Kartı,PNY,GTX 1650 Gaming OC 4GB,5750,Giriş,Video Edit,,GDDR6,75,4GB,PCIe,1080p giriş oyun,6.6,1911,3,Yok,,,,4GB,,,Epey
Toplama Bilgisayar,Klavye,Redragon,BlackWidow Pro Low Profile 60%,2050,Orta,Günlük Kullanım,,,,,USB,Low Profile klavye,7.8,4682,2,Var,60%,,,,,,Akakçe
Toplama Bilgisayar,Klavye,Redragon,G Pro X Wireless Mekanik Tam boy,5850,Amiral,Oyun,,,,,Kablosuz,Mekanik klavye,9.6,3425,2,Var,Tam boy,,,,,,İncehesap
Toplama Bilgisayar,Monitör,Philips,Mobiuz 34 inç 1920x1080 144Hz,4600,Orta,Video Edit,,,50,,HDMI-DP,"VA panel, 144Hz",8.5,442,3,Yok,34 inç,1920x1080,144Hz,,,,GamingGenTR
Toplama Bilgisayar,RAM,Corsair,Viper Steel 32GB 2x16GB DDR4 3200MHz,2900,Üst,Yayıncılık,,DDR4,,32GB,DDR4,3200MHz bellek kiti,9.4,11257,5,Yok,,,,,,,Akakçe
Toplama Bilgisayar,RAM,Apacer,Ballistix 16GB 2x8GB DDR5 7200MHz,3450,Orta,Ofis,,DDR5,,16GB,DDR5,7200MHz bellek kiti,8.7,4462,5,Yok,,,,,,,Akakçe
Toplama Bilgisayar,SSD,Patriot,P5 Plus 500GB NVMe,1500,Giriş,Günlük Kullanım,,,3,500GB,M2 NVMe,PCIe 4.0 NVMe SSD,6.4,1906,5,Yok,,,,,5517 MB/s,4439 MB/s,İtopya
Toplama Bilgisayar,SSD,Crucial,990 Pro 500GB NVMe,1000,Giriş,Günlük Kullanım,,,3,500GB,M2 NVMe,PCIe 3.0 NVMe SSD,6.9,2472,5,Yok,,,,,3285 MB/s,2746 MB/s,GamingGenTR
Toplama Bilgisayar,HDD,Toshiba,Purple 2TB 7200RPM,2850,Giriş,Günlük Kullanım,,,5,2TB,SATA,3.5 inç mekanik disk,6.6,3488,3,Yok,,,,,,,İncehesap
Toplama Bilgisayar,Mouse,Glorious,Viper Pro 16000DPI,2500,Üst,Yazılım,,,,,Kablosuz,"16000 DPI sensör, 90g",8.4,5352,2,Yok,,,,,,,Epey
Toplama Bilgisayar,Klavye,Royal Kludge,RK61 Pro Low Profile 75%,2200,Orta,Yazılım,,,,,Bluetooth,Low Profile klavye,7.9,983,2,Yok,75%,,,,,,İncehesap
Toplama Bilgisayar,Mouse,Darmoshark,Clutch GM 16000DPI,4500,Amiral,Oyun,,,,,USB,"16000 DPI sensör, 49g",9.7,4335,2,Yok,,,,,,,GamingGenTR
Toplama Bilgisayar,Klavye,Logitech,ROG Strix Scope Membran TKL,1750,Orta,Yazılım,,,,,Kablosuz,Membran klavye,8.6,131,2,Yok,TKL,,,,,,GamingGenTR
Toplama Bilgisayar,Kasa,Xigmatek,Lancool,2850,Orta,Oyun,,,,,ATX,"Mid Tower, mesh/airflow odaklı kasa",8.7,1152,2,Yok,Mid Tower,,,,,,İtopya
Toplama Bilgisayar,Ekran Kartı,PNY,RX 7800 XT Pulse 16GB,38600,Üst,Yapay Zeka,,GDDR6,263,16GB,PCIe,16GB VRAM 1440p,8.9,11453,3,Yok,,,,16GB,,,Epey
Toplama Bilgisayar,Anakart,ASUS,Aorus Elite X670 DDR5,10100,Üst,Oyun,AM5,DDR5,,,AM5-DDR5,"Mini ITX, X670 yonga seti, DDR5 bellek desteği",9.4,11102,3,Var,Mini ITX,,,,,,İncehesap
Toplama Bilgisayar,Klavye,Cooler Master,Ogre Wireless Membran Tam boy,5250,Üst,Günlük Kullanım,,,,,Kablosuz,Membran klavye,8.2,2958,2,Var,Tam boy,,,,,,Epey
Toplama Bilgisayar,Kasa,Lian Li,4000D Airflow White,3750,Orta,Yazılım,,,,,Micro ATX,"Mid Tower, mesh/airflow odaklı kasa",8.4,3210,2,Yok,Mid Tower,,,,,,GamingGenTR
Toplama Bilgisayar,Mouse,Pulsar,Harpoon Mini 36000DPI,450,Giriş,Ofis,,,,,USB,"36000 DPI sensör, 75g",6.5,3043,2,Yok,,,,,,,İtopya
Toplama Bilgisayar,Kasa,NZXT,4000D Airflow Black,1450,Giriş,Günlük Kullanım,,,,,E-ATX,"Mid Tower, mesh/airflow odaklı kasa",7.5,1357,2,Yok,Mid Tower,,,,,,Vatan
Toplama Bilgisayar,Ekran Kartı,Palit,RX 6600 Dual 8GB,9750,Giriş,Oyun,,GDDR6,132,8GB,PCIe,1080p fiyat performans,7.2,836,3,Yok,,,,8GB,,,Sinerji
Toplama Bilgisayar,Klavye,Redragon,Alloy Origins Wireless Mekanik 75%,2000,Orta,Oyun,,,,,Bluetooth,Mekanik klavye,8.8,647,2,Yok,75%,,,,,,İncehesap
Toplama Bilgisayar,SSD,PNY,SN770 4TB NVMe,8500,Amiral,Oyun,,,3,4TB,M2 NVMe,PCIe 3.0 NVMe SSD,9.8,1403,5,Yok,,,,,3013 MB/s,2530 MB/s,İncehesap
Toplama Bilgisayar,Mouse,Pulsar,ROG Keris 12000DPI,550,Giriş,Oyun,,,,,Bluetooth,"12000 DPI sensör, 59g",7.1,1803,2,Yok,,,,,,,GamingGenTR
Toplama Bilgisayar,Mouse,Logitech,Atlantis Pro 8000DPI,550,Giriş,Oyun,,,,,Kablosuz,"8000 DPI sensör, 49g",7.0,2440,2,Yok,,,,,,,Sinerji
Toplama Bilgisayar,Kasa,Fractal Design,MAG Forge Mesh,3800,Orta,Yazılım,,,,,ATX,"Mini Tower, mesh/airflow odaklı kasa",8.5,3288,2,Var,Mini Tower,,,,,,Epey
Toplama Bilgisayar,Mouse,Corsair,DeathAdder 12000DPI,1650,Orta,Oyun,,,,,Bluetooth,"12000 DPI sensör, 49g",7.9,1873,2,Yok,,,,,,,Sinerji
Toplama Bilgisayar,Kasa,Fractal Design,H5 Flow RGB,6100,Üst,Oyun,,,,,E-ATX,"Full Tower, mesh/airflow odaklı kasa",8.3,8129,2,Var,Full Tower,,,,,,Vatan
Toplama Bilgisayar,Mouse,Darmoshark,G Pro X Superlight Mini 12000DPI,3550,Üst,Oyun,,,,,Bluetooth,"12000 DPI sensör, 59g",9.4,5333,2,Var,,,,,,,Vatan
Toplama Bilgisayar,Mouse,Corsair,MM712 Mini 16000DPI,400,Giriş,Ofis,,,,,Bluetooth,"16000 DPI sensör, 63g",6.5,1373,2,Var,,,,,,,GamingGenTR
Toplama Bilgisayar,Mouse,Logitech,Rival Mini 26000DPI,4050,Üst,Günlük Kullanım,,,,,USB,"26000 DPI sensör, 90g",8.5,11069,2,Yok,,,,,,,Akakçe
Toplama Bilgisayar,Mouse,Darmoshark,Harpoon 8000DPI,450,Giriş,Oyun,,,,,USB,"8000 DPI sensör, 63g",7.2,852,2,Yok,,,,,,,Vatan
Toplama Bilgisayar,RAM,Lexar,Dominator 32GB 2x16GB DDR5 6000MHz,4950,Üst,Yayıncılık,,DDR5,,32GB,DDR5,6000MHz bellek kiti,8.8,3908,2,Yok,,,,,,,Akakçe
Toplama Bilgisayar,RAM,Apacer,XLR8 64GB 2x32GB DDR4 4000MHz,6050,Amiral,Yapay Zeka,,DDR4,,64GB,DDR4,4000MHz bellek kiti,9.6,2545,3,Yok,,,,,,,İncehesap
Toplama Bilgisayar,Ekran Kartı,PowerColor,RTX 4070 Super Aero OC 12GB,45750,Üst,Yapay Zeka,,GDDR6,220,12GB,PCIe,1440p ultra oyun,9.5,8880,3,Var,,,,12GB,,,İtopya
Toplama Bilgisayar,Klavye,Corsair,K380 Pro Mekanik Tam boy,5050,Üst,Günlük Kullanım,,,,,USB,Mekanik klavye,8.7,4437,2,Yok,Tam boy,,,,,,Vatan
Toplama Bilgisayar,Kasa,DeepCool,Warcry Mesh,6650,Üst,Yazılım,,,,,E-ATX,"Mid Tower, mesh/airflow odaklı kasa",9.1,8319,2,Var,Mid Tower,,,,,,Akakçe
Toplama Bilgisayar,Klavye,Glorious,Vigor GK Pro Low Profile 60%,2300,Orta,Oyun,,,,,USB,Low Profile klavye,8.2,3485,2,Var,60%,,,,,,Vatan
Toplama Bilgisayar,Klavye,Keychron,K380 RGB Membran 60%,2050,Orta,Ofis,,,,,USB,Membran klavye,8.4,1879,2,Var,60%,,,,,,İncehesap
Toplama Bilgisayar,Anakart,NZXT,Creator B650E WiFi DDR5,9700,Üst,Yazılım,AM5,DDR5,,,AM5-DDR5,"Mini ITX, B650E yonga seti, DDR5 bellek desteği",8.6,4560,3,Yok,Mini ITX,,,,,,Epey
Toplama Bilgisayar,Kasa,Cooler Master,Lancool,7550,Üst,Oyun,,,,,ATX,"Full Tower, mesh/airflow odaklı kasa",8.9,9889,2,Yok,Full Tower,,,,,,Akakçe
Toplama Bilgisayar,Mouse,Cooler Master,ROG Keris Mini 36000DPI,400,Giriş,Yazılım,,,,,Kablosuz,"36000 DPI sensör, 59g",6.6,3122,2,Var,,,,,,,Akakçe
Toplama Bilgisayar,Anakart,ASRock,Strix X670 MAX DDR5,9050,Üst,Oyun,AM5,DDR5,,,AM5-DDR5,"ATX, X670 yonga seti, DDR5 bellek desteği",9.1,10876,3,Var,ATX,,,,,,İtopya
Toplama Bilgisayar,SSD,SanDisk,NM790 1TB NVMe,3500,Orta,Ofis,,,5,1TB,M2 NVMe,PCIe 5.0 NVMe SSD,8.3,3841,5,Yok,,,,,9817 MB/s,6889 MB/s,Epey
Toplama Bilgisayar,HDD,Seagate,P300 2TB 7200RPM,2150,Giriş,Günlük Kullanım,,,5,2TB,SATA,3.5 inç mekanik disk,7.4,515,2,Yok,,,,,,,Vatan
Toplama Bilgisayar,Kasa,NZXT,North RGB,1400,Giriş,Oyun,,,,,Micro ATX,"Mid Tower, mesh/airflow odaklı kasa",7.4,356,2,Var,Mid Tower,,,,,,İtopya
Toplama Bilgisayar,Klavye,SteelSeries,K380 Membran 75%,550,Giriş,Ofis,,,,,Bluetooth,Membran klavye,7.2,1924,2,Var,75%,,,,,,Epey
Toplama Bilgisayar,Mouse,Razer,DeathAdder Mini 26000DPI,1050,Orta,Günlük Kullanım,,,,,USB,"26000 DPI sensör, 63g",7.2,6420,2,Var,,,,,,,İncehesap
Toplama Bilgisayar,Mouse,SteelSeries,G Pro X Superlight Pro 16000DPI,500,Giriş,Ofis,,,,,Kablosuz,"16000 DPI sensör, 49g",7.5,2828,2,Yok,,,,,,,GamingGenTR
Toplama Bilgisayar,Monitör,ASUS,TUF Gaming 31.5 inç 2560x1440 144Hz,7200,Üst,Ofis,,,25,,HDMI-DP,"IPS panel, 144Hz",8.6,11813,2,Yok,31.5 inç,2560x1440,144Hz,,,,İncehesap
Toplama Bilgisayar,Kasa,ASUS,Eclipse Mesh,6200,Üst,Yayıncılık,,,,,ATX,"Mini Tower, mesh/airflow odaklı kasa",8.6,1552,2,Var,Mini Tower,,,,,,İtopya
Toplama Bilgisayar,Monitör,Acer,Optix 24.5 inç 2560x1440 180Hz,13300,Üst,Yazılım,,,35,,HDMI-DP,"VA panel, 180Hz",8.6,7053,3,Yok,24.5 inç,2560x1440,180Hz,,,,Epey
Toplama Bilgisayar,Monitör,Acer,Raptor 31.5 inç 1920x1080 144Hz,5350,Orta,Oyun,,,35,,HDMI-DP,"IPS panel, 144Hz",7.3,4163,2,Yok,31.5 inç,1920x1080,144Hz,,,,Vatan
Toplama Bilgisayar,Ekran Kartı,MSI,RTX 4070 Gaming OC 12GB,34700,Üst,Video Edit,,GDDR6,200,12GB,PCIe,1440p oyun,8.3,1323,3,Var,,,,12GB,,,Vatan
Toplama Bilgisayar,Mouse,Corsair,X2V2 Pro 36000DPI,550,Giriş,Oyun,,,,,USB,"36000 DPI sensör, 49g",6.9,457,2,Var,,,,,,,GamingGenTR
Toplama Bilgisayar,SSD,SanDisk,MP600 500GB NVMe,2050,Giriş,Günlük Kullanım,,,5,500GB,M2 NVMe,PCIe 5.0 NVMe SSD,7.9,2362,3,Yok,,,,,9411 MB/s,8057 MB/s,Sinerji
Toplama Bilgisayar,Kasa,DarkFlash,Lancool Black,10700,Amiral,Yapay Zeka,,,,,ATX,"Full Tower, mesh/airflow odaklı kasa",9.3,4084,2,Yok,Full Tower,,,,,,GamingGenTR
Toplama Bilgisayar,Kasa,Xigmatek,CH370 RGB,2600,Orta,Yazılım,,,,,Micro ATX,"Mid Tower, mesh/airflow odaklı kasa",7.7,412,2,Var,Mid Tower,,,,,,Vatan
Toplama Bilgisayar,Mouse,Cooler Master,DeathAdder Wireless 16000DPI,600,Giriş,Ofis,,,,,Kablosuz,"16000 DPI sensör, 75g",7.6,1127,2,Var,,,,,,,GamingGenTR
Toplama Bilgisayar,Anakart,MSI,Mortar B650 WiFi DDR5,6350,Orta,Günlük Kullanım,AM5,DDR5,,,AM5-DDR5,"Mini ITX, B650 yonga seti, DDR5 bellek desteği",8.5,5916,3,Yok,Mini ITX,,,,,,Akakçe
Toplama Bilgisayar,Klavye,Redragon,ROG Strix Scope Pro Optik switch Tam boy,3300,Üst,Yazılım,,,,,USB,Optik switch klavye,8.3,4731,2,Var,Tam boy,,,,,,Akakçe
Toplama Bilgisayar,Kasa,Cooler Master,O11 Dynamic,6650,Üst,Yayıncılık,,,,,ATX,"Full Tower, mesh/airflow odaklı kasa",8.5,10500,2,Var,Full Tower,,,,,,Akakçe
Toplama Bilgisayar,Mouse,Redragon,M711 30000DPI,400,Giriş,Yazılım,,,,,USB,"30000 DPI sensör, 63g",7.6,2602,2,Var,,,,,,,Vatan
Toplama Bilgisayar,Mouse,ASUS,Model O Pro 16000DPI,1700,Orta,Yazılım,,,,,USB,"16000 DPI sensör, 90g",7.8,4822,2,Var,,,,,,,İncehesap
Toplama Bilgisayar,Monitör,LG,TUF Gaming 34 inç 3440x1440 165Hz,18350,Amiral,Yazılım,,,35,,HDMI-DP,"VA panel, 165Hz",9.7,436,3,Yok,34 inç,3440x1440,165Hz,,,,Vatan
Toplama Bilgisayar,Kasa,Cooler Master,TUF GT White,2400,Orta,Yazılım,,,,,Micro ATX,"Mid Tower, mesh/airflow odaklı kasa",8.1,5927,2,Yok,Mid Tower,,,,,,Vatan
Toplama Bilgisayar,Mouse,MSI,Model O 8000DPI,400,Giriş,Günlük Kullanım,,,,,Bluetooth,"8000 DPI sensör, 75g",7.9,3347,2,Var,,,,,,,GamingGenTR
Toplama Bilgisayar,Klavye,Cooler Master,GMMK Membran TKL,3850,Üst,Günlük Kullanım,,,,,Bluetooth,Membran klavye,8.3,11586,2,Var,TKL,,,,,,İncehesap
Toplama Bilgisayar,Monitör,AOC,ProArt 23.8 inç 2560x1440 144Hz,8400,Üst,Oyun,,,25,,HDMI-DP,"VA panel, 144Hz",9.1,7307,2,Yok,23.8 inç,2560x1440,144Hz,,,,İtopya
Toplama Bilgisayar,Anakart,Gigabyte,Strix B650 WiFi DDR5,4900,Orta,Ofis,AM5,DDR5,,,AM5-DDR5,"Mini ITX, B650 yonga seti, DDR5 bellek desteği",7.8,3545,3,Var,Mini ITX,,,,,,İncehesap
Toplama Bilgisayar,Mouse,Glorious,ROG Keris 26000DPI,1100,Orta,Ofis,,,,,USB,"26000 DPI sensör, 63g",7.4,5420,2,Yok,,,,,,,İncehesap
Toplama Bilgisayar,Klavye,HyperX,RK61 Pro Low Profile 75%,5650,Amiral,Ofis,,,,,Bluetooth,Low Profile klavye,8.9,5068,2,Var,75%,,,,,,İncehesap
Toplama Bilgisayar,Anakart,Biostar,PRO Z790 WiFi DDR5,8950,Üst,Yayıncılık,LGA1700,DDR5,,,LGA1700-DDR5,"Micro ATX, Z790 yonga seti, DDR5 bellek desteği",8.3,10940,3,Yok,Micro ATX,,,,,,İtopya
Toplama Bilgisayar,Soğutucu,DeepCool,Frozr,4700,Üst,Tasarım,,,,,AM4-AM5-LGA1700,Hava soğutma,8.4,5169,3,Yok,,,,,,,Vatan
Toplama Bilgisayar,Klavye,HyperX,K2 Wireless Optik switch TKL,500,Giriş,Oyun,,,,,Kablosuz,Optik switch klavye,6.5,381,2,Var,TKL,,,,,,Vatan
Toplama Bilgisayar,Ekran Kartı,XFX,RTX 4060 Ti Dual 8GB,22650,Orta,Günlük Kullanım,,GDDR6,160,8GB,PCIe,1080p/1440p oyun,7.9,1974,3,Var,,,,8GB,,,İncehesap
Toplama Bilgisayar,Klavye,Razer,RK61 Mekanik 60%,1800,Orta,Yazılım,,,,,Bluetooth,Mekanik klavye,8.0,3601,2,Yok,60%,,,,,,GamingGenTR
Toplama Bilgisayar,Klavye,Razer,ROG Strix Scope Pro Optik switch Tam boy,1750,Orta,Günlük Kullanım,,,,,Kablosuz,Optik switch klavye,8.4,6646,2,Yok,Tam boy,,,,,,Sinerji
Toplama Bilgisayar,İşlemci,AMD,Ryzen 7 9700X Pro Sistem,15150,Üst,Yazılım,AM5,DDR5,65,,AM5-DDR5,Zen 5 8 çekirdek,8.5,10898,3,Yok,,,,,,,Akakçe
Toplama Bilgisayar,Anakart,Colorful,Prime B760 WiFi DDR4,6650,Orta,Ofis,LGA1700,DDR4,,,LGA1700-DDR4,"Mini ITX, B760 yonga seti, DDR4 bellek desteği",7.9,1198,3,Yok,Mini ITX,,,,,,Vatan
Toplama Bilgisayar,Klavye,Logitech,K2 Mekanik 60%,750,Giriş,Günlük Kullanım,,,,,USB,Mekanik klavye,7.1,3402,2,Yok,60%,,,,,,GamingGenTR
Toplama Bilgisayar,Mouse,Razer,Pulsefire 26000DPI,1150,Orta,Oyun,,,,,Bluetooth,"26000 DPI sensör, 75g",7.4,3019,2,Yok,,,,,,,Sinerji
Toplama Bilgisayar,Mouse,SteelSeries,Viper Wireless 26000DPI,1750,Orta,Günlük Kullanım,,,,,Kablosuz,"26000 DPI sensör, 75g",7.8,1974,2,Var,,,,,,,Epey
Toplama Bilgisayar,SSD,Samsung,Legend 960 4TB NVMe,12250,Amiral,Tasarım,,,4,4TB,M2 NVMe,PCIe 4.0 NVMe SSD,9.1,5408,5,Yok,,,,,6528 MB/s,4716 MB/s,İncehesap
Toplama Bilgisayar,Soğutucu,MSI,Dark Rock 4,2150,Orta,Yazılım,,,,,AM4-AM5-LGA1700,Hava soğutma,8.1,5900,5,Yok,,,,,,,İtopya
Toplama Bilgisayar,Mouse,Logitech,FK2 Wireless 26000DPI,1650,Orta,Günlük Kullanım,,,,,USB,"26000 DPI sensör, 63g",7.5,4973,2,Yok,,,,,,,Vatan
Toplama Bilgisayar,Klavye,SteelSeries,RK61 RGB Mekanik 75%,1500,Orta,Oyun,,,,,USB,Mekanik klavye,7.6,2819,2,Var,75%,,,,,,İtopya
Toplama Bilgisayar,Mouse,Logitech,Atlantis 26000DPI,450,Giriş,Ofis,,,,,USB,"26000 DPI sensör, 90g",7.7,2925,2,Yok,,,,,,,Epey
Toplama Bilgisayar,Klavye,Glorious,G Pro X RGB Low Profile TKL,1400,Orta,Oyun,,,,,Kablosuz,Low Profile klavye,7.7,5771,2,Var,TKL,,,,,,Sinerji
Toplama Bilgisayar,SSD,Lexar,NM790 1TB NVMe,4000,Orta,Yazılım,,,5,1TB,M2 NVMe,PCIe 5.0 NVMe SSD,7.3,4227,5,Yok,,,,,11261 MB/s,8241 MB/s,İtopya
Toplama Bilgisayar,Güç Kaynağı,NZXT,MAG 1000W 80+ Platinum,8550,Üst,Yayıncılık,,,1000W,,80+ Platinum,"Modüler PSU, 80+ Platinum",8.3,2940,7,Yok,,,,,,,GamingGenTR
Toplama Bilgisayar,Klavye,Akko,CK RGB Mekanik TKL,5150,Üst,Yazılım,,,,,USB,Mekanik klavye,8.2,7306,2,Var,TKL,,,,,,İtopya
Toplama Bilgisayar,Klavye,Cooler Master,Vigor GK Membran Tam boy,600,Giriş,Günlük Kullanım,,,,,Bluetooth,Membran klavye,7.2,3131,2,Var,Tam boy,,,,,,İncehesap
Toplama Bilgisayar,Mouse,ASUS,Atlantis Pro 12000DPI,2450,Üst,Ofis,,,,,USB,"12000 DPI sensör, 49g",8.9,5623,2,Var,,,,,,,GamingGenTR
Toplama Bilgisayar,Ekran Kartı,Zotac,RTX 4060 Ti JetStream 8GB,27200,Orta,Günlük Kullanım,,GDDR6,160,8GB,PCIe,1080p/1440p oyun,8.4,8072,3,Yok,,,,8GB,,,Sinerji
Toplama Bilgisayar,Klavye,Cooler Master,ROG Strix Scope RGB Optik switch 75%,4850,Üst,Günlük Kullanım,,,,,Kablosuz,Optik switch klavye,9.1,1843,2,Var,75%,,,,,,Sinerji
Toplama Bilgisayar,Mouse,HyperX,Pulsefire Mini 16000DPI,6400,Amiral,Günlük Kullanım,,,,,USB,"16000 DPI sensör, 75g",8.9,1325,2,Var,,,,,,,GamingGenTR
Toplama Bilgisayar,Ekran Kartı,XFX,RX 7900 XTX Eagle OC 24GB,65700,Amiral,Oyun,,GDDR6,355,24GB,PCIe,24GB VRAM 4K,9.5,5523,3,Yok,,,,24GB,,,İncehesap
Toplama Bilgisayar,Anakart,Colorful,Phantom Gaming B650E MAX DDR5,12400,Üst,Tasarım,AM5,DDR5,,,AM5-DDR5,"Micro ATX, B650E yonga seti, DDR5 bellek desteği",9.4,478,3,Yok,Micro ATX,,,,,,GamingGenTR
Toplama Bilgisayar,SSD,Corsair,P3 Plus 500GB NVMe,1100,Giriş,Yazılım,,,3,500GB,M2 NVMe,PCIe 3.0 NVMe SSD,6.6,398,3,Yok,,,,,3260 MB/s,2410 MB/s,İncehesap
Toplama Bilgisayar,İşlemci,Intel,Core i9-14900KF Tray,26050,Amiral,Tasarım,LGA1700,DDR5,125,,LGA1700-DDR5,24 çekirdek,9.3,1964,3,Yok,,,,,,,İtopya
Toplama Bilgisayar,SSD,Seagate,990 EVO 500GB NVMe,900,Giriş,Günlük Kullanım,,,5,500GB,M2 NVMe,PCIe 3.0 NVMe SSD,6.8,340,3,Yok,,,,,3144 MB/s,2845 MB/s,GamingGenTR
Toplama Bilgisayar,Mouse,SteelSeries,MM712 16000DPI,600,Giriş,Ofis,,,,,Bluetooth,"16000 DPI sensör, 75g",6.8,3339,2,Yok,,,,,,,İtopya
Toplama Bilgisayar,Klavye,Redragon,Ogre Wireless Low Profile TKL,500,Giriş,Ofis,,,,,USB,Low Profile klavye,6.5,1825,2,Yok,TKL,,,,,,İtopya
Toplama Bilgisayar,Klavye,Royal Kludge,ROG Strix Scope Pro Membran TKL,7300,Amiral,Yazılım,,,,,Kablosuz,Membran klavye,8.9,4369,2,Yok,TKL,,,,,,İtopya
Toplama Bilgisayar,Anakart,Gigabyte,Prime B660 DDR4,7050,Orta,Günlük Kullanım,LGA1700,DDR4,,,LGA1700-DDR4,"ATX, B660 yonga seti, DDR4 bellek desteği",8.2,2769,3,Yok,ATX,,,,,,Vatan
Toplama Bilgisayar,Anakart,ASUS,TUF Gaming B760 WiFi DDR5,4600,Orta,Oyun,LGA1700,DDR5,,,LGA1700-DDR5,"ATX, B760 yonga seti, DDR5 bellek desteği",7.4,7559,3,Yok,ATX,,,,,,İncehesap
Toplama Bilgisayar,Anakart,Biostar,Taichi H610 WiFi DDR4,2550,Giriş,Ofis,LGA1700,DDR4,,,LGA1700-DDR4,"Mini ITX, H610 yonga seti, DDR4 bellek desteği",7.9,1026,3,Var,Mini ITX,,,,,,Vatan
Toplama Bilgisayar,Anakart,Colorful,Taichi A520 DDR4,3200,Giriş,Günlük Kullanım,AM4,DDR4,,,AM4-DDR4,"ATX, A520 yonga seti, DDR4 bellek desteği",7.6,401,3,Var,ATX,,,,,,Akakçe
Toplama Bilgisayar,Ekran Kartı,ASUS,RTX 3050 Aero OC 8GB,11750,Giriş,Oyun,,GDDR6,130,8GB,PCIe,DLSS destekli giriş seviye,7.0,1774,3,Var,,,,8GB,,,İncehesap
Toplama Bilgisayar,Mouse,Cooler Master,ROG Keris 36000DPI,350,Giriş,Ofis,,,,,USB,"36000 DPI sensör, 49g",7.6,2257,2,Yok,,,,,,,Epey
Toplama Bilgisayar,Anakart,NZXT,Steel Legend Z790 WiFi DDR5,12350,Üst,Yazılım,LGA1700,DDR5,,,LGA1700-DDR5,"Mini ITX, Z790 yonga seti, DDR5 bellek desteği",9.3,11252,3,Yok,Mini ITX,,,,,,Sinerji
Toplama Bilgisayar,Anakart,NZXT,Aorus Elite B760 DDR5,7200,Orta,Ofis,LGA1700,DDR5,,,LGA1700-DDR5,"Mini ITX, B760 yonga seti, DDR5 bellek desteği",7.3,7761,3,Var,Mini ITX,,,,,,İncehesap
Toplama Bilgisayar,Klavye,Logitech,RK61 RGB Membran TKL,3400,Üst,Yazılım,,,,,Bluetooth,Membran klavye,8.2,9326,2,Var,TKL,,,,,,İncehesap
Toplama Bilgisayar,Klavye,Keychron,RK61 Pro Low Profile TKL,600,Giriş,Günlük Kullanım,,,,,USB,Low Profile klavye,7.2,2904,2,Yok,TKL,,,,,,Vatan
Toplama Bilgisayar,Klavye,Akko,Alloy Origins Pro Mekanik 75%,3300,Üst,Oyun,,,,,USB,Mekanik klavye,8.3,2126,2,Yok,75%,,,,,,Epey
Toplama Bilgisayar,Kasa,MSI,View 270 White,4250,Orta,Oyun,,,,,ATX,"Mini Tower, mesh/airflow odaklı kasa",8.5,878,2,Yok,Mini Tower,,,,,,GamingGenTR
Toplama Bilgisayar,RAM,Kingston,Fury Beast 16GB 2x8GB DDR5 6000MHz,2850,Orta,Oyun,,DDR5,,16GB,DDR5,6000MHz bellek kiti,8.0,5124,2,Yok,,,,,,,Vatan
Toplama Bilgisayar,Kasa,DarkFlash,Eclipse Black,3650,Orta,Oyun,,,,,Micro ATX,"Full Tower, mesh/airflow odaklı kasa",8.6,7991,2,Var,Full Tower,,,,,,İtopya
Toplama Bilgisayar,Anakart,Gigabyte,TUF Gaming Z790 AX DDR5,11900,Üst,Yazılım,LGA1700,DDR5,,,LGA1700-DDR5,"Mini ITX, Z790 yonga seti, DDR5 bellek desteği",8.6,1870,3,Yok,Mini ITX,,,,,,İncehesap
Toplama Bilgisayar,Mouse,Zowie,G Pro X Superlight 8000DPI,1050,Orta,Yazılım,,,,,Bluetooth,"8000 DPI sensör, 63g",8.8,3364,2,Var,,,,,,,Vatan
Toplama Bilgisayar,Kasa,Lian Li,CH370 RGB,2100,Giriş,Ofis,,,,,ATX,"Full Tower, mesh/airflow odaklı kasa",7.9,3248,2,Var,Full Tower,,,,,,İtopya
Toplama Bilgisayar,Monitör,Samsung,Optix 32 inç 2560x1440 144Hz,10950,Üst,Oyun,,,50,,HDMI-DP,"VA panel, 144Hz",9.4,4801,2,Yok,32 inç,2560x1440,144Hz,,,,Vatan
Toplama Bilgisayar,Mouse,Razer,FK2 Wireless 26000DPI,1400,Orta,Oyun,,,,,USB,"26000 DPI sensör, 49g",7.6,6589,2,Var,,,,,,,Akakçe
Toplama Bilgisayar,Monitör,LG,UltraGear 27 inç 2560x1440 180Hz,12750,Üst,Oyun,,,50,,HDMI-DP,"VA panel, 180Hz",8.6,10903,2,Yok,27 inç,2560x1440,180Hz,,,,İncehesap
Toplama Bilgisayar,Monitör,LG,Odyssey 24.5 inç 2560x1440 144Hz,11200,Üst,Ofis,,,25,,HDMI-DP,"VA panel, 144Hz",8.8,8924,3,Yok,24.5 inç,2560x1440,144Hz,,,,İncehesap
Toplama Bilgisayar,Anakart,ASRock,Prime B760 AX DDR4,5250,Orta,Yazılım,LGA1700,DDR4,,,LGA1700-DDR4,"Micro ATX, B760 yonga seti, DDR4 bellek desteği",7.5,592,3,Yok,Micro ATX,,,,,,İtopya
Toplama Bilgisayar,RAM,XPG,Dominator 32GB 2x16GB DDR5 7200MHz,6950,Üst,Yayıncılık,,DDR5,,32GB,DDR5,7200MHz bellek kiti,9.0,6889,5,Yok,,,,,,,İtopya
Toplama Bilgisayar,Kasa,Fractal Design,View 270 White,3250,Orta,Oyun,,,,,ATX,"Mini Tower, mesh/airflow odaklı kasa",8.3,7279,2,Var,Mini Tower,,,,,,İncehesap
Toplama Bilgisayar,Kasa,ASUS,Aquarius RGB,7550,Üst,Oyun,,,,,Micro ATX,"Mid Tower, mesh/airflow odaklı kasa",9.2,4600,2,Var,Mid Tower,,,,,,İtopya
Toplama Bilgisayar,Mouse,HyperX,Harpoon Mini 8000DPI,1800,Orta,Yazılım,,,,,USB,"8000 DPI sensör, 59g",8.4,210,2,Yok,,,,,,,Sinerji
Toplama Bilgisayar,Kasa,DarkFlash,CH370 Mesh,5400,Üst,Yayıncılık,,,,,E-ATX,"Mid Tower, mesh/airflow odaklı kasa",9.0,7752,2,Var,Mid Tower,,,,,,Akakçe
Toplama Bilgisayar,Soğutucu,ASUS,MAG CoreLiquid 360,7100,Üst,Oyun,,,,,AM4-AM5-LGA1700,360mm sıvı soğutma,8.9,8994,6,Var,360mm,,,,,,Sinerji
Toplama Bilgisayar,Klavye,HyperX,MOD007 Mekanik Tam boy,850,Giriş,Yazılım,,,,,Bluetooth,Mekanik klavye,7.2,944,2,Var,Tam boy,,,,,,Sinerji
Toplama Bilgisayar,Kasa,NZXT,H5 Flow Mesh,5850,Üst,Video Edit,,,,,E-ATX,"Mid Tower, mesh/airflow odaklı kasa",8.6,3006,2,Yok,Mid Tower,,,,,,İncehesap
Toplama Bilgisayar,Klavye,HyperX,ROG Strix Scope RGB Mekanik Tam boy,4750,Üst,Oyun,,,,,Bluetooth,Mekanik klavye,9.3,578,2,Var,Tam boy,,,,,,Sinerji
Toplama Bilgisayar,Kasa,Cooler Master,H5 Flow,4100,Orta,Oyun,,,,,Micro ATX,"Full Tower, mesh/airflow odaklı kasa",8.2,4287,2,Var,Full Tower,,,,,,Sinerji
Toplama Bilgisayar,Mouse,Zowie,Viper Pro 36000DPI,4350,Amiral,Oyun,,,,,Kablosuz,"36000 DPI sensör, 59g",9.2,5618,2,Var,,,,,,,Vatan
Toplama Bilgisayar,Klavye,Cooler Master,Apex Wireless Mekanik 60%,500,Giriş,Oyun,,,,,Bluetooth,Mekanik klavye,6.5,2178,2,Var,60%,,,,,,GamingGenTR
Toplama Bilgisayar,Klavye,MSI,MOD007 RGB Low Profile TKL,1600,Orta,Günlük Kullanım,,,,,Bluetooth,Low Profile klavye,7.6,7480,2,Var,TKL,,,,,,Sinerji
Toplama Bilgisayar,RAM,Lexar,XPG Lancer 64GB 2x32GB DDR5 6400MHz,10050,Amiral,Video Edit,,DDR5,,64GB,DDR5,6400MHz bellek kiti,9.3,5402,3,Var,,,,,,,Sinerji
Toplama Bilgisayar,HDD,WD,Red Plus 2TB 7200RPM,2300,Giriş,Günlük Kullanım,,,5,2TB,SATA,3.5 inç mekanik disk,7.0,2965,2,Yok,,,,,,,Vatan
Toplama Bilgisayar,Monitör,ASUS,G-Master 24.5 inç 1920x1080 144Hz,4150,Orta,Tasarım,,,35,,HDMI-DP,"IPS panel, 144Hz",7.2,1478,2,Yok,24.5 inç,1920x1080,144Hz,,,,Epey
Toplama Bilgisayar,SSD,Kioxia,KC3000 500GB NVMe,1200,Giriş,Günlük Kullanım,,,5,500GB,M2 NVMe,PCIe 4.0 NVMe SSD,6.7,796,5,Yok,,,,,7302 MB/s,6027 MB/s,Akakçe
Toplama Bilgisayar,Mouse,Lamzu,G305 Pro 12000DPI,3400,Üst,Günlük Kullanım,,,,,Kablosuz,"12000 DPI sensör, 75g",8.4,6006,2,Yok,,,,,,,İncehesap
Toplama Bilgisayar,HDD,WD,IronWolf 12TB 7200RPM,13700,Üst,Ofis,,,5,12TB,SATA,3.5 inç mekanik disk,8.2,9167,3,Yok,,,,,,,Vatan
Toplama Bilgisayar,Klavye,Akko,RK61 Pro Optik switch 60%,750,Giriş,Oyun,,,,,Kablosuz,Optik switch klavye,7.8,258,2,Var,60%,,,,,,İtopya
Toplama Bilgisayar,Ekran Kartı,Galax,RX 7600 Twin Edge 8GB,15350,Orta,Günlük Kullanım,,GDDR6,165,8GB,PCIe,1080p oyun,7.3,1888,3,Yok,,,,8GB,,,Akakçe
Toplama Bilgisayar,Kasa,Cooler Master,H5 Flow White,3150,Orta,Yazılım,,,,,ATX,"Full Tower, mesh/airflow odaklı kasa",8.3,2368,2,Var,Full Tower,,,,,,İncehesap
Toplama Bilgisayar,Monitör,ViewSonic,Mobiuz 23.8 inç 1920x1080 180Hz,5850,Orta,Oyun,,,35,,HDMI-DP,"VA panel, 180Hz",8.6,2577,3,Yok,23.8 inç,1920x1080,180Hz,,,,Sinerji
Toplama Bilgisayar,Monitör,AOC,ProArt 23.8 inç 1920x1080 180Hz,6150,Orta,Oyun,,,35,,HDMI-DP,"VA panel, 180Hz",8.6,4250,3,Yok,23.8 inç,1920x1080,180Hz,,,,GamingGenTR
Toplama Bilgisayar,Mouse,Pulsar,DeathAdder Wireless 8000DPI,2600,Üst,Yazılım,,,,,USB,"8000 DPI sensör, 63g",8.8,6066,2,Var,,,,,,,Vatan
Toplama Bilgisayar,Kasa,Fractal Design,Aquarius Mesh,4500,Üst,Video Edit,,,,,Micro ATX,"Full Tower, mesh/airflow odaklı kasa",9.4,1639,2,Var,Full Tower,,,,,,GamingGenTR
Toplama Bilgisayar,Kasa,ASUS,Warcry White,3850,Orta,Günlük Kullanım,,,,,E-ATX,"Mid Tower, mesh/airflow odaklı kasa",8.6,7432,2,Yok,Mid Tower,,,,,,Sinerji
Toplama Bilgisayar,Ekran Kartı,Galax,RTX 4070 Super Pulse 12GB,41900,Üst,Oyun,,GDDR6,220,12GB,PCIe,1440p ultra oyun,8.2,1353,3,Yok,,,,12GB,,,İtopya
Toplama Bilgisayar,Klavye,Royal Kludge,ROG Strix Scope Wireless Optik switch 60%,550,Giriş,Ofis,,,,,Bluetooth,Optik switch klavye,7.3,1995,2,Yok,60%,,,,,,Sinerji
Toplama Bilgisayar,HDD,Seagate,IronWolf 2TB 7200RPM,2050,Giriş,Ofis,,,5,2TB,SATA,3.5 inç mekanik disk,6.4,2091,3,Yok,,,,,,,GamingGenTR
Toplama Bilgisayar,Anakart,Colorful,Phantom Gaming Z790 AX DDR5,12100,Üst,Oyun,LGA1700,DDR5,,,LGA1700-DDR5,"Micro ATX, Z790 yonga seti, DDR5 bellek desteği",8.4,11404,3,Var,Micro ATX,,,,,,Epey
Toplama Bilgisayar,İşlemci,Intel,Core i5-14400F Pro Sistem,9800,Orta,Yazılım,LGA1700,DDR5,65,,LGA1700-DDR5,10 çekirdek,7.5,6261,3,Yok,,,,,,,İncehesap
Toplama Bilgisayar,Anakart,ASRock,Creator A620 AX DDR5,3550,Giriş,Yazılım,AM5,DDR5,,,AM5-DDR5,"Micro ATX, A620 yonga seti, DDR5 bellek desteği",8.1,2763,3,Var,Micro ATX,,,,,,Sinerji
Toplama Bilgisayar,Klavye,HyperX,BlackWidow Wireless Membran 60%,3650,Üst,Yazılım,,,,,Bluetooth,Membran klavye,9.1,4360,2,Yok,60%,,,,,,Epey
Toplama Bilgisayar,RAM,PNY,XLR8 64GB 2x32GB DDR4 4000MHz,5600,Amiral,Oyun,,DDR4,,64GB,DDR4,4000MHz bellek kiti,9.2,5997,5,Yok,,,,,,,İncehesap
Toplama Bilgisayar,Klavye,Cooler Master,Alloy Origins Pro Membran 75%,600,Giriş,Yazılım,,,,,Bluetooth,Membran klavye,7.2,35,2,Var,75%,,,,,,Sinerji
Toplama Bilgisayar,Klavye,MSI,CK RGB Optik switch Tam boy,700,Giriş,Günlük Kullanım,,,,,Kablosuz,Optik switch klavye,7.7,2126,2,Var,Tam boy,,,,,,Akakçe
Toplama Bilgisayar,Kasa,MSI,Aquarius,6250,Üst,Yayıncılık,,,,,E-ATX,"Mini Tower, mesh/airflow odaklı kasa",8.7,10646,2,Yok,Mini Tower,,,,,,İncehesap
Toplama Bilgisayar,Kasa,MSI,Meshify,3050,Orta,Günlük Kullanım,,,,,Micro ATX,"Mid Tower, mesh/airflow odaklı kasa",7.7,2875,2,Var,Mid Tower,,,,,,Epey
Toplama Bilgisayar,RAM,G.Skill,Ripjaws 32GB 2x16GB DDR4 4000MHz,3700,Üst,Yazılım,,DDR4,,32GB,DDR4,4000MHz bellek kiti,8.2,6058,3,Var,,,,,,,Epey
Toplama Bilgisayar,Monitör,ViewSonic,ProArt 31.5 inç 2560x1440 180Hz,12350,Üst,Video Edit,,,25,,HDMI-DP,"IPS panel, 180Hz",9.5,11401,2,Yok,31.5 inç,2560x1440,180Hz,,,,GamingGenTR
Toplama Bilgisayar,SSD,Lexar,990 EVO 2TB NVMe,4950,Üst,Video Edit,,,4,2TB,M2 NVMe,PCIe 3.0 NVMe SSD,8.6,11848,3,Yok,,,,,3002 MB/s,2662 MB/s,Sinerji
Toplama Bilgisayar,SSD,Samsung,SN850X 1TB NVMe,3100,Orta,Yazılım,,,3,1TB,M2 NVMe,PCIe 4.0 NVMe SSD,7.7,7806,5,Yok,,,,,6604 MB/s,4964 MB/s,İtopya
Toplama Bilgisayar,Klavye,ASUS,CK Wireless Mekanik Tam boy,1650,Orta,Yazılım,,,,,USB,Mekanik klavye,8.7,132,2,Var,Tam boy,,,,,,Akakçe
Toplama Bilgisayar,SSD,Kioxia,SN850X 2TB NVMe,3500,Üst,Video Edit,,,3,2TB,M2 NVMe,PCIe 3.0 NVMe SSD,8.6,461,3,Yok,,,,,3215 MB/s,2824 MB/s,İncehesap
Toplama Bilgisayar,Ekran Kartı,Gainward,RX 7700 XT StormX 12GB,27150,Üst,Video Edit,,GDDR6,245,12GB,PCIe,1440p oyun,8.5,281,3,Yok,,,,12GB,,,Epey
Toplama Bilgisayar,RAM,ADATA,Dominator 16GB 2x8GB DDR4 4000MHz,1950,Orta,Oyun,,DDR4,,16GB,DDR4,4000MHz bellek kiti,8.2,1091,2,Yok,,,,,,,GamingGenTR
Toplama Bilgisayar,Anakart,ASUS,PRO B760 DDR5,6250,Orta,Oyun,LGA1700,DDR5,,,LGA1700-DDR5,"Mini ITX, B760 yonga seti, DDR5 bellek desteği",8.4,8060,3,Var,Mini ITX,,,,,,İncehesap
Toplama Bilgisayar,Mouse,Pulsar,G305 Mini 26000DPI,3700,Üst,Yazılım,,,,,Bluetooth,"26000 DPI sensör, 75g",8.6,8325,2,Var,,,,,,,GamingGenTR
Toplama Bilgisayar,Güç Kaynağı,Thermaltake,CV 1200W 80+ Titanium,13400,Amiral,Oyun,,,1200W,,80+ Titanium,"Modüler PSU, 80+ Titanium",9.8,423,10,Yok,,,,,,,İtopya
Toplama Bilgisayar,Kasa,Thermaltake,TUF GT Black,1300,Giriş,Günlük Kullanım,,,,,E-ATX,"Mid Tower, mesh/airflow odaklı kasa",7.5,2295,2,Yok,Mid Tower,,,,,,İncehesap
Toplama Bilgisayar,Kasa,Fractal Design,O11 Dynamic White,4700,Üst,Oyun,,,,,E-ATX,"Mid Tower, mesh/airflow odaklı kasa",8.1,7844,2,Var,Mid Tower,,,,,,Akakçe
Toplama Bilgisayar,Anakart,Colorful,Tomahawk X570 AX DDR4,13150,Üst,Video Edit,AM4,DDR4,,,AM4-DDR4,"ATX, X570 yonga seti, DDR4 bellek desteği",9.5,8061,3,Yok,ATX,,,,,,İtopya
Toplama Bilgisayar,Ekran Kartı,ASUS,RTX 5090 Merc 32GB,190300,Amiral,Oyun,,GDDR6X,575,32GB,PCIe,2026 amiral seviye AI/4K,9.6,4785,3,Var,,,,32GB,,,GamingGenTR
Toplama Bilgisayar,Mouse,ASUS,MM712 Mini 8000DPI,2300,Üst,Ofis,,,,,USB,"8000 DPI sensör, 90g",8.9,10323,2,Var,,,,,,,GamingGenTR
Toplama Bilgisayar,Klavye,ASUS,CK Pro Optik switch Tam boy,1700,Orta,Ofis,,,,,Kablosuz,Optik switch klavye,8.6,5703,2,Yok,Tam boy,,,,,,Epey
Toplama Bilgisayar,HDD,Toshiba,SkyHawk 1TB 7200RPM,1450,Giriş,Günlük Kullanım,,,7,1TB,SATA,3.5 inç mekanik disk,7.8,2336,2,Yok,,,,,,,GamingGenTR
Toplama Bilgisayar,Monitör,Lenovo,ProArt 23.8 inç 3440x1440 165Hz,14750,Amiral,Ofis,,,25,,HDMI-DP,"Mini LED panel, 165Hz",9.3,1085,2,Yok,23.8 inç,3440x1440,165Hz,,,,Epey
Toplama Bilgisayar,Kasa,Lian Li,North RGB,1700,Giriş,Günlük Kullanım,,,,,Micro ATX,"Full Tower, mesh/airflow odaklı kasa",7.1,1927,2,Var,Full Tower,,,,,,GamingGenTR
Toplama Bilgisayar,Klavye,ASUS,Vigor GK Wireless Mekanik 60%,1900,Orta,Günlük Kullanım,,,,,USB,Mekanik klavye,8.7,180,2,Yok,60%,,,,,,Sinerji
Toplama Bilgisayar,Mouse,Glorious,G Pro X Superlight Wireless 30000DPI,3750,Üst,Günlük Kullanım,,,,,Bluetooth,"30000 DPI sensör, 75g",8.9,9097,2,Yok,,,,,,,İtopya
Toplama Bilgisayar,Mouse,SteelSeries,Rival Mini 8000DPI,1650,Orta,Oyun,,,,,Bluetooth,"8000 DPI sensör, 63g",7.6,8183,2,Var,,,,,,,İncehesap
Toplama Bilgisayar,Monitör,AOC,Legion 34 inç 3840x2160 144Hz,20800,Amiral,Yazılım,,,50,,HDMI-DP,"VA panel, 144Hz",9.4,2527,2,Yok,34 inç,3840x2160,144Hz,,,,Vatan
Toplama Bilgisayar,Anakart,Biostar,Prime Z790 MAX DDR5,12750,Üst,Yayıncılık,LGA1700,DDR5,,,LGA1700-DDR5,"Micro ATX, Z790 yonga seti, DDR5 bellek desteği",8.8,7623,3,Yok,Micro ATX,,,,,,Epey
Toplama Bilgisayar,Kasa,Corsair,O11 Dynamic Mesh,3500,Orta,Ofis,,,,,Micro ATX,"Mini Tower, mesh/airflow odaklı kasa",7.8,7822,2,Yok,Mini Tower,,,,,,Epey
Toplama Bilgisayar,Kasa,DarkFlash,Warcry,6300,Üst,Yayıncılık,,,,,ATX,"Mid Tower, mesh/airflow odaklı kasa",8.9,4447,2,Yok,Mid Tower,,,,,,GamingGenTR
Toplama Bilgisayar,Kasa,MSI,Eclipse Mesh,3400,Orta,Ofis,,,,,Micro ATX,"Mini Tower, mesh/airflow odaklı kasa",7.7,1585,2,Yok,Mini Tower,,,,,,Sinerji
Toplama Bilgisayar,RAM,ADATA,Viper Steel 32GB 2x16GB DDR5 5200MHz,4300,Üst,Yayıncılık,,DDR5,,32GB,DDR5,5200MHz bellek kiti,8.7,9852,3,Var,,,,,,,İtopya
Toplama Bilgisayar,Mouse,Razer,M711 Wireless 12000DPI,1350,Orta,Yazılım,,,,,USB,"12000 DPI sensör, 90g",8.6,6514,2,Var,,,,,,,GamingGenTR
Toplama Bilgisayar,Monitör,ViewSonic,Optix 24.5 inç 3440x1440 165Hz,21550,Amiral,Tasarım,,,35,,HDMI-DP,"VA panel, 165Hz",8.9,1957,2,Yok,24.5 inç,3440x1440,165Hz,,,,İncehesap
Toplama Bilgisayar,Klavye,HyperX,Alloy Origins RGB Low Profile 75%,4450,Üst,Ofis,,,,,Bluetooth,Low Profile klavye,9.1,2296,2,Var,75%,,,,,,Vatan
Toplama Bilgisayar,Monitör,Gigabyte,Mobiuz 23.8 inç 3440x1440 165Hz,15200,Amiral,Tasarım,,,25,,HDMI-DP,"OLED panel, 165Hz",9.7,3106,2,Yok,23.8 inç,3440x1440,165Hz,,,,Akakçe
Toplama Bilgisayar,Ekran Kartı,Inno3D,RTX 4080 Super Aero OC 16GB,72450,Amiral,Yayıncılık,,GDDR6X,320,16GB,PCIe,4K oyun ve render,9.1,3090,3,Var,,,,16GB,,,İncehesap
Toplama Bilgisayar,Mouse,HyperX,FK2 Pro 30000DPI,3450,Üst,Yazılım,,,,,Kablosuz,"30000 DPI sensör, 90g",9.0,11988,2,Var,,,,,,,Epey
Toplama Bilgisayar,Monitör,Philips,ProArt 34 inç 2560x1440 180Hz,9200,Üst,Oyun,,,35,,HDMI-DP,"IPS panel, 180Hz",9.4,4582,3,Yok,34 inç,2560x1440,180Hz,,,,Epey
Toplama Bilgisayar,Anakart,Gigabyte,Tomahawk B760 AX DDR5,5750,Orta,Yazılım,LGA1700,DDR5,,,LGA1700-DDR5,"ATX, B760 yonga seti, DDR5 bellek desteği",7.4,1617,3,Var,ATX,,,,,,Vatan
Toplama Bilgisayar,Mouse,Redragon,G102 Pro 36000DPI,2550,Üst,Günlük Kullanım,,,,,USB,"36000 DPI sensör, 63g",8.2,7684,2,Var,,,,,,,İtopya
Toplama Bilgisayar,RAM,Crucial,Ares 16GB 2x8GB DDR4 3600MHz,1400,Orta,Günlük Kullanım,,DDR4,,16GB,DDR4,3600MHz bellek kiti,8.8,6636,2,Yok,,,,,,,Sinerji
Toplama Bilgisayar,RAM,PNY,Fury Beast 8GB 1x8GB DDR4 4000MHz,900,Giriş,Günlük Kullanım,,DDR4,,8GB,DDR4,4000MHz bellek kiti,7.4,1359,2,Yok,,,,,,,Epey
Toplama Bilgisayar,Anakart,ASUS,PRO X870 WiFi DDR5,17650,Amiral,Yapay Zeka,AM5,DDR5,,,AM5-DDR5,"ATX, X870 yonga seti, DDR5 bellek desteği",9.2,431,3,Var,ATX,,,,,,Sinerji
Toplama Bilgisayar,Monitör,Samsung,Alienware 27 inç 1920x1080 75Hz,3450,Giriş,Video Edit,,,35,,HDMI-DP,"VA panel, 75Hz",7.6,3042,2,Yok,27 inç,1920x1080,75Hz,,,,İtopya
Toplama Bilgisayar,Güç Kaynağı,NZXT,RM 850W 80+ Platinum,7750,Üst,Yayıncılık,,,850W,,80+ Platinum,"Modüler PSU, 80+ Platinum",8.7,3043,7,Yok,,,,,,,İncehesap
Toplama Bilgisayar,Mouse,Pulsar,Harpoon 26000DPI,1250,Orta,Yazılım,,,,,USB,"26000 DPI sensör, 75g",7.4,2601,2,Yok,,,,,,,GamingGenTR
Toplama Bilgisayar,Klavye,Razer,MOD007 Mekanik Tam boy,2050,Orta,Günlük Kullanım,,,,,USB,Mekanik klavye,7.7,444,2,Yok,Tam boy,,,,,,Vatan
Toplama Bilgisayar,Kasa,Xigmatek,Warcry Black,4950,Üst,Yayıncılık,,,,,ATX,"Mid Tower, mesh/airflow odaklı kasa",9.3,11829,2,Var,Mid Tower,,,,,,İtopya
Toplama Bilgisayar,Anakart,ASUS,Aorus Elite B760 DDR5,5650,Orta,Günlük Kullanım,LGA1700,DDR5,,,LGA1700-DDR5,"ATX, B760 yonga seti, DDR5 bellek desteği",8.1,7411,3,Yok,ATX,,,,,,Akakçe
Toplama Bilgisayar,Kasa,Xigmatek,TD500 White,3950,Orta,Günlük Kullanım,,,,,E-ATX,"Mini Tower, mesh/airflow odaklı kasa",8.6,7143,2,Yok,Mini Tower,,,,,,Vatan
Toplama Bilgisayar,Mouse,Lamzu,ROG Keris 36000DPI,1400,Orta,Ofis,,,,,Kablosuz,"36000 DPI sensör, 75g",7.8,5535,2,Var,,,,,,,Vatan
Toplama Bilgisayar,Klavye,Keychron,Vigor GK RGB Low Profile Tam boy,700,Giriş,Oyun,,,,,USB,Low Profile klavye,7.5,1431,2,Var,Tam boy,,,,,,İncehesap
Toplama Bilgisayar,Klavye,Cooler Master,CK RGB Low Profile TKL,1800,Orta,Yazılım,,,,,USB,Low Profile klavye,7.8,2569,2,Var,TKL,,,,,,Akakçe
Toplama Bilgisayar,Monitör,Dell,G-Master 34 inç 1920x1080 180Hz,6950,Orta,Video Edit,,,35,,HDMI-DP,"IPS panel, 180Hz",8.2,5522,2,Yok,34 inç,1920x1080,180Hz,,,,Vatan
Toplama Bilgisayar,Kasa,GamePower,O11 Dynamic RGB,2500,Orta,Yazılım,,,,,ATX,"Full Tower, mesh/airflow odaklı kasa",7.2,4896,2,Var,Full Tower,,,,,,Akakçe
Toplama Bilgisayar,Kasa,GamePower,View 270 Black,4200,Orta,Günlük Kullanım,,,,,Micro ATX,"Full Tower, mesh/airflow odaklı kasa",7.3,7125,2,Yok,Full Tower,,,,,,Akakçe
Toplama Bilgisayar,İşlemci,AMD,Ryzen 7 5800X3D Kampanya,10250,Üst,Yayıncılık,AM4,DDR4,105,,AM4-DDR4,3D V-Cache oyun işlemcisi,9.2,8867,3,Yok,,,,,,,Sinerji
Toplama Bilgisayar,Mouse,MSI,DeathAdder 16000DPI,450,Giriş,Yazılım,,,,,USB,"16000 DPI sensör, 75g",7.8,2751,2,Yok,,,,,,,İtopya
Toplama Bilgisayar,Mouse,Redragon,ROG Keris Wireless 12000DPI,600,Giriş,Günlük Kullanım,,,,,Kablosuz,"12000 DPI sensör, 63g",7.7,3483,2,Yok,,,,,,,İncehesap
Toplama Bilgisayar,RAM,G.Skill,XPG Lancer 64GB 2x32GB DDR5 5200MHz,11350,Amiral,Yapay Zeka,,DDR5,,64GB,DDR5,5200MHz bellek kiti,9.2,3055,3,Var,,,,,,,İncehesap
Toplama Bilgisayar,İşlemci,AMD,Ryzen 9 9900X,24200,Amiral,Video Edit,AM5,DDR5,120,,AM5-DDR5,Zen 5 12 çekirdek,9.1,881,3,Yok,,,,,,,İncehesap
Toplama Bilgisayar,Klavye,GamePower,Ogre Pro Low Profile Tam boy,4800,Üst,Ofis,,,,,Kablosuz,Low Profile klavye,8.5,6373,2,Yok,Tam boy,,,,,,GamingGenTR
Toplama Bilgisayar,RAM,Lexar,Viper Steel 8GB 1x8GB DDR4 3200MHz,750,Giriş,Günlük Kullanım,,DDR4,,8GB,DDR4,3200MHz bellek kiti,7.4,839,2,Var,,,,,,,Epey
Toplama Bilgisayar,Mouse,Razer,G102 Wireless 26000DPI,3350,Üst,Yazılım,,,,,USB,"26000 DPI sensör, 59g",8.1,778,2,Var,,,,,,,İncehesap
Toplama Bilgisayar,Monitör,Gigabyte,TUF Gaming 24.5 inç 2560x1440 180Hz,11500,Üst,Ofis,,,25,,HDMI-DP,"VA panel, 180Hz",8.6,9992,3,Yok,24.5 inç,2560x1440,180Hz,,,,İncehesap
Toplama Bilgisayar,Klavye,HyperX,K380 Wireless Optik switch 60%,500,Giriş,Günlük Kullanım,,,,,USB,Optik switch klavye,7.8,2162,2,Yok,60%,,,,,,Epey
Toplama Bilgisayar,Kasa,Corsair,Aquarius RGB,3100,Orta,Günlük Kullanım,,,,,ATX,"Mid Tower, mesh/airflow odaklı kasa",7.8,7754,2,Var,Mid Tower,,,,,,Akakçe
Toplama Bilgisayar,Monitör,Gigabyte,Odyssey 23.8 inç 1920x1080 180Hz,4500,Orta,Ofis,,,35,,HDMI-DP,"VA panel, 180Hz",8.4,1613,2,Yok,23.8 inç,1920x1080,180Hz,,,,İtopya
Toplama Bilgisayar,Klavye,GamePower,Alloy Origins RGB Membran 75%,850,Giriş,Ofis,,,,,Bluetooth,Membran klavye,7.0,133,2,Var,75%,,,,,,GamingGenTR
Toplama Bilgisayar,İşlemci,Intel,Core i5-12400F Pro Sistem,5250,Orta,Ofis,LGA1700,DDR4,65,,LGA1700-DDR4,6 çekirdek 12 thread,7.6,7591,3,Yok,,,,,,,İtopya
Toplama Bilgisayar,Mouse,HyperX,Atlantis 8000DPI,500,Giriş,Yazılım,,,,,USB,"8000 DPI sensör, 49g",6.8,1356,2,Var,,,,,,,GamingGenTR
Toplama Bilgisayar,Klavye,Keychron,Alloy Origins Wireless Optik switch 75%,4900,Üst,Yazılım,,,,,USB,Optik switch klavye,9.2,10948,2,Var,75%,,,,,,Akakçe
Toplama Bilgisayar,Anakart,NZXT,PRO A520 DDR4,3900,Giriş,Günlük Kullanım,AM4,DDR4,,,AM4-DDR4,"Mini ITX, A520 yonga seti, DDR4 bellek desteği",6.4,1699,3,Var,Mini ITX,,,,,,Akakçe
Toplama Bilgisayar,RAM,GoodRam,T-Force Delta 16GB 2x8GB DDR4 3600MHz,1650,Orta,Oyun,,DDR4,,16GB,DDR4,3600MHz bellek kiti,8.1,4528,5,Var,,,,,,,Akakçe
Toplama Bilgisayar,Monitör,Samsung,Optix 24.5 inç 2560x1440 180Hz,12750,Üst,Yazılım,,,35,,HDMI-DP,"IPS panel, 180Hz",8.2,5761,3,Yok,24.5 inç,2560x1440,180Hz,,,,Vatan
Toplama Bilgisayar,SSD,Samsung,MP600 500GB NVMe,1850,Giriş,Günlük Kullanım,,,5,500GB,M2 NVMe,PCIe 5.0 NVMe SSD,7.1,695,5,Yok,,,,,9496 MB/s,8725 MB/s,İtopya
Toplama Bilgisayar,Monitör,LG,G-Master 24.5 inç 1920x1080 144Hz,3600,Orta,Tasarım,,,50,,HDMI-DP,"IPS panel, 144Hz",7.7,858,2,Yok,24.5 inç,1920x1080,144Hz,,,,Vatan
Toplama Bilgisayar,Soğutucu,be quiet!,LT720,5950,Üst,Video Edit,,,,,AM4-AM5-LGA1700,360mm sıvı soğutma,8.9,11336,6,Var,360mm,,,,,,Vatan
Toplama Bilgisayar,Mouse,Redragon,MM712 Mini 26000DPI,1800,Orta,Ofis,,,,,Bluetooth,"26000 DPI sensör, 49g",7.3,6172,2,Var,,,,,,,İtopya
Toplama Bilgisayar,Ekran Kartı,Galax,RX 7900 XTX Nitro+ 24GB,67500,Amiral,Yapay Zeka,,GDDR6,355,24GB,PCIe,24GB VRAM 4K,9.4,2858,3,Var,,,,24GB,,,GamingGenTR
Toplama Bilgisayar,Kasa,MSI,CH370 White,3400,Orta,Oyun,,,,,Micro ATX,"Mini Tower, mesh/airflow odaklı kasa",7.7,2648,2,Yok,Mini Tower,,,,,,Sinerji
Toplama Bilgisayar,Klavye,Razer,Ogre Low Profile 60%,2300,Orta,Yazılım,,,,,USB,Low Profile klavye,8.8,1496,2,Var,60%,,,,,,Akakçe
Toplama Bilgisayar,Mouse,ASUS,Viper 12000DPI,400,Giriş,Yazılım,,,,,Kablosuz,"12000 DPI sensör, 63g",7.2,1188,2,Yok,,,,,,,Sinerji
Toplama Bilgisayar,Anakart,NZXT,Creator A620 WiFi DDR5,3650,Giriş,Günlük Kullanım,AM5,DDR5,,,AM5-DDR5,"Micro ATX, A620 yonga seti, DDR5 bellek desteği",7.0,3419,3,Var,Micro ATX,,,,,,İncehesap
Toplama Bilgisayar,SSD,Kingston,P3 Plus 2TB NVMe,3700,Üst,Video Edit,,,3,2TB,M2 NVMe,PCIe 3.0 NVMe SSD,8.4,10599,5,Yok,,,,,3403 MB/s,2875 MB/s,GamingGenTR
Toplama Bilgisayar,Kasa,ASUS,TUF GT RGB,6150,Üst,Tasarım,,,,,E-ATX,"Full Tower, mesh/airflow odaklı kasa",8.5,4417,2,Var,Full Tower,,,,,,Epey
Toplama Bilgisayar,Mouse,SteelSeries,FK2 Pro 26000DPI,6300,Amiral,Ofis,,,,,USB,"26000 DPI sensör, 75g",9.5,5672,2,Yok,,,,,,,İncehesap
Toplama Bilgisayar,Anakart,Gigabyte,Phantom Gaming A620 DDR5,3100,Giriş,Yazılım,AM5,DDR5,,,AM5-DDR5,"Micro ATX, A620 yonga seti, DDR5 bellek desteği",7.8,2798,3,Yok,Micro ATX,,,,,,GamingGenTR
Toplama Bilgisayar,Ekran Kartı,Gainward,RTX 5080 Ventus 2X 16GB,93350,Amiral,Oyun,,GDDR6X,360,16GB,PCIe,2026 4K üst seviye,9.5,3691,3,Yok,,,,16GB,,,GamingGenTR
Toplama Bilgisayar,Anakart,Gigabyte,Strix B760 WiFi DDR4,5900,Orta,Oyun,LGA1700,DDR4,,,LGA1700-DDR4,"Micro ATX, B760 yonga seti, DDR4 bellek desteği",8.2,5678,3,Yok,Micro ATX,,,,,,Vatan
Toplama Bilgisayar,Soğutucu,NZXT,Frozen Notte 240,7800,Üst,Video Edit,,,,,AM4-AM5-LGA1700,240mm sıvı soğutma,9.0,11737,2,Var,240mm,,,,,,Vatan
Toplama Bilgisayar,HDD,WD,Barracuda 2TB 7200RPM,2850,Giriş,Yayıncılık,,,7,2TB,SATA,3.5 inç mekanik disk,7.1,2877,3,Yok,,,,,,,Sinerji
Toplama Bilgisayar,RAM,XPG,Ripjaws 8GB 1x8GB DDR5 5200MHz,1000,Giriş,Yazılım,,DDR5,,8GB,DDR5,5200MHz bellek kiti,7.0,2418,5,Yok,,,,,,,Akakçe
Toplama Bilgisayar,Kasa,Corsair,O11 Dynamic,3400,Orta,Günlük Kullanım,,,,,Micro ATX,"Mid Tower, mesh/airflow odaklı kasa",7.6,8372,2,Yok,Mid Tower,,,,,,GamingGenTR
Toplama Bilgisayar,Ekran Kartı,PowerColor,RTX 4090 Nitro+ 24GB,169950,Amiral,Video Edit,,GDDR6X,450,24GB,PCIe,AI ve 4K üst seviye,9.6,6425,3,Yok,,,,24GB,,,GamingGenTR
Toplama Bilgisayar,Mouse,Pulsar,Pulsefire Wireless 26000DPI,450,Giriş,Oyun,,,,,Kablosuz,"26000 DPI sensör, 59g",7.8,2118,2,Yok,,,,,,,Epey
Toplama Bilgisayar,Kasa,NZXT,View 270,4550,Üst,Tasarım,,,,,ATX,"Full Tower, mesh/airflow odaklı kasa",8.3,11706,2,Var,Full Tower,,,,,,İtopya
Toplama Bilgisayar,Monitör,Lenovo,Legion 34 inç 3440x1440 165Hz,19450,Amiral,Oyun,,,25,,HDMI-DP,"Mini LED panel, 165Hz",9.5,4006,2,Yok,34 inç,3440x1440,165Hz,,,,Akakçe
Toplama Bilgisayar,Ekran Kartı,XFX,RTX 4060 Ti Twin Edge 8GB,25200,Orta,Oyun,,GDDR6,160,8GB,PCIe,1080p/1440p oyun,8.0,4529,3,Yok,,,,8GB,,,GamingGenTR
Toplama Bilgisayar,Klavye,GamePower,K2 Pro Low Profile Tam boy,3950,Üst,Oyun,,,,,Bluetooth,Low Profile klavye,8.5,3539,2,Yok,Tam boy,,,,,,İncehesap
Toplama Bilgisayar,Monitör,LG,G-Master 32 inç 3840x2160 240Hz,50150,Amiral,Tasarım,,,35,,HDMI-DP,"VA panel, 240Hz",9.1,2361,3,Yok,32 inç,3840x2160,240Hz,,,,Akakçe
Toplama Bilgisayar,Soğutucu,Cooler Master,AK400,4300,Üst,Yayıncılık,,,,,AM4-AM5-LGA1700,Hava soğutma,9.4,10121,5,Var,,,,,,,Epey
Toplama Bilgisayar,Kasa,MSI,TD500 Black,3000,Orta,Oyun,,,,,Micro ATX,"Mid Tower, mesh/airflow odaklı kasa",7.8,4564,2,Var,Mid Tower,,,,,,GamingGenTR
Toplama Bilgisayar,Soğutucu,SilverStone,Frozr,4000,Üst,Yazılım,,,,,AM4-AM5-LGA1700,Hava soğutma,8.5,6685,2,Var,,,,,,,Sinerji
Toplama Bilgisayar,Klavye,ASUS,K70 Membran 75%,2150,Orta,Ofis,,,,,Bluetooth,Membran klavye,8.1,5336,2,Var,75%,,,,,,İncehesap
Toplama Bilgisayar,Ekran Kartı,Palit,RTX 4070 Super Ventus 2X 12GB,41550,Üst,Yapay Zeka,,GDDR6,220,12GB,PCIe,1440p ultra oyun,8.2,7877,3,Var,,,,12GB,,,Sinerji
Toplama Bilgisayar,Kasa,Fractal Design,Lancool RGB,5350,Üst,Tasarım,,,,,ATX,"Mini Tower, mesh/airflow odaklı kasa",8.8,7686,2,Var,Mini Tower,,,,,,Akakçe
Toplama Bilgisayar,Kasa,DeepCool,Meshify,3950,Orta,Günlük Kullanım,,,,,E-ATX,"Mini Tower, mesh/airflow odaklı kasa",8.4,6146,2,Yok,Mini Tower,,,,,,Sinerji
Toplama Bilgisayar,RAM,Lexar,T-Force Delta 64GB 2x32GB DDR5 7200MHz,11800,Amiral,Tasarım,,DDR5,,64GB,DDR5,7200MHz bellek kiti,8.9,4252,2,Yok,,,,,,,Akakçe
Toplama Bilgisayar,RAM,ADATA,T-Force Delta 8GB 1x8GB DDR5 6400MHz,1250,Giriş,Ofis,,DDR5,,8GB,DDR5,6400MHz bellek kiti,8.0,2042,2,Yok,,,,,,,İtopya
Toplama Bilgisayar,Kasa,Fractal Design,MAG Forge,4350,Üst,Yayıncılık,,,,,E-ATX,"Full Tower, mesh/airflow odaklı kasa",8.3,11431,2,Var,Full Tower,,,,,,İncehesap
Toplama Bilgisayar,Klavye,Razer,BlackWidow Wireless Membran Tam boy,4150,Üst,Yazılım,,,,,Kablosuz,Membran klavye,8.5,5268,2,Yok,Tam boy,,,,,,İtopya
Toplama Bilgisayar,Güç Kaynağı,be quiet!,Toughpower 1200W 80+ Titanium,13750,Amiral,Oyun,,,1200W,,80+ Titanium,"Modüler PSU, 80+ Titanium",9.3,4288,2,Yok,,,,,,,Epey
Toplama Bilgisayar,Mouse,Redragon,Model O Wireless 8000DPI,450,Giriş,Ofis,,,,,Bluetooth,"8000 DPI sensör, 59g",7.0,982,2,Yok,,,,,,,Sinerji
Toplama Bilgisayar,Kasa,Thermaltake,Warcry RGB,2000,Giriş,Ofis,,,,,Micro ATX,"Full Tower, mesh/airflow odaklı kasa",7.4,2037,2,Var,Full Tower,,,,,,GamingGenTR
Toplama Bilgisayar,Mouse,Corsair,Clutch GM Wireless 36000DPI,2900,Üst,Ofis,,,,,Kablosuz,"36000 DPI sensör, 75g",8.3,11327,2,Yok,,,,,,,Epey
Toplama Bilgisayar,Klavye,Redragon,Apex Pro Mekanik Tam boy,3650,Üst,Günlük Kullanım,,,,,USB,Mekanik klavye,8.6,9985,2,Yok,Tam boy,,,,,,Sinerji
Toplama Bilgisayar,İşlemci,AMD,Ryzen 7 7800X3D Box,18950,Amiral,Video Edit,AM5,DDR5,120,,AM5-DDR5,3D V-Cache üst seviye oyun,9.2,3948,3,Yok,,,,,,,Epey
Toplama Bilgisayar,Klavye,SteelSeries,Vigor GK Membran 75%,2100,Orta,Ofis,,,,,Kablosuz,Membran klavye,7.6,3202,2,Var,75%,,,,,,Vatan
Toplama Bilgisayar,Monitör,LG,ProArt 34 inç 2560x1440 180Hz,11000,Üst,Video Edit,,,50,,HDMI-DP,"IPS panel, 180Hz",8.4,4157,3,Yok,34 inç,2560x1440,180Hz,,,,Epey
Toplama Bilgisayar,Monitör,ViewSonic,Odyssey 32 inç 3840x2160 144Hz,28900,Amiral,Video Edit,,,25,,HDMI-DP,"OLED panel, 144Hz",8.9,3630,3,Yok,32 inç,3840x2160,144Hz,,,,İtopya
Toplama Bilgisayar,Monitör,Samsung,Mobiuz 34 inç 3440x1440 165Hz,22500,Amiral,Video Edit,,,35,,HDMI-DP,"Mini LED panel, 165Hz",9.9,6177,3,Yok,34 inç,3440x1440,165Hz,,,,GamingGenTR
Toplama Bilgisayar,Soğutucu,Arctic,Hyper 212,2200,Orta,Oyun,,,,,AM4-AM5-LGA1700,Hava soğutma,7.6,4893,2,Var,,,,,,,İtopya
Toplama Bilgisayar,Mouse,Glorious,Rival Mini 36000DPI,1250,Orta,Ofis,,,,,Bluetooth,"36000 DPI sensör, 90g",8.2,2644,2,Var,,,,,,,GamingGenTR
Toplama Bilgisayar,Klavye,Razer,CK Low Profile 60%,3100,Üst,Ofis,,,,,USB,Low Profile klavye,9.1,1605,2,Var,60%,,,,,,Akakçe
Toplama Bilgisayar,Kasa,Cooler Master,TD500 RGB,7050,Üst,Yayıncılık,,,,,Micro ATX,"Mid Tower, mesh/airflow odaklı kasa",8.4,10959,2,Var,Mid Tower,,,,,,Vatan
Toplama Bilgisayar,Ekran Kartı,Sapphire,RTX 4070 Ti Super Eagle OC 16GB,56050,Üst,Oyun,,GDDR6X,285,16GB,PCIe,1440p/4K güçlü performans,8.5,11146,3,Var,,,,16GB,,,Vatan
Toplama Bilgisayar,RAM,XPG,Ballistix 8GB 1x8GB DDR4 3600MHz,850,Giriş,Yazılım,,DDR4,,8GB,DDR4,3600MHz bellek kiti,7.3,1210,3,Var,,,,,,,Sinerji
Toplama Bilgisayar,Mouse,SteelSeries,Model O 26000DPI,1200,Orta,Günlük Kullanım,,,,,Bluetooth,"26000 DPI sensör, 75g",7.5,6836,2,Yok,,,,,,,Epey
Toplama Bilgisayar,Mouse,Glorious,G102 26000DPI,2700,Üst,Yazılım,,,,,USB,"26000 DPI sensör, 59g",8.2,1631,2,Var,,,,,,,Epey
Toplama Bilgisayar,Soğutucu,be quiet!,Assassin X,900,Giriş,Günlük Kullanım,,,,,AM4-AM5-LGA1700,Hava soğutma,8.1,449,5,Yok,,,,,,,Akakçe
Toplama Bilgisayar,Mouse,Zowie,X2V2 26000DPI,550,Giriş,Günlük Kullanım,,,,,Kablosuz,"26000 DPI sensör, 75g",6.6,47,2,Yok,,,,,,,Vatan
Toplama Bilgisayar,Anakart,MSI,Steel Legend X870 DDR5,18150,Amiral,Oyun,AM5,DDR5,,,AM5-DDR5,"Mini ITX, X870 yonga seti, DDR5 bellek desteği",9.3,2599,3,Var,Mini ITX,,,,,,Vatan
Toplama Bilgisayar,Güç Kaynağı,FSP,MAG 1000W 80+ Platinum,7550,Üst,Yazılım,,,1000W,,80+ Platinum,"Modüler PSU, 80+ Platinum",9.5,2927,7,Yok,,,,,,,GamingGenTR
Toplama Bilgisayar,Klavye,Redragon,RK61 Pro Mekanik 75%,800,Giriş,Günlük Kullanım,,,,,Kablosuz,Mekanik klavye,6.9,971,2,Yok,75%,,,,,,Epey
Toplama Bilgisayar,Mouse,Glorious,Viper Wireless 16000DPI,600,Giriş,Oyun,,,,,USB,"16000 DPI sensör, 49g",7.2,95,2,Var,,,,,,,Epey
Toplama Bilgisayar,Monitör,Acer,ProArt 32 inç 3440x1440 165Hz,20050,Amiral,Ofis,,,50,,HDMI-DP,"OLED panel, 165Hz",9.9,255,2,Yok,32 inç,3440x1440,165Hz,,,,İtopya
Toplama Bilgisayar,Kasa,DarkFlash,Warcry Mesh,1400,Giriş,Ofis,,,,,ATX,"Full Tower, mesh/airflow odaklı kasa",7.2,1254,2,Var,Full Tower,,,,,,Sinerji
Toplama Bilgisayar,RAM,GoodRam,XLR8 32GB 2x16GB DDR5 7200MHz,7800,Üst,Oyun,,DDR5,,32GB,DDR5,7200MHz bellek kiti,9.0,11413,3,Var,,,,,,,İncehesap
Toplama Bilgisayar,Mouse,Logitech,Atlantis Wireless 8000DPI,1400,Orta,Günlük Kullanım,,,,,Bluetooth,"8000 DPI sensör, 49g",7.6,4364,2,Var,,,,,,,Epey
Toplama Bilgisayar,Mouse,HyperX,Model O Wireless 16000DPI,1150,Orta,Oyun,,,,,Bluetooth,"16000 DPI sensör, 90g",7.6,6461,2,Yok,,,,,,,İncehesap
Toplama Bilgisayar,HDD,Seagate,SkyHawk 8TB 7200RPM,7850,Üst,Günlük Kullanım,,,9,8TB,SATA,3.5 inç mekanik disk,8.7,6746,2,Yok,,,,,,,İtopya
Toplama Bilgisayar,Kasa,Corsair,O11 Dynamic RGB,7250,Üst,Oyun,,,,,E-ATX,"Mini Tower, mesh/airflow odaklı kasa",9.4,11968,2,Var,Mini Tower,,,,,,Akakçe
Toplama Bilgisayar,Kasa,Cooler Master,TD500 Mesh,5700,Üst,Video Edit,,,,,ATX,"Full Tower, mesh/airflow odaklı kasa",9.0,10098,2,Var,Full Tower,,,,,,İncehesap
Toplama Bilgisayar,Klavye,Cooler Master,Ogre RGB Optik switch 75%,500,Giriş,Ofis,,,,,USB,Optik switch klavye,7.6,1898,2,Var,75%,,,,,,Epey
Toplama Bilgisayar,Kasa,DarkFlash,Warcry Black,2600,Orta,Oyun,,,,,E-ATX,"Full Tower, mesh/airflow odaklı kasa",7.7,6933,2,Var,Full Tower,,,,,,Epey
Toplama Bilgisayar,Monitör,LG,UltraGear 31.5 inç 1920x1080 180Hz,6350,Orta,Yazılım,,,25,,HDMI-DP,"VA panel, 180Hz",8.3,4167,3,Yok,31.5 inç,1920x1080,180Hz,,,,Sinerji
Toplama Bilgisayar,RAM,TeamGroup,XPG Lancer 64GB 2x32GB DDR5 5600MHz,11250,Amiral,Tasarım,,DDR5,,64GB,DDR5,5600MHz bellek kiti,9.6,4058,5,Yok,,,,,,,GamingGenTR
Toplama Bilgisayar,İşlemci,AMD,Ryzen 7 7800X3D Pro Sistem,18050,Amiral,Yayıncılık,AM5,DDR5,120,,AM5-DDR5,3D V-Cache üst seviye oyun,9.1,5711,3,Yok,,,,,,,İncehesap
Toplama Bilgisayar,SSD,ADATA,990 Pro 4TB NVMe,9700,Amiral,Tasarım,,,3,4TB,M2 NVMe,PCIe 3.0 NVMe SSD,9.1,3304,5,Yok,,,,,3291 MB/s,2251 MB/s,Akakçe
Toplama Bilgisayar,Anakart,Biostar,Prime A520 WiFi DDR4,3800,Giriş,Günlük Kullanım,AM4,DDR4,,,AM4-DDR4,"ATX, A520 yonga seti, DDR4 bellek desteği",6.7,3187,3,Yok,ATX,,,,,,Akakçe
Toplama Bilgisayar,Mouse,ASUS,X2V2 Wireless 16000DPI,1350,Orta,Oyun,,,,,USB,"16000 DPI sensör, 59g",7.6,3535,2,Var,,,,,,,Sinerji
Toplama Bilgisayar,HDD,WD,N300 4TB 7200RPM,4050,Orta,Yayıncılık,,,7,4TB,SATA,3.5 inç mekanik disk,7.9,7043,2,Yok,,,,,,,Vatan
Toplama Bilgisayar,Klavye,Corsair,K2 Pro Membran Tam boy,750,Giriş,Ofis,,,,,USB,Membran klavye,7.6,758,2,Yok,Tam boy,,,,,,İtopya
Toplama Bilgisayar,RAM,PNY,XLR8 8GB 1x8GB DDR5 5200MHz,1200,Giriş,Ofis,,DDR5,,8GB,DDR5,5200MHz bellek kiti,6.5,3303,3,Yok,,,,,,,GamingGenTR
Toplama Bilgisayar,Mouse,ASUS,Harpoon Mini 16000DPI,6250,Amiral,Günlük Kullanım,,,,,Bluetooth,"16000 DPI sensör, 90g",9.7,6010,2,Yok,,,,,,,Vatan
Toplama Bilgisayar,Kasa,Lian Li,Meshify Mesh,11200,Amiral,Yapay Zeka,,,,,E-ATX,"Mini Tower, mesh/airflow odaklı kasa",9.0,5169,2,Yok,Mini Tower,,,,,,İtopya
Toplama Bilgisayar,Mouse,Logitech,MM712 Pro 12000DPI,4200,Amiral,Ofis,,,,,Kablosuz,"12000 DPI sensör, 59g",9.1,1668,2,Var,,,,,,,İtopya
Toplama Bilgisayar,SSD,ADATA,Legend 960 4TB NVMe,7500,Amiral,Video Edit,,,5,4TB,M2 NVMe,PCIe 3.0 NVMe SSD,9.5,1941,5,Yok,,,,,3281 MB/s,2562 MB/s,Vatan
Toplama Bilgisayar,Mouse,Logitech,Harpoon Pro 30000DPI,3250,Üst,Ofis,,,,,USB,"30000 DPI sensör, 75g",9.2,3653,2,Yok,,,,,,,Akakçe
Toplama Bilgisayar,Klavye,Glorious,Alloy Origins Pro Low Profile Tam boy,3550,Üst,Oyun,,,,,Bluetooth,Low Profile klavye,9.4,2261,2,Var,Tam boy,,,,,,İncehesap
Toplama Bilgisayar,Ekran Kartı,PNY,GTX 1650 Merc 4GB,7200,Giriş,Günlük Kullanım,,GDDR6,75,4GB,PCIe,1080p giriş oyun,7.9,2444,3,Var,,,,4GB,,,Vatan
Toplama Bilgisayar,Klavye,GamePower,MOD007 RGB Low Profile 75%,1750,Orta,Ofis,,,,,Kablosuz,Low Profile klavye,7.5,6574,2,Var,75%,,,,,,Vatan
Toplama Bilgisayar,Mouse,Logitech,Clutch GM 26000DPI,500,Giriş,Günlük Kullanım,,,,,USB,"26000 DPI sensör, 75g",6.6,1190,2,Var,,,,,,,GamingGenTR
Toplama Bilgisayar,Kasa,DarkFlash,O11 Dynamic White,3650,Orta,Yazılım,,,,,Micro ATX,"Mid Tower, mesh/airflow odaklı kasa",8.8,4338,2,Yok,Mid Tower,,,,,,Sinerji
Toplama Bilgisayar,Güç Kaynağı,be quiet!,Strider 650W 80+ Bronze,3500,Orta,Ofis,,,650W,,80+ Bronze,"Yarı modüler PSU, 80+ Bronze",7.5,2350,5,Yok,,,,,,,Vatan
Toplama Bilgisayar,Klavye,Keychron,K2 Wireless Membran Tam boy,2050,Orta,Yazılım,,,,,Bluetooth,Membran klavye,7.9,5835,2,Var,Tam boy,,,,,,Sinerji
Toplama Bilgisayar,Kasa,Xigmatek,Meshify White,2450,Orta,Günlük Kullanım,,,,,E-ATX,"Mini Tower, mesh/airflow odaklı kasa",8.1,3251,2,Yok,Mini Tower,,,,,,Epey
Toplama Bilgisayar,Klavye,MSI,BlackWidow Pro Membran 75%,2100,Orta,Günlük Kullanım,,,,,Kablosuz,Membran klavye,8.4,1074,2,Yok,75%,,,,,,İncehesap
Toplama Bilgisayar,Kasa,Phanteks,4000D Airflow,2950,Orta,Yazılım,,,,,ATX,"Mid Tower, mesh/airflow odaklı kasa",8.6,2368,2,Var,Mid Tower,,,,,,Epey
Toplama Bilgisayar,Mouse,Corsair,Pulsefire Wireless 30000DPI,2850,Üst,Oyun,,,,,Kablosuz,"30000 DPI sensör, 59g",8.2,7680,2,Yok,,,,,,,İncehesap
Toplama Bilgisayar,Soğutucu,Arctic,Freezer 36,2300,Orta,Yazılım,,,,,AM4-AM5-LGA1700,Hava soğutma,8.7,7374,2,Var,,,,,,,Sinerji
Toplama Bilgisayar,Kasa,Phanteks,Eclipse RGB,3450,Orta,Ofis,,,,,Micro ATX,"Full Tower, mesh/airflow odaklı kasa",8.6,3098,2,Var,Full Tower,,,,,,Akakçe
Toplama Bilgisayar,HDD,WD,IronWolf 2TB 7200RPM,2550,Giriş,Günlük Kullanım,,,7,2TB,SATA,3.5 inç mekanik disk,7.2,2981,2,Yok,,,,,,,GamingGenTR
Toplama Bilgisayar,Ekran Kartı,PNY,RTX 4060 Pulse 8GB,19450,Orta,Video Edit,,GDDR6,115,8GB,PCIe,DLSS 3 1080p oyun,8.7,3454,3,Var,,,,8GB,,,İncehesap
Toplama Bilgisayar,Anakart,MSI,Strix A520 MAX DDR4,4000,Giriş,Ofis,AM4,DDR4,,,AM4-DDR4,"ATX, A520 yonga seti, DDR4 bellek desteği",6.8,2660,3,Var,ATX,,,,,,Akakçe
Toplama Bilgisayar,Klavye,Akko,Alloy Origins Membran 60%,550,Giriş,Yazılım,,,,,Bluetooth,Membran klavye,7.6,1337,2,Var,60%,,,,,,İtopya
Toplama Bilgisayar,Monitör,AOC,Predator 23.8 inç 1920x1080 75Hz,3200,Giriş,Tasarım,,,25,,HDMI-DP,"VA panel, 75Hz",7.9,3333,3,Yok,23.8 inç,1920x1080,75Hz,,,,Akakçe
Toplama Bilgisayar,Klavye,ASUS,K70 Pro Optik switch 60%,8150,Amiral,Ofis,,,,,Bluetooth,Optik switch klavye,9.0,5391,2,Var,60%,,,,,,İncehesap
Toplama Bilgisayar,Soğutucu,NZXT,Hyper 212,4350,Üst,Yazılım,,,,,AM4-AM5-LGA1700,Hava soğutma,8.4,4682,2,Var,,,,,,,Sinerji
Toplama Bilgisayar,Anakart,ASRock,TUF Gaming A620 DDR5,3950,Giriş,Günlük Kullanım,AM5,DDR5,,,AM5-DDR5,"ATX, A620 yonga seti, DDR5 bellek desteği",7.1,279,3,Yok,ATX,,,,,,İtopya
Toplama Bilgisayar,Kasa,GamePower,CH370 Mesh,1550,Giriş,Ofis,,,,,E-ATX,"Mid Tower, mesh/airflow odaklı kasa",7.8,743,2,Yok,Mid Tower,,,,,,Sinerji
Toplama Bilgisayar,Mouse,Lamzu,X2V2 Pro 8000DPI,1550,Orta,Ofis,,,,,USB,"8000 DPI sensör, 75g",8.7,2063,2,Var,,,,,,,Vatan
Toplama Bilgisayar,SSD,Seagate,CS2241 4TB NVMe,16000,Amiral,Yayıncılık,,,4,4TB,M2 NVMe,PCIe 5.0 NVMe SSD,9.3,6125,5,Yok,,,,,10276 MB/s,7396 MB/s,İtopya
Toplama Bilgisayar,Kasa,NZXT,Lancool Mesh,5150,Üst,Tasarım,,,,,Micro ATX,"Mid Tower, mesh/airflow odaklı kasa",8.6,7202,2,Var,Mid Tower,,,,,,İtopya
Toplama Bilgisayar,Klavye,Royal Kludge,MOD007 RGB Optik switch TKL,550,Giriş,Ofis,,,,,Bluetooth,Optik switch klavye,7.4,3013,2,Var,TKL,,,,,,Akakçe
Toplama Bilgisayar,Mouse,Redragon,FK2 Mini 16000DPI,1750,Orta,Günlük Kullanım,,,,,USB,"16000 DPI sensör, 75g",7.5,5968,2,Var,,,,,,,Vatan
Toplama Bilgisayar,RAM,Kingston,NOX 16GB 2x8GB DDR5 5200MHz,2200,Orta,Günlük Kullanım,,DDR5,,16GB,DDR5,5200MHz bellek kiti,8.6,2456,2,Yok,,,,,,,İncehesap
Toplama Bilgisayar,Klavye,Logitech,BlackWidow Optik switch Tam boy,5800,Amiral,Günlük Kullanım,,,,,Kablosuz,Optik switch klavye,9.8,1967,2,Var,Tam boy,,,,,,Sinerji
Toplama Bilgisayar,Ekran Kartı,XFX,RTX 4070 Pulse 12GB,31950,Üst,Video Edit,,GDDR6,200,12GB,PCIe,1440p oyun,8.8,4495,3,Yok,,,,12GB,,,Sinerji
Toplama Bilgisayar,Kasa,GamePower,Warcry Black,7750,Üst,Tasarım,,,,,Micro ATX,"Mini Tower, mesh/airflow odaklı kasa",8.6,4220,2,Yok,Mini Tower,,,,,,İncehesap
Toplama Bilgisayar,Klavye,MSI,Vigor GK Pro Optik switch Tam boy,4200,Üst,Ofis,,,,,Bluetooth,Optik switch klavye,8.9,3107,2,Var,Tam boy,,,,,,GamingGenTR
Toplama Bilgisayar,Mouse,MSI,Clutch GM 26000DPI,450,Giriş,Ofis,,,,,Bluetooth,"26000 DPI sensör, 63g",7.4,2797,2,Var,,,,,,,İtopya
Toplama Bilgisayar,Mouse,Glorious,Atlantis Wireless 8000DPI,1100,Orta,Günlük Kullanım,,,,,Bluetooth,"8000 DPI sensör, 75g",8.1,1970,2,Var,,,,,,,Epey
Toplama Bilgisayar,Kasa,ASUS,Lancool RGB,5750,Üst,Yazılım,,,,,ATX,"Mini Tower, mesh/airflow odaklı kasa",8.5,2337,2,Var,Mini Tower,,,,,,GamingGenTR
Toplama Bilgisayar,Mouse,HyperX,Pulsefire Pro 30000DPI,1100,Orta,Oyun,,,,,Kablosuz,"30000 DPI sensör, 49g",8.6,3819,2,Var,,,,,,,İtopya
Toplama Bilgisayar,Anakart,Gigabyte,Mortar Z790 DDR5,10100,Üst,Yayıncılık,LGA1700,DDR5,,,LGA1700-DDR5,"ATX, Z790 yonga seti, DDR5 bellek desteği",9.0,3227,3,Var,ATX,,,,,,Vatan
Toplama Bilgisayar,Kasa,Xigmatek,TD500 Black,1700,Giriş,Oyun,,,,,Micro ATX,"Mini Tower, mesh/airflow odaklı kasa",6.6,2301,2,Var,Mini Tower,,,,,,İtopya
Toplama Bilgisayar,Monitör,Philips,Raptor 31.5 inç 3840x2160 240Hz,33900,Amiral,Video Edit,,,35,,HDMI-DP,"IPS panel, 240Hz",9.1,4064,3,Yok,31.5 inç,3840x2160,240Hz,,,,İncehesap
Toplama Bilgisayar,Klavye,GamePower,K70 RGB Mekanik TKL,1450,Orta,Yazılım,,,,,USB,Mekanik klavye,7.7,3439,2,Var,TKL,,,,,,Akakçe
Toplama Bilgisayar,Klavye,Glorious,RK61 Low Profile TKL,1450,Orta,Oyun,,,,,USB,Low Profile klavye,8.6,4063,2,Var,TKL,,,,,,Vatan
Toplama Bilgisayar,Mouse,Razer,Atlantis Pro 30000DPI,1600,Orta,Günlük Kullanım,,,,,Kablosuz,"30000 DPI sensör, 63g",8.6,5218,2,Yok,,,,,,,İncehesap
Toplama Bilgisayar,Kasa,Lian Li,TD500 White,4150,Orta,Günlük Kullanım,,,,,E-ATX,"Mid Tower, mesh/airflow odaklı kasa",8.7,7851,2,Var,Mid Tower,,,,,,Sinerji
Toplama Bilgisayar,Monitör,Acer,Optix 23.8 inç 3840x2160 240Hz,41700,Amiral,Oyun,,,50,,HDMI-DP,"IPS panel, 240Hz",9.0,1175,2,Yok,23.8 inç,3840x2160,240Hz,,,,Vatan
Toplama Bilgisayar,Ekran Kartı,Zotac,RX 7900 XTX Eagle OC 24GB,66100,Amiral,Video Edit,,GDDR6,355,24GB,PCIe,24GB VRAM 4K,9.4,3431,3,Var,,,,24GB,,,Vatan
Toplama Bilgisayar,Monitör,HP,UltraGear 24.5 inç 2560x1440 144Hz,10400,Üst,Video Edit,,,35,,HDMI-DP,"VA panel, 144Hz",8.7,111,3,Yok,24.5 inç,2560x1440,144Hz,,,,Epey
Toplama Bilgisayar,Anakart,Colorful,Mortar B650E AX DDR5,11250,Üst,Video Edit,AM5,DDR5,,,AM5-DDR5,"Micro ATX, B650E yonga seti, DDR5 bellek desteği",8.5,3610,3,Yok,Micro ATX,,,,,,Vatan
Toplama Bilgisayar,Anakart,Gigabyte,TUF Gaming A620 MAX DDR5,2550,Giriş,Günlük Kullanım,AM5,DDR5,,,AM5-DDR5,"Mini ITX, A620 yonga seti, DDR5 bellek desteği",7.8,2737,3,Var,Mini ITX,,,,,,İncehesap
Toplama Bilgisayar,Kasa,Lian Li,Lancool,2750,Orta,Ofis,,,,,E-ATX,"Mini Tower, mesh/airflow odaklı kasa",7.7,6452,2,Yok,Mini Tower,,,,,,Vatan
Toplama Bilgisayar,Ekran Kartı,ASUS,RTX 5090 Hellhound 32GB,193500,Amiral,Video Edit,,GDDR6X,575,32GB,PCIe,2026 amiral seviye AI/4K,9.0,5581,3,Yok,,,,32GB,,,Epey
Toplama Bilgisayar,Klavye,Keychron,RK61 Membran TKL,1500,Orta,Oyun,,,,,Kablosuz,Membran klavye,8.0,3213,2,Var,TKL,,,,,,GamingGenTR
Toplama Bilgisayar,Mouse,Glorious,Viper 12000DPI,1400,Orta,Günlük Kullanım,,,,,Kablosuz,"12000 DPI sensör, 63g",7.5,5119,2,Yok,,,,,,,Sinerji
Toplama Bilgisayar,Mouse,Lamzu,FK2 30000DPI,500,Giriş,Ofis,,,,,Bluetooth,"30000 DPI sensör, 49g",6.5,2438,2,Yok,,,,,,,İtopya
Toplama Bilgisayar,Mouse,HyperX,DeathAdder Wireless 36000DPI,2200,Üst,Ofis,,,,,Bluetooth,"36000 DPI sensör, 49g",9.3,6098,2,Var,,,,,,,Sinerji
Toplama Bilgisayar,Güç Kaynağı,NZXT,Hydro K Pro 750W 80+ Platinum,3800,Orta,Yazılım,,,750W,,80+ Platinum,"Yarı modüler PSU, 80+ Platinum",7.3,4059,7,Yok,,,,,,,Epey
Toplama Bilgisayar,Mouse,Lamzu,Model O 30000DPI,1450,Orta,Oyun,,,,,Kablosuz,"30000 DPI sensör, 90g",8.8,6344,2,Var,,,,,,,Vatan
Toplama Bilgisayar,Klavye,Logitech,K70 Pro Optik switch TKL,7850,Amiral,Günlük Kullanım,,,,,USB,Optik switch klavye,9.0,1352,2,Yok,TKL,,,,,,İtopya
Toplama Bilgisayar,Mouse,Razer,X2V2 Pro 30000DPI,1350,Orta,Günlük Kullanım,,,,,Bluetooth,"30000 DPI sensör, 63g",8.5,3785,2,Var,,,,,,,İtopya
Toplama Bilgisayar,Anakart,NZXT,PRO X670 MAX DDR5,8100,Üst,Tasarım,AM5,DDR5,,,AM5-DDR5,"Mini ITX, X670 yonga seti, DDR5 bellek desteği",8.5,7082,3,Yok,Mini ITX,,,,,,Sinerji
Toplama Bilgisayar,SSD,PNY,NM790 2TB NVMe,7150,Üst,Tasarım,,,4,2TB,M2 NVMe,PCIe 5.0 NVMe SSD,8.3,5752,5,Yok,,,,,10062 MB/s,7286 MB/s,GamingGenTR
Toplama Bilgisayar,Ekran Kartı,Gainward,RTX 4070 Super StormX 12GB,47000,Üst,Oyun,,GDDR6,220,12GB,PCIe,1440p ultra oyun,8.9,10594,3,Yok,,,,12GB,,,İtopya
Toplama Bilgisayar,Kasa,Fractal Design,H5 Flow Black,4350,Üst,Video Edit,,,,,ATX,"Mini Tower, mesh/airflow odaklı kasa",8.9,310,2,Var,Mini Tower,,,,,,İncehesap
Toplama Bilgisayar,Anakart,MSI,Aorus Elite X670 MAX DDR5,8900,Üst,Video Edit,AM5,DDR5,,,AM5-DDR5,"Micro ATX, X670 yonga seti, DDR5 bellek desteği",9.2,2923,3,Yok,Micro ATX,,,,,,GamingGenTR
Toplama Bilgisayar,Mouse,Lamzu,Harpoon Pro 16000DPI,1250,Orta,Günlük Kullanım,,,,,USB,"16000 DPI sensör, 75g",8.6,750,2,Yok,,,,,,,Vatan
Toplama Bilgisayar,Kasa,Cooler Master,H5 Flow Mesh,4100,Orta,Yazılım,,,,,Micro ATX,"Mini Tower, mesh/airflow odaklı kasa",8.4,7109,2,Var,Mini Tower,,,,,,Epey
Toplama Bilgisayar,Güç Kaynağı,Cooler Master,Toughpower 1600W 80+ Platinum,14550,Amiral,Oyun,,,1600W,,80+ Platinum,"Modüler PSU, 80+ Platinum",9.1,3031,5,Yok,,,,,,,GamingGenTR
Toplama Bilgisayar,Güç Kaynağı,DeepCool,PF 750W 80+ Titanium,3850,Orta,Yazılım,,,750W,,80+ Titanium,"Yarı modüler PSU, 80+ Titanium",7.8,5618,3,Yok,,,,,,,Vatan
Toplama Bilgisayar,Monitör,AOC,Optix 34 inç 1920x1080 75Hz,2650,Giriş,Video Edit,,,35,,HDMI-DP,"VA panel, 75Hz",7.7,709,2,Yok,34 inç,1920x1080,75Hz,,,,Epey
Toplama Bilgisayar,Mouse,Redragon,G102 36000DPI,400,Giriş,Yazılım,,,,,USB,"36000 DPI sensör, 63g",6.7,2183,2,Yok,,,,,,,Vatan
Toplama Bilgisayar,Kasa,Phanteks,Lancool Black,1900,Giriş,Ofis,,,,,E-ATX,"Full Tower, mesh/airflow odaklı kasa",8.1,705,2,Yok,Full Tower,,,,,,İncehesap
Toplama Bilgisayar,Monitör,HP,TUF Gaming 31.5 inç 3840x2160 240Hz,50500,Amiral,Yazılım,,,50,,HDMI-DP,"VA panel, 240Hz",8.9,1008,2,Yok,31.5 inç,3840x2160,240Hz,,,,İtopya
Toplama Bilgisayar,Ekran Kartı,Palit,RTX 5080 JetStream 16GB,93250,Amiral,Video Edit,,GDDR6X,360,16GB,PCIe,2026 4K üst seviye,9.7,1944,3,Var,,,,16GB,,,Sinerji
Toplama Bilgisayar,Kasa,Cooler Master,4000D Airflow Mesh,4000,Orta,Günlük Kullanım,,,,,Micro ATX,"Full Tower, mesh/airflow odaklı kasa",8.4,2249,2,Var,Full Tower,,,,,,GamingGenTR
Toplama Bilgisayar,Mouse,Cooler Master,FK2 Wireless 8000DPI,2250,Üst,Ofis,,,,,USB,"8000 DPI sensör, 75g",8.7,5454,2,Yok,,,,,,,Akakçe
Toplama Bilgisayar,Mouse,MSI,Viper 8000DPI,5100,Amiral,Oyun,,,,,Bluetooth,"8000 DPI sensör, 90g",9.7,1149,2,Yok,,,,,,,Vatan
Toplama Bilgisayar,Kasa,NZXT,O11 Dynamic White,2500,Orta,Yazılım,,,,,E-ATX,"Mid Tower, mesh/airflow odaklı kasa",8.7,2043,2,Var,Mid Tower,,,,,,Epey
Toplama Bilgisayar,Kasa,ASUS,Lancool Mesh,2650,Orta,Ofis,,,,,ATX,"Full Tower, mesh/airflow odaklı kasa",8.0,7151,2,Yok,Full Tower,,,,,,Vatan
Toplama Bilgisayar,Kasa,NZXT,Eclipse Mesh,4350,Orta,Ofis,,,,,E-ATX,"Mid Tower, mesh/airflow odaklı kasa",8.2,6207,2,Var,Mid Tower,,,,,,Vatan
Toplama Bilgisayar,Soğutucu,Corsair,LT720,10850,Amiral,Oyun,,,,,AM4-AM5-LGA1700,360mm sıvı soğutma,9.1,4435,5,Yok,360mm,,,,,,Vatan
Toplama Bilgisayar,Kasa,MSI,Lancool Black,4850,Üst,Oyun,,,,,E-ATX,"Mid Tower, mesh/airflow odaklı kasa",9.4,11531,2,Yok,Mid Tower,,,,,,İncehesap
Toplama Bilgisayar,Klavye,Akko,Apex Optik switch 60%,500,Giriş,Oyun,,,,,Bluetooth,Optik switch klavye,6.4,991,2,Var,60%,,,,,,GamingGenTR
Toplama Bilgisayar,Anakart,NZXT,Steel Legend A620 WiFi DDR5,2750,Giriş,Günlük Kullanım,AM5,DDR5,,,AM5-DDR5,"ATX, A620 yonga seti, DDR5 bellek desteği",6.6,1717,3,Yok,ATX,,,,,,Akakçe
Toplama Bilgisayar,Güç Kaynağı,SilverStone,Toughpower 1600W 80+ Gold,15600,Amiral,Oyun,,,1600W,,80+ Gold,"Modüler PSU, 80+ Gold",9.0,4115,3,Yok,,,,,,,İtopya
Toplama Bilgisayar,Mouse,Corsair,ROG Keris 30000DPI,3450,Üst,Günlük Kullanım,,,,,Bluetooth,"30000 DPI sensör, 90g",8.4,3883,2,Yok,,,,,,,İtopya
Toplama Bilgisayar,Güç Kaynağı,DeepCool,Core Reactor 450W 80+ Bronze,2250,Giriş,Ofis,,,450W,,80+ Bronze,"Yarı modüler PSU, 80+ Bronze",6.8,3023,7,Yok,,,,,,,Epey
Toplama Bilgisayar,Kasa,GamePower,Lancool,5800,Üst,Tasarım,,,,,E-ATX,"Mid Tower, mesh/airflow odaklı kasa",9.2,407,2,Yok,Mid Tower,,,,,,Vatan
Toplama Bilgisayar,Mouse,Razer,M711 Mini 30000DPI,500,Giriş,Oyun,,,,,Kablosuz,"30000 DPI sensör, 90g",7.7,2922,2,Var,,,,,,,Sinerji
Toplama Bilgisayar,Kasa,Fractal Design,Aquarius Black,6100,Üst,Yazılım,,,,,Micro ATX,"Mini Tower, mesh/airflow odaklı kasa",8.2,11841,2,Var,Mini Tower,,,,,,İncehesap
Toplama Bilgisayar,Kasa,GamePower,Eclipse,7900,Amiral,Video Edit,,,,,Micro ATX,"Full Tower, mesh/airflow odaklı kasa",9.8,3730,2,Yok,Full Tower,,,,,,Vatan
Toplama Bilgisayar,Monitör,AOC,Nitro 24.5 inç 1920x1080 180Hz,5400,Orta,Oyun,,,35,,HDMI-DP,"VA panel, 180Hz",7.6,7538,3,Yok,24.5 inç,1920x1080,180Hz,,,,Akakçe
Toplama Bilgisayar,Anakart,ASRock,Prime X870 AX DDR5,13700,Amiral,Tasarım,AM5,DDR5,,,AM5-DDR5,"Mini ITX, X870 yonga seti, DDR5 bellek desteği",9.4,6020,3,Yok,Mini ITX,,,,,,Akakçe
Toplama Bilgisayar,Klavye,Akko,Apex Wireless Low Profile 75%,1850,Orta,Ofis,,,,,Kablosuz,Low Profile klavye,7.6,758,2,Yok,75%,,,,,,GamingGenTR
Toplama Bilgisayar,Mouse,Lamzu,ROG Keris Wireless 16000DPI,2550,Üst,Oyun,,,,,USB,"16000 DPI sensör, 49g",9.1,9701,2,Yok,,,,,,,GamingGenTR
Toplama Bilgisayar,Mouse,Razer,G102 Pro 36000DPI,400,Giriş,Günlük Kullanım,,,,,Bluetooth,"36000 DPI sensör, 63g",7.0,2934,2,Yok,,,,,,,Vatan
Toplama Bilgisayar,Mouse,Cooler Master,G305 Wireless 30000DPI,350,Giriş,Ofis,,,,,Kablosuz,"30000 DPI sensör, 59g",6.9,2769,2,Var,,,,,,,Epey
Toplama Bilgisayar,Klavye,Razer,RK61 Wireless Optik switch 75%,5800,Amiral,Günlük Kullanım,,,,,Bluetooth,Optik switch klavye,9.0,3294,2,Var,75%,,,,,,Epey
Toplama Bilgisayar,Anakart,MSI,PRO B760 DDR5,4950,Orta,Oyun,LGA1700,DDR5,,,LGA1700-DDR5,"Micro ATX, B760 yonga seti, DDR5 bellek desteği",8.5,1644,3,Yok,Micro ATX,,,,,,GamingGenTR
Toplama Bilgisayar,Klavye,Keychron,K380 Pro Optik switch TKL,2400,Orta,Yazılım,,,,,Bluetooth,Optik switch klavye,8.6,7055,2,Var,TKL,,,,,,İncehesap
Toplama Bilgisayar,Klavye,HyperX,ROG Strix Scope Wireless Optik switch 75%,1650,Orta,Oyun,,,,,Kablosuz,Optik switch klavye,8.4,3452,2,Var,75%,,,,,,İncehesap
Toplama Bilgisayar,Anakart,MSI,Gaming X B760 WiFi DDR4,5950,Orta,Yazılım,LGA1700,DDR4,,,LGA1700-DDR4,"Mini ITX, B760 yonga seti, DDR4 bellek desteği",7.9,6062,3,Yok,Mini ITX,,,,,,Akakçe
Toplama Bilgisayar,Kasa,DeepCool,North White,7800,Üst,Video Edit,,,,,ATX,"Full Tower, mesh/airflow odaklı kasa",8.6,8583,2,Var,Full Tower,,,,,,Sinerji
Toplama Bilgisayar,Mouse,HyperX,Rival Wireless 8000DPI,1000,Orta,Yazılım,,,,,Bluetooth,"8000 DPI sensör, 63g",8.0,6193,2,Var,,,,,,,Akakçe
Toplama Bilgisayar,HDD,Seagate,Purple 12TB 7200RPM,14000,Üst,Günlük Kullanım,,,7,12TB,SATA,3.5 inç mekanik disk,8.8,1453,3,Yok,,,,,,,Sinerji
Toplama Bilgisayar,Ekran Kartı,Sapphire,GTX 1650 TUF 4GB,6950,Giriş,Oyun,,GDDR6,75,4GB,PCIe,1080p giriş oyun,7.7,1032,3,Var,,,,4GB,,,Epey
Toplama Bilgisayar,Kasa,Cooler Master,H5 Flow Black,6000,Üst,Video Edit,,,,,E-ATX,"Full Tower, mesh/airflow odaklı kasa",8.4,11796,2,Yok,Full Tower,,,,,,Sinerji
Toplama Bilgisayar,Klavye,HyperX,K70 Pro Optik switch Tam boy,2100,Orta,Oyun,,,,,Kablosuz,Optik switch klavye,8.6,2082,2,Yok,Tam boy,,,,,,GamingGenTR
Toplama Bilgisayar,Anakart,Gigabyte,Prime B760 WiFi DDR5,4650,Orta,Oyun,LGA1700,DDR5,,,LGA1700-DDR5,"ATX, B760 yonga seti, DDR5 bellek desteği",8.7,4698,3,Var,ATX,,,,,,GamingGenTR
Toplama Bilgisayar,Kasa,Corsair,View 270 Black,6700,Üst,Yayıncılık,,,,,ATX,"Mid Tower, mesh/airflow odaklı kasa",9.4,10734,2,Yok,Mid Tower,,,,,,İncehesap
Toplama Bilgisayar,Mouse,Lamzu,M711 12000DPI,1100,Orta,Oyun,,,,,USB,"12000 DPI sensör, 75g",8.3,6420,2,Yok,,,,,,,İtopya
Toplama Bilgisayar,Kasa,Cooler Master,O11 Dynamic White,7400,Üst,Oyun,,,,,Micro ATX,"Mid Tower, mesh/airflow odaklı kasa",9.1,2346,2,Yok,Mid Tower,,,,,,Sinerji
Toplama Bilgisayar,Klavye,SteelSeries,GMMK RGB Membran TKL,550,Giriş,Yazılım,,,,,Kablosuz,Membran klavye,7.4,329,2,Var,TKL,,,,,,Sinerji
Toplama Bilgisayar,Klavye,Cooler Master,CK Pro Membran Tam boy,750,Giriş,Ofis,,,,,Bluetooth,Membran klavye,8.1,430,2,Var,Tam boy,,,,,,İncehesap
Toplama Bilgisayar,Kasa,GamePower,TUF GT Mesh,3400,Orta,Yazılım,,,,,Micro ATX,"Full Tower, mesh/airflow odaklı kasa",8.2,4187,2,Yok,Full Tower,,,,,,Akakçe
Toplama Bilgisayar,Anakart,Gigabyte,Phantom Gaming X670 AX DDR5,11250,Üst,Yayıncılık,AM5,DDR5,,,AM5-DDR5,"ATX, X670 yonga seti, DDR5 bellek desteği",8.1,2016,3,Yok,ATX,,,,,,İtopya
Toplama Bilgisayar,Ekran Kartı,Gainward,RTX 4070 Twin Edge 12GB,36850,Üst,Yayıncılık,,GDDR6,200,12GB,PCIe,1440p oyun,9.3,3293,3,Yok,,,,12GB,,,GamingGenTR
Toplama Bilgisayar,Güç Kaynağı,SilverStone,Straight Power 1000W 80+ Platinum,6250,Üst,Tasarım,,,1000W,,80+ Platinum,"Modüler PSU, 80+ Platinum",9.3,8833,5,Yok,,,,,,,Akakçe
Toplama Bilgisayar,Anakart,ASRock,Prime B650E DDR5,12650,Üst,Tasarım,AM5,DDR5,,,AM5-DDR5,"Mini ITX, B650E yonga seti, DDR5 bellek desteği",8.2,7010,3,Yok,Mini ITX,,,,,,İncehesap
Toplama Bilgisayar,Mouse,Cooler Master,DeathAdder Mini 16000DPI,550,Giriş,Yazılım,,,,,USB,"16000 DPI sensör, 90g",8.1,2122,2,Var,,,,,,,GamingGenTR
Toplama Bilgisayar,Mouse,SteelSeries,Model O Mini 16000DPI,350,Giriş,Günlük Kullanım,,,,,USB,"16000 DPI sensör, 59g",7.4,2181,2,Var,,,,,,,İtopya
Toplama Bilgisayar,Klavye,GamePower,BlackWidow Wireless Membran 75%,5450,Amiral,Yazılım,,,,,Bluetooth,Membran klavye,9.0,6336,2,Yok,75%,,,,,,GamingGenTR
Toplama Bilgisayar,Klavye,Glorious,Vigor GK RGB Membran 60%,1400,Orta,Günlük Kullanım,,,,,Bluetooth,Membran klavye,8.2,4707,2,Var,60%,,,,,,İtopya
Toplama Bilgisayar,Kasa,Cooler Master,TUF GT RGB,6600,Üst,Oyun,,,,,E-ATX,"Mid Tower, mesh/airflow odaklı kasa",8.6,6228,2,Var,Mid Tower,,,,,,İtopya
Toplama Bilgisayar,Mouse,SteelSeries,M711 Pro 16000DPI,5850,Amiral,Günlük Kullanım,,,,,Bluetooth,"16000 DPI sensör, 63g",9.5,5343,2,Yok,,,,,,,Sinerji
Toplama Bilgisayar,Monitör,AOC,Nitro 24.5 inç 1920x1080 144Hz,4750,Orta,Oyun,,,25,,HDMI-DP,"IPS panel, 144Hz",8.2,5177,3,Yok,24.5 inç,1920x1080,144Hz,,,,GamingGenTR
Toplama Bilgisayar,Klavye,Cooler Master,RK61 Mekanik Tam boy,750,Giriş,Ofis,,,,,Kablosuz,Mekanik klavye,7.0,2062,2,Yok,Tam boy,,,,,,Akakçe
Toplama Bilgisayar,RAM,Lexar,T-Force Delta 8GB 1x8GB DDR5 7200MHz,1600,Giriş,Ofis,,DDR5,,8GB,DDR5,7200MHz bellek kiti,7.8,1960,2,Var,,,,,,,İtopya
Toplama Bilgisayar,SSD,SanDisk,CS2241 2TB NVMe,5600,Üst,Yazılım,,,4,2TB,M2 NVMe,PCIe 4.0 NVMe SSD,8.2,1805,3,Yok,,,,,5382 MB/s,4110 MB/s,GamingGenTR
Toplama Bilgisayar,Kasa,ASUS,MAG Forge RGB,1950,Giriş,Ofis,,,,,E-ATX,"Full Tower, mesh/airflow odaklı kasa",7.7,458,2,Var,Full Tower,,,,,,Akakçe
Toplama Bilgisayar,Monitör,ViewSonic,Mobiuz 34 inç 1920x1080 144Hz,4800,Orta,Video Edit,,,50,,HDMI-DP,"VA panel, 144Hz",7.7,4686,2,Yok,34 inç,1920x1080,144Hz,,,,Sinerji
Toplama Bilgisayar,Mouse,Darmoshark,G Pro X Superlight 16000DPI,2800,Üst,Günlük Kullanım,,,,,Kablosuz,"16000 DPI sensör, 59g",8.8,3913,2,Yok,,,,,,,GamingGenTR
Toplama Bilgisayar,Klavye,Akko,K2 Wireless Mekanik 60%,2000,Orta,Yazılım,,,,,USB,Mekanik klavye,7.8,1260,2,Yok,60%,,,,,,Vatan
Toplama Bilgisayar,Monitör,HP,Odyssey 32 inç 1920x1080 75Hz,3150,Giriş,Tasarım,,,35,,HDMI-DP,"VA panel, 75Hz",8.0,1044,2,Yok,32 inç,1920x1080,75Hz,,,,Epey
Toplama Bilgisayar,Anakart,ASRock,Tomahawk B650E MAX DDR5,13700,Üst,Yazılım,AM5,DDR5,,,AM5-DDR5,"ATX, B650E yonga seti, DDR5 bellek desteği",9.2,6552,3,Yok,ATX,,,,,,İncehesap
Toplama Bilgisayar,Ekran Kartı,XFX,GTX 1650 Pulse 4GB,7250,Giriş,Video Edit,,GDDR6,75,4GB,PCIe,1080p giriş oyun,7.9,3155,3,Var,,,,4GB,,,Vatan
Toplama Bilgisayar,SSD,SanDisk,Legend 960 4TB NVMe,7800,Amiral,Oyun,,,3,4TB,M2 NVMe,PCIe 3.0 NVMe SSD,9.1,4364,5,Yok,,,,,3254 MB/s,2961 MB/s,Akakçe
Toplama Bilgisayar,Monitör,ViewSonic,Alienware 24.5 inç 2560x1440 180Hz,9950,Üst,Ofis,,,25,,HDMI-DP,"IPS panel, 180Hz",8.9,2716,2,Yok,24.5 inç,2560x1440,180Hz,,,,Akakçe
Toplama Bilgisayar,İşlemci,AMD,Ryzen 5 5600 Tray,4350,Orta,Günlük Kullanım,AM4,DDR4,65,,AM4-DDR4,6 çekirdek 12 thread,7.8,1134,3,Yok,,,,,,,Epey
Toplama Bilgisayar,Mouse,Cooler Master,Pulsefire 12000DPI,600,Giriş,Yazılım,,,,,USB,"12000 DPI sensör, 90g",8.0,1300,2,Yok,,,,,,,İtopya
Toplama Bilgisayar,Mouse,Corsair,Viper Pro 36000DPI,3900,Üst,Günlük Kullanım,,,,,USB,"36000 DPI sensör, 63g",8.9,6069,2,Yok,,,,,,,GamingGenTR
Toplama Bilgisayar,Mouse,Logitech,Clutch GM Pro 12000DPI,2400,Üst,Yazılım,,,,,Kablosuz,"12000 DPI sensör, 75g",8.3,6423,2,Var,,,,,,,GamingGenTR
Toplama Bilgisayar,Mouse,Logitech,Viper Wireless 8000DPI,1000,Orta,Oyun,,,,,Bluetooth,"8000 DPI sensör, 75g",8.2,2468,2,Yok,,,,,,,Vatan
Toplama Bilgisayar,Soğutucu,MSI,ML240L V2,6500,Üst,Yayıncılık,,,,,AM4-AM5-LGA1700,240mm sıvı soğutma,8.2,6146,6,Yok,240mm,,,,,,Akakçe
Toplama Bilgisayar,Kasa,DarkFlash,4000D Airflow Mesh,2600,Orta,Ofis,,,,,ATX,"Mini Tower, mesh/airflow odaklı kasa",7.7,861,2,Yok,Mini Tower,,,,,,İncehesap
Toplama Bilgisayar,Mouse,Corsair,MM712 Pro 36000DPI,1650,Orta,Oyun,,,,,Kablosuz,"36000 DPI sensör, 75g",7.5,2106,2,Yok,,,,,,,İncehesap
Toplama Bilgisayar,Anakart,MSI,Tomahawk Z790 AX DDR5,12550,Üst,Video Edit,LGA1700,DDR5,,,LGA1700-DDR5,"Micro ATX, Z790 yonga seti, DDR5 bellek desteği",8.6,4750,3,Yok,Micro ATX,,,,,,Sinerji
Toplama Bilgisayar,Klavye,Glorious,CK RGB Mekanik TKL,2050,Orta,Yazılım,,,,,Kablosuz,Mekanik klavye,7.4,2857,2,Var,TKL,,,,,,İncehesap
Toplama Bilgisayar,SSD,TeamGroup,990 EVO 500GB NVMe,1950,Giriş,Yazılım,,,3,500GB,M2 NVMe,PCIe 5.0 NVMe SSD,6.8,1694,3,Yok,,,,,12335 MB/s,9017 MB/s,GamingGenTR
Toplama Bilgisayar,Monitör,LG,Legion 24.5 inç 2560x1440 180Hz,8850,Üst,Video Edit,,,50,,HDMI-DP,"VA panel, 180Hz",8.3,2635,3,Yok,24.5 inç,2560x1440,180Hz,,,,Epey
Toplama Bilgisayar,Anakart,NZXT,Creator B760 AX DDR4,5800,Orta,Ofis,LGA1700,DDR4,,,LGA1700-DDR4,"Micro ATX, B760 yonga seti, DDR4 bellek desteği",8.2,2973,3,Var,Micro ATX,,,,,,İncehesap
Toplama Bilgisayar,Anakart,Biostar,Phantom Gaming X570 AX DDR4,12850,Üst,Yazılım,AM4,DDR4,,,AM4-DDR4,"Micro ATX, X570 yonga seti, DDR4 bellek desteği",8.5,7743,3,Var,Micro ATX,,,,,,Epey
Toplama Bilgisayar,Monitör,Samsung,Mobiuz 32 inç 1920x1080 75Hz,2550,Giriş,Yazılım,,,35,,HDMI-DP,"IPS panel, 75Hz",8.0,1360,2,Yok,32 inç,1920x1080,75Hz,,,,Vatan
Toplama Bilgisayar,RAM,Kingston,Ares 8GB 1x8GB DDR5 5600MHz,1050,Giriş,Ofis,,DDR5,,8GB,DDR5,5600MHz bellek kiti,6.7,1974,2,Var,,,,,,,GamingGenTR
Toplama Bilgisayar,Mouse,Logitech,G102 Wireless 26000DPI,1650,Orta,Günlük Kullanım,,,,,Bluetooth,"26000 DPI sensör, 90g",7.9,8282,2,Yok,,,,,,,Epey
Toplama Bilgisayar,Mouse,Redragon,G Pro X Superlight Pro 8000DPI,4200,Amiral,Günlük Kullanım,,,,,Kablosuz,"8000 DPI sensör, 90g",9.8,1959,2,Yok,,,,,,,İncehesap
Toplama Bilgisayar,Kasa,DeepCool,MAG Forge,5900,Üst,Yayıncılık,,,,,ATX,"Mini Tower, mesh/airflow odaklı kasa",9.0,11497,2,Var,Mini Tower,,,,,,Vatan
Toplama Bilgisayar,Mouse,HyperX,MM712 Pro 12000DPI,3450,Üst,Günlük Kullanım,,,,,Kablosuz,"12000 DPI sensör, 59g",8.3,1424,2,Yok,,,,,,,GamingGenTR
Toplama Bilgisayar,Kasa,Thermaltake,Aquarius Black,3000,Orta,Oyun,,,,,E-ATX,"Full Tower, mesh/airflow odaklı kasa",8.5,7481,2,Var,Full Tower,,,,,,GamingGenTR
Toplama Bilgisayar,Mouse,Corsair,Viper 30000DPI,3650,Üst,Ofis,,,,,USB,"30000 DPI sensör, 49g",8.8,3501,2,Var,,,,,,,GamingGenTR
Toplama Bilgisayar,RAM,Crucial,XPG Lancer 64GB 2x32GB DDR4 3200MHz,6750,Amiral,Yayıncılık,,DDR4,,64GB,DDR4,3200MHz bellek kiti,9.6,5808,5,Var,,,,,,,GamingGenTR
Toplama Bilgisayar,Soğutucu,Thermalright,Peerless Assassin,4050,Üst,Yayıncılık,,,,,AM4-AM5-LGA1700,Hava soğutma,8.9,8734,3,Var,,,,,,,Epey
Toplama Bilgisayar,SSD,Corsair,990 EVO 1TB NVMe,2900,Orta,Ofis,,,3,1TB,M2 NVMe,PCIe 4.0 NVMe SSD,8.7,8496,5,Yok,,,,,5872 MB/s,3996 MB/s,Sinerji
Toplama Bilgisayar,Mouse,MSI,M711 16000DPI,1350,Orta,Oyun,,,,,Kablosuz,"16000 DPI sensör, 63g",7.9,7845,2,Var,,,,,,,Epey
Toplama Bilgisayar,Klavye,SteelSeries,Ogre Wireless Mekanik Tam boy,500,Giriş,Günlük Kullanım,,,,,Bluetooth,Mekanik klavye,7.8,1019,2,Var,Tam boy,,,,,,Vatan
Toplama Bilgisayar,Ekran Kartı,PNY,RTX 3050 Eagle OC 8GB,9100,Giriş,Günlük Kullanım,,GDDR6,130,8GB,PCIe,DLSS destekli giriş seviye,6.7,888,3,Yok,,,,8GB,,,İtopya
Toplama Bilgisayar,Klavye,Akko,GMMK RGB Optik switch 75%,1850,Orta,Ofis,,,,,USB,Optik switch klavye,7.9,4516,2,Var,75%,,,,,,GamingGenTR
Toplama Bilgisayar,Mouse,ASUS,Pulsefire Pro 12000DPI,1700,Orta,Ofis,,,,,Kablosuz,"12000 DPI sensör, 75g",7.4,6745,2,Yok,,,,,,,Sinerji
Toplama Bilgisayar,Kasa,Corsair,O11 Dynamic White,1850,Giriş,Oyun,,,,,ATX,"Mini Tower, mesh/airflow odaklı kasa",7.6,1039,2,Var,Mini Tower,,,,,,Vatan
Toplama Bilgisayar,Kasa,Phanteks,Warcry White,3000,Orta,Günlük Kullanım,,,,,Micro ATX,"Mini Tower, mesh/airflow odaklı kasa",8.7,1943,2,Yok,Mini Tower,,,,,,GamingGenTR
Toplama Bilgisayar,Monitör,Philips,Aorus 34 inç 1920x1080 180Hz,7250,Orta,Tasarım,,,25,,HDMI-DP,"IPS panel, 180Hz",7.8,1226,2,Yok,34 inç,1920x1080,180Hz,,,,İncehesap
Toplama Bilgisayar,Mouse,Lamzu,G Pro X Superlight Mini 26000DPI,1600,Orta,Günlük Kullanım,,,,,Bluetooth,"26000 DPI sensör, 75g",7.5,4678,2,Var,,,,,,,Epey
Toplama Bilgisayar,Klavye,SteelSeries,GMMK Wireless Mekanik 60%,750,Giriş,Oyun,,,,,Bluetooth,Mekanik klavye,6.5,2082,2,Var,60%,,,,,,GamingGenTR
Toplama Bilgisayar,Klavye,HyperX,K380 Mekanik TKL,2200,Orta,Günlük Kullanım,,,,,Kablosuz,Mekanik klavye,7.7,5337,2,Yok,TKL,,,,,,Vatan
Toplama Bilgisayar,Anakart,Gigabyte,Prime B760 WiFi DDR4,5200,Orta,Günlük Kullanım,LGA1700,DDR4,,,LGA1700-DDR4,"ATX, B760 yonga seti, DDR4 bellek desteği",8.6,282,3,Yok,ATX,,,,,,İncehesap
Toplama Bilgisayar,Soğutucu,ASUS,Assassin X,2150,Orta,Yazılım,,,,,AM4-AM5-LGA1700,Hava soğutma,7.2,3555,2,Yok,,,,,,,Epey
Toplama Bilgisayar,Kasa,Corsair,MAG Forge,4250,Orta,Günlük Kullanım,,,,,E-ATX,"Mid Tower, mesh/airflow odaklı kasa",8.3,6574,2,Var,Mid Tower,,,,,,İtopya
Toplama Bilgisayar,Anakart,Colorful,Taichi B760 WiFi DDR5,7150,Orta,Oyun,LGA1700,DDR5,,,LGA1700-DDR5,"Mini ITX, B760 yonga seti, DDR5 bellek desteği",8.6,1868,3,Yok,Mini ITX,,,,,,GamingGenTR
Toplama Bilgisayar,SSD,PNY,SN850X 1TB NVMe,3950,Orta,Günlük Kullanım,,,5,1TB,M2 NVMe,PCIe 5.0 NVMe SSD,7.6,4571,5,Yok,,,,,12155 MB/s,10779 MB/s,Epey
Toplama Bilgisayar,Klavye,Akko,Apex Pro Low Profile Tam boy,1400,Orta,Ofis,,,,,USB,Low Profile klavye,7.7,8494,2,Yok,Tam boy,,,,,,Epey
Toplama Bilgisayar,Mouse,SteelSeries,ROG Keris Pro 12000DPI,1250,Orta,Yazılım,,,,,Bluetooth,"12000 DPI sensör, 90g",8.4,6803,2,Var,,,,,,,Sinerji
Toplama Bilgisayar,Klavye,ASUS,RK61 RGB Low Profile 75%,1950,Orta,Ofis,,,,,Kablosuz,Low Profile klavye,8.4,4988,2,Var,75%,,,,,,Sinerji
Toplama Bilgisayar,Güç Kaynağı,High Power,C Series 1000W 80+ Platinum,8750,Üst,Oyun,,,1000W,,80+ Platinum,"Modüler PSU, 80+ Platinum",8.7,8411,5,Yok,,,,,,,İncehesap
Toplama Bilgisayar,Kasa,Corsair,Eclipse Black,4250,Üst,Tasarım,,,,,E-ATX,"Full Tower, mesh/airflow odaklı kasa",9.0,4657,2,Var,Full Tower,,,,,,İncehesap
Toplama Bilgisayar,RAM,G.Skill,Vengeance 8GB 1x8GB DDR4 4000MHz,1050,Giriş,Günlük Kullanım,,DDR4,,8GB,DDR4,4000MHz bellek kiti,7.1,1308,3,Var,,,,,,,Sinerji
Toplama Bilgisayar,Ekran Kartı,MSI,RTX 5080 Merc 16GB,121350,Amiral,Yapay Zeka,,GDDR6X,360,16GB,PCIe,2026 4K üst seviye,9.7,2057,3,Yok,,,,16GB,,,Epey
Toplama Bilgisayar,Kasa,Thermaltake,Lancool Black,5050,Üst,Yazılım,,,,,ATX,"Mini Tower, mesh/airflow odaklı kasa",8.4,2758,2,Yok,Mini Tower,,,,,,İtopya
Toplama Bilgisayar,Klavye,Logitech,MOD007 Low Profile TKL,850,Giriş,Oyun,,,,,USB,Low Profile klavye,6.6,1811,2,Var,TKL,,,,,,İtopya
Toplama Bilgisayar,Anakart,Biostar,Steel Legend A620 MAX DDR5,3750,Giriş,Ofis,AM5,DDR5,,,AM5-DDR5,"ATX, A620 yonga seti, DDR5 bellek desteği",7.9,1851,3,Var,ATX,,,,,,İtopya
Toplama Bilgisayar,Ekran Kartı,PNY,RX 7700 XT Twin Edge 12GB,25550,Üst,Yayıncılık,,GDDR6,245,12GB,PCIe,1440p oyun,8.6,1325,3,Var,,,,12GB,,,GamingGenTR
Toplama Bilgisayar,Mouse,Corsair,G305 Pro 12000DPI,1700,Orta,Ofis,,,,,USB,"12000 DPI sensör, 59g",7.6,6537,2,Var,,,,,,,İncehesap
Toplama Bilgisayar,Kasa,DarkFlash,CH370 Black,4250,Üst,Yayıncılık,,,,,Micro ATX,"Mini Tower, mesh/airflow odaklı kasa",8.9,5017,2,Var,Mini Tower,,,,,,GamingGenTR
Toplama Bilgisayar,Monitör,Samsung,Alienware 31.5 inç 1920x1080 144Hz,5000,Orta,Yazılım,,,35,,HDMI-DP,"VA panel, 144Hz",7.5,1311,3,Yok,31.5 inç,1920x1080,144Hz,,,,Vatan
Toplama Bilgisayar,Anakart,Gigabyte,TUF Gaming B760 AX DDR5,6000,Orta,Ofis,LGA1700,DDR5,,,LGA1700-DDR5,"Mini ITX, B760 yonga seti, DDR5 bellek desteği",7.6,3223,3,Var,Mini ITX,,,,,,Akakçe
Toplama Bilgisayar,Monitör,AOC,Mobiuz 27 inç 3840x2160 144Hz,28700,Amiral,Oyun,,,25,,HDMI-DP,"VA panel, 144Hz",9.1,5245,3,Yok,27 inç,3840x2160,144Hz,,,,Vatan
Toplama Bilgisayar,Klavye,GamePower,MOD007 Wireless Optik switch Tam boy,700,Giriş,Yazılım,,,,,Kablosuz,Optik switch klavye,7.7,110,2,Var,Tam boy,,,,,,Sinerji
Toplama Bilgisayar,Kasa,Xigmatek,MAG Forge White,7050,Üst,Yayıncılık,,,,,ATX,"Full Tower, mesh/airflow odaklı kasa",9.1,10112,2,Yok,Full Tower,,,,,,İtopya
Toplama Bilgisayar,Ekran Kartı,Gigabyte,RX 7600 Eagle OC 8GB,13950,Orta,Oyun,,GDDR6,165,8GB,PCIe,1080p oyun,7.5,8283,3,Yok,,,,8GB,,,İncehesap
Toplama Bilgisayar,Kasa,Lian Li,Warcry Black,2650,Orta,Günlük Kullanım,,,,,E-ATX,"Mid Tower, mesh/airflow odaklı kasa",7.9,4726,2,Var,Mid Tower,,,,,,Epey
Toplama Bilgisayar,Mouse,Redragon,Pulsefire 8000DPI,500,Giriş,Ofis,,,,,Kablosuz,"8000 DPI sensör, 49g",7.5,1575,2,Var,,,,,,,İtopya
Toplama Bilgisayar,Mouse,ASUS,Clutch GM Mini 8000DPI,400,Giriş,Ofis,,,,,USB,"8000 DPI sensör, 63g",6.8,2744,2,Yok,,,,,,,Sinerji
Toplama Bilgisayar,Mouse,Pulsar,Viper Mini 36000DPI,3100,Üst,Ofis,,,,,Kablosuz,"36000 DPI sensör, 90g",9.0,5300,2,Yok,,,,,,,İtopya
Toplama Bilgisayar,Mouse,Lamzu,Clutch GM Wireless 16000DPI,2950,Üst,Ofis,,,,,Bluetooth,"16000 DPI sensör, 75g",8.4,5735,2,Var,,,,,,,Sinerji
Toplama Bilgisayar,Güç Kaynağı,Corsair,Hydro K Pro 550W 80+ Bronze,1800,Giriş,Ofis,,,550W,,80+ Bronze,"Sabit kablo PSU, 80+ Bronze",6.7,294,3,Yok,,,,,,,Akakçe
Toplama Bilgisayar,Ekran Kartı,PowerColor,RTX 4070 Ti Super Hellhound 16GB,59700,Üst,Yapay Zeka,,GDDR6X,285,16GB,PCIe,1440p/4K güçlü performans,8.2,8343,3,Yok,,,,16GB,,,Epey
Toplama Bilgisayar,Güç Kaynağı,Cooler Master,MAG 650W 80+ Bronze,3000,Orta,Oyun,,,650W,,80+ Bronze,"Sabit kablo PSU, 80+ Bronze",8.3,3104,10,Yok,,,,,,,GamingGenTR
Toplama Bilgisayar,Klavye,Cooler Master,K70 Wireless Membran 60%,600,Giriş,Yazılım,,,,,USB,Membran klavye,6.8,2974,2,Yok,60%,,,,,,GamingGenTR
Toplama Bilgisayar,Mouse,Lamzu,Rival Pro 8000DPI,6000,Amiral,Yazılım,,,,,USB,"8000 DPI sensör, 49g",9.3,3466,2,Yok,,,,,,,Epey
Toplama Bilgisayar,Mouse,Logitech,Harpoon 8000DPI,450,Giriş,Oyun,,,,,Bluetooth,"8000 DPI sensör, 90g",7.9,2752,2,Var,,,,,,,İncehesap
Toplama Bilgisayar,Kasa,ASUS,CH370 White,14450,Amiral,Yayıncılık,,,,,E-ATX,"Mid Tower, mesh/airflow odaklı kasa",9.5,2549,2,Yok,Mid Tower,,,,,,GamingGenTR
Toplama Bilgisayar,Anakart,MSI,Creator B650E MAX DDR5,9050,Üst,Tasarım,AM5,DDR5,,,AM5-DDR5,"ATX, B650E yonga seti, DDR5 bellek desteği",9.2,3009,3,Var,ATX,,,,,,Vatan
Toplama Bilgisayar,Soğutucu,Thermalright,MAG CoreLiquid 360,13250,Amiral,Yayıncılık,,,,,AM4-AM5-LGA1700,360mm sıvı soğutma,8.8,2693,2,Yok,360mm,,,,,,Sinerji
Toplama Bilgisayar,Anakart,Gigabyte,Creator B760 DDR5,6600,Orta,Yazılım,LGA1700,DDR5,,,LGA1700-DDR5,"Mini ITX, B760 yonga seti, DDR5 bellek desteği",8.2,1492,3,Yok,Mini ITX,,,,,,İncehesap
Toplama Bilgisayar,Mouse,Cooler Master,Atlantis 12000DPI,1450,Orta,Günlük Kullanım,,,,,Bluetooth,"12000 DPI sensör, 90g",8.5,5732,2,Yok,,,,,,,Epey
Toplama Bilgisayar,Kasa,Cooler Master,TD500 Black,1750,Giriş,Oyun,,,,,E-ATX,"Full Tower, mesh/airflow odaklı kasa",7.9,2564,2,Yok,Full Tower,,,,,,Epey
Toplama Bilgisayar,Mouse,Razer,ROG Keris Mini 16000DPI,1000,Orta,Yazılım,,,,,USB,"16000 DPI sensör, 75g",8.0,8123,2,Var,,,,,,,İncehesap
Toplama Bilgisayar,Kasa,Lian Li,Eclipse Mesh,2750,Orta,Oyun,,,,,E-ATX,"Mini Tower, mesh/airflow odaklı kasa",8.4,4660,2,Yok,Mini Tower,,,,,,İtopya
Toplama Bilgisayar,RAM,ADATA,Ballistix 64GB 2x32GB DDR5 5600MHz,8450,Amiral,Tasarım,,DDR5,,64GB,DDR5,5600MHz bellek kiti,9.3,3808,3,Yok,,,,,,,Epey
Toplama Bilgisayar,Kasa,ASUS,MAG Forge White,10800,Amiral,Tasarım,,,,,ATX,"Mid Tower, mesh/airflow odaklı kasa",9.7,2967,2,Yok,Mid Tower,,,,,,İncehesap
Toplama Bilgisayar,Anakart,Biostar,Prime B650 MAX DDR5,5350,Orta,Yazılım,AM5,DDR5,,,AM5-DDR5,"Mini ITX, B650 yonga seti, DDR5 bellek desteği",8.3,6163,3,Yok,Mini ITX,,,,,,Akakçe
Toplama Bilgisayar,Kasa,NZXT,Meshify Black,1400,Giriş,Oyun,,,,,ATX,"Mid Tower, mesh/airflow odaklı kasa",7.8,604,2,Var,Mid Tower,,,,,,Epey
Toplama Bilgisayar,Kasa,DeepCool,Warcry,5500,Üst,Yazılım,,,,,E-ATX,"Mini Tower, mesh/airflow odaklı kasa",8.8,7885,2,Yok,Mini Tower,,,,,,Akakçe
Toplama Bilgisayar,Mouse,Corsair,Harpoon Mini 30000DPI,1300,Orta,Oyun,,,,,Bluetooth,"30000 DPI sensör, 63g",7.4,5851,2,Var,,,,,,,Sinerji
Toplama Bilgisayar,Kasa,Xigmatek,TUF GT Mesh,13950,Amiral,Tasarım,,,,,E-ATX,"Full Tower, mesh/airflow odaklı kasa",9.4,1503,2,Var,Full Tower,,,,,,İncehesap
Toplama Bilgisayar,Anakart,ASRock,Gaming X Z790 AX DDR5,10100,Üst,Tasarım,LGA1700,DDR5,,,LGA1700-DDR5,"ATX, Z790 yonga seti, DDR5 bellek desteği",8.4,7308,3,Var,ATX,,,,,,İncehesap
Toplama Bilgisayar,Kasa,DarkFlash,TD500 Mesh,1750,Giriş,Ofis,,,,,ATX,"Full Tower, mesh/airflow odaklı kasa",7.2,1399,2,Yok,Full Tower,,,,,,İncehesap
Toplama Bilgisayar,HDD,Toshiba,IronWolf 1TB 7200RPM,1550,Giriş,Günlük Kullanım,,,7,1TB,SATA,3.5 inç mekanik disk,7.7,2539,2,Yok,,,,,,,İtopya
Toplama Bilgisayar,Ekran Kartı,Gainward,RTX 5070 TUF 12GB,53950,Üst,Oyun,,GDDR6,250,12GB,PCIe,2026 yeni nesil 1440p,9.5,11202,3,Yok,,,,12GB,,,Sinerji
Toplama Bilgisayar,Güç Kaynağı,NZXT,Hydro K Pro 650W 80+ Bronze,3750,Orta,Yazılım,,,650W,,80+ Bronze,"Sabit kablo PSU, 80+ Bronze",8.5,3180,5,Yok,,,,,,,İncehesap
Toplama Bilgisayar,SSD,Crucial,SN770 500GB NVMe,850,Giriş,Yazılım,,,4,500GB,M2 NVMe,PCIe 3.0 NVMe SSD,7.1,1899,3,Yok,,,,,3365 MB/s,2549 MB/s,Epey
Toplama Bilgisayar,Ekran Kartı,MSI,RTX 4070 GamingPro 12GB,39600,Üst,Yapay Zeka,,GDDR6,200,12GB,PCIe,1440p oyun,8.5,6171,3,Var,,,,12GB,,,GamingGenTR
Toplama Bilgisayar,RAM,PNY,Viper Steel 32GB 2x16GB DDR5 6000MHz,4650,Üst,Yazılım,,DDR5,,32GB,DDR5,6000MHz bellek kiti,8.6,742,3,Yok,,,,,,,İncehesap
Toplama Bilgisayar,Kasa,Fractal Design,Meshify Black,3850,Orta,Ofis,,,,,E-ATX,"Mini Tower, mesh/airflow odaklı kasa",7.3,7495,2,Yok,Mini Tower,,,,,,İtopya
Toplama Bilgisayar,Klavye,Royal Kludge,K2 Membran 60%,1400,Orta,Yazılım,,,,,Bluetooth,Membran klavye,7.4,7427,2,Yok,60%,,,,,,Epey
Toplama Bilgisayar,İşlemci,Intel,Core i5-14600KF,14050,Üst,Video Edit,LGA1700,DDR5,125,,LGA1700-DDR5,14 çekirdek yüksek frekans,9.0,4960,3,Yok,,,,,,,GamingGenTR
Toplama Bilgisayar,Klavye,Corsair,MOD007 RGB Low Profile 75%,550,Giriş,Oyun,,,,,USB,Low Profile klavye,7.6,1022,2,Var,75%,,,,,,Sinerji
Toplama Bilgisayar,Mouse,Logitech,MM712 Mini 36000DPI,600,Giriş,Oyun,,,,,Bluetooth,"36000 DPI sensör, 75g",7.7,2160,2,Yok,,,,,,,Sinerji
Toplama Bilgisayar,Monitör,MSI,Optix 27 inç 1920x1080 75Hz,2500,Giriş,Ofis,,,25,,HDMI-DP,"VA panel, 75Hz",7.2,701,2,Yok,27 inç,1920x1080,75Hz,,,,Vatan
Toplama Bilgisayar,Ekran Kartı,Colorful,RX 7800 XT JetStream 16GB,34100,Üst,Oyun,,GDDR6,263,16GB,PCIe,16GB VRAM 1440p,8.6,10087,3,Var,,,,16GB,,,Vatan
Toplama Bilgisayar,Klavye,MSI,K70 RGB Low Profile 75%,1750,Orta,Ofis,,,,,Bluetooth,Low Profile klavye,7.5,6190,2,Var,75%,,,,,,İncehesap
Toplama Bilgisayar,Mouse,ASUS,FK2 Mini 16000DPI,1050,Orta,Oyun,,,,,USB,"16000 DPI sensör, 90g",8.2,7205,2,Yok,,,,,,,GamingGenTR
Toplama Bilgisayar,Kasa,Cooler Master,View 270 Mesh,4550,Üst,Yazılım,,,,,Micro ATX,"Full Tower, mesh/airflow odaklı kasa",8.3,6029,2,Yok,Full Tower,,,,,,Vatan
Toplama Bilgisayar,Mouse,Cooler Master,Rival 12000DPI,600,Giriş,Ofis,,,,,Bluetooth,"12000 DPI sensör, 75g",6.6,2778,2,Var,,,,,,,Epey
Toplama Bilgisayar,Klavye,Logitech,Vigor GK Mekanik Tam boy,750,Giriş,Ofis,,,,,Kablosuz,Mekanik klavye,6.6,618,2,Var,Tam boy,,,,,,Epey
Toplama Bilgisayar,Kasa,Thermaltake,MAG Forge White,7700,Üst,Yayıncılık,,,,,E-ATX,"Full Tower, mesh/airflow odaklı kasa",9.3,4749,2,Yok,Full Tower,,,,,,Epey
Toplama Bilgisayar,Klavye,Redragon,G Pro X RGB Mekanik TKL,700,Giriş,Günlük Kullanım,,,,,Bluetooth,Mekanik klavye,7.3,2302,2,Var,TKL,,,,,,Akakçe
Toplama Bilgisayar,Mouse,HyperX,MM712 Mini 8000DPI,1650,Orta,Yazılım,,,,,Bluetooth,"8000 DPI sensör, 90g",8.0,7850,2,Yok,,,,,,,İncehesap
Toplama Bilgisayar,Anakart,Colorful,Gaming X B550 AX DDR4,5550,Orta,Ofis,AM4,DDR4,,,AM4-DDR4,"ATX, B550 yonga seti, DDR4 bellek desteği",7.6,7669,3,Var,ATX,,,,,,İtopya
Toplama Bilgisayar,Klavye,Cooler Master,Vigor GK Pro Low Profile 60%,1600,Orta,Oyun,,,,,USB,Low Profile klavye,8.2,818,2,Yok,60%,,,,,,Sinerji
Toplama Bilgisayar,Klavye,MSI,Vigor GK Membran 60%,750,Giriş,Günlük Kullanım,,,,,Kablosuz,Membran klavye,7.4,1933,2,Yok,60%,,,,,,İtopya
Toplama Bilgisayar,Mouse,Lamzu,M711 Pro 12000DPI,1600,Orta,Ofis,,,,,Bluetooth,"12000 DPI sensör, 75g",7.8,2672,2,Yok,,,,,,,GamingGenTR
Toplama Bilgisayar,Klavye,Corsair,CK RGB Low Profile 75%,3450,Üst,Ofis,,,,,Kablosuz,Low Profile klavye,8.4,893,2,Var,75%,,,,,,Vatan
Toplama Bilgisayar,Monitör,Dell,Optix 32 inç 1920x1080 75Hz,3600,Giriş,Video Edit,,,50,,HDMI-DP,"IPS panel, 75Hz",6.6,2684,2,Yok,32 inç,1920x1080,75Hz,,,,Sinerji
Toplama Bilgisayar,Kasa,MSI,Lancool RGB,2950,Orta,Oyun,,,,,Micro ATX,"Full Tower, mesh/airflow odaklı kasa",7.2,5588,2,Var,Full Tower,,,,,,Akakçe
Toplama Bilgisayar,Klavye,GamePower,ROG Strix Scope Optik switch TKL,1450,Orta,Günlük Kullanım,,,,,Bluetooth,Optik switch klavye,7.5,6511,2,Var,TKL,,,,,,Akakçe
Toplama Bilgisayar,Mouse,SteelSeries,ROG Keris Mini 26000DPI,1600,Orta,Günlük Kullanım,,,,,USB,"26000 DPI sensör, 59g",8.1,4948,2,Var,,,,,,,Vatan
Toplama Bilgisayar,Ekran Kartı,Gigabyte,RX 7600 JetStream 8GB,15600,Orta,Günlük Kullanım,,GDDR6,165,8GB,PCIe,1080p oyun,7.6,5940,3,Var,,,,8GB,,,İncehesap
Toplama Bilgisayar,Klavye,Razer,K380 RGB Optik switch 60%,1350,Orta,Yazılım,,,,,Bluetooth,Optik switch klavye,8.1,6693,2,Var,60%,,,,,,GamingGenTR
Toplama Bilgisayar,RAM,Apacer,Fury Beast 16GB 2x8GB DDR5 6400MHz,2550,Orta,Ofis,,DDR5,,16GB,DDR5,6400MHz bellek kiti,7.3,5379,5,Var,,,,,,,Epey
Toplama Bilgisayar,Klavye,Glorious,ROG Strix Scope Wireless Membran 75%,9250,Amiral,Oyun,,,,,USB,Membran klavye,9.0,2288,2,Yok,75%,,,,,,Sinerji
Toplama Bilgisayar,HDD,WD,Purple 1TB 7200RPM,1550,Giriş,Günlük Kullanım,,,7,1TB,SATA,3.5 inç mekanik disk,6.5,1472,2,Yok,,,,,,,Epey
Toplama Bilgisayar,Monitör,ViewSonic,Optix 32 inç 2560x1440 180Hz,12500,Üst,Video Edit,,,35,,HDMI-DP,"IPS panel, 180Hz",9.0,9197,3,Yok,32 inç,2560x1440,180Hz,,,,GamingGenTR
Toplama Bilgisayar,Klavye,Cooler Master,K70 Mekanik Tam boy,1800,Orta,Yazılım,,,,,Kablosuz,Mekanik klavye,7.7,343,2,Yok,Tam boy,,,,,,Sinerji
Toplama Bilgisayar,Kasa,Phanteks,TUF GT White,3600,Orta,Oyun,,,,,ATX,"Mini Tower, mesh/airflow odaklı kasa",8.0,6267,2,Var,Mini Tower,,,,,,İtopya
Toplama Bilgisayar,Güç Kaynağı,Thermaltake,PF 550W 80+ Bronze,2500,Giriş,Ofis,,,550W,,80+ Bronze,"Sabit kablo PSU, 80+ Bronze",7.8,1318,5,Yok,,,,,,,Vatan
Toplama Bilgisayar,SSD,ADATA,CS2241 4TB NVMe,17550,Amiral,Yapay Zeka,,,3,4TB,M2 NVMe,PCIe 5.0 NVMe SSD,8.9,4051,3,Yok,,,,,10727 MB/s,9050 MB/s,GamingGenTR
Toplama Bilgisayar,Ekran Kartı,PowerColor,RTX 5090 Aero OC 32GB,172400,Amiral,Video Edit,,GDDR6X,575,32GB,PCIe,2026 amiral seviye AI/4K,8.9,4135,3,Yok,,,,32GB,,,GamingGenTR
Toplama Bilgisayar,HDD,Toshiba,Purple 12TB 7200RPM,12900,Üst,Yayıncılık,,,7,12TB,SATA,3.5 inç mekanik disk,8.7,4301,3,Yok,,,,,,,Akakçe
Toplama Bilgisayar,Kasa,Thermaltake,North,4850,Üst,Tasarım,,,,,E-ATX,"Mid Tower, mesh/airflow odaklı kasa",9.3,9569,2,Var,Mid Tower,,,,,,GamingGenTR
Toplama Bilgisayar,Anakart,Colorful,Mortar A620 AX DDR5,2950,Giriş,Yazılım,AM5,DDR5,,,AM5-DDR5,"Mini ITX, A620 yonga seti, DDR5 bellek desteği",8.1,2682,3,Var,Mini ITX,,,,,,Epey
Toplama Bilgisayar,Güç Kaynağı,MSI,Focus GX 550W 80+ Bronze,2700,Giriş,Ofis,,,550W,,80+ Bronze,"Yarı modüler PSU, 80+ Bronze",7.6,895,5,Yok,,,,,,,Vatan
Toplama Bilgisayar,İşlemci,AMD,Ryzen 9 7900X Kampanya,17450,Amiral,Tasarım,AM5,DDR5,170,,AM5-DDR5,12 çekirdek 24 thread,9.0,4165,3,Yok,,,,,,,Akakçe
Toplama Bilgisayar,Klavye,Logitech,G Pro X Pro Membran Tam boy,1350,Orta,Yazılım,,,,,Kablosuz,Membran klavye,8.0,458,2,Var,Tam boy,,,,,,İncehesap
Toplama Bilgisayar,Mouse,SteelSeries,Atlantis Pro 26000DPI,1200,Orta,Oyun,,,,,USB,"26000 DPI sensör, 63g",7.9,5807,2,Yok,,,,,,,GamingGenTR
Toplama Bilgisayar,Klavye,Redragon,MOD007 Mekanik 60%,1700,Orta,Günlük Kullanım,,,,,USB,Mekanik klavye,8.0,6834,2,Var,60%,,,,,,Akakçe
Toplama Bilgisayar,Monitör,Philips,UltraGear 31.5 inç 1920x1080 144Hz,3900,Orta,Yazılım,,,50,,HDMI-DP,"IPS panel, 144Hz",8.7,3464,3,Yok,31.5 inç,1920x1080,144Hz,,,,İncehesap
Toplama Bilgisayar,Klavye,Akko,K70 RGB Low Profile Tam boy,700,Giriş,Yazılım,,,,,USB,Low Profile klavye,8.1,2691,2,Var,Tam boy,,,,,,İncehesap
Toplama Bilgisayar,Kasa,Lian Li,View 270 Mesh,5300,Üst,Oyun,,,,,E-ATX,"Mini Tower, mesh/airflow odaklı kasa",9.3,8607,2,Var,Mini Tower,,,,,,Sinerji
Toplama Bilgisayar,İşlemci,AMD,Ryzen 5 5500,3550,Orta,Günlük Kullanım,AM4,DDR4,65,,AM4-DDR4,6 çekirdek 12 thread,8.1,1189,3,Yok,,,,,,,Akakçe
Toplama Bilgisayar,SSD,Patriot,CS2241 4TB NVMe,13500,Amiral,Yayıncılık,,,3,4TB,M2 NVMe,PCIe 4.0 NVMe SSD,9.7,4652,3,Yok,,,,,7388 MB/s,5025 MB/s,İncehesap
Toplama Bilgisayar,Kasa,Fractal Design,Lancool White,5250,Üst,Yazılım,,,,,ATX,"Full Tower, mesh/airflow odaklı kasa",8.3,4764,2,Yok,Full Tower,,,,,,Vatan
Toplama Bilgisayar,Anakart,Colorful,Mortar X670 DDR5,8200,Üst,Oyun,AM5,DDR5,,,AM5-DDR5,"ATX, X670 yonga seti, DDR5 bellek desteği",8.4,1705,3,Var,ATX,,,,,,İtopya
Toplama Bilgisayar,Kasa,Cooler Master,TD500,2450,Orta,Ofis,,,,,E-ATX,"Mid Tower, mesh/airflow odaklı kasa",8.1,7197,2,Yok,Mid Tower,,,,,,Vatan
Toplama Bilgisayar,Anakart,Gigabyte,TUF Gaming X670 WiFi DDR5,12700,Üst,Tasarım,AM5,DDR5,,,AM5-DDR5,"Micro ATX, X670 yonga seti, DDR5 bellek desteği",8.7,5513,3,Var,Micro ATX,,,,,,İtopya
Toplama Bilgisayar,Klavye,HyperX,Ogre RGB Mekanik 75%,750,Giriş,Oyun,,,,,USB,Mekanik klavye,6.8,1381,2,Var,75%,,,,,,İncehesap
Toplama Bilgisayar,Klavye,Redragon,CK RGB Membran Tam boy,2250,Orta,Oyun,,,,,Bluetooth,Membran klavye,7.3,2548,2,Var,Tam boy,,,,,,GamingGenTR
Toplama Bilgisayar,SSD,Corsair,NV2 2TB NVMe,5800,Üst,Yazılım,,,4,2TB,M2 NVMe,PCIe 4.0 NVMe SSD,8.2,1557,3,Yok,,,,,5348 MB/s,4890 MB/s,İtopya
Toplama Bilgisayar,Mouse,MSI,Harpoon Mini 16000DPI,600,Giriş,Yazılım,,,,,USB,"16000 DPI sensör, 75g",7.8,2242,2,Var,,,,,,,İncehesap
Toplama Bilgisayar,Monitör,LG,Odyssey 34 inç 1920x1080 144Hz,5400,Orta,Oyun,,,35,,HDMI-DP,"IPS panel, 144Hz",7.9,3794,2,Yok,34 inç,1920x1080,144Hz,,,,Akakçe
Toplama Bilgisayar,Klavye,HyperX,BlackWidow Pro Membran 75%,9650,Amiral,Yazılım,,,,,Bluetooth,Membran klavye,9.2,5786,2,Var,75%,,,,,,GamingGenTR
Toplama Bilgisayar,Kasa,MSI,Warcry RGB,4200,Orta,Günlük Kullanım,,,,,E-ATX,"Mid Tower, mesh/airflow odaklı kasa",7.8,5078,2,Var,Mid Tower,,,,,,Sinerji
Toplama Bilgisayar,Monitör,ASUS,Odyssey 23.8 inç 3440x1440 165Hz,19300,Amiral,Ofis,,,25,,HDMI-DP,"IPS panel, 165Hz",9.4,3802,2,Yok,23.8 inç,3440x1440,165Hz,,,,Epey
Toplama Bilgisayar,Kasa,Cooler Master,Warcry Mesh,6500,Üst,Tasarım,,,,,Micro ATX,"Mid Tower, mesh/airflow odaklı kasa",9.1,9796,2,Yok,Mid Tower,,,,,,Akakçe
Toplama Bilgisayar,Kasa,MSI,Warcry Mesh,9650,Amiral,Oyun,,,,,E-ATX,"Mini Tower, mesh/airflow odaklı kasa",9.7,215,2,Var,Mini Tower,,,,,,Epey
Toplama Bilgisayar,Anakart,MSI,Steel Legend Z790 MAX DDR5,11850,Üst,Yazılım,LGA1700,DDR5,,,LGA1700-DDR5,"Mini ITX, Z790 yonga seti, DDR5 bellek desteği",8.7,9323,3,Yok,Mini ITX,,,,,,Epey
Toplama Bilgisayar,Kasa,DarkFlash,View 270 White,1750,Giriş,Ofis,,,,,ATX,"Mini Tower, mesh/airflow odaklı kasa",7.6,523,2,Yok,Mini Tower,,,,,,İncehesap
Toplama Bilgisayar,SSD,Patriot,P3 Plus 1TB NVMe,4050,Orta,Oyun,,,3,1TB,M2 NVMe,PCIe 5.0 NVMe SSD,8.4,6343,5,Yok,,,,,9779 MB/s,8388 MB/s,Vatan
Toplama Bilgisayar,Soğutucu,Arctic,ML240L V2,5350,Üst,Tasarım,,,,,AM4-AM5-LGA1700,240mm sıvı soğutma,9.4,2992,3,Var,240mm,,,,,,Akakçe
Toplama Bilgisayar,Klavye,GamePower,K2 RGB Mekanik Tam boy,1650,Orta,Ofis,,,,,USB,Mekanik klavye,8.0,1867,2,Var,Tam boy,,,,,,İncehesap
Toplama Bilgisayar,HDD,Seagate,Red Plus 1TB 7200RPM,1400,Giriş,Video Edit,,,9,1TB,SATA,3.5 inç mekanik disk,7.1,1883,2,Yok,,,,,,,Vatan
Toplama Bilgisayar,Kasa,MSI,TD500 RGB,3700,Orta,Ofis,,,,,Micro ATX,"Full Tower, mesh/airflow odaklı kasa",8.3,4207,2,Var,Full Tower,,,,,,GamingGenTR
Toplama Bilgisayar,Anakart,ASRock,PRO B550 MAX DDR4,5450,Orta,Yazılım,AM4,DDR4,,,AM4-DDR4,"Micro ATX, B550 yonga seti, DDR4 bellek desteği",7.7,2957,3,Var,Micro ATX,,,,,,Sinerji
Toplama Bilgisayar,Ekran Kartı,ASUS,RTX 4070 Super Merc 12GB,50100,Üst,Yayıncılık,,GDDR6,220,12GB,PCIe,1440p ultra oyun,8.8,7078,3,Yok,,,,12GB,,,Akakçe
Toplama Bilgisayar,Klavye,Akko,K2 RGB Membran TKL,2000,Orta,Oyun,,,,,Bluetooth,Membran klavye,8.2,6241,2,Var,TKL,,,,,,Sinerji
Toplama Bilgisayar,Ekran Kartı,MSI,RTX 4070 Super TUF 12GB,46550,Üst,Video Edit,,GDDR6,220,12GB,PCIe,1440p ultra oyun,8.6,2447,3,Var,,,,12GB,,,Sinerji
Toplama Bilgisayar,İşlemci,AMD,Ryzen 5 5600 Box,5000,Orta,Günlük Kullanım,AM4,DDR4,65,,AM4-DDR4,6 çekirdek 12 thread,7.5,8229,3,Yok,,,,,,,GamingGenTR
Toplama Bilgisayar,Klavye,HyperX,CK Optik switch 75%,3900,Üst,Ofis,,,,,Bluetooth,Optik switch klavye,8.5,7381,2,Yok,75%,,,,,,GamingGenTR
Toplama Bilgisayar,Anakart,Colorful,Tomahawk A520 DDR4,3050,Giriş,Ofis,AM4,DDR4,,,AM4-DDR4,"Mini ITX, A520 yonga seti, DDR4 bellek desteği",8.1,367,3,Yok,Mini ITX,,,,,,Vatan
Toplama Bilgisayar,Güç Kaynağı,FSP,MWE 550W 80+ Bronze,1900,Giriş,Günlük Kullanım,,,550W,,80+ Bronze,"Yarı modüler PSU, 80+ Bronze",7.6,1166,2,Yok,,,,,,,Epey
Toplama Bilgisayar,Mouse,HyperX,Atlantis Pro 26000DPI,1450,Orta,Yazılım,,,,,Bluetooth,"26000 DPI sensör, 90g",8.2,1030,2,Yok,,,,,,,Sinerji
Toplama Bilgisayar,Kasa,Corsair,TD500 Black,4000,Orta,Ofis,,,,,E-ATX,"Full Tower, mesh/airflow odaklı kasa",8.0,2971,2,Var,Full Tower,,,,,,Vatan
Toplama Bilgisayar,Mouse,Razer,FK2 Mini 16000DPI,1550,Orta,Ofis,,,,,USB,"16000 DPI sensör, 49g",7.9,8250,2,Yok,,,,,,,GamingGenTR
Toplama Bilgisayar,Anakart,Gigabyte,Mortar X670 MAX DDR5,9500,Üst,Yazılım,AM5,DDR5,,,AM5-DDR5,"ATX, X670 yonga seti, DDR5 bellek desteği",8.7,11343,3,Var,ATX,,,,,,Epey
Toplama Bilgisayar,İşlemci,Intel,Core i7-13700KF Tray,14050,Üst,Oyun,LGA1700,DDR5,125,,LGA1700-DDR5,16 çekirdek,8.2,7814,3,Yok,,,,,,,Vatan
Toplama Bilgisayar,Kasa,Thermaltake,View 270 RGB,5900,Üst,Oyun,,,,,E-ATX,"Full Tower, mesh/airflow odaklı kasa",9.1,2186,2,Var,Full Tower,,,,,,Sinerji
Toplama Bilgisayar,Mouse,Razer,G305 8000DPI,3250,Üst,Ofis,,,,,Kablosuz,"8000 DPI sensör, 63g",8.4,7191,2,Yok,,,,,,,Epey
Toplama Bilgisayar,Anakart,Gigabyte,Tomahawk X570 WiFi DDR4,8250,Üst,Oyun,AM4,DDR4,,,AM4-DDR4,"ATX, X570 yonga seti, DDR4 bellek desteği",9.3,3541,3,Var,ATX,,,,,,Sinerji
Toplama Bilgisayar,Mouse,MSI,Rival Pro 12000DPI,400,Giriş,Ofis,,,,,Bluetooth,"12000 DPI sensör, 49g",6.8,101,2,Var,,,,,,,Akakçe
Toplama Bilgisayar,Kasa,DeepCool,H5 Flow RGB,2100,Giriş,Oyun,,,,,ATX,"Mini Tower, mesh/airflow odaklı kasa",7.3,252,2,Var,Mini Tower,,,,,,GamingGenTR
Toplama Bilgisayar,Monitör,BenQ,Predator 23.8 inç 1920x1080 144Hz,4550,Orta,Oyun,,,25,,HDMI-DP,"IPS panel, 144Hz",8.4,4601,3,Yok,23.8 inç,1920x1080,144Hz,,,,Sinerji
Toplama Bilgisayar,Mouse,MSI,DeathAdder Mini 26000DPI,3950,Üst,Yazılım,,,,,Bluetooth,"26000 DPI sensör, 75g",8.6,4153,2,Yok,,,,,,,GamingGenTR
Toplama Bilgisayar,RAM,GoodRam,Trident Z5 8GB 1x8GB DDR5 6000MHz,1250,Giriş,Günlük Kullanım,,DDR5,,8GB,DDR5,6000MHz bellek kiti,7.1,2099,3,Yok,,,,,,,Epey
Toplama Bilgisayar,Kasa,ASUS,H5 Flow,4200,Orta,Günlük Kullanım,,,,,E-ATX,"Mini Tower, mesh/airflow odaklı kasa",8.0,6613,2,Var,Mini Tower,,,,,,İtopya
Toplama Bilgisayar,SSD,Kingston,Viper VP4300 4TB NVMe,12150,Amiral,Yayıncılık,,,3,4TB,M2 NVMe,PCIe 4.0 NVMe SSD,9.0,5284,5,Yok,,,,,6372 MB/s,4593 MB/s,GamingGenTR
Toplama Bilgisayar,Mouse,Logitech,Model O Wireless 12000DPI,3850,Üst,Yazılım,,,,,Bluetooth,"12000 DPI sensör, 75g",9.1,5006,2,Var,,,,,,,Akakçe
Toplama Bilgisayar,Mouse,Lamzu,Rival Wireless 8000DPI,3500,Üst,Günlük Kullanım,,,,,Bluetooth,"8000 DPI sensör, 49g",8.3,10393,2,Yok,,,,,,,İtopya
Toplama Bilgisayar,SSD,SanDisk,Viper VP4300 500GB NVMe,1150,Giriş,Günlük Kullanım,,,4,500GB,M2 NVMe,PCIe 3.0 NVMe SSD,7.5,2718,5,Yok,,,,,3543 MB/s,2646 MB/s,Sinerji
Toplama Bilgisayar,SSD,Patriot,MP600 500GB NVMe,1600,Giriş,Ofis,,,3,500GB,M2 NVMe,PCIe 4.0 NVMe SSD,6.8,1211,3,Yok,,,,,6563 MB/s,5492 MB/s,Akakçe
Toplama Bilgisayar,İşlemci,AMD,Ryzen 7 5700X Tray,6900,Üst,Oyun,AM4,DDR4,65,,AM4-DDR4,8 çekirdek 16 thread,9.3,2534,3,Yok,,,,,,,İncehesap
Toplama Bilgisayar,Klavye,ASUS,Alloy Origins Mekanik 75%,2250,Orta,Günlük Kullanım,,,,,Kablosuz,Mekanik klavye,7.8,2495,2,Yok,75%,,,,,,Vatan
Toplama Bilgisayar,Mouse,Glorious,Harpoon Mini 36000DPI,1350,Orta,Oyun,,,,,Bluetooth,"36000 DPI sensör, 63g",7.3,4138,2,Yok,,,,,,,Akakçe
Toplama Bilgisayar,Mouse,Lamzu,ROG Keris Pro 16000DPI,1350,Orta,Yazılım,,,,,USB,"16000 DPI sensör, 49g",8.6,538,2,Var,,,,,,,Sinerji
Toplama Bilgisayar,Klavye,Logitech,K380 RGB Low Profile TKL,1700,Orta,Günlük Kullanım,,,,,USB,Low Profile klavye,7.5,2200,2,Var,TKL,,,,,,Sinerji
Toplama Bilgisayar,Mouse,ASUS,Rival 36000DPI,2200,Üst,Oyun,,,,,USB,"36000 DPI sensör, 75g",8.1,4194,2,Var,,,,,,,Akakçe
Toplama Bilgisayar,Güç Kaynağı,DeepCool,MAG 850W 80+ Platinum,6650,Üst,Tasarım,,,850W,,80+ Platinum,"Modüler PSU, 80+ Platinum",8.1,5610,10,Yok,,,,,,,İtopya
Toplama Bilgisayar,Kasa,Xigmatek,MAG Forge RGB,6700,Üst,Video Edit,,,,,ATX,"Full Tower, mesh/airflow odaklı kasa",8.3,10514,2,Var,Full Tower,,,,,,İncehesap
Toplama Bilgisayar,Mouse,Darmoshark,Pulsefire Pro 8000DPI,1400,Orta,Günlük Kullanım,,,,,USB,"8000 DPI sensör, 59g",8.1,2599,2,Yok,,,,,,,Akakçe
Toplama Bilgisayar,Kasa,Thermaltake,Eclipse Mesh,3350,Orta,Oyun,,,,,E-ATX,"Mid Tower, mesh/airflow odaklı kasa",7.9,3010,2,Yok,Mid Tower,,,,,,İtopya
Toplama Bilgisayar,İşlemci,AMD,Ryzen 5 4500,3000,Giriş,Günlük Kullanım,AM4,DDR4,65,,AM4-DDR4,6 çekirdek 12 thread,7.7,673,3,Yok,,,,,,,İncehesap
Toplama Bilgisayar,Klavye,Keychron,CK Pro Mekanik Tam boy,650,Giriş,Yazılım,,,,,USB,Mekanik klavye,7.7,2101,2,Yok,Tam boy,,,,,,İncehesap
Toplama Bilgisayar,Mouse,Razer,MM712 16000DPI,1200,Orta,Günlük Kullanım,,,,,Kablosuz,"16000 DPI sensör, 49g",8.4,7947,2,Var,,,,,,,Vatan
Toplama Bilgisayar,Monitör,Samsung,Nitro 27 inç 1920x1080 144Hz,3600,Orta,Yazılım,,,25,,HDMI-DP,"IPS panel, 144Hz",8.5,8079,3,Yok,27 inç,1920x1080,144Hz,,,,GamingGenTR
Toplama Bilgisayar,Monitör,Lenovo,Predator 31.5 inç 3840x2160 144Hz,30150,Amiral,Ofis,,,25,,HDMI-DP,"Mini LED panel, 144Hz",9.2,5661,2,Yok,31.5 inç,3840x2160,144Hz,,,,GamingGenTR
Toplama Bilgisayar,Kasa,Corsair,Eclipse White,6700,Üst,Yazılım,,,,,Micro ATX,"Mid Tower, mesh/airflow odaklı kasa",8.6,10461,2,Var,Mid Tower,,,,,,GamingGenTR
Toplama Bilgisayar,Klavye,Razer,Apex Wireless Optik switch 60%,550,Giriş,Günlük Kullanım,,,,,Kablosuz,Optik switch klavye,7.1,2392,2,Yok,60%,,,,,,İncehesap
Toplama Bilgisayar,Monitör,MSI,Optix 23.8 inç 1920x1080 144Hz,4450,Orta,Video Edit,,,25,,HDMI-DP,"VA panel, 144Hz",8.0,3764,2,Yok,23.8 inç,1920x1080,144Hz,,,,Akakçe
Toplama Bilgisayar,Mouse,Glorious,DeathAdder 16000DPI,550,Giriş,Yazılım,,,,,Kablosuz,"16000 DPI sensör, 90g",6.8,513,2,Var,,,,,,,Epey
Toplama Bilgisayar,Klavye,GamePower,Alloy Origins Mekanik 60%,2950,Üst,Yazılım,,,,,Bluetooth,Mekanik klavye,8.9,9257,2,Var,60%,,,,,,Akakçe
Toplama Bilgisayar,Kasa,ASUS,View 270 White,4150,Orta,Günlük Kullanım,,,,,E-ATX,"Mini Tower, mesh/airflow odaklı kasa",7.2,1045,2,Var,Mini Tower,,,,,,Sinerji
Toplama Bilgisayar,Monitör,AOC,Aorus 32 inç 1920x1080 144Hz,4200,Orta,Ofis,,,25,,HDMI-DP,"VA panel, 144Hz",8.5,2291,3,Yok,32 inç,1920x1080,144Hz,,,,GamingGenTR
Toplama Bilgisayar,SSD,WD,990 Pro 1TB NVMe,2000,Orta,Yazılım,,,3,1TB,M2 NVMe,PCIe 3.0 NVMe SSD,7.8,7813,3,Yok,,,,,3385 MB/s,3073 MB/s,Epey
Toplama Bilgisayar,Kasa,Cooler Master,TUF GT Mesh,2350,Orta,Ofis,,,,,Micro ATX,"Mini Tower, mesh/airflow odaklı kasa",7.4,2437,2,Var,Mini Tower,,,,,,Sinerji
Toplama Bilgisayar,Klavye,MSI,Alloy Origins Pro Low Profile TKL,6450,Amiral,Ofis,,,,,USB,Low Profile klavye,9.8,916,2,Var,TKL,,,,,,Epey
Toplama Bilgisayar,Kasa,MSI,O11 Dynamic,3650,Orta,Ofis,,,,,ATX,"Full Tower, mesh/airflow odaklı kasa",7.5,3557,2,Yok,Full Tower,,,,,,Akakçe
Toplama Bilgisayar,SSD,SK hynix,KC3000 4TB NVMe,10050,Amiral,Video Edit,,,5,4TB,M2 NVMe,PCIe 4.0 NVMe SSD,9.6,2559,5,Yok,,,,,6577 MB/s,4768 MB/s,İncehesap
Toplama Bilgisayar,Monitör,Philips,Legion 31.5 inç 2560x1440 180Hz,13000,Üst,Tasarım,,,25,,HDMI-DP,"IPS panel, 180Hz",9.1,3637,2,Yok,31.5 inç,2560x1440,180Hz,,,,İtopya
Toplama Bilgisayar,Soğutucu,ASUS,H150i,3500,Orta,Oyun,,,,,AM4-AM5-LGA1700,360mm sıvı soğutma,7.7,6719,6,Yok,360mm,,,,,,Akakçe
Toplama Bilgisayar,İşlemci,AMD,Ryzen 5 5600 Kampanya,4200,Orta,Ofis,AM4,DDR4,65,,AM4-DDR4,6 çekirdek 12 thread,7.4,2337,3,Yok,,,,,,,Epey
Toplama Bilgisayar,Klavye,Keychron,Vigor GK Mekanik TKL,1950,Orta,Yazılım,,,,,USB,Mekanik klavye,8.3,4415,2,Yok,TKL,,,,,,GamingGenTR
Toplama Bilgisayar,Ekran Kartı,ASUS,RTX 4080 Super JetStream 16GB,93100,Amiral,Yapay Zeka,,GDDR6X,320,16GB,PCIe,4K oyun ve render,9.3,3846,3,Var,,,,16GB,,,GamingGenTR
Toplama Bilgisayar,Kasa,DarkFlash,CH370 RGB,1500,Giriş,Ofis,,,,,Micro ATX,"Mini Tower, mesh/airflow odaklı kasa",7.9,1479,2,Var,Mini Tower,,,,,,Vatan
Toplama Bilgisayar,Mouse,Razer,Model O Pro 26000DPI,1400,Orta,Ofis,,,,,USB,"26000 DPI sensör, 59g",7.3,4172,2,Yok,,,,,,,Epey
Toplama Bilgisayar,Anakart,ASUS,Mortar B760 MAX DDR5,5000,Orta,Ofis,LGA1700,DDR5,,,LGA1700-DDR5,"Mini ITX, B760 yonga seti, DDR5 bellek desteği",8.2,5936,3,Var,Mini ITX,,,,,,GamingGenTR
Toplama Bilgisayar,Kasa,Thermaltake,Lancool RGB,3800,Orta,Ofis,,,,,E-ATX,"Mid Tower, mesh/airflow odaklı kasa",8.4,8128,2,Var,Mid Tower,,,,,,Epey
Toplama Bilgisayar,Ekran Kartı,Inno3D,RX 7900 GRE JetStream 16GB,40450,Üst,Oyun,,GDDR6,260,16GB,PCIe,1440p/4K,8.9,8785,3,Yok,,,,16GB,,,Vatan
Toplama Bilgisayar,Monitör,AOC,TUF Gaming 31.5 inç 2560x1440 180Hz,12100,Üst,Yazılım,,,50,,HDMI-DP,"VA panel, 180Hz",8.1,6658,2,Yok,31.5 inç,2560x1440,180Hz,,,,GamingGenTR
Toplama Bilgisayar,Mouse,MSI,Clutch GM Mini 16000DPI,1550,Orta,Ofis,,,,,USB,"16000 DPI sensör, 49g",8.6,4924,2,Var,,,,,,,Epey
Toplama Bilgisayar,Anakart,ASRock,Mortar B760 DDR5,6850,Orta,Ofis,LGA1700,DDR5,,,LGA1700-DDR5,"Micro ATX, B760 yonga seti, DDR5 bellek desteği",7.3,3905,3,Var,Micro ATX,,,,,,İncehesap
Toplama Bilgisayar,Kasa,GamePower,TUF GT,6400,Üst,Video Edit,,,,,E-ATX,"Mid Tower, mesh/airflow odaklı kasa",9.3,2311,2,Yok,Mid Tower,,,,,,Sinerji
Toplama Bilgisayar,Klavye,GamePower,K2 Optik switch 75%,2150,Orta,Ofis,,,,,USB,Optik switch klavye,7.8,8096,2,Yok,75%,,,,,,Sinerji
Toplama Bilgisayar,Monitör,Gigabyte,G-Master 34 inç 2560x1440 144Hz,7350,Üst,Video Edit,,,35,,HDMI-DP,"VA panel, 144Hz",9.5,4103,2,Yok,34 inç,2560x1440,144Hz,,,,Vatan
Toplama Bilgisayar,Monitör,Lenovo,Optix 34 inç 1920x1080 180Hz,5700,Orta,Yazılım,,,50,,HDMI-DP,"IPS panel, 180Hz",8.3,1466,2,Yok,34 inç,1920x1080,180Hz,,,,İtopya
Toplama Bilgisayar,RAM,Kingston,Trident Z5 64GB 2x32GB DDR5 6000MHz,12750,Amiral,Video Edit,,DDR5,,64GB,DDR5,6000MHz bellek kiti,9.3,4230,2,Var,,,,,,,Vatan
Toplama Bilgisayar,Klavye,Keychron,Apex Pro Membran 75%,2250,Orta,Oyun,,,,,Bluetooth,Membran klavye,8.3,6683,2,Yok,75%,,,,,,GamingGenTR
Toplama Bilgisayar,İşlemci,Intel,Core i5-13400F,6700,Orta,Yazılım,LGA1700,DDR4,65,,LGA1700-DDR4,10 çekirdek,7.6,3214,3,Yok,,,,,,,GamingGenTR
Toplama Bilgisayar,Klavye,Logitech,ROG Strix Scope RGB Low Profile Tam boy,550,Giriş,Oyun,,,,,Kablosuz,Low Profile klavye,6.6,2416,2,Var,Tam boy,,,,,,Akakçe
Toplama Bilgisayar,Monitör,Lenovo,Odyssey 34 inç 2560x1440 180Hz,11900,Üst,Yazılım,,,50,,HDMI-DP,"VA panel, 180Hz",8.6,10000,3,Yok,34 inç,2560x1440,180Hz,,,,Sinerji
Toplama Bilgisayar,Klavye,ASUS,K70 Wireless Membran 75%,500,Giriş,Oyun,,,,,Kablosuz,Membran klavye,7.2,2327,2,Yok,75%,,,,,,İncehesap
Toplama Bilgisayar,SSD,Lexar,Legend 960 500GB NVMe,1250,Giriş,Ofis,,,3,500GB,M2 NVMe,PCIe 3.0 NVMe SSD,7.7,2558,5,Yok,,,,,3021 MB/s,2501 MB/s,Akakçe
Toplama Bilgisayar,SSD,Patriot,P5 Plus 4TB NVMe,13600,Amiral,Tasarım,,,4,4TB,M2 NVMe,PCIe 4.0 NVMe SSD,9.1,4259,3,Yok,,,,,6233 MB/s,5300 MB/s,İncehesap
Toplama Bilgisayar,Mouse,Razer,Clutch GM Pro 16000DPI,3400,Üst,Ofis,,,,,Kablosuz,"16000 DPI sensör, 63g",9.2,3984,2,Var,,,,,,,GamingGenTR
Toplama Bilgisayar,Klavye,SteelSeries,ROG Strix Scope RGB Optik switch 75%,3350,Üst,Oyun,,,,,USB,Optik switch klavye,8.3,10791,2,Var,75%,,,,,,İtopya
Toplama Bilgisayar,Klavye,Redragon,K2 Wireless Low Profile 60%,2300,Orta,Günlük Kullanım,,,,,Kablosuz,Low Profile klavye,8.1,3513,2,Var,60%,,,,,,İtopya
Toplama Bilgisayar,Anakart,ASRock,PRO B650 WiFi DDR5,5000,Orta,Günlük Kullanım,AM5,DDR5,,,AM5-DDR5,"Micro ATX, B650 yonga seti, DDR5 bellek desteği",8.1,3779,3,Var,Micro ATX,,,,,,İtopya
Toplama Bilgisayar,Anakart,Biostar,PRO B660 DDR4,5050,Orta,Günlük Kullanım,LGA1700,DDR4,,,LGA1700-DDR4,"ATX, B660 yonga seti, DDR4 bellek desteği",8.1,7277,3,Yok,ATX,,,,,,İncehesap
Toplama Bilgisayar,Kasa,DarkFlash,TD500 RGB,2450,Orta,Yazılım,,,,,E-ATX,"Mid Tower, mesh/airflow odaklı kasa",8.5,6056,2,Var,Mid Tower,,,,,,Akakçe
Toplama Bilgisayar,Kasa,Cooler Master,MAG Forge White,6250,Üst,Oyun,,,,,Micro ATX,"Mid Tower, mesh/airflow odaklı kasa",9.0,406,2,Yok,Mid Tower,,,,,,Vatan
Toplama Bilgisayar,Güç Kaynağı,Cooler Master,PF 650W 80+ Bronze,3750,Orta,Günlük Kullanım,,,650W,,80+ Bronze,"Yarı modüler PSU, 80+ Bronze",8.1,604,5,Yok,,,,,,,İtopya
Toplama Bilgisayar,Monitör,Gigabyte,Alienware 31.5 inç 1920x1080 180Hz,7100,Orta,Ofis,,,35,,HDMI-DP,"IPS panel, 180Hz",8.0,3964,2,Yok,31.5 inç,1920x1080,180Hz,,,,İncehesap
Toplama Bilgisayar,HDD,Toshiba,Barracuda 12TB 7200RPM,14250,Üst,Video Edit,,,5,12TB,SATA,3.5 inç mekanik disk,8.3,7644,3,Yok,,,,,,,İtopya
Toplama Bilgisayar,Anakart,ASUS,Strix A620 WiFi DDR5,3100,Giriş,Günlük Kullanım,AM5,DDR5,,,AM5-DDR5,"ATX, A620 yonga seti, DDR5 bellek desteği",7.5,2890,3,Yok,ATX,,,,,,Epey
Toplama Bilgisayar,Mouse,Razer,G Pro X Superlight Mini 16000DPI,1100,Orta,Günlük Kullanım,,,,,Bluetooth,"16000 DPI sensör, 75g",8.2,3286,2,Var,,,,,,,Sinerji
Toplama Bilgisayar,Mouse,Redragon,Atlantis 12000DPI,450,Giriş,Günlük Kullanım,,,,,Kablosuz,"12000 DPI sensör, 90g",7.2,58,2,Yok,,,,,,,Sinerji
Toplama Bilgisayar,Anakart,MSI,Steel Legend B760 DDR4,4650,Orta,Oyun,LGA1700,DDR4,,,LGA1700-DDR4,"Micro ATX, B760 yonga seti, DDR4 bellek desteği",8.4,8024,3,Var,Micro ATX,,,,,,İncehesap
Toplama Bilgisayar,Güç Kaynağı,MSI,Core Reactor 1600W 80+ Platinum,15300,Amiral,Yayıncılık,,,1600W,,80+ Platinum,"Modüler PSU, 80+ Platinum",9.7,5003,3,Yok,,,,,,,İncehesap
Toplama Bilgisayar,Kasa,MSI,Warcry White,2200,Giriş,Günlük Kullanım,,,,,ATX,"Full Tower, mesh/airflow odaklı kasa",8.0,505,2,Yok,Full Tower,,,,,,Epey
Toplama Bilgisayar,Mouse,Glorious,ROG Keris Wireless 30000DPI,600,Giriş,Ofis,,,,,Bluetooth,"30000 DPI sensör, 49g",7.4,1099,2,Yok,,,,,,,Vatan
Toplama Bilgisayar,Kasa,NZXT,CH370 Black,3900,Orta,Günlük Kullanım,,,,,ATX,"Mid Tower, mesh/airflow odaklı kasa",8.6,610,2,Var,Mid Tower,,,,,,İncehesap
Toplama Bilgisayar,Kasa,Phanteks,H5 Flow Mesh,5150,Üst,Video Edit,,,,,ATX,"Mid Tower, mesh/airflow odaklı kasa",9.3,5708,2,Yok,Mid Tower,,,,,,İncehesap
Toplama Bilgisayar,Anakart,Gigabyte,TUF Gaming B650E WiFi DDR5,10800,Üst,Video Edit,AM5,DDR5,,,AM5-DDR5,"Micro ATX, B650E yonga seti, DDR5 bellek desteği",9.4,11147,3,Var,Micro ATX,,,,,,İncehesap
Toplama Bilgisayar,Kasa,NZXT,Eclipse White,7500,Üst,Yazılım,,,,,Micro ATX,"Full Tower, mesh/airflow odaklı kasa",8.7,4146,2,Yok,Full Tower,,,,,,İtopya
Toplama Bilgisayar,Kasa,Lian Li,H5 Flow RGB,2900,Orta,Oyun,,,,,Micro ATX,"Full Tower, mesh/airflow odaklı kasa",7.7,2784,2,Var,Full Tower,,,,,,Akakçe
Toplama Bilgisayar,Monitör,ASUS,Odyssey 27 inç 3840x2160 240Hz,52750,Amiral,Ofis,,,50,,HDMI-DP,"Mini LED panel, 240Hz",8.9,2266,2,Yok,27 inç,3840x2160,240Hz,,,,Akakçe
Toplama Bilgisayar,Mouse,Lamzu,Harpoon 8000DPI,1450,Orta,Ofis,,,,,USB,"8000 DPI sensör, 75g",7.3,2070,2,Var,,,,,,,Akakçe
Toplama Bilgisayar,Kasa,Lian Li,O11 Dynamic RGB,2500,Orta,Günlük Kullanım,,,,,E-ATX,"Full Tower, mesh/airflow odaklı kasa",8.0,7849,2,Var,Full Tower,,,,,,Sinerji
Toplama Bilgisayar,Soğutucu,DeepCool,Assassin X,2100,Orta,Ofis,,,,,AM4-AM5-LGA1700,Hava soğutma,7.7,6592,5,Yok,,,,,,,İncehesap
Toplama Bilgisayar,Mouse,SteelSeries,M711 Wireless 12000DPI,2950,Üst,Günlük Kullanım,,,,,Bluetooth,"12000 DPI sensör, 90g",8.8,4037,2,Yok,,,,,,,Akakçe
Toplama Bilgisayar,SSD,Seagate,Exceria Plus 4TB NVMe,16300,Amiral,Video Edit,,,5,4TB,M2 NVMe,PCIe 5.0 NVMe SSD,9.9,847,5,Yok,,,,,10638 MB/s,9588 MB/s,Vatan
Toplama Bilgisayar,Ekran Kartı,Gainward,RX 9070 XT TUF 16GB,62250,Amiral,Yapay Zeka,,GDDR6,304,16GB,PCIe,2026 RDNA üst seviye,9.2,4739,3,Yok,,,,16GB,,,Epey
Toplama Bilgisayar,HDD,Seagate,N300 8TB 7200RPM,6700,Üst,Günlük Kullanım,,,7,8TB,SATA,3.5 inç mekanik disk,8.9,7385,3,Yok,,,,,,,Sinerji
Toplama Bilgisayar,Klavye,Akko,BlackWidow Wireless Mekanik Tam boy,2150,Orta,Günlük Kullanım,,,,,Bluetooth,Mekanik klavye,8.6,2124,2,Var,Tam boy,,,,,,GamingGenTR
Toplama Bilgisayar,Güç Kaynağı,Seasonic,PF 650W 80+ Bronze,4400,Orta,Yazılım,,,650W,,80+ Bronze,"Yarı modüler PSU, 80+ Bronze",7.9,2006,2,Yok,,,,,,,Akakçe
Toplama Bilgisayar,RAM,XPG,T-Force Delta 16GB 2x8GB DDR4 4000MHz,1500,Orta,Yazılım,,DDR4,,16GB,DDR4,4000MHz bellek kiti,8.5,5137,2,Var,,,,,,,GamingGenTR
Toplama Bilgisayar,Ekran Kartı,ASUS,RTX 4090 GamingPro 24GB,143500,Amiral,Yayıncılık,,GDDR6X,450,24GB,PCIe,AI ve 4K üst seviye,8.9,1958,3,Yok,,,,24GB,,,GamingGenTR
Toplama Bilgisayar,Klavye,SteelSeries,BlackWidow RGB Mekanik Tam boy,800,Giriş,Günlük Kullanım,,,,,Bluetooth,Mekanik klavye,6.7,577,2,Var,Tam boy,,,,,,Sinerji
Toplama Bilgisayar,RAM,Lexar,XLR8 8GB 1x8GB DDR5 5600MHz,1100,Giriş,Günlük Kullanım,,DDR5,,8GB,DDR5,5600MHz bellek kiti,6.5,3172,3,Var,,,,,,,GamingGenTR
Toplama Bilgisayar,Güç Kaynağı,GamePower,MAG 1600W 80+ Titanium,18050,Amiral,Yapay Zeka,,,1600W,,80+ Titanium,"Modüler PSU, 80+ Titanium",8.9,1319,2,Yok,,,,,,,İtopya
Toplama Bilgisayar,Ekran Kartı,Gainward,RTX 4070 Super Nitro+ 12GB,40950,Üst,Oyun,,GDDR6,220,12GB,PCIe,1440p ultra oyun,9.5,7480,3,Var,,,,12GB,,,Akakçe
Toplama Bilgisayar,Anakart,Gigabyte,Mortar X870 WiFi DDR5,21150,Amiral,Tasarım,AM5,DDR5,,,AM5-DDR5,"Mini ITX, X870 yonga seti, DDR5 bellek desteği",9.2,523,3,Var,Mini ITX,,,,,,İncehesap
Toplama Bilgisayar,Kasa,NZXT,O11 Dynamic Black,5800,Üst,Video Edit,,,,,Micro ATX,"Mid Tower, mesh/airflow odaklı kasa",8.2,7215,2,Var,Mid Tower,,,,,,GamingGenTR
Toplama Bilgisayar,Soğutucu,SilverStone,Dark Rock 4,700,Giriş,Günlük Kullanım,,,,,AM4-AM5-LGA1700,Hava soğutma,6.8,1214,2,Yok,,,,,,,İncehesap
Toplama Bilgisayar,Ekran Kartı,PowerColor,RTX 4060 Ti JetStream 8GB,22850,Orta,Günlük Kullanım,,GDDR6,160,8GB,PCIe,1080p/1440p oyun,8.3,5141,3,Var,,,,8GB,,,Vatan
Toplama Bilgisayar,Kasa,Fractal Design,Warcry Mesh,3700,Orta,Yazılım,,,,,E-ATX,"Mini Tower, mesh/airflow odaklı kasa",8.1,4126,2,Yok,Mini Tower,,,,,,Epey
Toplama Bilgisayar,Monitör,Acer,Aorus 23.8 inç 3440x1440 165Hz,21700,Amiral,Yazılım,,,25,,HDMI-DP,"VA panel, 165Hz",9.0,2981,2,Yok,23.8 inç,3440x1440,165Hz,,,,İtopya
Toplama Bilgisayar,Mouse,Lamzu,G102 Pro 26000DPI,550,Giriş,Ofis,,,,,USB,"26000 DPI sensör, 75g",7.3,359,2,Yok,,,,,,,Sinerji
Toplama Bilgisayar,Ekran Kartı,PowerColor,RTX 4060 Ti GamingPro 8GB,23350,Orta,Oyun,,GDDR6,160,8GB,PCIe,1080p/1440p oyun,8.7,7228,3,Var,,,,8GB,,,İncehesap
Toplama Bilgisayar,Klavye,Redragon,K380 Pro Mekanik 60%,850,Giriş,Ofis,,,,,USB,Mekanik klavye,6.9,244,2,Yok,60%,,,,,,İtopya
Toplama Bilgisayar,Kasa,ASUS,CH370,2450,Orta,Ofis,,,,,E-ATX,"Full Tower, mesh/airflow odaklı kasa",7.7,5735,2,Yok,Full Tower,,,,,,Epey
Toplama Bilgisayar,Klavye,Keychron,ROG Strix Scope Pro Low Profile 75%,4750,Üst,Günlük Kullanım,,,,,Bluetooth,Low Profile klavye,9.3,7918,2,Var,75%,,,,,,Vatan
Toplama Bilgisayar,Ekran Kartı,MSI,RX 7900 GRE Eagle OC 16GB,46950,Üst,Oyun,,GDDR6,260,16GB,PCIe,1440p/4K,9.1,9042,3,Var,,,,16GB,,,Akakçe
Toplama Bilgisayar,Soğutucu,NZXT,NH-D15,1100,Giriş,Günlük Kullanım,,,,,AM4-AM5-LGA1700,Hava soğutma,6.6,2030,3,Yok,,,,,,,Akakçe
Toplama Bilgisayar,Anakart,Colorful,PRO Z790 DDR5,11550,Üst,Yazılım,LGA1700,DDR5,,,LGA1700-DDR5,"Mini ITX, Z790 yonga seti, DDR5 bellek desteği",8.7,1281,3,Var,Mini ITX,,,,,,Akakçe
Toplama Bilgisayar,Kasa,Thermaltake,TUF GT RGB,4300,Orta,Yazılım,,,,,Micro ATX,"Full Tower, mesh/airflow odaklı kasa",7.9,7276,2,Var,Full Tower,,,,,,İncehesap
Toplama Bilgisayar,Klavye,Akko,Vigor GK RGB Low Profile 75%,1750,Orta,Ofis,,,,,Bluetooth,Low Profile klavye,7.7,2115,2,Var,75%,,,,,,GamingGenTR
Toplama Bilgisayar,Anakart,Biostar,Taichi X570 AX DDR4,12700,Üst,Video Edit,AM4,DDR4,,,AM4-DDR4,"Mini ITX, X570 yonga seti, DDR4 bellek desteği",9.0,3671,3,Yok,Mini ITX,,,,,,İtopya
Toplama Bilgisayar,Mouse,Logitech,Rival Wireless 8000DPI,3100,Üst,Günlük Kullanım,,,,,Kablosuz,"8000 DPI sensör, 75g",9.1,4206,2,Var,,,,,,,Vatan
Toplama Bilgisayar,HDD,Toshiba,Barracuda 4TB 7200RPM,3550,Orta,Yayıncılık,,,5,4TB,SATA,3.5 inç mekanik disk,7.8,5671,3,Yok,,,,,,,GamingGenTR
Toplama Bilgisayar,Mouse,Corsair,FK2 Mini 8000DPI,2650,Üst,Günlük Kullanım,,,,,USB,"8000 DPI sensör, 75g",8.6,1046,2,Yok,,,,,,,Sinerji
Toplama Bilgisayar,Anakart,MSI,Creator H610 AX DDR4,2400,Giriş,Yazılım,LGA1700,DDR4,,,LGA1700-DDR4,"Micro ATX, H610 yonga seti, DDR4 bellek desteği",6.8,1579,3,Yok,Micro ATX,,,,,,Vatan
Toplama Bilgisayar,Mouse,Logitech,FK2 16000DPI,1800,Orta,Günlük Kullanım,,,,,Kablosuz,"16000 DPI sensör, 59g",8.5,5497,2,Yok,,,,,,,İtopya
Toplama Bilgisayar,Kasa,DarkFlash,Lancool RGB,3950,Orta,Yazılım,,,,,ATX,"Mini Tower, mesh/airflow odaklı kasa",8.2,2633,2,Var,Mini Tower,,,,,,Epey
Toplama Bilgisayar,Kasa,MSI,4000D Airflow RGB,2600,Orta,Oyun,,,,,E-ATX,"Full Tower, mesh/airflow odaklı kasa",8.4,1512,2,Var,Full Tower,,,,,,Akakçe
Toplama Bilgisayar,Kasa,Thermaltake,Eclipse RGB,3300,Orta,Yazılım,,,,,E-ATX,"Mid Tower, mesh/airflow odaklı kasa",8.1,5702,2,Var,Mid Tower,,,,,,Akakçe
Toplama Bilgisayar,Kasa,Xigmatek,4000D Airflow Mesh,2950,Orta,Günlük Kullanım,,,,,Micro ATX,"Mid Tower, mesh/airflow odaklı kasa",7.7,642,2,Var,Mid Tower,,,,,,GamingGenTR
Toplama Bilgisayar,Güç Kaynağı,High Power,Hydro K Pro 1200W 80+ Platinum,15650,Amiral,Yapay Zeka,,,1200W,,80+ Platinum,"Modüler PSU, 80+ Platinum",8.8,1738,3,Yok,,,,,,,Vatan
Toplama Bilgisayar,Kasa,GamePower,Eclipse Mesh,4950,Üst,Yazılım,,,,,ATX,"Full Tower, mesh/airflow odaklı kasa",8.1,5561,2,Yok,Full Tower,,,,,,Vatan
Toplama Bilgisayar,SSD,WD,CS2241 1TB NVMe,4550,Orta,Yazılım,,,5,1TB,M2 NVMe,PCIe 5.0 NVMe SSD,7.4,5348,5,Yok,,,,,11976 MB/s,8957 MB/s,Sinerji
Toplama Bilgisayar,RAM,Crucial,NOX 64GB 2x32GB DDR5 6000MHz,11300,Amiral,Yapay Zeka,,DDR5,,64GB,DDR5,6000MHz bellek kiti,9.1,2844,2,Yok,,,,,,,Sinerji
Toplama Bilgisayar,Kasa,Phanteks,Eclipse Black,6050,Üst,Video Edit,,,,,ATX,"Full Tower, mesh/airflow odaklı kasa",8.3,1941,2,Yok,Full Tower,,,,,,Akakçe
Toplama Bilgisayar,Kasa,Xigmatek,Warcry White,12450,Amiral,Yapay Zeka,,,,,E-ATX,"Mini Tower, mesh/airflow odaklı kasa",9.1,2016,2,Yok,Mini Tower,,,,,,İtopya
Toplama Bilgisayar,HDD,Seagate,Red Plus 6TB 7200RPM,5100,Orta,Ofis,,,7,6TB,SATA,3.5 inç mekanik disk,8.3,906,2,Yok,,,,,,,İncehesap
Toplama Bilgisayar,Klavye,Keychron,Alloy Origins RGB Membran TKL,5200,Üst,Yazılım,,,,,Bluetooth,Membran klavye,8.3,10434,2,Var,TKL,,,,,,Sinerji
Toplama Bilgisayar,Klavye,ASUS,Vigor GK RGB Membran 75%,750,Giriş,Yazılım,,,,,USB,Membran klavye,7.8,1642,2,Var,75%,,,,,,Sinerji
Toplama Bilgisayar,Monitör,LG,Mobiuz 31.5 inç 2560x1440 144Hz,7600,Üst,Ofis,,,35,,HDMI-DP,"IPS panel, 144Hz",9.1,7858,3,Yok,31.5 inç,2560x1440,144Hz,,,,Epey
Toplama Bilgisayar,Kasa,Phanteks,Warcry Mesh,2750,Orta,Oyun,,,,,ATX,"Full Tower, mesh/airflow odaklı kasa",7.6,793,2,Var,Full Tower,,,,,,Epey
Toplama Bilgisayar,Monitör,Lenovo,Aorus 34 inç 2560x1440 144Hz,9750,Üst,Oyun,,,35,,HDMI-DP,"VA panel, 144Hz",8.8,5172,3,Yok,34 inç,2560x1440,144Hz,,,,Epey
Toplama Bilgisayar,Ekran Kartı,Galax,RTX 4070 Ti Super TUF 16GB,52100,Üst,Yapay Zeka,,GDDR6X,285,16GB,PCIe,1440p/4K güçlü performans,8.7,7562,3,Var,,,,16GB,,,Akakçe
Toplama Bilgisayar,Mouse,Darmoshark,G305 Wireless 30000DPI,450,Giriş,Günlük Kullanım,,,,,Kablosuz,"30000 DPI sensör, 49g",7.1,1514,2,Var,,,,,,,Epey
Toplama Bilgisayar,Kasa,GamePower,TUF GT RGB,4850,Üst,Tasarım,,,,,Micro ATX,"Mid Tower, mesh/airflow odaklı kasa",8.4,7965,2,Var,Mid Tower,,,,,,İncehesap
Toplama Bilgisayar,Kasa,Corsair,CH370,4100,Orta,Yazılım,,,,,E-ATX,"Mid Tower, mesh/airflow odaklı kasa",7.8,2948,2,Var,Mid Tower,,,,,,GamingGenTR
Toplama Bilgisayar,Anakart,ASRock,Mortar B760 DDR4,6550,Orta,Ofis,LGA1700,DDR4,,,LGA1700-DDR4,"ATX, B760 yonga seti, DDR4 bellek desteği",7.6,7172,3,Yok,ATX,,,,,,Akakçe
Toplama Bilgisayar,Mouse,Lamzu,FK2 Pro 12000DPI,1250,Orta,Yazılım,,,,,Bluetooth,"12000 DPI sensör, 90g",8.6,7212,2,Var,,,,,,,Epey
Toplama Bilgisayar,Mouse,Pulsar,X2V2 Wireless 16000DPI,6300,Amiral,Oyun,,,,,Kablosuz,"16000 DPI sensör, 75g",9.2,4201,2,Yok,,,,,,,İncehesap
Toplama Bilgisayar,Kasa,DeepCool,North Black,5600,Üst,Video Edit,,,,,E-ATX,"Mid Tower, mesh/airflow odaklı kasa",9.4,11913,2,Var,Mid Tower,,,,,,Akakçe
Toplama Bilgisayar,Güç Kaynağı,XPG,PF 450W 80+ Bronze,1700,Giriş,Oyun,,,450W,,80+ Bronze,"Yarı modüler PSU, 80+ Bronze",7.2,1212,10,Yok,,,,,,,GamingGenTR
Toplama Bilgisayar,Anakart,MSI,Gaming X H610 WiFi DDR4,3200,Giriş,Yazılım,LGA1700,DDR4,,,LGA1700-DDR4,"ATX, H610 yonga seti, DDR4 bellek desteği",6.7,2070,3,Var,ATX,,,,,,GamingGenTR
Toplama Bilgisayar,Kasa,GamePower,H5 Flow White,4500,Üst,Yayıncılık,,,,,Micro ATX,"Mid Tower, mesh/airflow odaklı kasa",9.2,8952,2,Yok,Mid Tower,,,,,,Epey
Toplama Bilgisayar,Monitör,Dell,UltraGear 24.5 inç 3840x2160 240Hz,34350,Amiral,Tasarım,,,50,,HDMI-DP,"Mini LED panel, 240Hz",9.5,5504,3,Yok,24.5 inç,3840x2160,240Hz,,,,GamingGenTR
Toplama Bilgisayar,Güç Kaynağı,FSP,Strider 450W 80+ Bronze,1600,Giriş,Ofis,,,450W,,80+ Bronze,"Yarı modüler PSU, 80+ Bronze",6.8,3183,2,Yok,,,,,,,İncehesap
Toplama Bilgisayar,Anakart,ASRock,Prime A520 WiFi DDR4,3200,Giriş,Ofis,AM4,DDR4,,,AM4-DDR4,"Micro ATX, A520 yonga seti, DDR4 bellek desteği",6.7,539,3,Yok,Micro ATX,,,,,,İncehesap
Toplama Bilgisayar,Soğutucu,ID-Cooling,Frozen Notte 240,3050,Orta,Ofis,,,,,AM4-AM5-LGA1700,240mm sıvı soğutma,8.0,4461,2,Var,240mm,,,,,,İtopya
Toplama Bilgisayar,Kasa,Xigmatek,O11 Dynamic RGB,1650,Giriş,Oyun,,,,,E-ATX,"Full Tower, mesh/airflow odaklı kasa",7.6,1111,2,Var,Full Tower,,,,,,İncehesap
Toplama Bilgisayar,Klavye,MSI,RK61 Pro Optik switch Tam boy,3050,Üst,Günlük Kullanım,,,,,USB,Optik switch klavye,9.5,2048,2,Var,Tam boy,,,,,,Epey
Toplama Bilgisayar,Klavye,Royal Kludge,K70 RGB Membran 60%,3750,Üst,Günlük Kullanım,,,,,Kablosuz,Membran klavye,9.0,4437,2,Var,60%,,,,,,Sinerji
Toplama Bilgisayar,RAM,ADATA,T-Force Delta 32GB 2x16GB DDR5 6000MHz,4850,Üst,Yayıncılık,,DDR5,,32GB,DDR5,6000MHz bellek kiti,9.0,1614,3,Var,,,,,,,Akakçe
Toplama Bilgisayar,Anakart,Gigabyte,Mortar B550 MAX DDR4,5550,Orta,Yazılım,AM4,DDR4,,,AM4-DDR4,"Mini ITX, B550 yonga seti, DDR4 bellek desteği",7.4,4001,3,Var,Mini ITX,,,,,,İtopya
Toplama Bilgisayar,Monitör,Philips,ProArt 24.5 inç 2560x1440 180Hz,11950,Üst,Video Edit,,,25,,HDMI-DP,"VA panel, 180Hz",8.8,7441,2,Yok,24.5 inç,2560x1440,180Hz,,,,Vatan
Toplama Bilgisayar,Klavye,Corsair,Alloy Origins Optik switch 75%,2000,Orta,Oyun,,,,,Kablosuz,Optik switch klavye,7.5,2258,2,Yok,75%,,,,,,Akakçe
Toplama Bilgisayar,Klavye,Glorious,GMMK Pro Mekanik 75%,2050,Orta,Ofis,,,,,Kablosuz,Mekanik klavye,8.6,7590,2,Yok,75%,,,,,,Epey
Toplama Bilgisayar,Monitör,ViewSonic,TUF Gaming 32 inç 3840x2160 240Hz,55050,Amiral,Yazılım,,,50,,HDMI-DP,"Mini LED panel, 240Hz",8.8,3633,3,Yok,32 inç,3840x2160,240Hz,,,,Akakçe
Toplama Bilgisayar,Soğutucu,Arctic,Dark Rock 4,1650,Orta,Günlük Kullanım,,,,,AM4-AM5-LGA1700,Hava soğutma,8.5,4870,5,Var,,,,,,,GamingGenTR
Toplama Bilgisayar,Soğutucu,MSI,Hyper 212,1550,Orta,Oyun,,,,,AM4-AM5-LGA1700,Hava soğutma,7.6,6803,3,Yok,,,,,,,Akakçe
Toplama Bilgisayar,Kasa,Xigmatek,Lancool RGB,3050,Orta,Yazılım,,,,,ATX,"Mid Tower, mesh/airflow odaklı kasa",8.0,58,2,Var,Mid Tower,,,,,,Sinerji
Toplama Bilgisayar,Klavye,Corsair,Alloy Origins Pro Mekanik 60%,4850,Üst,Yazılım,,,,,Bluetooth,Mekanik klavye,8.7,6035,2,Var,60%,,,,,,Sinerji
Toplama Bilgisayar,Anakart,Colorful,Strix X570 AX DDR4,8450,Üst,Oyun,AM4,DDR4,,,AM4-DDR4,"Micro ATX, X570 yonga seti, DDR4 bellek desteği",9.4,7499,3,Yok,Micro ATX,,,,,,İncehesap
Toplama Bilgisayar,Klavye,Glorious,RK61 Wireless Mekanik TKL,1450,Orta,Günlük Kullanım,,,,,USB,Mekanik klavye,8.1,4109,2,Yok,TKL,,,,,,İtopya
Toplama Bilgisayar,Kasa,DarkFlash,View 270 Mesh,3850,Orta,Günlük Kullanım,,,,,ATX,"Full Tower, mesh/airflow odaklı kasa",8.6,978,2,Yok,Full Tower,,,,,,Epey
Toplama Bilgisayar,Mouse,HyperX,G305 Pro 16000DPI,6600,Amiral,Oyun,,,,,Bluetooth,"16000 DPI sensör, 59g",9.8,810,2,Var,,,,,,,Epey
Toplama Bilgisayar,Ekran Kartı,Palit,RTX 4070 Twin Edge 12GB,36700,Üst,Oyun,,GDDR6,200,12GB,PCIe,1440p oyun,8.1,9228,3,Yok,,,,12GB,,,İtopya
Toplama Bilgisayar,Kasa,DeepCool,Eclipse Mesh,5850,Üst,Yazılım,,,,,E-ATX,"Full Tower, mesh/airflow odaklı kasa",8.5,7508,2,Var,Full Tower,,,,,,Akakçe
Toplama Bilgisayar,Kasa,DeepCool,Aquarius RGB,2350,Orta,Oyun,,,,,ATX,"Mid Tower, mesh/airflow odaklı kasa",8.5,4533,2,Var,Mid Tower,,,,,,Vatan
Toplama Bilgisayar,Kasa,Corsair,MAG Forge Black,2550,Orta,Oyun,,,,,Micro ATX,"Mid Tower, mesh/airflow odaklı kasa",8.5,3361,2,Yok,Mid Tower,,,,,,Akakçe
Toplama Bilgisayar,Kasa,Thermaltake,View 270 White,2150,Giriş,Günlük Kullanım,,,,,Micro ATX,"Mini Tower, mesh/airflow odaklı kasa",7.1,2187,2,Var,Mini Tower,,,,,,Akakçe
Toplama Bilgisayar,Klavye,Corsair,ROG Strix Scope Pro Optik switch TKL,650,Giriş,Oyun,,,,,USB,Optik switch klavye,6.5,2534,2,Var,TKL,,,,,,Sinerji
Toplama Bilgisayar,Kasa,Lian Li,4000D Airflow RGB,4150,Orta,Oyun,,,,,E-ATX,"Mini Tower, mesh/airflow odaklı kasa",8.7,8386,2,Var,Mini Tower,,,,,,Akakçe
Toplama Bilgisayar,Kasa,GamePower,Warcry Mesh,3250,Orta,Günlük Kullanım,,,,,ATX,"Full Tower, mesh/airflow odaklı kasa",8.2,7738,2,Var,Full Tower,,,,,,Akakçe
Toplama Bilgisayar,Güç Kaynağı,Thermaltake,MAG 450W 80+ Bronze,2100,Giriş,Ofis,,,450W,,80+ Bronze,"Sabit kablo PSU, 80+ Bronze",6.6,3053,7,Yok,,,,,,,İtopya
Toplama Bilgisayar,Mouse,Zowie,Atlantis 16000DPI,1750,Orta,Ofis,,,,,Bluetooth,"16000 DPI sensör, 90g",7.9,6609,2,Var,,,,,,,GamingGenTR
Toplama Bilgisayar,SSD,PNY,NM790 500GB NVMe,1200,Giriş,Günlük Kullanım,,,5,500GB,M2 NVMe,PCIe 3.0 NVMe SSD,7.5,2766,5,Yok,,,,,3334 MB/s,2989 MB/s,Akakçe
Toplama Bilgisayar,Mouse,ASUS,ROG Keris Wireless 12000DPI,3550,Üst,Ofis,,,,,USB,"12000 DPI sensör, 90g",9.2,4813,2,Yok,,,,,,,İncehesap
Toplama Bilgisayar,Klavye,Glorious,ROG Strix Scope Membran 60%,8400,Amiral,Günlük Kullanım,,,,,USB,Membran klavye,9.6,2731,2,Var,60%,,,,,,İncehesap
Toplama Bilgisayar,RAM,GoodRam,Ballistix 16GB 2x8GB DDR5 6000MHz,2700,Orta,Günlük Kullanım,,DDR5,,16GB,DDR5,6000MHz bellek kiti,7.5,8058,3,Var,,,,,,,Akakçe
Toplama Bilgisayar,Kasa,MSI,North Black,2350,Giriş,Ofis,,,,,Micro ATX,"Mid Tower, mesh/airflow odaklı kasa",6.7,3103,2,Var,Mid Tower,,,,,,Vatan
Toplama Bilgisayar,Kasa,DeepCool,Warcry White,4300,Üst,Video Edit,,,,,E-ATX,"Mid Tower, mesh/airflow odaklı kasa",8.8,425,2,Var,Mid Tower,,,,,,GamingGenTR
Toplama Bilgisayar,Klavye,Keychron,Apex Wireless Mekanik Tam boy,2250,Orta,Günlük Kullanım,,,,,USB,Mekanik klavye,7.9,7581,2,Var,Tam boy,,,,,,Epey
Toplama Bilgisayar,Mouse,HyperX,ROG Keris Wireless 12000DPI,6950,Amiral,Yazılım,,,,,USB,"12000 DPI sensör, 49g",8.9,3543,2,Var,,,,,,,İncehesap
Toplama Bilgisayar,İşlemci,AMD,Ryzen 7 5700X Pro Sistem,8850,Üst,Oyun,AM4,DDR4,65,,AM4-DDR4,8 çekirdek 16 thread,9.1,8827,3,Yok,,,,,,,Sinerji
Toplama Bilgisayar,Mouse,Darmoshark,G102 26000DPI,600,Giriş,Ofis,,,,,USB,"26000 DPI sensör, 90g",8.0,717,2,Yok,,,,,,,Vatan
Toplama Bilgisayar,Klavye,Razer,G Pro X Pro Mekanik Tam boy,5150,Üst,Oyun,,,,,Kablosuz,Mekanik klavye,8.5,1146,2,Var,Tam boy,,,,,,Akakçe
Toplama Bilgisayar,HDD,WD,N300 6TB 7200RPM,7150,Orta,Video Edit,,,5,6TB,SATA,3.5 inç mekanik disk,7.5,4574,3,Yok,,,,,,,İtopya
Toplama Bilgisayar,Kasa,GamePower,CH370 Black,4450,Üst,Video Edit,,,,,Micro ATX,"Mini Tower, mesh/airflow odaklı kasa",8.5,9287,2,Yok,Mini Tower,,,,,,GamingGenTR
Toplama Bilgisayar,Ekran Kartı,PowerColor,RX 7600 Twin Edge 8GB,16850,Orta,Günlük Kullanım,,GDDR6,165,8GB,PCIe,1080p oyun,7.6,3908,3,Var,,,,8GB,,,GamingGenTR
Toplama Bilgisayar,İşlemci,AMD,Ryzen 9 7950X Tray,24800,Amiral,Oyun,AM5,DDR5,170,,AM5-DDR5,16 çekirdek 32 thread,9.5,3439,3,Yok,,,,,,,İncehesap
Toplama Bilgisayar,Klavye,SteelSeries,BlackWidow Wireless Membran TKL,7150,Amiral,Yazılım,,,,,USB,Membran klavye,9.5,133,2,Var,TKL,,,,,,GamingGenTR
Toplama Bilgisayar,Klavye,Redragon,G Pro X Pro Membran Tam boy,2200,Orta,Günlük Kullanım,,,,,Bluetooth,Membran klavye,7.4,4032,2,Yok,Tam boy,,,,,,Vatan
Toplama Bilgisayar,Ekran Kartı,Sapphire,GTX 1650 Hellhound 4GB,6700,Giriş,Oyun,,GDDR6,75,4GB,PCIe,1080p giriş oyun,6.6,2762,3,Var,,,,4GB,,,Akakçe
Toplama Bilgisayar,Ekran Kartı,Gigabyte,RTX 4060 Ti Ventus 2X 8GB,26450,Orta,Günlük Kullanım,,GDDR6,160,8GB,PCIe,1080p/1440p oyun,8.6,68,3,Yok,,,,8GB,,,İncehesap
Toplama Bilgisayar,SSD,TeamGroup,MP600 4TB NVMe,10000,Amiral,Video Edit,,,5,4TB,M2 NVMe,PCIe 3.0 NVMe SSD,8.9,4056,3,Yok,,,,,3361 MB/s,2736 MB/s,Akakçe
Toplama Bilgisayar,Ekran Kartı,Gainward,RX 7600 StormX 8GB,13650,Orta,Günlük Kullanım,,GDDR6,165,8GB,PCIe,1080p oyun,8.2,5747,3,Var,,,,8GB,,,Akakçe
Toplama Bilgisayar,Kasa,GamePower,Meshify Mesh,4300,Üst,Oyun,,,,,E-ATX,"Mini Tower, mesh/airflow odaklı kasa",8.4,3249,2,Var,Mini Tower,,,,,,GamingGenTR
Toplama Bilgisayar,Anakart,NZXT,Prime B550 MAX DDR4,6150,Orta,Ofis,AM4,DDR4,,,AM4-DDR4,"Mini ITX, B550 yonga seti, DDR4 bellek desteği",7.3,112,3,Var,Mini ITX,,,,,,GamingGenTR
Toplama Bilgisayar,RAM,Crucial,XLR8 16GB 2x8GB DDR5 6400MHz,2500,Orta,Oyun,,DDR5,,16GB,DDR5,6400MHz bellek kiti,8.7,3153,2,Var,,,,,,,Sinerji
Toplama Bilgisayar,SSD,Samsung,KC3000 4TB NVMe,7150,Amiral,Yapay Zeka,,,5,4TB,M2 NVMe,PCIe 3.0 NVMe SSD,9.6,5320,3,Yok,,,,,3379 MB/s,2957 MB/s,GamingGenTR
Toplama Bilgisayar,Ekran Kartı,MSI,RTX 4070 Super Hellhound 12GB,39050,Üst,Oyun,,GDDR6,220,12GB,PCIe,1440p ultra oyun,9.2,3392,3,Var,,,,12GB,,,Akakçe
Toplama Bilgisayar,Klavye,Royal Kludge,Vigor GK Membran TKL,3250,Üst,Yazılım,,,,,Kablosuz,Membran klavye,9.0,3081,2,Yok,TKL,,,,,,İtopya
Toplama Bilgisayar,Soğutucu,Corsair,Frozr,4250,Üst,Yayıncılık,,,,,AM4-AM5-LGA1700,Hava soğutma,9.1,9384,5,Yok,,,,,,,İtopya
Toplama Bilgisayar,Güç Kaynağı,MSI,Core Reactor 1200W 80+ Platinum,14250,Amiral,Video Edit,,,1200W,,80+ Platinum,"Modüler PSU, 80+ Platinum",9.5,4814,5,Yok,,,,,,,Sinerji
Toplama Bilgisayar,Kasa,GamePower,Lancool RGB,2750,Orta,Günlük Kullanım,,,,,Micro ATX,"Mid Tower, mesh/airflow odaklı kasa",7.8,4125,2,Var,Mid Tower,,,,,,İncehesap
Toplama Bilgisayar,Mouse,MSI,Clutch GM Wireless 12000DPI,400,Giriş,Ofis,,,,,Kablosuz,"12000 DPI sensör, 63g",6.9,2779,2,Var,,,,,,,Vatan
Toplama Bilgisayar,RAM,Apacer,XLR8 16GB 2x8GB DDR4 4000MHz,1450,Orta,Yazılım,,DDR4,,16GB,DDR4,4000MHz bellek kiti,7.4,2515,3,Yok,,,,,,,İncehesap
Toplama Bilgisayar,Monitör,ViewSonic,Legion 31.5 inç 1920x1080 144Hz,5550,Orta,Ofis,,,25,,HDMI-DP,"VA panel, 144Hz",7.7,4662,3,Yok,31.5 inç,1920x1080,144Hz,,,,İncehesap
Toplama Bilgisayar,Soğutucu,ASUS,Dark Rock 4,1450,Orta,Oyun,,,,,AM4-AM5-LGA1700,Hava soğutma,7.7,7121,2,Var,,,,,,,Akakçe
Toplama Bilgisayar,Mouse,Corsair,DeathAdder Mini 36000DPI,600,Giriş,Ofis,,,,,USB,"36000 DPI sensör, 59g",8.1,2828,2,Var,,,,,,,İtopya
Toplama Bilgisayar,Klavye,Logitech,Ogre RGB Membran Tam boy,3250,Üst,Oyun,,,,,Kablosuz,Membran klavye,8.7,10790,2,Var,Tam boy,,,,,,İtopya
Toplama Bilgisayar,Kasa,Corsair,TD500 RGB,2750,Orta,Yazılım,,,,,E-ATX,"Full Tower, mesh/airflow odaklı kasa",8.2,305,2,Var,Full Tower,,,,,,Akakçe
Toplama Bilgisayar,RAM,Apacer,XLR8 8GB 1x8GB DDR4 3600MHz,650,Giriş,Ofis,,DDR4,,8GB,DDR4,3600MHz bellek kiti,6.6,1637,5,Var,,,,,,,GamingGenTR
Toplama Bilgisayar,RAM,GoodRam,T-Force Delta 64GB 2x32GB DDR5 5200MHz,11300,Amiral,Tasarım,,DDR5,,64GB,DDR5,5200MHz bellek kiti,9.7,2414,5,Var,,,,,,,Sinerji
Toplama Bilgisayar,Ekran Kartı,PowerColor,RX 6600 Aero OC 8GB,8850,Giriş,Oyun,,GDDR6,132,8GB,PCIe,1080p fiyat performans,7.5,235,3,Var,,,,8GB,,,Akakçe
Toplama Bilgisayar,Kasa,Thermaltake,Aquarius Mesh,4200,Orta,Yazılım,,,,,ATX,"Full Tower, mesh/airflow odaklı kasa",7.7,2876,2,Var,Full Tower,,,,,,Epey
Toplama Bilgisayar,Kasa,Corsair,TUF GT Black,3100,Orta,Yazılım,,,,,Micro ATX,"Mini Tower, mesh/airflow odaklı kasa",8.0,3740,2,Var,Mini Tower,,,,,,Epey
Toplama Bilgisayar,Ekran Kartı,Colorful,RTX 4070 Eagle OC 12GB,36300,Üst,Video Edit,,GDDR6,200,12GB,PCIe,1440p oyun,8.5,7252,3,Var,,,,12GB,,,Akakçe
Toplama Bilgisayar,İşlemci,AMD,Ryzen 7 7700 Kampanya,10850,Üst,Oyun,AM5,DDR5,65,,AM5-DDR5,8 çekirdek 16 thread,8.4,3146,3,Yok,,,,,,,Vatan
Toplama Bilgisayar,Klavye,ASUS,G Pro X Wireless Mekanik TKL,1500,Orta,Oyun,,,,,Bluetooth,Mekanik klavye,8.3,4429,2,Var,TKL,,,,,,Vatan
Toplama Bilgisayar,Klavye,MSI,RK61 RGB Membran 60%,3250,Üst,Yazılım,,,,,Kablosuz,Membran klavye,8.8,3040,2,Var,60%,,,,,,İncehesap
Toplama Bilgisayar,Klavye,Glorious,RK61 RGB Mekanik 75%,2300,Orta,Oyun,,,,,USB,Mekanik klavye,8.1,327,2,Var,75%,,,,,,Akakçe
Toplama Bilgisayar,Güç Kaynağı,FSP,MWE 850W 80+ Titanium,7250,Üst,Oyun,,,850W,,80+ Titanium,"Modüler PSU, 80+ Titanium",9.5,3169,7,Yok,,,,,,,Vatan
Toplama Bilgisayar,Monitör,MSI,ProArt 27 inç 2560x1440 180Hz,12500,Üst,Yazılım,,,25,,HDMI-DP,"VA panel, 180Hz",9.0,10097,2,Yok,27 inç,2560x1440,180Hz,,,,Sinerji
Toplama Bilgisayar,Mouse,Corsair,Harpoon Pro 26000DPI,1750,Orta,Günlük Kullanım,,,,,Kablosuz,"26000 DPI sensör, 90g",8.7,7416,2,Var,,,,,,,Epey
Toplama Bilgisayar,Klavye,Razer,K70 RGB Low Profile 60%,1800,Orta,Günlük Kullanım,,,,,Bluetooth,Low Profile klavye,8.6,120,2,Var,60%,,,,,,Sinerji
Toplama Bilgisayar,Klavye,Akko,Ogre Wireless Mekanik 60%,1500,Orta,Oyun,,,,,USB,Mekanik klavye,7.7,8122,2,Yok,60%,,,,,,Akakçe
Toplama Bilgisayar,Anakart,MSI,Prime B550 MAX DDR4,5500,Orta,Yazılım,AM4,DDR4,,,AM4-DDR4,"Micro ATX, B550 yonga seti, DDR4 bellek desteği",7.6,2485,3,Yok,Micro ATX,,,,,,Akakçe
Toplama Bilgisayar,Mouse,Darmoshark,Rival Wireless 36000DPI,5400,Amiral,Ofis,,,,,Bluetooth,"36000 DPI sensör, 49g",9.0,5000,2,Yok,,,,,,,İncehesap
Toplama Bilgisayar,Kasa,ASUS,View 270 Black,6000,Üst,Oyun,,,,,ATX,"Full Tower, mesh/airflow odaklı kasa",9.3,9124,2,Var,Full Tower,,,,,,Vatan
Toplama Bilgisayar,Klavye,Akko,CK Pro Mekanik 60%,7400,Amiral,Oyun,,,,,Kablosuz,Mekanik klavye,9.5,3791,2,Var,60%,,,,,,Akakçe
Toplama Bilgisayar,Ekran Kartı,Galax,RTX 4090 JetStream 24GB,160500,Amiral,Video Edit,,GDDR6X,450,24GB,PCIe,AI ve 4K üst seviye,9.3,5041,3,Yok,,,,24GB,,,İtopya
Toplama Bilgisayar,Klavye,SteelSeries,K2 Mekanik 60%,2350,Orta,Ofis,,,,,Kablosuz,Mekanik klavye,7.3,5455,2,Yok,60%,,,,,,İncehesap
Toplama Bilgisayar,Monitör,Acer,Odyssey 27 inç 2560x1440 180Hz,13450,Üst,Video Edit,,,25,,HDMI-DP,"VA panel, 180Hz",8.2,5527,2,Yok,27 inç,2560x1440,180Hz,,,,Epey
Toplama Bilgisayar,SSD,Corsair,P5 Plus 1TB NVMe,2350,Orta,Yazılım,,,5,1TB,M2 NVMe,PCIe 4.0 NVMe SSD,7.7,7965,3,Yok,,,,,5698 MB/s,4385 MB/s,İtopya
Toplama Bilgisayar,Mouse,Pulsar,M711 Mini 26000DPI,1500,Orta,Günlük Kullanım,,,,,USB,"26000 DPI sensör, 49g",7.6,4998,2,Yok,,,,,,,Vatan
Toplama Bilgisayar,Klavye,GamePower,Vigor GK Membran TKL,3050,Üst,Günlük Kullanım,,,,,USB,Membran klavye,9.1,5244,2,Yok,TKL,,,,,,Vatan
Toplama Bilgisayar,Monitör,Dell,Alienware 23.8 inç 2560x1440 180Hz,12700,Üst,Tasarım,,,35,,HDMI-DP,"IPS panel, 180Hz",8.9,6369,2,Yok,23.8 inç,2560x1440,180Hz,,,,Epey
Toplama Bilgisayar,RAM,XPG,T-Force Delta 16GB 2x8GB DDR5 6400MHz,2650,Orta,Ofis,,DDR5,,16GB,DDR5,6400MHz bellek kiti,7.8,787,2,Yok,,,,,,,GamingGenTR
Toplama Bilgisayar,Klavye,HyperX,K70 RGB Optik switch TKL,3450,Üst,Oyun,,,,,Bluetooth,Optik switch klavye,9.4,3244,2,Var,TKL,,,,,,Epey
Toplama Bilgisayar,Kasa,NZXT,MAG Forge Black,10550,Amiral,Tasarım,,,,,Micro ATX,"Mid Tower, mesh/airflow odaklı kasa",9.8,3838,2,Yok,Mid Tower,,,,,,İtopya
Toplama Bilgisayar,Klavye,ASUS,Alloy Origins Pro Low Profile 60%,2350,Orta,Günlük Kullanım,,,,,Bluetooth,Low Profile klavye,7.2,6590,2,Yok,60%,,,,,,İtopya
Toplama Bilgisayar,Kasa,NZXT,Aquarius Mesh,14150,Amiral,Oyun,,,,,E-ATX,"Mini Tower, mesh/airflow odaklı kasa",9.3,2081,2,Yok,Mini Tower,,,,,,İtopya
Toplama Bilgisayar,Mouse,Glorious,X2V2 36000DPI,1600,Orta,Ofis,,,,,USB,"36000 DPI sensör, 59g",8.3,7721,2,Yok,,,,,,,GamingGenTR
Toplama Bilgisayar,Kasa,Lian Li,O11 Dynamic Mesh,3250,Orta,Oyun,,,,,Micro ATX,"Mid Tower, mesh/airflow odaklı kasa",7.5,153,2,Var,Mid Tower,,,,,,Akakçe
Toplama Bilgisayar,Mouse,Zowie,M711 Wireless 8000DPI,1600,Orta,Ofis,,,,,Kablosuz,"8000 DPI sensör, 75g",7.6,4888,2,Var,,,,,,,Epey
Toplama Bilgisayar,Mouse,Cooler Master,FK2 26000DPI,2950,Üst,Oyun,,,,,Bluetooth,"26000 DPI sensör, 75g",8.3,9278,2,Yok,,,,,,,GamingGenTR
Toplama Bilgisayar,Klavye,Redragon,Ogre Pro Low Profile Tam boy,500,Giriş,Yazılım,,,,,Kablosuz,Low Profile klavye,7.8,123,2,Yok,Tam boy,,,,,,Akakçe
Toplama Bilgisayar,Ekran Kartı,ASUS,RTX 5070 Dual 12GB,61850,Üst,Oyun,,GDDR6,250,12GB,PCIe,2026 yeni nesil 1440p,9.1,6364,3,Yok,,,,12GB,,,İtopya
Toplama Bilgisayar,Ekran Kartı,Galax,RTX 4070 Hellhound 12GB,38750,Üst,Oyun,,GDDR6,200,12GB,PCIe,1440p oyun,9.3,4719,3,Yok,,,,12GB,,,Sinerji
Toplama Bilgisayar,HDD,WD,P300 6TB 7200RPM,6750,Orta,Ofis,,,5,6TB,SATA,3.5 inç mekanik disk,7.6,4545,2,Yok,,,,,,,Akakçe
Toplama Bilgisayar,Mouse,Zowie,MM712 Pro 36000DPI,1100,Orta,Ofis,,,,,Kablosuz,"36000 DPI sensör, 49g",7.5,2997,2,Var,,,,,,,Vatan
Toplama Bilgisayar,Klavye,Cooler Master,GMMK Wireless Optik switch 60%,800,Giriş,Ofis,,,,,Bluetooth,Optik switch klavye,6.8,824,2,Yok,60%,,,,,,İtopya
Toplama Bilgisayar,Klavye,MSI,Ogre RGB Optik switch TKL,1550,Orta,Yazılım,,,,,Kablosuz,Optik switch klavye,8.0,4446,2,Var,TKL,,,,,,İncehesap
Toplama Bilgisayar,İşlemci,Intel,Core i5-12400F Tray,4400,Orta,Yazılım,LGA1700,DDR4,65,,LGA1700-DDR4,6 çekirdek 12 thread,8.6,456,3,Yok,,,,,,,Epey
Toplama Bilgisayar,Soğutucu,Corsair,AK400,950,Giriş,Ofis,,,,,AM4-AM5-LGA1700,Hava soğutma,6.6,1855,5,Var,,,,,,,Epey
Toplama Bilgisayar,Kasa,Fractal Design,TD500 Black,6950,Üst,Yazılım,,,,,E-ATX,"Mid Tower, mesh/airflow odaklı kasa",8.9,8712,2,Var,Mid Tower,,,,,,Epey
Toplama Bilgisayar,Kasa,NZXT,Warcry,3050,Orta,Günlük Kullanım,,,,,ATX,"Mini Tower, mesh/airflow odaklı kasa",7.9,4976,2,Yok,Mini Tower,,,,,,Epey
Toplama Bilgisayar,Anakart,ASRock,Aorus Elite B650 WiFi DDR5,4450,Orta,Oyun,AM5,DDR5,,,AM5-DDR5,"Mini ITX, B650 yonga seti, DDR5 bellek desteği",8.3,1239,3,Var,Mini ITX,,,,,,İtopya
Toplama Bilgisayar,RAM,Kingston,Fury Beast 32GB 2x16GB DDR5 6400MHz,5500,Üst,Oyun,,DDR5,,32GB,DDR5,6400MHz bellek kiti,8.9,1799,3,Yok,,,,,,,Akakçe
Toplama Bilgisayar,Soğutucu,DeepCool,NH-D15,2100,Orta,Oyun,,,,,AM4-AM5-LGA1700,Hava soğutma,8.4,3616,5,Yok,,,,,,,İtopya
Toplama Bilgisayar,Anakart,Biostar,Taichi A620 WiFi DDR5,3700,Giriş,Yazılım,AM5,DDR5,,,AM5-DDR5,"Micro ATX, A620 yonga seti, DDR5 bellek desteği",7.9,2323,3,Yok,Micro ATX,,,,,,Epey
Toplama Bilgisayar,Klavye,Redragon,Alloy Origins Pro Mekanik 60%,1350,Orta,Ofis,,,,,USB,Mekanik klavye,8.0,1023,2,Var,60%,,,,,,Akakçe
Toplama Bilgisayar,SSD,Patriot,Viper VP4300 1TB NVMe,2450,Orta,Oyun,,,3,1TB,M2 NVMe,PCIe 4.0 NVMe SSD,8.1,195,3,Yok,,,,,6641 MB/s,5483 MB/s,Sinerji
Toplama Bilgisayar,Ekran Kartı,MSI,RX 7800 XT StormX 16GB,35300,Üst,Oyun,,GDDR6,263,16GB,PCIe,16GB VRAM 1440p,8.5,1248,3,Yok,,,,16GB,,,İncehesap
Toplama Bilgisayar,Mouse,Glorious,G305 8000DPI,5100,Amiral,Yazılım,,,,,USB,"8000 DPI sensör, 63g",9.2,3411,2,Yok,,,,,,,İncehesap
Toplama Bilgisayar,Monitör,ASUS,ProArt 31.5 inç 1920x1080 144Hz,3500,Orta,Oyun,,,50,,HDMI-DP,"IPS panel, 144Hz",7.6,4383,2,Yok,31.5 inç,1920x1080,144Hz,,,,GamingGenTR
Toplama Bilgisayar,RAM,G.Skill,Trident Z5 32GB 2x16GB DDR5 7200MHz,5550,Üst,Oyun,,DDR5,,32GB,DDR5,7200MHz bellek kiti,9.4,10495,3,Var,,,,,,,Epey
Toplama Bilgisayar,Ekran Kartı,Sapphire,RTX 4070 Super Aero OC 12GB,37150,Üst,Yapay Zeka,,GDDR6,220,12GB,PCIe,1440p ultra oyun,8.4,7315,3,Yok,,,,12GB,,,Epey
Toplama Bilgisayar,SSD,Patriot,MP600 4TB NVMe,14050,Amiral,Yapay Zeka,,,5,4TB,M2 NVMe,PCIe 4.0 NVMe SSD,9.1,3763,5,Yok,,,,,7009 MB/s,6002 MB/s,Akakçe
Toplama Bilgisayar,Güç Kaynağı,Corsair,Straight Power 850W 80+ Titanium,5800,Üst,Yazılım,,,850W,,80+ Titanium,"Modüler PSU, 80+ Titanium",8.7,1283,10,Yok,,,,,,,İtopya
Toplama Bilgisayar,Mouse,HyperX,Harpoon Wireless 8000DPI,1650,Orta,Ofis,,,,,Bluetooth,"8000 DPI sensör, 59g",8.4,1152,2,Var,,,,,,,İtopya
Toplama Bilgisayar,Mouse,SteelSeries,Rival Wireless 16000DPI,400,Giriş,Oyun,,,,,USB,"16000 DPI sensör, 90g",7.1,1099,2,Yok,,,,,,,Vatan
Toplama Bilgisayar,Klavye,Akko,ROG Strix Scope Wireless Low Profile 60%,2350,Orta,Yazılım,,,,,USB,Low Profile klavye,7.3,1910,2,Var,60%,,,,,,GamingGenTR
Toplama Bilgisayar,Klavye,MSI,G Pro X Low Profile Tam boy,800,Giriş,Günlük Kullanım,,,,,Bluetooth,Low Profile klavye,6.5,1589,2,Var,Tam boy,,,,,,GamingGenTR
Toplama Bilgisayar,Klavye,ASUS,K70 RGB Low Profile TKL,600,Giriş,Yazılım,,,,,Bluetooth,Low Profile klavye,6.8,1488,2,Var,TKL,,,,,,Akakçe
Toplama Bilgisayar,Ekran Kartı,Sapphire,RTX 4070 StormX 12GB,35150,Üst,Video Edit,,GDDR6,200,12GB,PCIe,1440p oyun,8.4,10481,3,Var,,,,12GB,,,İtopya
Toplama Bilgisayar,Klavye,Akko,K380 Pro Low Profile TKL,3700,Üst,Ofis,,,,,Bluetooth,Low Profile klavye,8.7,5292,2,Var,TKL,,,,,,GamingGenTR
Toplama Bilgisayar,Klavye,Glorious,K380 Optik switch 75%,700,Giriş,Günlük Kullanım,,,,,Bluetooth,Optik switch klavye,6.7,1222,2,Yok,75%,,,,,,GamingGenTR
Toplama Bilgisayar,HDD,WD,N300 1TB 7200RPM,1600,Giriş,Ofis,,,7,1TB,SATA,3.5 inç mekanik disk,7.1,837,2,Yok,,,,,,,İtopya
Toplama Bilgisayar,Mouse,Lamzu,G Pro X Superlight Pro 12000DPI,400,Giriş,Yazılım,,,,,Bluetooth,"12000 DPI sensör, 90g",7.1,3265,2,Var,,,,,,,Akakçe
Toplama Bilgisayar,Kasa,ASUS,Eclipse RGB,7250,Üst,Yazılım,,,,,E-ATX,"Full Tower, mesh/airflow odaklı kasa",9.3,11117,2,Var,Full Tower,,,,,,GamingGenTR
Toplama Bilgisayar,Ekran Kartı,Galax,RTX 5090 Aero OC 32GB,174550,Amiral,Video Edit,,GDDR6X,575,32GB,PCIe,2026 amiral seviye AI/4K,9.8,6032,3,Yok,,,,32GB,,,İncehesap
Toplama Bilgisayar,Monitör,Lenovo,Predator 32 inç 2560x1440 144Hz,9350,Üst,Ofis,,,50,,HDMI-DP,"IPS panel, 144Hz",9.3,3472,2,Yok,32 inç,2560x1440,144Hz,,,,GamingGenTR
Toplama Bilgisayar,Monitör,Acer,Predator 32 inç 2560x1440 144Hz,11100,Üst,Tasarım,,,35,,HDMI-DP,"IPS panel, 144Hz",8.2,7903,2,Yok,32 inç,2560x1440,144Hz,,,,Akakçe
Toplama Bilgisayar,Güç Kaynağı,GamePower,Hydro K Pro 550W 80+ Bronze,2800,Giriş,Günlük Kullanım,,,550W,,80+ Bronze,"Yarı modüler PSU, 80+ Bronze",6.6,695,10,Yok,,,,,,,GamingGenTR
Toplama Bilgisayar,Mouse,HyperX,FK2 Mini 8000DPI,6400,Amiral,Yazılım,,,,,USB,"8000 DPI sensör, 49g",9.8,182,2,Var,,,,,,,Sinerji
Toplama Bilgisayar,Mouse,Lamzu,MM712 Wireless 8000DPI,1550,Orta,Oyun,,,,,Kablosuz,"8000 DPI sensör, 59g",8.3,3925,2,Var,,,,,,,Akakçe
Toplama Bilgisayar,Ekran Kartı,Inno3D,RX 7900 GRE Pulse 16GB,41400,Üst,Yayıncılık,,GDDR6,260,16GB,PCIe,1440p/4K,9.1,8826,3,Yok,,,,16GB,,,Vatan
Toplama Bilgisayar,Kasa,ASUS,O11 Dynamic Mesh,2150,Giriş,Ofis,,,,,E-ATX,"Mini Tower, mesh/airflow odaklı kasa",8.1,1044,2,Yok,Mini Tower,,,,,,Epey
Toplama Bilgisayar,Kasa,ASUS,Meshify Mesh,5050,Üst,Yayıncılık,,,,,E-ATX,"Mid Tower, mesh/airflow odaklı kasa",8.9,6352,2,Yok,Mid Tower,,,,,,Sinerji
Toplama Bilgisayar,Mouse,Corsair,G Pro X Superlight Mini 30000DPI,600,Giriş,Oyun,,,,,Kablosuz,"30000 DPI sensör, 90g",6.8,1858,2,Yok,,,,,,,Akakçe
Toplama Bilgisayar,Anakart,MSI,Taichi B550 WiFi DDR4,5050,Orta,Ofis,AM4,DDR4,,,AM4-DDR4,"Micro ATX, B550 yonga seti, DDR4 bellek desteği",7.3,5482,3,Var,Micro ATX,,,,,,Akakçe
Toplama Bilgisayar,Anakart,Gigabyte,Gaming X A520 AX DDR4,3550,Giriş,Ofis,AM4,DDR4,,,AM4-DDR4,"Mini ITX, A520 yonga seti, DDR4 bellek desteği",6.4,296,3,Var,Mini ITX,,,,,,Akakçe
Toplama Bilgisayar,Kasa,Fractal Design,Eclipse White,6250,Üst,Tasarım,,,,,E-ATX,"Full Tower, mesh/airflow odaklı kasa",8.9,2245,2,Var,Full Tower,,,,,,Akakçe
Toplama Bilgisayar,Mouse,MSI,Atlantis Pro 16000DPI,400,Giriş,Oyun,,,,,Bluetooth,"16000 DPI sensör, 75g",6.6,3006,2,Yok,,,,,,,Sinerji
Toplama Bilgisayar,Monitör,ASUS,Aorus 24.5 inç 3840x2160 144Hz,33000,Amiral,Oyun,,,25,,HDMI-DP,"IPS panel, 144Hz",9.0,3044,2,Yok,24.5 inç,3840x2160,144Hz,,,,İtopya
Toplama Bilgisayar,Kasa,Cooler Master,Lancool Black,5650,Üst,Yazılım,,,,,E-ATX,"Mid Tower, mesh/airflow odaklı kasa",8.8,1130,2,Var,Mid Tower,,,,,,Epey
Toplama Bilgisayar,Ekran Kartı,Gainward,RX 9070 XT GamingPro 16GB,69750,Amiral,Yayıncılık,,GDDR6,304,16GB,PCIe,2026 RDNA üst seviye,8.9,5134,3,Var,,,,16GB,,,Sinerji
Toplama Bilgisayar,RAM,PNY,NOX 32GB 2x16GB DDR5 5600MHz,5550,Üst,Yazılım,,DDR5,,32GB,DDR5,5600MHz bellek kiti,8.1,7027,3,Yok,,,,,,,İncehesap
Toplama Bilgisayar,HDD,Toshiba,Red Plus 2TB 7200RPM,2000,Giriş,Video Edit,,,9,2TB,SATA,3.5 inç mekanik disk,8.0,1335,2,Yok,,,,,,,Akakçe
Toplama Bilgisayar,Klavye,Glorious,BlackWidow RGB Low Profile 60%,1900,Orta,Oyun,,,,,Kablosuz,Low Profile klavye,7.6,621,2,Var,60%,,,,,,Vatan
Toplama Bilgisayar,Mouse,ASUS,DeathAdder 16000DPI,1450,Orta,Günlük Kullanım,,,,,Bluetooth,"16000 DPI sensör, 49g",8.7,3047,2,Yok,,,,,,,Sinerji
Toplama Bilgisayar,Mouse,Pulsar,Viper Wireless 26000DPI,550,Giriş,Ofis,,,,,Bluetooth,"26000 DPI sensör, 90g",7.7,1271,2,Yok,,,,,,,Epey
Toplama Bilgisayar,Mouse,Redragon,G Pro X Superlight 8000DPI,1300,Orta,Oyun,,,,,Bluetooth,"8000 DPI sensör, 63g",8.6,7916,2,Var,,,,,,,Vatan
Toplama Bilgisayar,Klavye,Cooler Master,K2 Pro Membran TKL,4900,Üst,Ofis,,,,,Bluetooth,Membran klavye,8.7,6836,2,Var,TKL,,,,,,İncehesap
Toplama Bilgisayar,Kasa,Xigmatek,4000D Airflow RGB,10500,Amiral,Yayıncılık,,,,,ATX,"Mini Tower, mesh/airflow odaklı kasa",8.9,4200,2,Var,Mini Tower,,,,,,Sinerji
Toplama Bilgisayar,Güç Kaynağı,Seasonic,C Series 1000W 80+ Gold,6450,Üst,Yazılım,,,1000W,,80+ Gold,"Modüler PSU, 80+ Gold",9.5,9853,10,Yok,,,,,,,Vatan
Toplama Bilgisayar,Klavye,Keychron,Ogre Pro Optik switch 60%,4650,Üst,Yazılım,,,,,USB,Optik switch klavye,8.6,2691,2,Var,60%,,,,,,İncehesap
Toplama Bilgisayar,Mouse,Razer,Atlantis 16000DPI,400,Giriş,Ofis,,,,,Bluetooth,"16000 DPI sensör, 90g",7.4,794,2,Var,,,,,,,Akakçe
Toplama Bilgisayar,Kasa,NZXT,H5 Flow,1700,Giriş,Ofis,,,,,ATX,"Mid Tower, mesh/airflow odaklı kasa",7.8,266,2,Yok,Mid Tower,,,,,,Vatan
Toplama Bilgisayar,SSD,SK hynix,Legend 960 2TB NVMe,4050,Üst,Yazılım,,,5,2TB,M2 NVMe,PCIe 3.0 NVMe SSD,8.7,8426,3,Yok,,,,,3372 MB/s,2988 MB/s,Sinerji
Toplama Bilgisayar,Anakart,Biostar,Mortar H610 WiFi DDR4,3650,Giriş,Günlük Kullanım,LGA1700,DDR4,,,LGA1700-DDR4,"ATX, H610 yonga seti, DDR4 bellek desteği",8.0,931,3,Yok,ATX,,,,,,İncehesap
Toplama Bilgisayar,Klavye,GamePower,G Pro X RGB Low Profile 60%,600,Giriş,Ofis,,,,,Kablosuz,Low Profile klavye,6.7,3312,2,Var,60%,,,,,,Epey
Toplama Bilgisayar,SSD,WD,SN770 500GB NVMe,900,Giriş,Yazılım,,,4,500GB,M2 NVMe,PCIe 3.0 NVMe SSD,6.5,3147,3,Yok,,,,,3102 MB/s,2241 MB/s,Akakçe
Toplama Bilgisayar,Mouse,Corsair,X2V2 Mini 8000DPI,1400,Orta,Günlük Kullanım,,,,,Kablosuz,"8000 DPI sensör, 75g",8.3,1457,2,Yok,,,,,,,Vatan
Toplama Bilgisayar,HDD,Seagate,Barracuda 8TB 7200RPM,9300,Üst,Günlük Kullanım,,,5,8TB,SATA,3.5 inç mekanik disk,9.2,8398,2,Yok,,,,,,,İncehesap
Toplama Bilgisayar,Kasa,DeepCool,O11 Dynamic RGB,7400,Üst,Tasarım,,,,,ATX,"Mid Tower, mesh/airflow odaklı kasa",8.7,871,2,Var,Mid Tower,,,,,,Epey
Toplama Bilgisayar,Monitör,LG,Optix 31.5 inç 3840x2160 240Hz,36250,Amiral,Yazılım,,,50,,HDMI-DP,"VA panel, 240Hz",9.1,768,3,Yok,31.5 inç,3840x2160,240Hz,,,,GamingGenTR
Toplama Bilgisayar,Anakart,ASUS,PRO B650E AX DDR5,12150,Üst,Oyun,AM5,DDR5,,,AM5-DDR5,"Mini ITX, B650E yonga seti, DDR5 bellek desteği",8.7,5440,3,Var,Mini ITX,,,,,,İncehesap
Toplama Bilgisayar,Güç Kaynağı,DeepCool,CV 650W 80+ Bronze,3300,Orta,Günlük Kullanım,,,650W,,80+ Bronze,"Yarı modüler PSU, 80+ Bronze",7.5,3100,5,Yok,,,,,,,Sinerji
Toplama Bilgisayar,Klavye,Akko,BlackWidow RGB Low Profile 60%,850,Giriş,Yazılım,,,,,USB,Low Profile klavye,7.3,2009,2,Var,60%,,,,,,İncehesap
Toplama Bilgisayar,Kasa,Fractal Design,North Black,2350,Giriş,Ofis,,,,,E-ATX,"Mid Tower, mesh/airflow odaklı kasa",6.5,1290,2,Var,Mid Tower,,,,,,Sinerji
Toplama Bilgisayar,Klavye,ASUS,K380 Wireless Membran TKL,550,Giriş,Oyun,,,,,Kablosuz,Membran klavye,7.3,1729,2,Yok,TKL,,,,,,Sinerji
Toplama Bilgisayar,HDD,Seagate,IronWolf 1TB 7200RPM,1600,Giriş,Yayıncılık,,,9,1TB,SATA,3.5 inç mekanik disk,6.9,2801,2,Yok,,,,,,,İtopya
Toplama Bilgisayar,Ekran Kartı,Galax,RTX 4070 Super StormX 12GB,37500,Üst,Video Edit,,GDDR6,220,12GB,PCIe,1440p ultra oyun,9.0,9620,3,Yok,,,,12GB,,,Vatan
Toplama Bilgisayar,Kasa,NZXT,North White,7300,Üst,Video Edit,,,,,E-ATX,"Full Tower, mesh/airflow odaklı kasa",8.6,5826,2,Yok,Full Tower,,,,,,GamingGenTR
Toplama Bilgisayar,Kasa,Lian Li,4000D Airflow Mesh,1550,Giriş,Günlük Kullanım,,,,,Micro ATX,"Mini Tower, mesh/airflow odaklı kasa",6.5,2362,2,Var,Mini Tower,,,,,,Sinerji
Toplama Bilgisayar,Klavye,HyperX,G Pro X RGB Mekanik 75%,3100,Üst,Günlük Kullanım,,,,,USB,Mekanik klavye,9.1,6327,2,Var,75%,,,,,,GamingGenTR
Toplama Bilgisayar,Kasa,DeepCool,Lancool Mesh,14400,Amiral,Oyun,,,,,Micro ATX,"Mini Tower, mesh/airflow odaklı kasa",9.9,933,2,Var,Mini Tower,,,,,,Sinerji
Toplama Bilgisayar,Mouse,SteelSeries,Harpoon Mini 36000DPI,350,Giriş,Yazılım,,,,,Bluetooth,"36000 DPI sensör, 90g",6.9,345,2,Var,,,,,,,GamingGenTR
Toplama Bilgisayar,Mouse,SteelSeries,Atlantis 8000DPI,350,Giriş,Ofis,,,,,USB,"8000 DPI sensör, 75g",7.1,2427,2,Var,,,,,,,GamingGenTR
Toplama Bilgisayar,Monitör,Dell,UltraGear 31.5 inç 2560x1440 144Hz,8900,Üst,Ofis,,,50,,HDMI-DP,"VA panel, 144Hz",8.4,6202,2,Yok,31.5 inç,2560x1440,144Hz,,,,İncehesap
Toplama Bilgisayar,Kasa,Xigmatek,TUF GT RGB,1800,Giriş,Günlük Kullanım,,,,,Micro ATX,"Mini Tower, mesh/airflow odaklı kasa",6.6,2661,2,Var,Mini Tower,,,,,,Sinerji
Toplama Bilgisayar,Kasa,NZXT,CH370 White,6150,Üst,Yazılım,,,,,E-ATX,"Mid Tower, mesh/airflow odaklı kasa",8.8,2621,2,Var,Mid Tower,,,,,,Akakçe
Toplama Bilgisayar,Kasa,DeepCool,Eclipse White,3000,Orta,Oyun,,,,,Micro ATX,"Mid Tower, mesh/airflow odaklı kasa",8.4,8259,2,Yok,Mid Tower,,,,,,Epey
Toplama Bilgisayar,Mouse,SteelSeries,G305 Mini 30000DPI,450,Giriş,Yazılım,,,,,Bluetooth,"30000 DPI sensör, 63g",7.9,2423,2,Yok,,,,,,,Sinerji
Toplama Bilgisayar,Ekran Kartı,Inno3D,RTX 4080 Super Hellhound 16GB,76500,Amiral,Video Edit,,GDDR6X,320,16GB,PCIe,4K oyun ve render,9.8,2546,3,Var,,,,16GB,,,İncehesap
Toplama Bilgisayar,Mouse,ASUS,G305 12000DPI,1250,Orta,Yazılım,,,,,Bluetooth,"12000 DPI sensör, 59g",7.7,5466,2,Yok,,,,,,,Epey
Toplama Bilgisayar,Soğutucu,Cooler Master,AK620,1750,Orta,Oyun,,,,,AM4-AM5-LGA1700,Hava soğutma,8.2,6644,5,Yok,,,,,,,Epey
Toplama Bilgisayar,Klavye,GamePower,CK Pro Membran TKL,1400,Orta,Yazılım,,,,,Kablosuz,Membran klavye,7.6,6015,2,Var,TKL,,,,,,Vatan
Toplama Bilgisayar,Mouse,Zowie,M711 Pro 36000DPI,450,Giriş,Ofis,,,,,Kablosuz,"36000 DPI sensör, 59g",7.4,3354,2,Yok,,,,,,,Epey
Toplama Bilgisayar,Klavye,SteelSeries,CK Pro Optik switch TKL,8000,Amiral,Günlük Kullanım,,,,,USB,Optik switch klavye,8.8,1929,2,Var,TKL,,,,,,Vatan
Toplama Bilgisayar,Anakart,NZXT,Prime A520 AX DDR4,2550,Giriş,Ofis,AM4,DDR4,,,AM4-DDR4,"ATX, A520 yonga seti, DDR4 bellek desteği",7.0,1214,3,Var,ATX,,,,,,Vatan
Toplama Bilgisayar,Ekran Kartı,XFX,RTX 5080 Aero OC 16GB,106950,Amiral,Video Edit,,GDDR6X,360,16GB,PCIe,2026 4K üst seviye,9.7,4622,3,Yok,,,,16GB,,,Akakçe
Toplama Bilgisayar,Monitör,Gigabyte,Aorus 32 inç 2560x1440 180Hz,9550,Üst,Tasarım,,,25,,HDMI-DP,"VA panel, 180Hz",8.5,368,3,Yok,32 inç,2560x1440,180Hz,,,,Vatan
Toplama Bilgisayar,SSD,Crucial,Legend 960 4TB NVMe,7350,Amiral,Yayıncılık,,,3,4TB,M2 NVMe,PCIe 3.0 NVMe SSD,9.9,5202,3,Yok,,,,,3556 MB/s,3203 MB/s,İncehesap
Toplama Bilgisayar,Ekran Kartı,MSI,RX 7600 Dual 8GB,16100,Orta,Oyun,,GDDR6,165,8GB,PCIe,1080p oyun,8.1,792,3,Var,,,,8GB,,,GamingGenTR
Toplama Bilgisayar,Ekran Kartı,MSI,RTX 4070 Ti Super Pulse 16GB,59800,Üst,Yayıncılık,,GDDR6X,285,16GB,PCIe,1440p/4K güçlü performans,8.5,5344,3,Yok,,,,16GB,,,Sinerji
Toplama Bilgisayar,HDD,Seagate,IronWolf 4TB 7200RPM,3850,Orta,Ofis,,,5,4TB,SATA,3.5 inç mekanik disk,7.9,6212,3,Yok,,,,,,,Sinerji
Toplama Bilgisayar,Mouse,Darmoshark,Pulsefire Wireless 26000DPI,1050,Orta,Ofis,,,,,Bluetooth,"26000 DPI sensör, 59g",7.7,4020,2,Var,,,,,,,Vatan
Toplama Bilgisayar,Ekran Kartı,Sapphire,RTX 3050 GamingPro 8GB,10050,Giriş,Oyun,,GDDR6,130,8GB,PCIe,DLSS destekli giriş seviye,6.9,2402,3,Var,,,,8GB,,,İtopya
Toplama Bilgisayar,Ekran Kartı,Inno3D,RTX 3050 Merc 8GB,9450,Giriş,Günlük Kullanım,,GDDR6,130,8GB,PCIe,DLSS destekli giriş seviye,7.4,2224,3,Yok,,,,8GB,,,Sinerji
Toplama Bilgisayar,Kasa,ASUS,O11 Dynamic,4400,Üst,Tasarım,,,,,Micro ATX,"Full Tower, mesh/airflow odaklı kasa",8.4,6280,2,Var,Full Tower,,,,,,İncehesap
Toplama Bilgisayar,Ekran Kartı,Galax,RTX 5070 Merc 12GB,48350,Üst,Yayıncılık,,GDDR6,250,12GB,PCIe,2026 yeni nesil 1440p,8.2,3298,3,Var,,,,12GB,,,Akakçe
Toplama Bilgisayar,Monitör,MSI,Alienware 24.5 inç 1920x1080 144Hz,5350,Orta,Ofis,,,25,,HDMI-DP,"VA panel, 144Hz",8.5,294,2,Yok,24.5 inç,1920x1080,144Hz,,,,İncehesap
Toplama Bilgisayar,Kasa,DeepCool,4000D Airflow RGB,7250,Üst,Tasarım,,,,,Micro ATX,"Full Tower, mesh/airflow odaklı kasa",8.8,6709,2,Var,Full Tower,,,,,,Epey
Toplama Bilgisayar,SSD,Seagate,Viper VP4300 500GB NVMe,1950,Giriş,Günlük Kullanım,,,5,500GB,M2 NVMe,PCIe 5.0 NVMe SSD,7.8,2871,3,Yok,,,,,10356 MB/s,7893 MB/s,İncehesap
Toplama Bilgisayar,Ekran Kartı,Sapphire,RTX 4060 Ti Merc 8GB,26550,Orta,Video Edit,,GDDR6,160,8GB,PCIe,1080p/1440p oyun,8.6,638,3,Yok,,,,8GB,,,Vatan
Toplama Bilgisayar,Kasa,MSI,CH370 Black,3200,Orta,Oyun,,,,,Micro ATX,"Mini Tower, mesh/airflow odaklı kasa",7.9,416,2,Var,Mini Tower,,,,,,GamingGenTR
Toplama Bilgisayar,Klavye,Logitech,K380 Wireless Mekanik TKL,2300,Orta,Oyun,,,,,Bluetooth,Mekanik klavye,7.4,4084,2,Yok,TKL,,,,,,İtopya
Toplama Bilgisayar,RAM,Lexar,Dominator 16GB 2x8GB DDR5 6000MHz,2750,Orta,Yazılım,,DDR5,,16GB,DDR5,6000MHz bellek kiti,8.7,1995,5,Yok,,,,,,,Vatan
Toplama Bilgisayar,RAM,TeamGroup,Ripjaws 64GB 2x32GB DDR5 7200MHz,15050,Amiral,Yayıncılık,,DDR5,,64GB,DDR5,7200MHz bellek kiti,9.4,4121,2,Yok,,,,,,,İncehesap
Toplama Bilgisayar,Mouse,Logitech,M711 Mini 36000DPI,350,Giriş,Oyun,,,,,USB,"36000 DPI sensör, 49g",8.0,3068,2,Yok,,,,,,,Epey
Toplama Bilgisayar,Klavye,GamePower,K380 RGB Low Profile 75%,850,Giriş,Yazılım,,,,,Bluetooth,Low Profile klavye,7.5,568,2,Var,75%,,,,,,Vatan
Toplama Bilgisayar,Soğutucu,NZXT,LS720,11800,Amiral,Yayıncılık,,,,,AM4-AM5-LGA1700,360mm sıvı soğutma,9.1,2294,3,Var,360mm,,,,,,Akakçe
Toplama Bilgisayar,Mouse,Cooler Master,Viper Wireless 16000DPI,3600,Üst,Günlük Kullanım,,,,,USB,"16000 DPI sensör, 49g",9.0,5338,2,Yok,,,,,,,GamingGenTR
Toplama Bilgisayar,Ekran Kartı,Colorful,RTX 4070 Ti Super StormX 16GB,55000,Üst,Oyun,,GDDR6X,285,16GB,PCIe,1440p/4K güçlü performans,8.8,7272,3,Yok,,,,16GB,,,GamingGenTR
Toplama Bilgisayar,Kasa,NZXT,4000D Airflow Mesh,1650,Giriş,Ofis,,,,,ATX,"Mid Tower, mesh/airflow odaklı kasa",7.5,846,2,Var,Mid Tower,,,,,,İtopya
Toplama Bilgisayar,Mouse,Pulsar,M711 Pro 30000DPI,4000,Üst,Oyun,,,,,USB,"30000 DPI sensör, 49g",8.8,1801,2,Yok,,,,,,,Epey
Toplama Bilgisayar,Klavye,HyperX,Apex Wireless Membran 60%,2050,Orta,Yazılım,,,,,Kablosuz,Membran klavye,8.0,3666,2,Var,60%,,,,,,Akakçe
Toplama Bilgisayar,Klavye,Keychron,G Pro X RGB Membran 75%,4250,Üst,Oyun,,,,,Kablosuz,Membran klavye,9.4,6428,2,Var,75%,,,,,,GamingGenTR
Toplama Bilgisayar,HDD,WD,Blue 2TB 7200RPM,2050,Giriş,Yayıncılık,,,7,2TB,SATA,3.5 inç mekanik disk,6.4,1892,2,Yok,,,,,,,Akakçe
Toplama Bilgisayar,Mouse,SteelSeries,DeathAdder Pro 16000DPI,450,Giriş,Günlük Kullanım,,,,,USB,"16000 DPI sensör, 63g",8.0,129,2,Var,,,,,,,GamingGenTR
Toplama Bilgisayar,Kasa,Thermaltake,Warcry Black,5500,Üst,Video Edit,,,,,ATX,"Mid Tower, mesh/airflow odaklı kasa",9.4,6610,2,Var,Mid Tower,,,,,,GamingGenTR
Toplama Bilgisayar,Monitör,Lenovo,Optix 23.8 inç 1920x1080 144Hz,5600,Orta,Tasarım,,,35,,HDMI-DP,"IPS panel, 144Hz",8.4,5957,2,Yok,23.8 inç,1920x1080,144Hz,,,,İncehesap
Toplama Bilgisayar,Klavye,Keychron,GMMK RGB Mekanik 60%,2250,Orta,Günlük Kullanım,,,,,Bluetooth,Mekanik klavye,7.8,7770,2,Var,60%,,,,,,İncehesap
Toplama Bilgisayar,Kasa,NZXT,Lancool White,4050,Orta,Oyun,,,,,Micro ATX,"Mid Tower, mesh/airflow odaklı kasa",7.8,3778,2,Var,Mid Tower,,,,,,İtopya
Toplama Bilgisayar,İşlemci,AMD,Ryzen 3 4100,2400,Giriş,Günlük Kullanım,AM4,DDR4,65,,AM4-DDR4,4 çekirdek 8 thread,7.7,1023,3,Yok,,,,,,,Epey
Toplama Bilgisayar,Klavye,Razer,K2 Low Profile 60%,2400,Orta,Günlük Kullanım,,,,,Bluetooth,Low Profile klavye,7.8,4697,2,Var,60%,,,,,,İncehesap
Toplama Bilgisayar,Mouse,SteelSeries,Clutch GM 12000DPI,2550,Üst,Yazılım,,,,,Kablosuz,"12000 DPI sensör, 63g",8.8,2469,2,Yok,,,,,,,İncehesap
Toplama Bilgisayar,Anakart,MSI,Creator X670 DDR5,12000,Üst,Oyun,AM5,DDR5,,,AM5-DDR5,"Mini ITX, X670 yonga seti, DDR5 bellek desteği",9.2,9128,3,Yok,Mini ITX,,,,,,GamingGenTR
Toplama Bilgisayar,Anakart,ASUS,Creator X670 MAX DDR5,12350,Üst,Video Edit,AM5,DDR5,,,AM5-DDR5,"Micro ATX, X670 yonga seti, DDR5 bellek desteği",8.8,6963,3,Var,Micro ATX,,,,,,GamingGenTR
Toplama Bilgisayar,Monitör,Acer,Nitro 27 inç 3440x1440 165Hz,18250,Amiral,Tasarım,,,35,,HDMI-DP,"Mini LED panel, 165Hz",9.7,2766,3,Yok,27 inç,3440x1440,165Hz,,,,Epey
Toplama Bilgisayar,Klavye,ASUS,RK61 Pro Mekanik 60%,1400,Orta,Ofis,,,,,Bluetooth,Mekanik klavye,8.2,3218,2,Yok,60%,,,,,,GamingGenTR
Toplama Bilgisayar,Ekran Kartı,Galax,RX 6600 Twin Edge 8GB,9400,Giriş,Video Edit,,GDDR6,132,8GB,PCIe,1080p fiyat performans,7.4,2244,3,Var,,,,8GB,,,GamingGenTR
Toplama Bilgisayar,Klavye,HyperX,CK Wireless Optik switch 60%,6600,Amiral,Günlük Kullanım,,,,,Bluetooth,Optik switch klavye,9.4,3280,2,Var,60%,,,,,,İncehesap
Toplama Bilgisayar,Kasa,NZXT,Eclipse RGB,2050,Giriş,Ofis,,,,,ATX,"Mini Tower, mesh/airflow odaklı kasa",7.4,926,2,Var,Mini Tower,,,,,,Vatan
Toplama Bilgisayar,Anakart,Biostar,Steel Legend X870 AX DDR5,15150,Amiral,Yapay Zeka,AM5,DDR5,,,AM5-DDR5,"Micro ATX, X870 yonga seti, DDR5 bellek desteği",9.6,5655,3,Var,Micro ATX,,,,,,Sinerji
Toplama Bilgisayar,Kasa,ASUS,TUF GT Black,7800,Üst,Yayıncılık,,,,,Micro ATX,"Mini Tower, mesh/airflow odaklı kasa",8.9,2206,2,Yok,Mini Tower,,,,,,Sinerji
Toplama Bilgisayar,SSD,Lexar,P3 Plus 1TB NVMe,4350,Orta,Günlük Kullanım,,,5,1TB,M2 NVMe,PCIe 5.0 NVMe SSD,8.2,8415,5,Yok,,,,,11187 MB/s,8801 MB/s,Epey
Toplama Bilgisayar,Mouse,MSI,G102 Wireless 8000DPI,1000,Orta,Günlük Kullanım,,,,,USB,"8000 DPI sensör, 59g",8.5,6696,2,Var,,,,,,,İtopya
Toplama Bilgisayar,Monitör,BenQ,Optix 31.5 inç 3840x2160 144Hz,21950,Amiral,Oyun,,,50,,HDMI-DP,"Mini LED panel, 144Hz",9.6,4433,3,Yok,31.5 inç,3840x2160,144Hz,,,,Vatan
Toplama Bilgisayar,İşlemci,AMD,Ryzen 7 5700X Kampanya,6700,Üst,Tasarım,AM4,DDR4,65,,AM4-DDR4,8 çekirdek 16 thread,8.8,9094,3,Yok,,,,,,,Sinerji
Toplama Bilgisayar,Monitör,AOC,ProArt 31.5 inç 2560x1440 144Hz,9900,Üst,Video Edit,,,50,,HDMI-DP,"IPS panel, 144Hz",8.8,8509,2,Yok,31.5 inç,2560x1440,144Hz,,,,İncehesap
Toplama Bilgisayar,Mouse,Pulsar,G305 Pro 36000DPI,1750,Orta,Oyun,,,,,Kablosuz,"36000 DPI sensör, 63g",8.5,8288,2,Var,,,,,,,İncehesap
Toplama Bilgisayar,Soğutucu,SilverStone,Freezer 36,700,Giriş,Günlük Kullanım,,,,,AM4-AM5-LGA1700,Hava soğutma,7.8,588,3,Var,,,,,,,İncehesap
Toplama Bilgisayar,Monitör,Dell,Legion 24.5 inç 2560x1440 144Hz,8450,Üst,Oyun,,,25,,HDMI-DP,"VA panel, 144Hz",8.5,1326,3,Yok,24.5 inç,2560x1440,144Hz,,,,İncehesap
Toplama Bilgisayar,Klavye,HyperX,Ogre Pro Membran Tam boy,1700,Orta,Oyun,,,,,USB,Membran klavye,7.3,5084,2,Var,Tam boy,,,,,,İtopya
Toplama Bilgisayar,Klavye,Corsair,CK Wireless Mekanik Tam boy,600,Giriş,Ofis,,,,,Kablosuz,Mekanik klavye,6.8,3398,2,Yok,Tam boy,,,,,,Epey
Toplama Bilgisayar,RAM,Patriot,XPG Lancer 64GB 2x32GB DDR4 4000MHz,6050,Amiral,Oyun,,DDR4,,64GB,DDR4,4000MHz bellek kiti,9.3,2211,3,Yok,,,,,,,Vatan
Toplama Bilgisayar,Monitör,BenQ,Aorus 27 inç 3440x1440 165Hz,17900,Amiral,Yazılım,,,25,,HDMI-DP,"OLED panel, 165Hz",9.3,2254,3,Yok,27 inç,3440x1440,165Hz,,,,Akakçe
Toplama Bilgisayar,Kasa,GamePower,4000D Airflow,2500,Orta,Günlük Kullanım,,,,,ATX,"Mid Tower, mesh/airflow odaklı kasa",7.7,5926,2,Yok,Mid Tower,,,,,,İncehesap
Toplama Bilgisayar,Mouse,ASUS,DeathAdder Mini 26000DPI,350,Giriş,Yazılım,,,,,USB,"26000 DPI sensör, 90g",6.8,3255,2,Yok,,,,,,,Sinerji
Toplama Bilgisayar,Kasa,Lian Li,MAG Forge White,1400,Giriş,Ofis,,,,,Micro ATX,"Mid Tower, mesh/airflow odaklı kasa",6.9,2912,2,Yok,Mid Tower,,,,,,Vatan
Toplama Bilgisayar,Mouse,Glorious,Harpoon Wireless 36000DPI,1550,Orta,Günlük Kullanım,,,,,USB,"36000 DPI sensör, 59g",8.0,3633,2,Var,,,,,,,İtopya
Toplama Bilgisayar,Mouse,MSI,ROG Keris Mini 36000DPI,2500,Üst,Günlük Kullanım,,,,,Bluetooth,"36000 DPI sensör, 75g",8.7,3026,2,Yok,,,,,,,Epey
Toplama Bilgisayar,İşlemci,AMD,Ryzen 7 5800X3D Box,13700,Üst,Yayıncılık,AM4,DDR4,105,,AM4-DDR4,3D V-Cache oyun işlemcisi,9.3,8347,3,Yok,,,,,,,Vatan
Toplama Bilgisayar,RAM,Corsair,XPG Lancer 64GB 2x32GB DDR4 3200MHz,6800,Amiral,Tasarım,,DDR4,,64GB,DDR4,3200MHz bellek kiti,8.8,4138,5,Var,,,,,,,Vatan
Toplama Bilgisayar,Kasa,Fractal Design,Aquarius,4000,Orta,Oyun,,,,,Micro ATX,"Full Tower, mesh/airflow odaklı kasa",8.0,3413,2,Var,Full Tower,,,,,,Epey
Toplama Bilgisayar,Ekran Kartı,PowerColor,GTX 1650 Pulse 4GB,5750,Giriş,Günlük Kullanım,,GDDR6,75,4GB,PCIe,1080p giriş oyun,7.5,3289,3,Yok,,,,4GB,,,GamingGenTR
Toplama Bilgisayar,Kasa,NZXT,Aquarius RGB,7050,Üst,Oyun,,,,,ATX,"Full Tower, mesh/airflow odaklı kasa",8.9,425,2,Var,Full Tower,,,,,,İncehesap
Toplama Bilgisayar,HDD,WD,N300 12TB 7200RPM,12550,Üst,Yayıncılık,,,7,12TB,SATA,3.5 inç mekanik disk,8.4,4736,2,Yok,,,,,,,GamingGenTR
Toplama Bilgisayar,Kasa,Lian Li,North Black,4250,Üst,Oyun,,,,,E-ATX,"Mid Tower, mesh/airflow odaklı kasa",8.4,9529,2,Var,Mid Tower,,,,,,İncehesap
Toplama Bilgisayar,Ekran Kartı,Inno3D,RX 7800 XT Aero OC 16GB,35200,Üst,Video Edit,,GDDR6,263,16GB,PCIe,16GB VRAM 1440p,9.0,8886,3,Yok,,,,16GB,,,İtopya
Toplama Bilgisayar,Anakart,Colorful,TUF Gaming B660 MAX DDR4,6350,Orta,Yazılım,LGA1700,DDR4,,,LGA1700-DDR4,"Micro ATX, B660 yonga seti, DDR4 bellek desteği",7.8,5632,3,Yok,Micro ATX,,,,,,Epey
Toplama Bilgisayar,Kasa,ASUS,Eclipse White,2450,Orta,Ofis,,,,,Micro ATX,"Mini Tower, mesh/airflow odaklı kasa",7.9,1927,2,Var,Mini Tower,,,,,,Akakçe
Toplama Bilgisayar,SSD,Crucial,KC3000 500GB NVMe,1250,Giriş,Yazılım,,,3,500GB,M2 NVMe,PCIe 3.0 NVMe SSD,8.0,2477,5,Yok,,,,,3549 MB/s,3087 MB/s,İtopya
Toplama Bilgisayar,Kasa,GamePower,View 270 White,4900,Üst,Yayıncılık,,,,,Micro ATX,"Mid Tower, mesh/airflow odaklı kasa",8.7,3711,2,Var,Mid Tower,,,,,,İncehesap
Toplama Bilgisayar,Klavye,Corsair,RK61 Pro Mekanik 75%,5200,Üst,Ofis,,,,,Bluetooth,Mekanik klavye,8.5,7887,2,Var,75%,,,,,,Sinerji
Toplama Bilgisayar,Mouse,Razer,FK2 Pro 30000DPI,2400,Üst,Yazılım,,,,,Kablosuz,"30000 DPI sensör, 49g",8.6,10591,2,Yok,,,,,,,Vatan
Toplama Bilgisayar,Monitör,HP,Predator 32 inç 1920x1080 180Hz,6550,Orta,Tasarım,,,25,,HDMI-DP,"IPS panel, 180Hz",7.8,501,3,Yok,32 inç,1920x1080,180Hz,,,,Akakçe
Toplama Bilgisayar,Ekran Kartı,PowerColor,RTX 4080 Super Nitro+ 16GB,80300,Amiral,Yayıncılık,,GDDR6X,320,16GB,PCIe,4K oyun ve render,9.2,2322,3,Var,,,,16GB,,,GamingGenTR
Toplama Bilgisayar,Mouse,Lamzu,G305 Mini 8000DPI,550,Giriş,Oyun,,,,,USB,"8000 DPI sensör, 63g",6.7,996,2,Var,,,,,,,İncehesap
Toplama Bilgisayar,Klavye,Redragon,MOD007 RGB Mekanik TKL,550,Giriş,Ofis,,,,,Kablosuz,Mekanik klavye,6.9,1960,2,Var,TKL,,,,,,Epey
Toplama Bilgisayar,Ekran Kartı,MSI,RX 7800 XT Ventus 2X 16GB,40550,Üst,Yapay Zeka,,GDDR6,263,16GB,PCIe,16GB VRAM 1440p,8.4,5182,3,Var,,,,16GB,,,Akakçe
Toplama Bilgisayar,Klavye,Royal Kludge,Apex Wireless Membran 60%,5050,Üst,Yazılım,,,,,Bluetooth,Membran klavye,9.5,9386,2,Yok,60%,,,,,,İncehesap
Toplama Bilgisayar,Monitör,BenQ,Odyssey 31.5 inç 1920x1080 180Hz,5850,Orta,Yazılım,,,50,,HDMI-DP,"IPS panel, 180Hz",7.4,3213,2,Yok,31.5 inç,1920x1080,180Hz,,,,Sinerji
Toplama Bilgisayar,Monitör,Samsung,Legion 34 inç 3840x2160 240Hz,38050,Amiral,Ofis,,,25,,HDMI-DP,"VA panel, 240Hz",9.8,2417,2,Yok,34 inç,3840x2160,240Hz,,,,Sinerji
Toplama Bilgisayar,Güç Kaynağı,GamePower,RM 550W 80+ Bronze,2150,Giriş,Günlük Kullanım,,,550W,,80+ Bronze,"Yarı modüler PSU, 80+ Bronze",7.3,1820,3,Yok,,,,,,,GamingGenTR
Toplama Bilgisayar,Mouse,Darmoshark,G102 Mini 12000DPI,350,Giriş,Yazılım,,,,,Bluetooth,"12000 DPI sensör, 75g",6.7,331,2,Yok,,,,,,,İtopya
Toplama Bilgisayar,Monitör,Dell,UltraGear 32 inç 1920x1080 180Hz,5750,Orta,Tasarım,,,25,,HDMI-DP,"VA panel, 180Hz",8.7,2609,2,Yok,32 inç,1920x1080,180Hz,,,,Epey
Toplama Bilgisayar,SSD,SK hynix,Viper VP4300 4TB NVMe,17750,Amiral,Oyun,,,5,4TB,M2 NVMe,PCIe 5.0 NVMe SSD,9.1,3780,3,Yok,,,,,11655 MB/s,8210 MB/s,Epey
Toplama Bilgisayar,Anakart,Colorful,Gaming X A520 WiFi DDR4,2600,Giriş,Ofis,AM4,DDR4,,,AM4-DDR4,"Mini ITX, A520 yonga seti, DDR4 bellek desteği",7.4,275,3,Var,Mini ITX,,,,,,GamingGenTR
Toplama Bilgisayar,Ekran Kartı,Zotac,RTX 3050 Nitro+ 8GB,10650,Giriş,Video Edit,,GDDR6,130,8GB,PCIe,DLSS destekli giriş seviye,7.8,3388,3,Var,,,,8GB,,,GamingGenTR
Toplama Bilgisayar,Mouse,Darmoshark,DeathAdder Pro 36000DPI,350,Giriş,Ofis,,,,,USB,"36000 DPI sensör, 75g",6.8,246,2,Var,,,,,,,Sinerji
Toplama Bilgisayar,Monitör,ASUS,TUF Gaming 24.5 inç 1920x1080 75Hz,3600,Giriş,Ofis,,,35,,HDMI-DP,"VA panel, 75Hz",7.6,576,3,Yok,24.5 inç,1920x1080,75Hz,,,,GamingGenTR
Toplama Bilgisayar,Ekran Kartı,PNY,RTX 4090 TUF 24GB,140450,Amiral,Yayıncılık,,GDDR6X,450,24GB,PCIe,AI ve 4K üst seviye,9.4,2959,3,Var,,,,24GB,,,Akakçe
Toplama Bilgisayar,Klavye,GamePower,RK61 Wireless Optik switch 75%,1900,Orta,Oyun,,,,,USB,Optik switch klavye,7.9,1145,2,Var,75%,,,,,,İncehesap
Toplama Bilgisayar,Klavye,Cooler Master,Vigor GK Wireless Optik switch 60%,2300,Orta,Ofis,,,,,Kablosuz,Optik switch klavye,7.5,5058,2,Var,60%,,,,,,Epey
Toplama Bilgisayar,Mouse,Pulsar,Rival Mini 8000DPI,450,Giriş,Oyun,,,,,USB,"8000 DPI sensör, 59g",6.6,427,2,Yok,,,,,,,GamingGenTR
Toplama Bilgisayar,Kasa,Phanteks,MAG Forge Mesh,3300,Orta,Oyun,,,,,E-ATX,"Full Tower, mesh/airflow odaklı kasa",8.6,7897,2,Yok,Full Tower,,,,,,Vatan
Toplama Bilgisayar,Ekran Kartı,Gainward,RX 6600 TUF 8GB,11050,Giriş,Oyun,,GDDR6,132,8GB,PCIe,1080p fiyat performans,8.1,1646,3,Var,,,,8GB,,,Sinerji
Toplama Bilgisayar,Ekran Kartı,ASUS,RTX 3050 Ventus 2X 8GB,11550,Giriş,Video Edit,,GDDR6,130,8GB,PCIe,DLSS destekli giriş seviye,7.8,2479,3,Yok,,,,8GB,,,Sinerji
Toplama Bilgisayar,SSD,Seagate,990 Pro 4TB NVMe,13900,Amiral,Yapay Zeka,,,5,4TB,M2 NVMe,PCIe 4.0 NVMe SSD,9.3,4066,5,Yok,,,,,6120 MB/s,4868 MB/s,GamingGenTR
Toplama Bilgisayar,HDD,Seagate,N300 12TB 7200RPM,12700,Üst,Günlük Kullanım,,,9,12TB,SATA,3.5 inç mekanik disk,9.3,658,3,Yok,,,,,,,GamingGenTR
Toplama Bilgisayar,RAM,TeamGroup,Ripjaws 8GB 1x8GB DDR4 4000MHz,850,Giriş,Günlük Kullanım,,DDR4,,8GB,DDR4,4000MHz bellek kiti,7.3,3212,2,Var,,,,,,,İtopya
Toplama Bilgisayar,Klavye,GamePower,G Pro X Pro Membran 60%,800,Giriş,Ofis,,,,,Kablosuz,Membran klavye,6.7,2120,2,Yok,60%,,,,,,İncehesap
Toplama Bilgisayar,Kasa,DarkFlash,Aquarius Mesh,2100,Giriş,Oyun,,,,,Micro ATX,"Mid Tower, mesh/airflow odaklı kasa",6.5,3157,2,Yok,Mid Tower,,,,,,Sinerji
Toplama Bilgisayar,SSD,Seagate,P3 Plus 1TB NVMe,2250,Orta,Günlük Kullanım,,,5,1TB,M2 NVMe,PCIe 3.0 NVMe SSD,7.4,5766,5,Yok,,,,,3126 MB/s,2257 MB/s,İncehesap
Toplama Bilgisayar,Klavye,SteelSeries,Alloy Origins RGB Membran 60%,2350,Orta,Ofis,,,,,Kablosuz,Membran klavye,8.2,5708,2,Var,60%,,,,,,İncehesap
Toplama Bilgisayar,Mouse,Redragon,FK2 Wireless 16000DPI,3100,Üst,Ofis,,,,,USB,"16000 DPI sensör, 90g",9.4,9245,2,Yok,,,,,,,Epey
Toplama Bilgisayar,Kasa,Lian Li,O11 Dynamic White,8500,Amiral,Oyun,,,,,ATX,"Mini Tower, mesh/airflow odaklı kasa",9.3,5621,2,Var,Mini Tower,,,,,,Epey
Toplama Bilgisayar,Güç Kaynağı,High Power,Strider 450W 80+ Bronze,1850,Giriş,Oyun,,,450W,,80+ Bronze,"Yarı modüler PSU, 80+ Bronze",7.1,970,2,Yok,,,,,,,GamingGenTR
Toplama Bilgisayar,Mouse,Razer,DeathAdder Wireless 26000DPI,1700,Orta,Günlük Kullanım,,,,,USB,"26000 DPI sensör, 49g",7.5,4184,2,Var,,,,,,,İncehesap
Toplama Bilgisayar,Klavye,HyperX,G Pro X Mekanik 60%,1450,Orta,Ofis,,,,,Bluetooth,Mekanik klavye,7.9,1394,2,Var,60%,,,,,,Akakçe
Toplama Bilgisayar,Mouse,Glorious,MM712 Mini 36000DPI,450,Giriş,Günlük Kullanım,,,,,Kablosuz,"36000 DPI sensör, 49g",7.8,3487,2,Yok,,,,,,,Epey
Toplama Bilgisayar,Kasa,GamePower,Warcry RGB,2100,Giriş,Günlük Kullanım,,,,,Micro ATX,"Mid Tower, mesh/airflow odaklı kasa",6.8,397,2,Var,Mid Tower,,,,,,Akakçe
Toplama Bilgisayar,RAM,ADATA,Ripjaws 16GB 2x8GB DDR5 5600MHz,2600,Orta,Yazılım,,DDR5,,16GB,DDR5,5600MHz bellek kiti,8.0,3204,2,Yok,,,,,,,Sinerji
Toplama Bilgisayar,Mouse,Lamzu,X2V2 Mini 36000DPI,5700,Amiral,Oyun,,,,,Bluetooth,"36000 DPI sensör, 49g",9.1,6067,2,Yok,,,,,,,İtopya
Toplama Bilgisayar,SSD,Corsair,MP600 500GB NVMe,2300,Giriş,Günlük Kullanım,,,5,500GB,M2 NVMe,PCIe 5.0 NVMe SSD,7.9,699,3,Yok,,,,,10574 MB/s,8199 MB/s,Sinerji
Toplama Bilgisayar,Kasa,Xigmatek,Meshify Black,2350,Orta,Günlük Kullanım,,,,,ATX,"Mini Tower, mesh/airflow odaklı kasa",7.6,1994,2,Var,Mini Tower,,,,,,İtopya
Toplama Bilgisayar,Klavye,ASUS,Ogre Optik switch TKL,2150,Orta,Ofis,,,,,Bluetooth,Optik switch klavye,8.6,930,2,Var,TKL,,,,,,GamingGenTR
Toplama Bilgisayar,Klavye,Akko,K70 Wireless Membran 60%,1800,Orta,Oyun,,,,,Kablosuz,Membran klavye,8.0,5119,2,Yok,60%,,,,,,Sinerji
Toplama Bilgisayar,Kasa,ASUS,Eclipse,1300,Giriş,Günlük Kullanım,,,,,E-ATX,"Mini Tower, mesh/airflow odaklı kasa",6.8,726,2,Yok,Mini Tower,,,,,,Vatan
Toplama Bilgisayar,Ekran Kartı,Sapphire,RX 9070 XT JetStream 16GB,65900,Amiral,Yayıncılık,,GDDR6,304,16GB,PCIe,2026 RDNA üst seviye,9.4,2199,3,Var,,,,16GB,,,Sinerji
Toplama Bilgisayar,Kasa,GamePower,TD500 RGB,2250,Giriş,Günlük Kullanım,,,,,ATX,"Mini Tower, mesh/airflow odaklı kasa",7.5,1979,2,Var,Mini Tower,,,,,,GamingGenTR
Toplama Bilgisayar,İşlemci,AMD,Ryzen 5 7500F Box,6500,Orta,Yazılım,AM5,DDR5,65,,AM5-DDR5,6 çekirdek 12 thread,7.4,7837,3,Yok,,,,,,,Vatan
Toplama Bilgisayar,Ekran Kartı,Colorful,RX 6600 Nitro+ 8GB,11050,Giriş,Günlük Kullanım,,GDDR6,132,8GB,PCIe,1080p fiyat performans,6.6,2541,3,Yok,,,,8GB,,,İncehesap
Toplama Bilgisayar,Klavye,Glorious,K2 Membran 75%,2300,Orta,Ofis,,,,,USB,Membran klavye,7.3,1348,2,Yok,75%,,,,,,İncehesap
Toplama Bilgisayar,Mouse,Zowie,Pulsefire Pro 36000DPI,3800,Üst,Oyun,,,,,USB,"36000 DPI sensör, 59g",8.2,11329,2,Var,,,,,,,Akakçe
Toplama Bilgisayar,SSD,Samsung,P3 Plus 1TB NVMe,4750,Orta,Ofis,,,4,1TB,M2 NVMe,PCIe 5.0 NVMe SSD,7.3,5508,5,Yok,,,,,11350 MB/s,9020 MB/s,Epey
Toplama Bilgisayar,Mouse,Redragon,ROG Keris 26000DPI,3100,Üst,Günlük Kullanım,,,,,Bluetooth,"26000 DPI sensör, 59g",9.1,2564,2,Yok,,,,,,,İtopya
Toplama Bilgisayar,Anakart,ASUS,Steel Legend B650 AX DDR5,7500,Orta,Günlük Kullanım,AM5,DDR5,,,AM5-DDR5,"Micro ATX, B650 yonga seti, DDR5 bellek desteği",8.5,4885,3,Var,Micro ATX,,,,,,Epey
Toplama Bilgisayar,Ekran Kartı,ASUS,RTX 4070 Super Nitro+ 12GB,48950,Üst,Oyun,,GDDR6,220,12GB,PCIe,1440p ultra oyun,8.7,3773,3,Var,,,,12GB,,,GamingGenTR
Toplama Bilgisayar,Kasa,Cooler Master,MAG Forge RGB,3600,Orta,Ofis,,,,,Micro ATX,"Mid Tower, mesh/airflow odaklı kasa",8.8,550,2,Var,Mid Tower,,,,,,İncehesap
Toplama Bilgisayar,Monitör,ASUS,Mobiuz 23.8 inç 2560x1440 180Hz,11650,Üst,Ofis,,,35,,HDMI-DP,"VA panel, 180Hz",8.3,5161,2,Yok,23.8 inç,2560x1440,180Hz,,,,Sinerji
Toplama Bilgisayar,Mouse,Glorious,FK2 Mini 36000DPI,400,Giriş,Ofis,,,,,Kablosuz,"36000 DPI sensör, 90g",7.5,3044,2,Yok,,,,,,,Sinerji
Toplama Bilgisayar,Klavye,Akko,G Pro X Pro Membran TKL,750,Giriş,Günlük Kullanım,,,,,USB,Membran klavye,6.4,2125,2,Yok,TKL,,,,,,Epey
Toplama Bilgisayar,Kasa,DeepCool,North Mesh,4950,Üst,Video Edit,,,,,E-ATX,"Mini Tower, mesh/airflow odaklı kasa",9.0,9636,2,Yok,Mini Tower,,,,,,İncehesap
Toplama Bilgisayar,Mouse,Darmoshark,Harpoon Pro 30000DPI,450,Giriş,Yazılım,,,,,Kablosuz,"30000 DPI sensör, 90g",7.7,2849,2,Yok,,,,,,,Vatan
Toplama Bilgisayar,Klavye,Akko,Ogre Membran 75%,1800,Orta,Oyun,,,,,Bluetooth,Membran klavye,7.4,2452,2,Var,75%,,,,,,GamingGenTR
Toplama Bilgisayar,SSD,SK hynix,P5 Plus 500GB NVMe,1250,Giriş,Günlük Kullanım,,,4,500GB,M2 NVMe,PCIe 4.0 NVMe SSD,7.5,3252,3,Yok,,,,,6987 MB/s,5879 MB/s,Akakçe
Toplama Bilgisayar,Anakart,Colorful,Tomahawk H610 DDR4,3500,Giriş,Ofis,LGA1700,DDR4,,,LGA1700-DDR4,"Mini ITX, H610 yonga seti, DDR4 bellek desteği",7.2,2482,3,Yok,Mini ITX,,,,,,Vatan
Toplama Bilgisayar,SSD,Samsung,MP600 4TB NVMe,19400,Amiral,Oyun,,,3,4TB,M2 NVMe,PCIe 5.0 NVMe SSD,8.9,139,3,Yok,,,,,10791 MB/s,8980 MB/s,Vatan
Toplama Bilgisayar,Güç Kaynağı,Seasonic,RM 750W 80+ Platinum,4000,Orta,Ofis,,,750W,,80+ Platinum,"Yarı modüler PSU, 80+ Platinum",7.9,4927,2,Yok,,,,,,,İncehesap
Toplama Bilgisayar,Mouse,MSI,Pulsefire Pro 26000DPI,550,Giriş,Ofis,,,,,Bluetooth,"26000 DPI sensör, 75g",7.1,2821,2,Var,,,,,,,Vatan
Toplama Bilgisayar,Güç Kaynağı,be quiet!,Core Reactor 750W 80+ Gold,4300,Orta,Yazılım,,,750W,,80+ Gold,"Sabit kablo PSU, 80+ Gold",7.2,2466,7,Yok,,,,,,,Epey
Toplama Bilgisayar,Mouse,Redragon,DeathAdder Mini 12000DPI,350,Giriş,Ofis,,,,,USB,"12000 DPI sensör, 63g",6.5,1061,2,Yok,,,,,,,Sinerji
Toplama Bilgisayar,Mouse,Zowie,ROG Keris Mini 16000DPI,550,Giriş,Ofis,,,,,Bluetooth,"16000 DPI sensör, 90g",7.9,2965,2,Var,,,,,,,GamingGenTR
Toplama Bilgisayar,Güç Kaynağı,Cooler Master,CV 750W 80+ Titanium,4750,Orta,Oyun,,,750W,,80+ Titanium,"Sabit kablo PSU, 80+ Titanium",8.2,6631,7,Yok,,,,,,,GamingGenTR
Toplama Bilgisayar,Kasa,Lian Li,TD500 RGB,3500,Orta,Günlük Kullanım,,,,,E-ATX,"Mid Tower, mesh/airflow odaklı kasa",7.5,2132,2,Var,Mid Tower,,,,,,İtopya
Toplama Bilgisayar,İşlemci,Intel,Core i3-12100F Kampanya,2200,Giriş,Ofis,LGA1700,DDR4,58,,LGA1700-DDR4,4 çekirdek 8 thread,7.9,3280,3,Yok,,,,,,,Sinerji
Toplama Bilgisayar,SSD,TeamGroup,990 Pro 1TB NVMe,2450,Orta,Günlük Kullanım,,,3,1TB,M2 NVMe,PCIe 4.0 NVMe SSD,8.3,7248,5,Yok,,,,,6492 MB/s,5081 MB/s,Epey
Toplama Bilgisayar,Mouse,Logitech,G102 36000DPI,2400,Üst,Oyun,,,,,Bluetooth,"36000 DPI sensör, 63g",8.6,5678,2,Yok,,,,,,,Akakçe
Toplama Bilgisayar,Ekran Kartı,ASUS,RX 7600 Merc 8GB,16100,Orta,Günlük Kullanım,,GDDR6,165,8GB,PCIe,1080p oyun,7.8,6316,3,Yok,,,,8GB,,,GamingGenTR
Toplama Bilgisayar,Kasa,DarkFlash,MAG Forge Mesh,6850,Üst,Oyun,,,,,Micro ATX,"Mid Tower, mesh/airflow odaklı kasa",9.0,11351,2,Yok,Mid Tower,,,,,,GamingGenTR
Toplama Bilgisayar,Güç Kaynağı,DeepCool,Focus GX 850W 80+ Gold,6850,Üst,Yazılım,,,850W,,80+ Gold,"Modüler PSU, 80+ Gold",8.9,10430,7,Yok,,,,,,,Vatan
Toplama Bilgisayar,Klavye,Keychron,CK Low Profile Tam boy,1650,Orta,Günlük Kullanım,,,,,Kablosuz,Low Profile klavye,8.3,1254,2,Var,Tam boy,,,,,,Akakçe
Toplama Bilgisayar,Monitör,Acer,Mobiuz 34 inç 1920x1080 180Hz,7550,Orta,Tasarım,,,25,,HDMI-DP,"VA panel, 180Hz",7.5,7020,3,Yok,34 inç,1920x1080,180Hz,,,,Akakçe
Toplama Bilgisayar,RAM,Apacer,Ballistix 32GB 2x16GB DDR5 5600MHz,4550,Üst,Video Edit,,DDR5,,32GB,DDR5,5600MHz bellek kiti,8.3,4574,5,Yok,,,,,,,Vatan
Toplama Bilgisayar,Klavye,Royal Kludge,ROG Strix Scope RGB Mekanik Tam boy,2150,Orta,Ofis,,,,,USB,Mekanik klavye,7.8,6737,2,Var,Tam boy,,,,,,Vatan
Toplama Bilgisayar,Mouse,Darmoshark,Viper Mini 36000DPI,550,Giriş,Yazılım,,,,,Kablosuz,"36000 DPI sensör, 90g",6.4,2066,2,Yok,,,,,,,İncehesap
Toplama Bilgisayar,Kasa,Cooler Master,O11 Dynamic RGB,2050,Giriş,Ofis,,,,,E-ATX,"Mini Tower, mesh/airflow odaklı kasa",7.2,3245,2,Var,Mini Tower,,,,,,Akakçe
Toplama Bilgisayar,Anakart,Colorful,Taichi X670 AX DDR5,12800,Üst,Oyun,AM5,DDR5,,,AM5-DDR5,"ATX, X670 yonga seti, DDR5 bellek desteği",8.6,7287,3,Var,ATX,,,,,,Epey
Toplama Bilgisayar,Kasa,Lian Li,TD500 Black,6250,Üst,Tasarım,,,,,ATX,"Mini Tower, mesh/airflow odaklı kasa",8.1,6092,2,Yok,Mini Tower,,,,,,GamingGenTR
Toplama Bilgisayar,Mouse,ASUS,G102 Mini 30000DPI,1750,Orta,Yazılım,,,,,USB,"30000 DPI sensör, 49g",7.6,4015,2,Var,,,,,,,Sinerji
Toplama Bilgisayar,Mouse,Lamzu,X2V2 Wireless 12000DPI,1400,Orta,Günlük Kullanım,,,,,Bluetooth,"12000 DPI sensör, 75g",7.6,4588,2,Yok,,,,,,,İncehesap
Toplama Bilgisayar,Mouse,Darmoshark,FK2 Wireless 12000DPI,1250,Orta,Yazılım,,,,,Bluetooth,"12000 DPI sensör, 90g",8.0,6011,2,Yok,,,,,,,Akakçe
Toplama Bilgisayar,Mouse,Cooler Master,G Pro X Superlight Mini 36000DPI,1400,Orta,Günlük Kullanım,,,,,Bluetooth,"36000 DPI sensör, 49g",7.7,7048,2,Var,,,,,,,Epey
Toplama Bilgisayar,Kasa,Xigmatek,CH370 Mesh,7550,Üst,Yazılım,,,,,Micro ATX,"Mini Tower, mesh/airflow odaklı kasa",8.8,5628,2,Yok,Mini Tower,,,,,,Epey
Toplama Bilgisayar,RAM,XPG,Ripjaws 64GB 2x32GB DDR5 6400MHz,13150,Amiral,Yayıncılık,,DDR5,,64GB,DDR5,6400MHz bellek kiti,9.3,4579,2,Yok,,,,,,,Akakçe
Toplama Bilgisayar,Kasa,ASUS,Lancool Black,3750,Orta,Yazılım,,,,,Micro ATX,"Mini Tower, mesh/airflow odaklı kasa",7.2,7373,2,Var,Mini Tower,,,,,,Vatan
Toplama Bilgisayar,Kasa,Thermaltake,Meshify,13250,Amiral,Video Edit,,,,,ATX,"Full Tower, mesh/airflow odaklı kasa",9.4,4695,2,Yok,Full Tower,,,,,,Akakçe
Toplama Bilgisayar,Klavye,Cooler Master,ROG Strix Scope Pro Membran 75%,8950,Amiral,Günlük Kullanım,,,,,USB,Membran klavye,9.2,2838,2,Yok,75%,,,,,,Vatan
Toplama Bilgisayar,Kasa,Cooler Master,Meshify RGB,5600,Üst,Yazılım,,,,,ATX,"Mid Tower, mesh/airflow odaklı kasa",9.2,476,2,Var,Mid Tower,,,,,,GamingGenTR
Toplama Bilgisayar,RAM,G.Skill,Trident Z5 8GB 1x8GB DDR5 5600MHz,1050,Giriş,Günlük Kullanım,,DDR5,,8GB,DDR5,5600MHz bellek kiti,7.9,877,2,Var,,,,,,,GamingGenTR
Toplama Bilgisayar,Kasa,Xigmatek,H5 Flow White,3000,Orta,Yazılım,,,,,Micro ATX,"Mini Tower, mesh/airflow odaklı kasa",7.9,5880,2,Var,Mini Tower,,,,,,GamingGenTR
Toplama Bilgisayar,Kasa,Fractal Design,4000D Airflow,7350,Üst,Oyun,,,,,Micro ATX,"Mid Tower, mesh/airflow odaklı kasa",9.0,2273,2,Var,Mid Tower,,,,,,İncehesap
Toplama Bilgisayar,Kasa,GamePower,View 270 RGB,6450,Üst,Yazılım,,,,,Micro ATX,"Mid Tower, mesh/airflow odaklı kasa",9.0,10439,2,Var,Mid Tower,,,,,,Epey
Toplama Bilgisayar,Kasa,ASUS,Warcry Black,3000,Orta,Ofis,,,,,Micro ATX,"Mid Tower, mesh/airflow odaklı kasa",7.5,5141,2,Var,Mid Tower,,,,,,İtopya
Toplama Bilgisayar,Güç Kaynağı,SilverStone,Performance GD 1200W 80+ Titanium,14050,Amiral,Tasarım,,,1200W,,80+ Titanium,"Modüler PSU, 80+ Titanium",9.1,83,7,Yok,,,,,,,Vatan
Toplama Bilgisayar,Mouse,Darmoshark,MM712 Pro 12000DPI,1500,Orta,Oyun,,,,,Kablosuz,"12000 DPI sensör, 59g",8.7,6348,2,Var,,,,,,,İtopya
Toplama Bilgisayar,Kasa,GamePower,Aquarius White,2500,Orta,Günlük Kullanım,,,,,Micro ATX,"Mini Tower, mesh/airflow odaklı kasa",7.4,4083,2,Var,Mini Tower,,,,,,Sinerji
Toplama Bilgisayar,Monitör,LG,ProArt 23.8 inç 3840x2160 144Hz,23400,Amiral,Yazılım,,,50,,HDMI-DP,"VA panel, 144Hz",8.8,4694,3,Yok,23.8 inç,3840x2160,144Hz,,,,İtopya
Toplama Bilgisayar,Mouse,ASUS,MM712 Pro 36000DPI,550,Giriş,Günlük Kullanım,,,,,Bluetooth,"36000 DPI sensör, 75g",7.3,1707,2,Var,,,,,,,Vatan
Toplama Bilgisayar,Klavye,Glorious,Vigor GK Wireless Mekanik TKL,650,Giriş,Ofis,,,,,USB,Mekanik klavye,6.8,893,2,Var,TKL,,,,,,Sinerji
Toplama Bilgisayar,Mouse,ASUS,X2V2 Pro 36000DPI,450,Giriş,Ofis,,,,,Kablosuz,"36000 DPI sensör, 63g",8.1,1816,2,Var,,,,,,,Vatan
Toplama Bilgisayar,Mouse,Glorious,Atlantis Mini 26000DPI,3300,Üst,Ofis,,,,,USB,"26000 DPI sensör, 49g",8.2,2587,2,Var,,,,,,,Vatan
Toplama Bilgisayar,Soğutucu,Arctic,AK400,2200,Orta,Oyun,,,,,AM4-AM5-LGA1700,Hava soğutma,8.2,3393,2,Var,,,,,,,GamingGenTR
Toplama Bilgisayar,Soğutucu,ID-Cooling,Dark Rock 4,750,Giriş,Oyun,,,,,AM4-AM5-LGA1700,Hava soğutma,7.4,1269,5,Var,,,,,,,İncehesap
Toplama Bilgisayar,Klavye,HyperX,Apex Pro Membran Tam boy,2050,Orta,Ofis,,,,,USB,Membran klavye,8.7,8073,2,Yok,Tam boy,,,,,,GamingGenTR
Toplama Bilgisayar,Anakart,Biostar,Gaming X B650 DDR5,4550,Orta,Ofis,AM5,DDR5,,,AM5-DDR5,"Micro ATX, B650 yonga seti, DDR5 bellek desteği",7.7,5683,3,Var,Micro ATX,,,,,,Epey
Toplama Bilgisayar,Mouse,Razer,Rival 26000DPI,1400,Orta,Yazılım,,,,,Kablosuz,"26000 DPI sensör, 75g",8.1,5962,2,Yok,,,,,,,Sinerji
Toplama Bilgisayar,Mouse,Zowie,DeathAdder 16000DPI,1250,Orta,Günlük Kullanım,,,,,Bluetooth,"16000 DPI sensör, 49g",8.6,2236,2,Yok,,,,,,,GamingGenTR
Toplama Bilgisayar,Klavye,ASUS,GMMK RGB Mekanik 60%,1350,Orta,Ofis,,,,,Kablosuz,Mekanik klavye,8.4,4364,2,Var,60%,,,,,,İncehesap
Toplama Bilgisayar,Kasa,Corsair,Meshify White,5250,Üst,Video Edit,,,,,Micro ATX,"Full Tower, mesh/airflow odaklı kasa",9.2,4829,2,Var,Full Tower,,,,,,İncehesap
Toplama Bilgisayar,Anakart,ASUS,Strix X670 AX DDR5,13200,Üst,Yazılım,AM5,DDR5,,,AM5-DDR5,"ATX, X670 yonga seti, DDR5 bellek desteği",8.8,8404,3,Yok,ATX,,,,,,İtopya
Toplama Bilgisayar,Anakart,NZXT,Prime B760 MAX DDR4,7350,Orta,Ofis,LGA1700,DDR4,,,LGA1700-DDR4,"Mini ITX, B760 yonga seti, DDR4 bellek desteği",8.4,5348,3,Yok,Mini ITX,,,,,,İtopya
Toplama Bilgisayar,Monitör,BenQ,Nitro 27 inç 2560x1440 180Hz,13350,Üst,Oyun,,,35,,HDMI-DP,"IPS panel, 180Hz",8.4,1985,2,Yok,27 inç,2560x1440,180Hz,,,,Akakçe
Toplama Bilgisayar,Mouse,Lamzu,Atlantis 16000DPI,3600,Üst,Günlük Kullanım,,,,,Bluetooth,"16000 DPI sensör, 49g",9.0,5273,2,Var,,,,,,,Vatan
Toplama Bilgisayar,Klavye,Razer,Apex RGB Membran TKL,3300,Üst,Oyun,,,,,Kablosuz,Membran klavye,9.3,11816,2,Var,TKL,,,,,,İtopya
Toplama Bilgisayar,HDD,WD,Barracuda 12TB 7200RPM,10250,Üst,Video Edit,,,5,12TB,SATA,3.5 inç mekanik disk,9.4,10307,2,Yok,,,,,,,Akakçe
Toplama Bilgisayar,Anakart,ASUS,Phantom Gaming X670 WiFi DDR5,10050,Üst,Video Edit,AM5,DDR5,,,AM5-DDR5,"Mini ITX, X670 yonga seti, DDR5 bellek desteği",9.5,11470,3,Yok,Mini ITX,,,,,,Vatan
Toplama Bilgisayar,Kasa,NZXT,H5 Flow Black,4350,Orta,Günlük Kullanım,,,,,E-ATX,"Full Tower, mesh/airflow odaklı kasa",8.0,5518,2,Yok,Full Tower,,,,,,İncehesap
Toplama Bilgisayar,Klavye,GamePower,GMMK RGB Membran 60%,4800,Üst,Günlük Kullanım,,,,,Kablosuz,Membran klavye,9.1,11342,2,Var,60%,,,,,,Akakçe
Toplama Bilgisayar,Klavye,Glorious,K2 RGB Optik switch 60%,5200,Üst,Yazılım,,,,,Kablosuz,Optik switch klavye,9.4,7903,2,Var,60%,,,,,,Vatan
Toplama Bilgisayar,Klavye,Redragon,Ogre Mekanik Tam boy,900,Giriş,Günlük Kullanım,,,,,Bluetooth,Mekanik klavye,7.0,1687,2,Var,Tam boy,,,,,,Sinerji
Toplama Bilgisayar,Mouse,Glorious,G102 Wireless 8000DPI,1450,Orta,Ofis,,,,,Bluetooth,"8000 DPI sensör, 75g",7.8,4444,2,Var,,,,,,,İtopya
Toplama Bilgisayar,Klavye,ASUS,CK RGB Low Profile TKL,3950,Üst,Yazılım,,,,,Kablosuz,Low Profile klavye,9.2,8664,2,Var,TKL,,,,,,GamingGenTR
Toplama Bilgisayar,Klavye,HyperX,RK61 Wireless Low Profile 60%,4650,Üst,Günlük Kullanım,,,,,USB,Low Profile klavye,9.1,5034,2,Yok,60%,,,,,,İtopya
Toplama Bilgisayar,Anakart,Biostar,Mortar A620 WiFi DDR5,2750,Giriş,Yazılım,AM5,DDR5,,,AM5-DDR5,"Mini ITX, A620 yonga seti, DDR5 bellek desteği",7.1,982,3,Yok,Mini ITX,,,,,,Akakçe
Toplama Bilgisayar,Kasa,DeepCool,CH370 Mesh,2150,Giriş,Günlük Kullanım,,,,,Micro ATX,"Full Tower, mesh/airflow odaklı kasa",8.0,698,2,Yok,Full Tower,,,,,,İncehesap
Toplama Bilgisayar,Mouse,ASUS,G Pro X Superlight Mini 16000DPI,400,Giriş,Günlük Kullanım,,,,,Bluetooth,"16000 DPI sensör, 63g",7.1,541,2,Var,,,,,,,İncehesap
Toplama Bilgisayar,Anakart,Biostar,Prime H610 AX DDR4,3800,Giriş,Ofis,LGA1700,DDR4,,,LGA1700-DDR4,"Micro ATX, H610 yonga seti, DDR4 bellek desteği",6.6,811,3,Yok,Micro ATX,,,,,,Epey
Toplama Bilgisayar,Mouse,Razer,Harpoon Mini 30000DPI,1250,Orta,Yazılım,,,,,USB,"30000 DPI sensör, 49g",7.8,6290,2,Var,,,,,,,GamingGenTR
Toplama Bilgisayar,RAM,Lexar,T-Force Delta 8GB 1x8GB DDR5 6400MHz,1300,Giriş,Günlük Kullanım,,DDR5,,8GB,DDR5,6400MHz bellek kiti,7.9,1482,2,Yok,,,,,,,İncehesap
Toplama Bilgisayar,Monitör,Lenovo,UltraGear 31.5 inç 2560x1440 180Hz,10700,Üst,Ofis,,,25,,HDMI-DP,"IPS panel, 180Hz",8.3,10378,2,Yok,31.5 inç,2560x1440,180Hz,,,,Sinerji
Toplama Bilgisayar,Klavye,MSI,G Pro X Pro Optik switch 60%,2100,Orta,Ofis,,,,,USB,Optik switch klavye,8.5,8025,2,Yok,60%,,,,,,Epey
Toplama Bilgisayar,Klavye,HyperX,MOD007 RGB Low Profile Tam boy,7600,Amiral,Yazılım,,,,,USB,Low Profile klavye,9.0,4216,2,Var,Tam boy,,,,,,İtopya
Toplama Bilgisayar,Kasa,MSI,Eclipse Black,7600,Üst,Yazılım,,,,,ATX,"Full Tower, mesh/airflow odaklı kasa",9.2,1186,2,Yok,Full Tower,,,,,,Vatan
Toplama Bilgisayar,Soğutucu,Cooler Master,LT720,15350,Amiral,Yapay Zeka,,,,,AM4-AM5-LGA1700,360mm sıvı soğutma,9.6,5971,3,Yok,360mm,,,,,,Sinerji
Toplama Bilgisayar,Mouse,Lamzu,DeathAdder Wireless 12000DPI,1350,Orta,Günlük Kullanım,,,,,Kablosuz,"12000 DPI sensör, 75g",7.3,1797,2,Yok,,,,,,,İncehesap
Toplama Bilgisayar,RAM,Lexar,T-Force Delta 8GB 1x8GB DDR5 6000MHz,1250,Giriş,Ofis,,DDR5,,8GB,DDR5,6000MHz bellek kiti,6.4,2602,2,Yok,,,,,,,Sinerji
Toplama Bilgisayar,Kasa,DeepCool,MAG Forge White,7650,Üst,Yayıncılık,,,,,Micro ATX,"Mid Tower, mesh/airflow odaklı kasa",9.0,6601,2,Yok,Mid Tower,,,,,,GamingGenTR
Toplama Bilgisayar,Kasa,DeepCool,CH370,10150,Amiral,Yayıncılık,,,,,E-ATX,"Mini Tower, mesh/airflow odaklı kasa",9.6,2193,2,Yok,Mini Tower,,,,,,Epey
Toplama Bilgisayar,RAM,PNY,Dominator 8GB 1x8GB DDR5 6000MHz,1150,Giriş,Yazılım,,DDR5,,8GB,DDR5,6000MHz bellek kiti,7.2,1806,5,Yok,,,,,,,Akakçe
Toplama Bilgisayar,Monitör,ViewSonic,Odyssey 32 inç 1920x1080 180Hz,6600,Orta,Tasarım,,,25,,HDMI-DP,"VA panel, 180Hz",7.6,1527,3,Yok,32 inç,1920x1080,180Hz,,,,GamingGenTR
Toplama Bilgisayar,SSD,Samsung,Exceria Plus 2TB NVMe,5900,Üst,Yayıncılık,,,3,2TB,M2 NVMe,PCIe 4.0 NVMe SSD,9.3,3622,3,Yok,,,,,5547 MB/s,4315 MB/s,İncehesap
Toplama Bilgisayar,Kasa,Fractal Design,Lancool,4400,Üst,Yazılım,,,,,ATX,"Full Tower, mesh/airflow odaklı kasa",9.1,5819,2,Yok,Full Tower,,,,,,İtopya
Toplama Bilgisayar,Kasa,Thermaltake,View 270 Mesh,2600,Orta,Günlük Kullanım,,,,,Micro ATX,"Mid Tower, mesh/airflow odaklı kasa",7.5,2292,2,Yok,Mid Tower,,,,,,İtopya
Toplama Bilgisayar,Anakart,MSI,PRO X670 MAX DDR5,12350,Üst,Yayıncılık,AM5,DDR5,,,AM5-DDR5,"Mini ITX, X670 yonga seti, DDR5 bellek desteği",8.5,2977,3,Yok,Mini ITX,,,,,,Vatan
Toplama Bilgisayar,Mouse,Pulsar,Pulsefire Pro 8000DPI,5350,Amiral,Oyun,,,,,Kablosuz,"8000 DPI sensör, 59g",9.2,5763,2,Var,,,,,,,İtopya
Toplama Bilgisayar,Mouse,ASUS,G Pro X Superlight 36000DPI,400,Giriş,Yazılım,,,,,Kablosuz,"36000 DPI sensör, 63g",7.7,1517,2,Var,,,,,,,Sinerji
Toplama Bilgisayar,Klavye,HyperX,GMMK Pro Mekanik Tam boy,2400,Orta,Oyun,,,,,Kablosuz,Mekanik klavye,8.6,3147,2,Var,Tam boy,,,,,,İtopya
Toplama Bilgisayar,Kasa,DeepCool,Eclipse Black,4150,Orta,Yazılım,,,,,Micro ATX,"Mid Tower, mesh/airflow odaklı kasa",7.3,201,2,Yok,Mid Tower,,,,,,İncehesap
Toplama Bilgisayar,Anakart,Colorful,PRO B760 AX DDR5,6350,Orta,Günlük Kullanım,LGA1700,DDR5,,,LGA1700-DDR5,"ATX, B760 yonga seti, DDR5 bellek desteği",7.5,1147,3,Yok,ATX,,,,,,Vatan
Toplama Bilgisayar,Monitör,MSI,UltraGear 31.5 inç 3840x2160 240Hz,39600,Amiral,Video Edit,,,35,,HDMI-DP,"VA panel, 240Hz",9.9,3698,3,Yok,31.5 inç,3840x2160,240Hz,,,,Epey
Toplama Bilgisayar,Klavye,Royal Kludge,RK61 Membran 60%,4350,Üst,Ofis,,,,,USB,Membran klavye,8.8,7087,2,Yok,60%,,,,,,Sinerji
Toplama Bilgisayar,Anakart,Biostar,Steel Legend B660 DDR4,4650,Orta,Günlük Kullanım,LGA1700,DDR4,,,LGA1700-DDR4,"Micro ATX, B660 yonga seti, DDR4 bellek desteği",7.3,525,3,Yok,Micro ATX,,,,,,GamingGenTR
Toplama Bilgisayar,SSD,Lexar,Viper VP4300 1TB NVMe,2350,Orta,Günlük Kullanım,,,5,1TB,M2 NVMe,PCIe 4.0 NVMe SSD,8.7,2396,5,Yok,,,,,5668 MB/s,4398 MB/s,Vatan
Toplama Bilgisayar,Kasa,Phanteks,4000D Airflow Mesh,4400,Üst,Tasarım,,,,,E-ATX,"Mid Tower, mesh/airflow odaklı kasa",9.0,8495,2,Var,Mid Tower,,,,,,Epey
Toplama Bilgisayar,Anakart,Colorful,Gaming X Z790 DDR5,8800,Üst,Video Edit,LGA1700,DDR5,,,LGA1700-DDR5,"ATX, Z790 yonga seti, DDR5 bellek desteği",8.7,1860,3,Var,ATX,,,,,,Akakçe
Toplama Bilgisayar,Anakart,Biostar,Prime B650E MAX DDR5,8450,Üst,Video Edit,AM5,DDR5,,,AM5-DDR5,"Micro ATX, B650E yonga seti, DDR5 bellek desteği",8.2,648,3,Yok,Micro ATX,,,,,,İncehesap
Toplama Bilgisayar,Mouse,ASUS,Harpoon 8000DPI,1100,Orta,Oyun,,,,,Bluetooth,"8000 DPI sensör, 59g",8.4,4918,2,Var,,,,,,,Epey
Toplama Bilgisayar,Kasa,Phanteks,TD500 RGB,2100,Giriş,Oyun,,,,,ATX,"Mid Tower, mesh/airflow odaklı kasa",6.5,474,2,Var,Mid Tower,,,,,,İtopya
Toplama Bilgisayar,Soğutucu,MSI,Assassin X,950,Giriş,Ofis,,,,,AM4-AM5-LGA1700,Hava soğutma,7.1,1425,5,Yok,,,,,,,Epey
Toplama Bilgisayar,Klavye,HyperX,RK61 RGB Low Profile Tam boy,8800,Amiral,Yazılım,,,,,Bluetooth,Low Profile klavye,9.5,1163,2,Var,Tam boy,,,,,,GamingGenTR
Toplama Bilgisayar,Monitör,Samsung,Optix 31.5 inç 2560x1440 144Hz,8750,Üst,Tasarım,,,35,,HDMI-DP,"IPS panel, 144Hz",8.5,4611,2,Yok,31.5 inç,2560x1440,144Hz,,,,GamingGenTR
Toplama Bilgisayar,Monitör,Lenovo,Legion 34 inç 1920x1080 75Hz,3750,Giriş,Tasarım,,,35,,HDMI-DP,"IPS panel, 75Hz",7.0,1168,2,Yok,34 inç,1920x1080,75Hz,,,,Vatan
Toplama Bilgisayar,Güç Kaynağı,be quiet!,Focus GX 850W 80+ Titanium,6450,Üst,Video Edit,,,850W,,80+ Titanium,"Modüler PSU, 80+ Titanium",8.9,10257,10,Yok,,,,,,,İtopya
Toplama Bilgisayar,Kasa,Xigmatek,Aquarius White,6600,Üst,Yayıncılık,,,,,ATX,"Mid Tower, mesh/airflow odaklı kasa",8.1,10843,2,Var,Mid Tower,,,,,,Akakçe
Toplama Bilgisayar,Güç Kaynağı,Seasonic,RM 550W 80+ Bronze,2400,Giriş,Günlük Kullanım,,,550W,,80+ Bronze,"Sabit kablo PSU, 80+ Bronze",7.5,945,5,Yok,,,,,,,İtopya
Toplama Bilgisayar,Ekran Kartı,Colorful,RTX 4090 JetStream 24GB,164750,Amiral,Video Edit,,GDDR6X,450,24GB,PCIe,AI ve 4K üst seviye,9.6,362,3,Var,,,,24GB,,,GamingGenTR
Toplama Bilgisayar,Mouse,MSI,ROG Keris 30000DPI,2350,Üst,Oyun,,,,,USB,"30000 DPI sensör, 49g",9.2,9970,2,Yok,,,,,,,Sinerji
Toplama Bilgisayar,Mouse,Cooler Master,G102 8000DPI,3650,Üst,Ofis,,,,,Bluetooth,"8000 DPI sensör, 49g",8.7,5187,2,Var,,,,,,,Epey
Toplama Bilgisayar,Klavye,HyperX,GMMK Low Profile 75%,2200,Orta,Ofis,,,,,Bluetooth,Low Profile klavye,8.6,1294,2,Var,75%,,,,,,Epey
Toplama Bilgisayar,Mouse,Darmoshark,Viper Pro 12000DPI,4050,Üst,Yazılım,,,,,Kablosuz,"12000 DPI sensör, 75g",8.2,7711,2,Var,,,,,,,GamingGenTR
Toplama Bilgisayar,Anakart,Biostar,Phantom Gaming B650 AX DDR5,5600,Orta,Oyun,AM5,DDR5,,,AM5-DDR5,"ATX, B650 yonga seti, DDR5 bellek desteği",7.5,3652,3,Yok,ATX,,,,,,Epey
Toplama Bilgisayar,Soğutucu,ASUS,Frozen Notte 240,14450,Amiral,Tasarım,,,,,AM4-AM5-LGA1700,240mm sıvı soğutma,9.8,5371,2,Yok,240mm,,,,,,GamingGenTR
Toplama Bilgisayar,Ekran Kartı,Zotac,RX 7600 StormX 8GB,14100,Orta,Video Edit,,GDDR6,165,8GB,PCIe,1080p oyun,7.5,7289,3,Var,,,,8GB,,,Akakçe
Toplama Bilgisayar,Klavye,GamePower,K70 Wireless Mekanik Tam boy,750,Giriş,Ofis,,,,,Kablosuz,Mekanik klavye,6.7,499,2,Yok,Tam boy,,,,,,Sinerji
Toplama Bilgisayar,Mouse,Glorious,Pulsefire Mini 26000DPI,1200,Orta,Oyun,,,,,USB,"26000 DPI sensör, 75g",8.4,6738,2,Yok,,,,,,,Sinerji
Toplama Bilgisayar,Klavye,Akko,BlackWidow Pro Low Profile TKL,2150,Orta,Günlük Kullanım,,,,,Bluetooth,Low Profile klavye,8.2,4280,2,Yok,TKL,,,,,,Sinerji
Toplama Bilgisayar,HDD,Seagate,SkyHawk 12TB 7200RPM,13400,Üst,Günlük Kullanım,,,7,12TB,SATA,3.5 inç mekanik disk,8.8,4553,2,Yok,,,,,,,GamingGenTR
Toplama Bilgisayar,Kasa,Corsair,North Mesh,2300,Giriş,Oyun,,,,,E-ATX,"Full Tower, mesh/airflow odaklı kasa",6.7,101,2,Yok,Full Tower,,,,,,GamingGenTR
Toplama Bilgisayar,Klavye,Cooler Master,RK61 Pro Optik switch Tam boy,4900,Üst,Ofis,,,,,USB,Optik switch klavye,8.6,3687,2,Var,Tam boy,,,,,,İncehesap
Toplama Bilgisayar,Ekran Kartı,Zotac,RX 7900 GRE Aero OC 16GB,42850,Üst,Video Edit,,GDDR6,260,16GB,PCIe,1440p/4K,8.3,4963,3,Var,,,,16GB,,,İtopya
Toplama Bilgisayar,Kasa,Xigmatek,MAG Forge Mesh,6750,Üst,Video Edit,,,,,E-ATX,"Mid Tower, mesh/airflow odaklı kasa",8.9,2885,2,Var,Mid Tower,,,,,,Akakçe
Toplama Bilgisayar,Mouse,Razer,Rival Wireless 8000DPI,1700,Orta,Günlük Kullanım,,,,,USB,"8000 DPI sensör, 59g",7.6,1245,2,Yok,,,,,,,Vatan
Toplama Bilgisayar,Klavye,Glorious,G Pro X Pro Optik switch 75%,5150,Üst,Ofis,,,,,USB,Optik switch klavye,9.4,3104,2,Var,75%,,,,,,Epey
Toplama Bilgisayar,Mouse,Glorious,G102 Pro 12000DPI,1250,Orta,Ofis,,,,,Bluetooth,"12000 DPI sensör, 75g",8.6,6597,2,Var,,,,,,,GamingGenTR
Toplama Bilgisayar,Klavye,Corsair,RK61 RGB Optik switch TKL,1950,Orta,Ofis,,,,,USB,Optik switch klavye,7.9,3395,2,Var,TKL,,,,,,İtopya
Toplama Bilgisayar,Mouse,HyperX,Pulsefire Wireless 36000DPI,1700,Orta,Yazılım,,,,,USB,"36000 DPI sensör, 75g",8.6,2876,2,Var,,,,,,,Epey
Toplama Bilgisayar,Ekran Kartı,Palit,RTX 5080 Nitro+ 16GB,90850,Amiral,Yayıncılık,,GDDR6X,360,16GB,PCIe,2026 4K üst seviye,9.3,4524,3,Yok,,,,16GB,,,Epey
Toplama Bilgisayar,Mouse,Darmoshark,G Pro X Superlight Pro 30000DPI,600,Giriş,Yazılım,,,,,Kablosuz,"30000 DPI sensör, 49g",7.2,2759,2,Yok,,,,,,,Vatan
Toplama Bilgisayar,Klavye,ASUS,MOD007 Mekanik 60%,600,Giriş,Ofis,,,,,Bluetooth,Mekanik klavye,6.6,670,2,Yok,60%,,,,,,GamingGenTR
Toplama Bilgisayar,RAM,Kingston,NOX 32GB 2x16GB DDR5 7200MHz,5900,Üst,Yazılım,,DDR5,,32GB,DDR5,7200MHz bellek kiti,8.8,5461,2,Var,,,,,,,Sinerji
Toplama Bilgisayar,Mouse,SteelSeries,DeathAdder Wireless 16000DPI,3200,Üst,Oyun,,,,,Bluetooth,"16000 DPI sensör, 90g",9.1,8392,2,Yok,,,,,,,Vatan
Toplama Bilgisayar,SSD,WD,NV2 2TB NVMe,7650,Üst,Tasarım,,,3,2TB,M2 NVMe,PCIe 5.0 NVMe SSD,8.5,9559,5,Yok,,,,,11598 MB/s,9568 MB/s,İncehesap
Toplama Bilgisayar,Kasa,Phanteks,H5 Flow RGB,1650,Giriş,Oyun,,,,,ATX,"Mid Tower, mesh/airflow odaklı kasa",7.2,3342,2,Var,Mid Tower,,,,,,İncehesap
Toplama Bilgisayar,Mouse,HyperX,Clutch GM 30000DPI,450,Giriş,Günlük Kullanım,,,,,USB,"30000 DPI sensör, 59g",7.2,571,2,Var,,,,,,,Vatan
Toplama Bilgisayar,Mouse,ASUS,Pulsefire Wireless 36000DPI,500,Giriş,Ofis,,,,,USB,"36000 DPI sensör, 49g",7.9,681,2,Yok,,,,,,,Epey
Toplama Bilgisayar,Soğutucu,be quiet!,Liquid Freezer III 240,12650,Amiral,Yayıncılık,,,,,AM4-AM5-LGA1700,240mm sıvı soğutma,9.8,651,6,Var,240mm,,,,,,Epey
Toplama Bilgisayar,Anakart,Gigabyte,Creator B550 DDR4,7400,Orta,Ofis,AM4,DDR4,,,AM4-DDR4,"Mini ITX, B550 yonga seti, DDR4 bellek desteği",7.5,671,3,Yok,Mini ITX,,,,,,Akakçe
Toplama Bilgisayar,Anakart,Gigabyte,Strix B550 DDR4,5400,Orta,Günlük Kullanım,AM4,DDR4,,,AM4-DDR4,"Mini ITX, B550 yonga seti, DDR4 bellek desteği",8.3,5811,3,Var,Mini ITX,,,,,,Vatan
Toplama Bilgisayar,Mouse,Cooler Master,FK2 Pro 26000DPI,6450,Amiral,Oyun,,,,,USB,"26000 DPI sensör, 75g",9.5,4552,2,Var,,,,,,,Akakçe
Toplama Bilgisayar,Klavye,SteelSeries,K380 RGB Mekanik 75%,550,Giriş,Günlük Kullanım,,,,,USB,Mekanik klavye,7.9,3217,2,Var,75%,,,,,,GamingGenTR
Toplama Bilgisayar,HDD,WD,P300 8TB 7200RPM,6800,Üst,Yayıncılık,,,7,8TB,SATA,3.5 inç mekanik disk,8.9,10395,2,Yok,,,,,,,Sinerji
Toplama Bilgisayar,Soğutucu,Thermalright,AK400,750,Giriş,Oyun,,,,,AM4-AM5-LGA1700,Hava soğutma,7.0,2727,3,Yok,,,,,,,Epey
Toplama Bilgisayar,Kasa,Phanteks,CH370 RGB,7800,Üst,Yayıncılık,,,,,Micro ATX,"Mini Tower, mesh/airflow odaklı kasa",9.4,8277,2,Var,Mini Tower,,,,,,Epey
Toplama Bilgisayar,Monitör,MSI,UltraGear 23.8 inç 2560x1440 180Hz,13650,Üst,Video Edit,,,35,,HDMI-DP,"IPS panel, 180Hz",9.1,11733,3,Yok,23.8 inç,2560x1440,180Hz,,,,Vatan
Toplama Bilgisayar,Güç Kaynağı,Cooler Master,Strider 750W 80+ Platinum,4700,Orta,Ofis,,,750W,,80+ Platinum,"Yarı modüler PSU, 80+ Platinum",7.5,2159,2,Yok,,,,,,,Vatan
Toplama Bilgisayar,Mouse,Pulsar,MM712 Pro 16000DPI,2800,Üst,Oyun,,,,,USB,"16000 DPI sensör, 90g",9.2,4406,2,Yok,,,,,,,Sinerji
Toplama Bilgisayar,Ekran Kartı,XFX,RX 7800 XT Merc 16GB,32450,Üst,Video Edit,,GDDR6,263,16GB,PCIe,16GB VRAM 1440p,9.2,4409,3,Yok,,,,16GB,,,Sinerji
Toplama Bilgisayar,İşlemci,AMD,Ryzen 5 5600,4750,Orta,Yazılım,AM4,DDR4,65,,AM4-DDR4,6 çekirdek 12 thread,8.3,966,3,Yok,,,,,,,Epey
Toplama Bilgisayar,Mouse,Pulsar,Atlantis 36000DPI,3850,Üst,Ofis,,,,,USB,"36000 DPI sensör, 90g",9.3,406,2,Var,,,,,,,GamingGenTR
Toplama Bilgisayar,Ekran Kartı,MSI,RX 7900 XTX Aero OC 24GB,70800,Amiral,Video Edit,,GDDR6,355,24GB,PCIe,24GB VRAM 4K,9.2,206,3,Var,,,,24GB,,,GamingGenTR
Toplama Bilgisayar,SSD,TeamGroup,NV2 500GB NVMe,2300,Giriş,Günlük Kullanım,,,4,500GB,M2 NVMe,PCIe 5.0 NVMe SSD,7.0,1153,3,Yok,,,,,11557 MB/s,8161 MB/s,Akakçe
Toplama Bilgisayar,Mouse,Zowie,G Pro X Superlight Pro 26000DPI,1200,Orta,Günlük Kullanım,,,,,Bluetooth,"26000 DPI sensör, 49g",7.8,3999,2,Yok,,,,,,,Sinerji
Toplama Bilgisayar,SSD,ADATA,990 EVO 500GB NVMe,1700,Giriş,Yazılım,,,4,500GB,M2 NVMe,PCIe 4.0 NVMe SSD,7.2,2645,5,Yok,,,,,6657 MB/s,6005 MB/s,Vatan
Toplama Bilgisayar,Mouse,Cooler Master,G102 Wireless 26000DPI,500,Giriş,Ofis,,,,,USB,"26000 DPI sensör, 63g",7.4,773,2,Var,,,,,,,Epey
Toplama Bilgisayar,Mouse,Cooler Master,X2V2 Mini 36000DPI,1150,Orta,Günlük Kullanım,,,,,Kablosuz,"36000 DPI sensör, 75g",8.1,4417,2,Yok,,,,,,,Epey
Toplama Bilgisayar,Kasa,Phanteks,O11 Dynamic,1550,Giriş,Günlük Kullanım,,,,,Micro ATX,"Mid Tower, mesh/airflow odaklı kasa",6.5,2241,2,Yok,Mid Tower,,,,,,Sinerji
Toplama Bilgisayar,Mouse,MSI,MM712 Mini 16000DPI,600,Giriş,Ofis,,,,,Kablosuz,"16000 DPI sensör, 59g",7.5,923,2,Yok,,,,,,,GamingGenTR
Toplama Bilgisayar,Anakart,Gigabyte,Gaming X H610 MAX DDR4,3900,Giriş,Ofis,LGA1700,DDR4,,,LGA1700-DDR4,"ATX, H610 yonga seti, DDR4 bellek desteği",7.3,866,3,Yok,ATX,,,,,,İncehesap
Toplama Bilgisayar,Klavye,GamePower,GMMK Pro Optik switch TKL,2200,Orta,Yazılım,,,,,Bluetooth,Optik switch klavye,7.8,956,2,Yok,TKL,,,,,,Vatan
Toplama Bilgisayar,SSD,Samsung,Viper VP4300 2TB NVMe,3400,Üst,Yayıncılık,,,5,2TB,M2 NVMe,PCIe 3.0 NVMe SSD,8.6,11588,5,Yok,,,,,3215 MB/s,2598 MB/s,Vatan
Toplama Bilgisayar,Monitör,Lenovo,Alienware 32 inç 3840x2160 144Hz,29200,Amiral,Tasarım,,,25,,HDMI-DP,"IPS panel, 144Hz",9.3,3775,3,Yok,32 inç,3840x2160,144Hz,,,,Vatan
Toplama Bilgisayar,Mouse,Zowie,Clutch GM Wireless 26000DPI,600,Giriş,Ofis,,,,,USB,"26000 DPI sensör, 59g",7.0,747,2,Yok,,,,,,,İncehesap
Toplama Bilgisayar,Anakart,MSI,PRO B650 DDR5,6600,Orta,Günlük Kullanım,AM5,DDR5,,,AM5-DDR5,"Mini ITX, B650 yonga seti, DDR5 bellek desteği",8.4,3220,3,Var,Mini ITX,,,,,,İtopya
Toplama Bilgisayar,İşlemci,Intel,Core i5-12400F,4100,Orta,Ofis,LGA1700,DDR4,65,,LGA1700-DDR4,6 çekirdek 12 thread,8.8,2582,3,Yok,,,,,,,Epey
Toplama Bilgisayar,Klavye,Razer,K2 RGB Membran TKL,1700,Orta,Ofis,,,,,Kablosuz,Membran klavye,8.6,2777,2,Var,TKL,,,,,,İncehesap
Toplama Bilgisayar,SSD,TeamGroup,NV2 2TB NVMe,5700,Üst,Yazılım,,,3,2TB,M2 NVMe,PCIe 4.0 NVMe SSD,8.9,6290,3,Yok,,,,,6668 MB/s,5968 MB/s,GamingGenTR
Toplama Bilgisayar,Mouse,Corsair,Rival 36000DPI,1350,Orta,Ofis,,,,,Kablosuz,"36000 DPI sensör, 63g",8.1,2673,2,Var,,,,,,,GamingGenTR
Toplama Bilgisayar,Monitör,HP,Raptor 23.8 inç 2560x1440 144Hz,10700,Üst,Video Edit,,,35,,HDMI-DP,"VA panel, 144Hz",8.6,3578,3,Yok,23.8 inç,2560x1440,144Hz,,,,İtopya
Toplama Bilgisayar,Ekran Kartı,PNY,RTX 4090 Aero OC 24GB,148100,Amiral,Oyun,,GDDR6X,450,24GB,PCIe,AI ve 4K üst seviye,8.8,3174,3,Yok,,,,24GB,,,İtopya
Toplama Bilgisayar,Klavye,Royal Kludge,Ogre Membran 75%,2050,Orta,Günlük Kullanım,,,,,USB,Membran klavye,8.4,3095,2,Yok,75%,,,,,,Epey
Toplama Bilgisayar,İşlemci,Intel,Core i5-14400F Tray,7300,Orta,Ofis,LGA1700,DDR5,65,,LGA1700-DDR5,10 çekirdek,7.2,3278,3,Yok,,,,,,,İtopya
Toplama Bilgisayar,Ekran Kartı,Inno3D,RTX 4070 Super Gaming OC 12GB,39950,Üst,Oyun,,GDDR6,220,12GB,PCIe,1440p ultra oyun,8.3,3876,3,Yok,,,,12GB,,,Vatan
Toplama Bilgisayar,Monitör,MSI,UltraGear 34 inç 1920x1080 144Hz,5100,Orta,Ofis,,,50,,HDMI-DP,"VA panel, 144Hz",7.9,6857,2,Yok,34 inç,1920x1080,144Hz,,,,Akakçe
Toplama Bilgisayar,Monitör,HP,ProArt 34 inç 1920x1080 75Hz,2900,Giriş,Ofis,,,50,,HDMI-DP,"VA panel, 75Hz",8.0,80,2,Yok,34 inç,1920x1080,75Hz,,,,GamingGenTR
Toplama Bilgisayar,Ekran Kartı,Sapphire,RTX 4070 Ti Super TUF 16GB,58650,Üst,Yayıncılık,,GDDR6X,285,16GB,PCIe,1440p/4K güçlü performans,8.2,6505,3,Yok,,,,16GB,,,Vatan
Toplama Bilgisayar,Anakart,Colorful,Prime B760 DDR5,7500,Orta,Yazılım,LGA1700,DDR5,,,LGA1700-DDR5,"Micro ATX, B760 yonga seti, DDR5 bellek desteği",8.2,3487,3,Var,Micro ATX,,,,,,Sinerji
Toplama Bilgisayar,Klavye,ASUS,RK61 Low Profile 60%,1800,Orta,Oyun,,,,,USB,Low Profile klavye,7.7,8042,2,Yok,60%,,,,,,İtopya
Toplama Bilgisayar,Kasa,Cooler Master,Meshify Black,2800,Orta,Ofis,,,,,Micro ATX,"Mini Tower, mesh/airflow odaklı kasa",7.9,809,2,Yok,Mini Tower,,,,,,Vatan
Toplama Bilgisayar,Mouse,Redragon,Model O 30000DPI,500,Giriş,Günlük Kullanım,,,,,USB,"30000 DPI sensör, 49g",7.7,2976,2,Yok,,,,,,,Akakçe
Toplama Bilgisayar,Kasa,DeepCool,TUF GT Black,4200,Orta,Yazılım,,,,,Micro ATX,"Mini Tower, mesh/airflow odaklı kasa",8.2,6017,2,Yok,Mini Tower,,,,,,Epey
Toplama Bilgisayar,Mouse,Redragon,M711 Pro 26000DPI,1600,Orta,Yazılım,,,,,Kablosuz,"26000 DPI sensör, 75g",8.5,7503,2,Yok,,,,,,,Epey
Toplama Bilgisayar,Klavye,Corsair,K70 Pro Optik switch Tam boy,3700,Üst,Günlük Kullanım,,,,,Bluetooth,Optik switch klavye,9.0,11944,2,Yok,Tam boy,,,,,,Vatan
Toplama Bilgisayar,Kasa,DeepCool,TD500,5700,Üst,Tasarım,,,,,Micro ATX,"Full Tower, mesh/airflow odaklı kasa",8.9,4930,2,Yok,Full Tower,,,,,,Akakçe
Toplama Bilgisayar,Kasa,DarkFlash,TD500,7050,Üst,Yazılım,,,,,ATX,"Full Tower, mesh/airflow odaklı kasa",8.1,10698,2,Yok,Full Tower,,,,,,İtopya
Toplama Bilgisayar,Kasa,Corsair,View 270 RGB,6400,Üst,Tasarım,,,,,ATX,"Mid Tower, mesh/airflow odaklı kasa",9.1,7388,2,Var,Mid Tower,,,,,,Epey
Toplama Bilgisayar,HDD,Toshiba,IronWolf 6TB 7200RPM,7000,Orta,Video Edit,,,9,6TB,SATA,3.5 inç mekanik disk,8.2,5779,2,Yok,,,,,,,Akakçe
Toplama Bilgisayar,Ekran Kartı,Gainward,RTX 5090 JetStream 32GB,163000,Amiral,Yayıncılık,,GDDR6X,575,32GB,PCIe,2026 amiral seviye AI/4K,9.2,5027,3,Var,,,,32GB,,,İtopya
Toplama Bilgisayar,Kasa,DarkFlash,H5 Flow White,2600,Orta,Yazılım,,,,,ATX,"Mini Tower, mesh/airflow odaklı kasa",8.1,5816,2,Var,Mini Tower,,,,,,Sinerji
Toplama Bilgisayar,Güç Kaynağı,FSP,C Series 1000W 80+ Titanium,8150,Üst,Yazılım,,,1000W,,80+ Titanium,"Modüler PSU, 80+ Titanium",9.3,2639,5,Yok,,,,,,,Epey
Toplama Bilgisayar,Ekran Kartı,Sapphire,RX 7900 XTX Merc 24GB,75500,Amiral,Video Edit,,GDDR6,355,24GB,PCIe,24GB VRAM 4K,9.4,4526,3,Var,,,,24GB,,,Epey
Toplama Bilgisayar,Ekran Kartı,Gigabyte,RTX 4060 Eagle OC 8GB,20500,Orta,Oyun,,GDDR6,115,8GB,PCIe,DLSS 3 1080p oyun,8.5,1219,3,Yok,,,,8GB,,,Akakçe
Toplama Bilgisayar,HDD,Seagate,Blue 6TB 7200RPM,7300,Orta,Ofis,,,7,6TB,SATA,3.5 inç mekanik disk,7.4,2375,2,Yok,,,,,,,Akakçe
Toplama Bilgisayar,Anakart,MSI,Phantom Gaming H610 WiFi DDR4,2650,Giriş,Ofis,LGA1700,DDR4,,,LGA1700-DDR4,"ATX, H610 yonga seti, DDR4 bellek desteği",7.7,2551,3,Var,ATX,,,,,,İtopya
Toplama Bilgisayar,Kasa,DarkFlash,4000D Airflow Black,7150,Üst,Tasarım,,,,,Micro ATX,"Mini Tower, mesh/airflow odaklı kasa",8.7,583,2,Yok,Mini Tower,,,,,,İtopya
Toplama Bilgisayar,HDD,Toshiba,Purple 4TB 7200RPM,3500,Orta,Yayıncılık,,,7,4TB,SATA,3.5 inç mekanik disk,8.3,1301,2,Yok,,,,,,,İtopya
Toplama Bilgisayar,Anakart,Colorful,Creator X870 WiFi DDR5,17200,Amiral,Yayıncılık,AM5,DDR5,,,AM5-DDR5,"Micro ATX, X870 yonga seti, DDR5 bellek desteği",8.9,681,3,Var,Micro ATX,,,,,,GamingGenTR
Toplama Bilgisayar,Kasa,DeepCool,4000D Airflow White,4100,Orta,Ofis,,,,,E-ATX,"Mid Tower, mesh/airflow odaklı kasa",8.7,5848,2,Yok,Mid Tower,,,,,,Sinerji
Toplama Bilgisayar,Monitör,LG,UltraGear 32 inç 1920x1080 180Hz,6050,Orta,Oyun,,,25,,HDMI-DP,"IPS panel, 180Hz",8.2,5314,3,Yok,32 inç,1920x1080,180Hz,,,,İncehesap
Toplama Bilgisayar,Mouse,SteelSeries,Clutch GM Pro 26000DPI,1200,Orta,Günlük Kullanım,,,,,Bluetooth,"26000 DPI sensör, 75g",8.3,7822,2,Var,,,,,,,GamingGenTR
Toplama Bilgisayar,HDD,Seagate,Red Plus 2TB 7200RPM,2150,Giriş,Video Edit,,,9,2TB,SATA,3.5 inç mekanik disk,7.9,2547,3,Yok,,,,,,,Akakçe
Toplama Bilgisayar,Mouse,ASUS,M711 12000DPI,500,Giriş,Günlük Kullanım,,,,,Kablosuz,"12000 DPI sensör, 49g",6.8,2654,2,Var,,,,,,,İncehesap
Toplama Bilgisayar,Kasa,Corsair,MAG Forge RGB,1500,Giriş,Oyun,,,,,ATX,"Mid Tower, mesh/airflow odaklı kasa",6.8,2540,2,Var,Mid Tower,,,,,,İtopya
Toplama Bilgisayar,Monitör,Samsung,Predator 27 inç 2560x1440 144Hz,10850,Üst,Oyun,,,35,,HDMI-DP,"IPS panel, 144Hz",8.9,7297,2,Yok,27 inç,2560x1440,144Hz,,,,GamingGenTR
Toplama Bilgisayar,Anakart,MSI,Tomahawk B760 MAX DDR4,4700,Orta,Ofis,LGA1700,DDR4,,,LGA1700-DDR4,"Micro ATX, B760 yonga seti, DDR4 bellek desteği",8.6,7024,3,Yok,Micro ATX,,,,,,Vatan
Toplama Bilgisayar,Klavye,Logitech,CK Wireless Mekanik Tam boy,2400,Orta,Günlük Kullanım,,,,,Kablosuz,Mekanik klavye,8.3,5620,2,Yok,Tam boy,,,,,,Akakçe
Toplama Bilgisayar,Klavye,Royal Kludge,Apex Mekanik TKL,1800,Orta,Oyun,,,,,Bluetooth,Mekanik klavye,7.9,6699,2,Var,TKL,,,,,,GamingGenTR
Toplama Bilgisayar,Kasa,Phanteks,Lancool,1850,Giriş,Günlük Kullanım,,,,,E-ATX,"Mini Tower, mesh/airflow odaklı kasa",7.0,2273,2,Var,Mini Tower,,,,,,Vatan
Toplama Bilgisayar,Ekran Kartı,ASUS,RTX 5070 Eagle OC 12GB,56300,Üst,Video Edit,,GDDR6,250,12GB,PCIe,2026 yeni nesil 1440p,9.3,5468,3,Var,,,,12GB,,,İtopya
Toplama Bilgisayar,Kasa,ASUS,MAG Forge,4350,Üst,Oyun,,,,,E-ATX,"Mid Tower, mesh/airflow odaklı kasa",8.2,6523,2,Var,Mid Tower,,,,,,GamingGenTR
Toplama Bilgisayar,SSD,Kingston,NM790 1TB NVMe,3450,Orta,Oyun,,,3,1TB,M2 NVMe,PCIe 5.0 NVMe SSD,8.0,8401,3,Yok,,,,,11675 MB/s,9186 MB/s,Epey
Toplama Bilgisayar,Kasa,Corsair,4000D Airflow Mesh,3750,Orta,Ofis,,,,,Micro ATX,"Full Tower, mesh/airflow odaklı kasa",8.3,2234,2,Var,Full Tower,,,,,,GamingGenTR
Toplama Bilgisayar,Anakart,ASUS,Mortar A520 MAX DDR4,4050,Giriş,Ofis,AM4,DDR4,,,AM4-DDR4,"Micro ATX, A520 yonga seti, DDR4 bellek desteği",8.1,560,3,Var,Micro ATX,,,,,,İncehesap
Toplama Bilgisayar,Kasa,Fractal Design,CH370,6900,Üst,Oyun,,,,,E-ATX,"Mini Tower, mesh/airflow odaklı kasa",8.7,3603,2,Var,Mini Tower,,,,,,İtopya
Toplama Bilgisayar,Klavye,GamePower,ROG Strix Scope RGB Mekanik TKL,2150,Orta,Günlük Kullanım,,,,,USB,Mekanik klavye,7.3,6586,2,Var,TKL,,,,,,Sinerji
Toplama Bilgisayar,Mouse,Logitech,G305 Pro 30000DPI,350,Giriş,Günlük Kullanım,,,,,Kablosuz,"30000 DPI sensör, 90g",7.5,1583,2,Yok,,,,,,,GamingGenTR
Toplama Bilgisayar,Klavye,Keychron,MOD007 Pro Optik switch TKL,1600,Orta,Oyun,,,,,USB,Optik switch klavye,8.4,3833,2,Var,TKL,,,,,,Akakçe
Toplama Bilgisayar,Kasa,Thermaltake,CH370 Black,6750,Üst,Oyun,,,,,E-ATX,"Mid Tower, mesh/airflow odaklı kasa",9.4,5934,2,Var,Mid Tower,,,,,,Sinerji
Toplama Bilgisayar,Klavye,Corsair,K2 RGB Mekanik Tam boy,2300,Orta,Yazılım,,,,,Bluetooth,Mekanik klavye,8.0,7075,2,Var,Tam boy,,,,,,GamingGenTR
Toplama Bilgisayar,Kasa,GamePower,Lancool Black,5800,Üst,Yazılım,,,,,Micro ATX,"Mini Tower, mesh/airflow odaklı kasa",8.6,8206,2,Yok,Mini Tower,,,,,,Vatan
Toplama Bilgisayar,Kasa,Fractal Design,View 270 Mesh,4100,Orta,Oyun,,,,,Micro ATX,"Mid Tower, mesh/airflow odaklı kasa",8.7,1996,2,Yok,Mid Tower,,,,,,Akakçe
Toplama Bilgisayar,Klavye,Keychron,G Pro X Wireless Low Profile TKL,2300,Orta,Günlük Kullanım,,,,,Bluetooth,Low Profile klavye,7.9,1565,2,Var,TKL,,,,,,İtopya
Toplama Bilgisayar,Klavye,Cooler Master,K380 Wireless Membran TKL,500,Giriş,Yazılım,,,,,USB,Membran klavye,7.4,961,2,Var,TKL,,,,,,İtopya
Toplama Bilgisayar,HDD,Toshiba,Purple 8TB 7200RPM,7300,Üst,Günlük Kullanım,,,5,8TB,SATA,3.5 inç mekanik disk,8.8,821,3,Yok,,,,,,,Vatan
Toplama Bilgisayar,Kasa,Corsair,Aquarius Mesh,4150,Orta,Ofis,,,,,ATX,"Mid Tower, mesh/airflow odaklı kasa",7.5,5582,2,Yok,Mid Tower,,,,,,Vatan
Toplama Bilgisayar,Ekran Kartı,PNY,RX 9070 XT TUF 16GB,68900,Amiral,Oyun,,GDDR6,304,16GB,PCIe,2026 RDNA üst seviye,9.1,269,3,Var,,,,16GB,,,GamingGenTR
Toplama Bilgisayar,Güç Kaynağı,Thermaltake,MWE 1600W 80+ Platinum,14250,Amiral,Yayıncılık,,,1600W,,80+ Platinum,"Modüler PSU, 80+ Platinum",9.2,4592,7,Yok,,,,,,,İncehesap
Toplama Bilgisayar,Kasa,Xigmatek,Aquarius Mesh,3650,Orta,Ofis,,,,,ATX,"Full Tower, mesh/airflow odaklı kasa",7.7,4585,2,Yok,Full Tower,,,,,,Sinerji
Toplama Bilgisayar,Mouse,Pulsar,X2V2 Mini 26000DPI,1500,Orta,Yazılım,,,,,Kablosuz,"26000 DPI sensör, 63g",7.3,6367,2,Yok,,,,,,,Epey
Toplama Bilgisayar,Ekran Kartı,Palit,RTX 4080 Super Eagle OC 16GB,70650,Amiral,Yayıncılık,,GDDR6X,320,16GB,PCIe,4K oyun ve render,9.7,633,3,Yok,,,,16GB,,,İncehesap
Toplama Bilgisayar,Ekran Kartı,Inno3D,RTX 4070 Super Dual 12GB,40850,Üst,Video Edit,,GDDR6,220,12GB,PCIe,1440p ultra oyun,9.0,11441,3,Yok,,,,12GB,,,Vatan
Toplama Bilgisayar,HDD,Toshiba,IronWolf 12TB 7200RPM,11000,Üst,Ofis,,,7,12TB,SATA,3.5 inç mekanik disk,8.9,5325,2,Yok,,,,,,,İtopya
Toplama Bilgisayar,Klavye,Royal Kludge,BlackWidow RGB Low Profile 60%,1850,Orta,Oyun,,,,,Kablosuz,Low Profile klavye,8.1,2032,2,Var,60%,,,,,,İncehesap
Toplama Bilgisayar,Anakart,Biostar,Mortar B760 WiFi DDR4,6450,Orta,Ofis,LGA1700,DDR4,,,LGA1700-DDR4,"ATX, B760 yonga seti, DDR4 bellek desteği",8.4,4011,3,Yok,ATX,,,,,,İncehesap
Toplama Bilgisayar,SSD,Samsung,NV2 1TB NVMe,3900,Orta,Oyun,,,5,1TB,M2 NVMe,PCIe 5.0 NVMe SSD,7.7,2072,5,Yok,,,,,10866 MB/s,7773 MB/s,İtopya
Toplama Bilgisayar,Kasa,Xigmatek,TUF GT Black,3150,Orta,Oyun,,,,,E-ATX,"Mini Tower, mesh/airflow odaklı kasa",8.8,796,2,Yok,Mini Tower,,,,,,Vatan
Toplama Bilgisayar,Soğutucu,Thermalright,ML240L V2,13150,Amiral,Tasarım,,,,,AM4-AM5-LGA1700,240mm sıvı soğutma,9.1,4432,2,Var,240mm,,,,,,Epey
Toplama Bilgisayar,Anakart,NZXT,Taichi X870 WiFi DDR5,16200,Amiral,Yayıncılık,AM5,DDR5,,,AM5-DDR5,"Mini ITX, X870 yonga seti, DDR5 bellek desteği",9.3,5654,3,Var,Mini ITX,,,,,,İncehesap
Toplama Bilgisayar,Kasa,MSI,O11 Dynamic Mesh,14600,Amiral,Video Edit,,,,,E-ATX,"Mini Tower, mesh/airflow odaklı kasa",9.1,1060,2,Yok,Mini Tower,,,,,,Akakçe
Toplama Bilgisayar,RAM,Patriot,Trident Z5 64GB 2x32GB DDR5 5200MHz,11350,Amiral,Tasarım,,DDR5,,64GB,DDR5,5200MHz bellek kiti,8.9,1076,3,Var,,,,,,,Sinerji
Toplama Bilgisayar,Klavye,GamePower,G Pro X Wireless Membran Tam boy,4450,Üst,Oyun,,,,,USB,Membran klavye,9.0,11658,2,Yok,Tam boy,,,,,,Epey
Toplama Bilgisayar,Klavye,ASUS,Alloy Origins RGB Membran TKL,3500,Üst,Yazılım,,,,,USB,Membran klavye,8.7,8385,2,Var,TKL,,,,,,Vatan
Toplama Bilgisayar,Klavye,Razer,K2 Pro Membran 75%,1400,Orta,Oyun,,,,,Bluetooth,Membran klavye,8.6,2364,2,Var,75%,,,,,,Akakçe
Toplama Bilgisayar,Kasa,GamePower,Eclipse White,1600,Giriş,Günlük Kullanım,,,,,ATX,"Mid Tower, mesh/airflow odaklı kasa",6.6,3133,2,Yok,Mid Tower,,,,,,Sinerji
Toplama Bilgisayar,Anakart,ASRock,Prime B660 AX DDR4,6700,Orta,Günlük Kullanım,LGA1700,DDR4,,,LGA1700-DDR4,"ATX, B660 yonga seti, DDR4 bellek desteği",7.4,1659,3,Yok,ATX,,,,,,Sinerji
Toplama Bilgisayar,Soğutucu,Noctua,AK400,1600,Orta,Yazılım,,,,,AM4-AM5-LGA1700,Hava soğutma,8.0,7023,5,Yok,,,,,,,Sinerji
Toplama Bilgisayar,Klavye,GamePower,K380 Optik switch 60%,1900,Orta,Günlük Kullanım,,,,,USB,Optik switch klavye,8.8,6291,2,Var,60%,,,,,,İtopya
Toplama Bilgisayar,Klavye,GamePower,Vigor GK Pro Membran TKL,650,Giriş,Oyun,,,,,Bluetooth,Membran klavye,7.2,602,2,Var,TKL,,,,,,Vatan
Toplama Bilgisayar,Kasa,DarkFlash,Warcry RGB,4550,Üst,Video Edit,,,,,ATX,"Mid Tower, mesh/airflow odaklı kasa",9.5,9385,2,Var,Mid Tower,,,,,,GamingGenTR
Toplama Bilgisayar,Mouse,Darmoshark,ROG Keris Pro 26000DPI,1550,Orta,Oyun,,,,,Kablosuz,"26000 DPI sensör, 63g",8.0,5782,2,Yok,,,,,,,Vatan
Toplama Bilgisayar,Kasa,NZXT,View 270 White,2600,Orta,Yazılım,,,,,ATX,"Full Tower, mesh/airflow odaklı kasa",7.5,5848,2,Var,Full Tower,,,,,,Vatan
Toplama Bilgisayar,Klavye,Corsair,G Pro X Wireless Mekanik 75%,650,Giriş,Ofis,,,,,Kablosuz,Mekanik klavye,7.4,600,2,Yok,75%,,,,,,Vatan
Toplama Bilgisayar,İşlemci,Intel,Core i5-14600KF Kampanya,12000,Üst,Video Edit,LGA1700,DDR5,125,,LGA1700-DDR5,14 çekirdek yüksek frekans,8.8,2810,3,Yok,,,,,,,İncehesap
Toplama Bilgisayar,Kasa,NZXT,O11 Dynamic,2300,Giriş,Günlük Kullanım,,,,,Micro ATX,"Mid Tower, mesh/airflow odaklı kasa",6.4,1820,2,Var,Mid Tower,,,,,,Akakçe
Toplama Bilgisayar,Mouse,HyperX,M711 Wireless 30000DPI,1150,Orta,Yazılım,,,,,Bluetooth,"30000 DPI sensör, 90g",7.3,8351,2,Var,,,,,,,GamingGenTR
Toplama Bilgisayar,Soğutucu,MSI,Peerless Assassin,1050,Giriş,Günlük Kullanım,,,,,AM4-AM5-LGA1700,Hava soğutma,7.5,2250,5,Var,,,,,,,İtopya
Toplama Bilgisayar,Mouse,Darmoshark,FK2 Mini 26000DPI,3950,Üst,Oyun,,,,,Kablosuz,"26000 DPI sensör, 49g",8.6,1381,2,Var,,,,,,,İtopya
Toplama Bilgisayar,Anakart,ASUS,Gaming X X670 MAX DDR5,8100,Üst,Yazılım,AM5,DDR5,,,AM5-DDR5,"Mini ITX, X670 yonga seti, DDR5 bellek desteği",9.3,6111,3,Var,Mini ITX,,,,,,Vatan
Toplama Bilgisayar,SSD,Samsung,SN770 500GB NVMe,900,Giriş,Yazılım,,,5,500GB,M2 NVMe,PCIe 3.0 NVMe SSD,7.0,3075,5,Yok,,,,,3518 MB/s,2429 MB/s,GamingGenTR
Toplama Bilgisayar,Mouse,HyperX,MM712 Wireless 12000DPI,450,Giriş,Yazılım,,,,,Bluetooth,"12000 DPI sensör, 63g",6.6,2972,2,Yok,,,,,,,GamingGenTR
Toplama Bilgisayar,Klavye,Glorious,ROG Strix Scope RGB Low Profile 75%,7450,Amiral,Yazılım,,,,,Kablosuz,Low Profile klavye,9.6,5486,2,Var,75%,,,,,,İtopya
Toplama Bilgisayar,Monitör,ViewSonic,Aorus 24.5 inç 1920x1080 144Hz,3700,Orta,Yazılım,,,25,,HDMI-DP,"VA panel, 144Hz",7.4,8132,3,Yok,24.5 inç,1920x1080,144Hz,,,,Vatan
Toplama Bilgisayar,Ekran Kartı,Sapphire,RTX 4090 StormX 24GB,158950,Amiral,Yapay Zeka,,GDDR6X,450,24GB,PCIe,AI ve 4K üst seviye,9.3,2313,3,Yok,,,,24GB,,,Sinerji
Toplama Bilgisayar,Kasa,Fractal Design,TUF GT RGB,1400,Giriş,Günlük Kullanım,,,,,E-ATX,"Mid Tower, mesh/airflow odaklı kasa",7.8,1110,2,Var,Mid Tower,,,,,,İncehesap
Toplama Bilgisayar,Kasa,ASUS,4000D Airflow White,3550,Orta,Yazılım,,,,,E-ATX,"Mid Tower, mesh/airflow odaklı kasa",8.8,6535,2,Yok,Mid Tower,,,,,,İncehesap
Toplama Bilgisayar,Kasa,Cooler Master,Warcry White,2350,Orta,Yazılım,,,,,ATX,"Full Tower, mesh/airflow odaklı kasa",8.5,531,2,Var,Full Tower,,,,,,Vatan
Toplama Bilgisayar,Monitör,MSI,Optix 23.8 inç 2560x1440 144Hz,9300,Üst,Ofis,,,25,,HDMI-DP,"IPS panel, 144Hz",8.5,4827,2,Yok,23.8 inç,2560x1440,144Hz,,,,Vatan
Toplama Bilgisayar,HDD,Seagate,P300 1TB 7200RPM,1400,Giriş,Yayıncılık,,,9,1TB,SATA,3.5 inç mekanik disk,8.0,2587,2,Yok,,,,,,,İncehesap
Toplama Bilgisayar,Kasa,Phanteks,H5 Flow Black,1800,Giriş,Ofis,,,,,E-ATX,"Full Tower, mesh/airflow odaklı kasa",6.7,325,2,Var,Full Tower,,,,,,Akakçe
Toplama Bilgisayar,Güç Kaynağı,High Power,Straight Power 1000W 80+ Titanium,9350,Üst,Oyun,,,1000W,,80+ Titanium,"Modüler PSU, 80+ Titanium",8.8,11925,7,Yok,,,,,,,Akakçe
Toplama Bilgisayar,Kasa,DeepCool,CH370 RGB,4300,Orta,Yazılım,,,,,ATX,"Mid Tower, mesh/airflow odaklı kasa",8.8,2727,2,Var,Mid Tower,,,,,,Sinerji
Toplama Bilgisayar,Anakart,Gigabyte,Steel Legend B650 AX DDR5,5550,Orta,Yazılım,AM5,DDR5,,,AM5-DDR5,"ATX, B650 yonga seti, DDR5 bellek desteği",8.8,194,3,Yok,ATX,,,,,,Akakçe
Toplama Bilgisayar,Klavye,Redragon,K70 Optik switch TKL,1600,Orta,Oyun,,,,,Bluetooth,Optik switch klavye,7.3,7240,2,Yok,TKL,,,,,,Epey
Toplama Bilgisayar,Monitör,Dell,Nitro 23.8 inç 3840x2160 144Hz,31350,Amiral,Oyun,,,50,,HDMI-DP,"VA panel, 144Hz",9.0,973,2,Yok,23.8 inç,3840x2160,144Hz,,,,Akakçe
Toplama Bilgisayar,Soğutucu,DeepCool,ML240L V2,6650,Üst,Yazılım,,,,,AM4-AM5-LGA1700,240mm sıvı soğutma,9.0,8446,5,Var,240mm,,,,,,İncehesap
Toplama Bilgisayar,Kasa,Thermaltake,TD500 Black,2950,Orta,Oyun,,,,,E-ATX,"Mini Tower, mesh/airflow odaklı kasa",8.6,1270,2,Var,Mini Tower,,,,,,Sinerji
Toplama Bilgisayar,Anakart,Colorful,Mortar X570 AX DDR4,13150,Üst,Yazılım,AM4,DDR4,,,AM4-DDR4,"Micro ATX, X570 yonga seti, DDR4 bellek desteği",8.1,97,3,Var,Micro ATX,,,,,,İncehesap
Toplama Bilgisayar,Klavye,SteelSeries,CK RGB Mekanik 75%,4150,Üst,Günlük Kullanım,,,,,Kablosuz,Mekanik klavye,8.3,9682,2,Var,75%,,,,,,Vatan
Toplama Bilgisayar,Klavye,Corsair,Vigor GK RGB Mekanik TKL,1850,Orta,Ofis,,,,,Bluetooth,Mekanik klavye,7.5,2575,2,Var,TKL,,,,,,Epey
Toplama Bilgisayar,Kasa,DeepCool,4000D Airflow,2800,Orta,Yazılım,,,,,E-ATX,"Mid Tower, mesh/airflow odaklı kasa",7.4,4116,2,Yok,Mid Tower,,,,,,Epey
Toplama Bilgisayar,Anakart,Gigabyte,Creator X670 DDR5,11350,Üst,Yazılım,AM5,DDR5,,,AM5-DDR5,"Mini ITX, X670 yonga seti, DDR5 bellek desteği",9.5,4693,3,Var,Mini ITX,,,,,,İtopya
Toplama Bilgisayar,Kasa,Lian Li,Aquarius Mesh,1900,Giriş,Ofis,,,,,ATX,"Full Tower, mesh/airflow odaklı kasa",7.3,1289,2,Var,Full Tower,,,,,,Akakçe
Toplama Bilgisayar,Monitör,LG,Raptor 27 inç 1920x1080 144Hz,4200,Orta,Oyun,,,25,,HDMI-DP,"IPS panel, 144Hz",7.8,5256,3,Yok,27 inç,1920x1080,144Hz,,,,Akakçe
Toplama Bilgisayar,Mouse,Cooler Master,G305 12000DPI,600,Giriş,Oyun,,,,,Bluetooth,"12000 DPI sensör, 90g",6.8,2013,2,Var,,,,,,,Epey
Toplama Bilgisayar,Anakart,NZXT,PRO Z790 AX DDR5,12000,Üst,Yayıncılık,LGA1700,DDR5,,,LGA1700-DDR5,"ATX, Z790 yonga seti, DDR5 bellek desteği",8.8,5791,3,Var,ATX,,,,,,Sinerji
Toplama Bilgisayar,HDD,WD,Red Plus 4TB 7200RPM,3850,Orta,Yayıncılık,,,7,4TB,SATA,3.5 inç mekanik disk,7.2,956,2,Yok,,,,,,,Akakçe
Toplama Bilgisayar,Kasa,ASUS,MAG Forge Mesh,5100,Üst,Yazılım,,,,,ATX,"Full Tower, mesh/airflow odaklı kasa",8.3,7509,2,Yok,Full Tower,,,,,,Vatan
Toplama Bilgisayar,Mouse,Darmoshark,M711 Pro 12000DPI,1200,Orta,Yazılım,,,,,Kablosuz,"12000 DPI sensör, 63g",8.3,627,2,Var,,,,,,,Sinerji
Toplama Bilgisayar,HDD,Seagate,SkyHawk 2TB 7200RPM,2350,Giriş,Günlük Kullanım,,,5,2TB,SATA,3.5 inç mekanik disk,7.8,2712,2,Yok,,,,,,,Epey
Toplama Bilgisayar,Mouse,Corsair,M711 30000DPI,1750,Orta,Yazılım,,,,,USB,"30000 DPI sensör, 59g",8.2,8497,2,Var,,,,,,,Akakçe
Toplama Bilgisayar,İşlemci,AMD,Ryzen 5 5500 Kampanya,3050,Orta,Yazılım,AM4,DDR4,65,,AM4-DDR4,6 çekirdek 12 thread,8.3,1219,3,Yok,,,,,,,Vatan
Toplama Bilgisayar,Anakart,ASUS,Gaming X B660 WiFi DDR4,5450,Orta,Ofis,LGA1700,DDR4,,,LGA1700-DDR4,"ATX, B660 yonga seti, DDR4 bellek desteği",8.4,1113,3,Var,ATX,,,,,,İtopya
Toplama Bilgisayar,Klavye,Razer,G Pro X RGB Mekanik Tam boy,3200,Üst,Ofis,,,,,Kablosuz,Mekanik klavye,8.6,7815,2,Var,Tam boy,,,,,,İtopya
Toplama Bilgisayar,Monitör,LG,Aorus 24.5 inç 3440x1440 165Hz,16250,Amiral,Tasarım,,,35,,HDMI-DP,"Mini LED panel, 165Hz",9.5,158,3,Yok,24.5 inç,3440x1440,165Hz,,,,İncehesap
Toplama Bilgisayar,Klavye,ASUS,G Pro X Pro Mekanik 75%,1550,Orta,Oyun,,,,,Kablosuz,Mekanik klavye,8.3,8434,2,Yok,75%,,,,,,Sinerji
Toplama Bilgisayar,Klavye,Corsair,GMMK Wireless Low Profile TKL,2300,Orta,Günlük Kullanım,,,,,USB,Low Profile klavye,7.7,2249,2,Var,TKL,,,,,,İtopya
Toplama Bilgisayar,Klavye,Razer,MOD007 RGB Membran TKL,600,Giriş,Günlük Kullanım,,,,,Bluetooth,Membran klavye,7.9,1582,2,Var,TKL,,,,,,Vatan
Toplama Bilgisayar,Kasa,NZXT,View 270 RGB,6250,Üst,Yazılım,,,,,E-ATX,"Mini Tower, mesh/airflow odaklı kasa",8.2,8765,2,Var,Mini Tower,,,,,,İtopya
Toplama Bilgisayar,Monitör,MSI,Aorus 24.5 inç 2560x1440 180Hz,11600,Üst,Video Edit,,,25,,HDMI-DP,"IPS panel, 180Hz",8.6,1971,2,Yok,24.5 inç,2560x1440,180Hz,,,,Sinerji
Toplama Bilgisayar,Mouse,Cooler Master,MM712 26000DPI,1650,Orta,Oyun,,,,,Bluetooth,"26000 DPI sensör, 63g",8.0,2733,2,Yok,,,,,,,Vatan
Toplama Bilgisayar,Güç Kaynağı,be quiet!,PF 1000W 80+ Gold,8550,Üst,Yayıncılık,,,1000W,,80+ Gold,"Modüler PSU, 80+ Gold",9.1,5447,5,Yok,,,,,,,Sinerji
Toplama Bilgisayar,Kasa,DeepCool,Warcry RGB,3250,Orta,Günlük Kullanım,,,,,Micro ATX,"Full Tower, mesh/airflow odaklı kasa",7.8,2070,2,Var,Full Tower,,,,,,GamingGenTR
Toplama Bilgisayar,Soğutucu,ASUS,LT720,4050,Orta,Günlük Kullanım,,,,,AM4-AM5-LGA1700,360mm sıvı soğutma,7.5,2412,5,Var,360mm,,,,,,Akakçe
Toplama Bilgisayar,Monitör,MSI,Aorus 23.8 inç 1920x1080 75Hz,2650,Giriş,Ofis,,,50,,HDMI-DP,"IPS panel, 75Hz",7.8,2625,3,Yok,23.8 inç,1920x1080,75Hz,,,,GamingGenTR
Toplama Bilgisayar,Monitör,Gigabyte,Alienware 24.5 inç 1920x1080 144Hz,4750,Orta,Ofis,,,35,,HDMI-DP,"VA panel, 144Hz",7.9,7323,3,Yok,24.5 inç,1920x1080,144Hz,,,,İncehesap
Toplama Bilgisayar,HDD,Toshiba,P300 2TB 7200RPM,2150,Giriş,Günlük Kullanım,,,7,2TB,SATA,3.5 inç mekanik disk,7.0,968,3,Yok,,,,,,,Sinerji
Toplama Bilgisayar,Mouse,Cooler Master,Harpoon Mini 26000DPI,3800,Üst,Ofis,,,,,USB,"26000 DPI sensör, 75g",9.3,8706,2,Yok,,,,,,,Epey
Toplama Bilgisayar,Mouse,Zowie,G305 Pro 36000DPI,6650,Amiral,Günlük Kullanım,,,,,USB,"36000 DPI sensör, 49g",9.7,2582,2,Var,,,,,,,İncehesap
Toplama Bilgisayar,HDD,Seagate,Red Plus 12TB 7200RPM,10400,Üst,Video Edit,,,9,12TB,SATA,3.5 inç mekanik disk,9.5,1325,2,Yok,,,,,,,İncehesap
Toplama Bilgisayar,RAM,ADATA,Viper Steel 64GB 2x32GB DDR5 6400MHz,10950,Amiral,Oyun,,DDR5,,64GB,DDR5,6400MHz bellek kiti,9.8,1264,5,Var,,,,,,,İtopya
Toplama Bilgisayar,Kasa,MSI,Eclipse,7500,Üst,Oyun,,,,,ATX,"Full Tower, mesh/airflow odaklı kasa",9.5,397,2,Yok,Full Tower,,,,,,İncehesap
Toplama Bilgisayar,Monitör,Philips,G-Master 32 inç 3840x2160 240Hz,45550,Amiral,Ofis,,,50,,HDMI-DP,"Mini LED panel, 240Hz",9.0,1102,3,Yok,32 inç,3840x2160,240Hz,,,,Sinerji
Toplama Bilgisayar,RAM,Apacer,Ares 64GB 2x32GB DDR5 6000MHz,9700,Amiral,Video Edit,,DDR5,,64GB,DDR5,6000MHz bellek kiti,9.1,6109,5,Yok,,,,,,,Sinerji
Toplama Bilgisayar,RAM,Apacer,T-Force Delta 32GB 2x16GB DDR5 6000MHz,4500,Üst,Tasarım,,DDR5,,32GB,DDR5,6000MHz bellek kiti,8.5,6450,5,Yok,,,,,,,Epey
Toplama Bilgisayar,Kasa,Fractal Design,Warcry RGB,3750,Orta,Günlük Kullanım,,,,,E-ATX,"Mini Tower, mesh/airflow odaklı kasa",8.2,73,2,Var,Mini Tower,,,,,,Akakçe
Toplama Bilgisayar,Klavye,Akko,MOD007 RGB Membran Tam boy,650,Giriş,Yazılım,,,,,USB,Membran klavye,7.6,2143,2,Var,Tam boy,,,,,,Sinerji
Toplama Bilgisayar,Klavye,MSI,GMMK Wireless Optik switch 60%,850,Giriş,Günlük Kullanım,,,,,Kablosuz,Optik switch klavye,8.1,1413,2,Yok,60%,,,,,,Akakçe
Toplama Bilgisayar,Güç Kaynağı,DeepCool,Performance GD 1000W 80+ Platinum,8650,Üst,Oyun,,,1000W,,80+ Platinum,"Modüler PSU, 80+ Platinum",9.3,9529,3,Yok,,,,,,,Sinerji
Toplama Bilgisayar,Güç Kaynağı,XPG,C Series 550W 80+ Bronze,2300,Giriş,Ofis,,,550W,,80+ Bronze,"Sabit kablo PSU, 80+ Bronze",7.3,1803,2,Yok,,,,,,,İncehesap
Toplama Bilgisayar,Anakart,ASUS,Tomahawk A620 WiFi DDR5,4050,Giriş,Yazılım,AM5,DDR5,,,AM5-DDR5,"Mini ITX, A620 yonga seti, DDR5 bellek desteği",7.5,100,3,Var,Mini ITX,,,,,,Akakçe
Toplama Bilgisayar,SSD,SanDisk,990 EVO 4TB NVMe,14950,Amiral,Yapay Zeka,,,4,4TB,M2 NVMe,PCIe 5.0 NVMe SSD,8.9,3138,3,Yok,,,,,10764 MB/s,8631 MB/s,İncehesap
Toplama Bilgisayar,Kasa,GamePower,Meshify Black,1750,Giriş,Ofis,,,,,E-ATX,"Mini Tower, mesh/airflow odaklı kasa",7.1,2921,2,Var,Mini Tower,,,,,,Vatan
Toplama Bilgisayar,Mouse,SteelSeries,Clutch GM Wireless 16000DPI,3750,Üst,Günlük Kullanım,,,,,Kablosuz,"16000 DPI sensör, 63g",9.2,2757,2,Var,,,,,,,Sinerji
Toplama Bilgisayar,Mouse,Cooler Master,Clutch GM 30000DPI,1050,Orta,Yazılım,,,,,Kablosuz,"30000 DPI sensör, 49g",8.4,165,2,Yok,,,,,,,Epey
Toplama Bilgisayar,Soğutucu,DeepCool,Hyper 212,3600,Üst,Video Edit,,,,,AM4-AM5-LGA1700,Hava soğutma,8.9,6607,3,Yok,,,,,,,İtopya
Toplama Bilgisayar,Klavye,SteelSeries,K380 Pro Membran Tam boy,2000,Orta,Ofis,,,,,Kablosuz,Membran klavye,7.8,1570,2,Var,Tam boy,,,,,,Vatan
Toplama Bilgisayar,Kasa,DarkFlash,Lancool White,4150,Orta,Yazılım,,,,,ATX,"Mini Tower, mesh/airflow odaklı kasa",7.9,6593,2,Var,Mini Tower,,,,,,İtopya
Toplama Bilgisayar,Soğutucu,Thermalright,Assassin X,1600,Orta,Günlük Kullanım,,,,,AM4-AM5-LGA1700,Hava soğutma,8.3,1887,2,Var,,,,,,,Akakçe
Toplama Bilgisayar,Mouse,Corsair,Model O Wireless 30000DPI,350,Giriş,Oyun,,,,,USB,"30000 DPI sensör, 59g",7.3,2642,2,Var,,,,,,,Vatan
Toplama Bilgisayar,Klavye,Logitech,Ogre Low Profile Tam boy,2250,Orta,Oyun,,,,,Kablosuz,Low Profile klavye,8.4,7378,2,Var,Tam boy,,,,,,GamingGenTR
Toplama Bilgisayar,Kasa,DarkFlash,TUF GT Mesh,3250,Orta,Oyun,,,,,ATX,"Full Tower, mesh/airflow odaklı kasa",7.4,1435,2,Var,Full Tower,,,,,,Akakçe
Toplama Bilgisayar,RAM,PNY,XLR8 32GB 2x16GB DDR5 5200MHz,4150,Üst,Yazılım,,DDR5,,32GB,DDR5,5200MHz bellek kiti,9.2,8846,5,Yok,,,,,,,Akakçe
Toplama Bilgisayar,Klavye,ASUS,Ogre Pro Low Profile TKL,800,Giriş,Ofis,,,,,Bluetooth,Low Profile klavye,7.3,566,2,Var,TKL,,,,,,Epey
Toplama Bilgisayar,Güç Kaynağı,SilverStone,MWE 550W 80+ Bronze,1950,Giriş,Oyun,,,550W,,80+ Bronze,"Yarı modüler PSU, 80+ Bronze",7.5,1588,10,Yok,,,,,,,İtopya
Toplama Bilgisayar,HDD,Toshiba,Blue 12TB 7200RPM,12800,Üst,Video Edit,,,9,12TB,SATA,3.5 inç mekanik disk,9.1,7955,3,Yok,,,,,,,Sinerji
Toplama Bilgisayar,Ekran Kartı,PowerColor,RX 7700 XT Gaming OC 12GB,27700,Üst,Yayıncılık,,GDDR6,245,12GB,PCIe,1440p oyun,9.5,10570,3,Var,,,,12GB,,,İncehesap
Toplama Bilgisayar,Klavye,Cooler Master,GMMK Pro Low Profile TKL,700,Giriş,Yazılım,,,,,Kablosuz,Low Profile klavye,7.2,1036,2,Yok,TKL,,,,,,Sinerji
Toplama Bilgisayar,Klavye,SteelSeries,Ogre Mekanik 60%,1700,Orta,Oyun,,,,,Kablosuz,Mekanik klavye,8.6,975,2,Yok,60%,,,,,,İtopya
Toplama Bilgisayar,Monitör,HP,Nitro 34 inç 2560x1440 144Hz,7650,Üst,Video Edit,,,35,,HDMI-DP,"IPS panel, 144Hz",9.2,2623,2,Yok,34 inç,2560x1440,144Hz,,,,Epey
Toplama Bilgisayar,Güç Kaynağı,Corsair,C Series 450W 80+ Bronze,1500,Giriş,Ofis,,,450W,,80+ Bronze,"Yarı modüler PSU, 80+ Bronze",7.1,3053,5,Yok,,,,,,,İtopya
Toplama Bilgisayar,Mouse,Corsair,Clutch GM Pro 30000DPI,550,Giriş,Yazılım,,,,,Kablosuz,"30000 DPI sensör, 63g",7.3,485,2,Yok,,,,,,,Epey
Toplama Bilgisayar,Ekran Kartı,PNY,RTX 4080 Super Twin Edge 16GB,76850,Amiral,Yapay Zeka,,GDDR6X,320,16GB,PCIe,4K oyun ve render,9.1,1204,3,Var,,,,16GB,,,İtopya
Toplama Bilgisayar,Kasa,GamePower,North Black,5800,Üst,Yayıncılık,,,,,ATX,"Mid Tower, mesh/airflow odaklı kasa",8.5,4287,2,Var,Mid Tower,,,,,,GamingGenTR
Toplama Bilgisayar,Klavye,Redragon,CK Low Profile 75%,1500,Orta,Yazılım,,,,,USB,Low Profile klavye,8.5,4302,2,Yok,75%,,,,,,İncehesap
Toplama Bilgisayar,HDD,Toshiba,SkyHawk 8TB 7200RPM,6600,Üst,Ofis,,,7,8TB,SATA,3.5 inç mekanik disk,8.9,10113,3,Yok,,,,,,,İtopya
Toplama Bilgisayar,Mouse,Glorious,Rival Wireless 12000DPI,1600,Orta,Oyun,,,,,Bluetooth,"12000 DPI sensör, 49g",8.0,1337,2,Var,,,,,,,GamingGenTR
Toplama Bilgisayar,RAM,GoodRam,Fury Beast 64GB 2x32GB DDR5 7200MHz,12150,Amiral,Yayıncılık,,DDR5,,64GB,DDR5,7200MHz bellek kiti,9.2,1439,3,Yok,,,,,,,GamingGenTR
Toplama Bilgisayar,Anakart,Biostar,Gaming X A520 AX DDR4,2500,Giriş,Yazılım,AM4,DDR4,,,AM4-DDR4,"Mini ITX, A520 yonga seti, DDR4 bellek desteği",7.2,2112,3,Var,Mini ITX,,,,,,İtopya
Toplama Bilgisayar,Klavye,Glorious,BlackWidow Wireless Optik switch Tam boy,1700,Orta,Oyun,,,,,Kablosuz,Optik switch klavye,7.7,810,2,Yok,Tam boy,,,,,,Sinerji
Toplama Bilgisayar,Klavye,SteelSeries,K2 RGB Mekanik 75%,4100,Üst,Oyun,,,,,Bluetooth,Mekanik klavye,8.5,2524,2,Var,75%,,,,,,Akakçe
Toplama Bilgisayar,Klavye,GamePower,Apex Wireless Mekanik Tam boy,4800,Üst,Yazılım,,,,,Kablosuz,Mekanik klavye,9.2,11663,2,Var,Tam boy,,,,,,İtopya
Toplama Bilgisayar,SSD,Seagate,KC3000 500GB NVMe,2400,Giriş,Günlük Kullanım,,,4,500GB,M2 NVMe,PCIe 5.0 NVMe SSD,7.4,1261,3,Yok,,,,,10913 MB/s,8236 MB/s,İtopya
Toplama Bilgisayar,Klavye,MSI,RK61 Wireless Optik switch Tam boy,5000,Üst,Günlük Kullanım,,,,,Kablosuz,Optik switch klavye,8.9,7704,2,Yok,Tam boy,,,,,,Akakçe
Toplama Bilgisayar,Mouse,Darmoshark,M711 Wireless 30000DPI,1400,Orta,Ofis,,,,,USB,"30000 DPI sensör, 49g",7.3,4912,2,Yok,,,,,,,Sinerji
Toplama Bilgisayar,Ekran Kartı,Sapphire,RTX 4070 Super Pulse 12GB,46000,Üst,Video Edit,,GDDR6,220,12GB,PCIe,1440p ultra oyun,9.3,10116,3,Var,,,,12GB,,,GamingGenTR
Toplama Bilgisayar,Kasa,DeepCool,North,3350,Orta,Ofis,,,,,E-ATX,"Mini Tower, mesh/airflow odaklı kasa",8.2,1414,2,Yok,Mini Tower,,,,,,İtopya
Toplama Bilgisayar,Kasa,NZXT,Lancool Black,3850,Orta,Yazılım,,,,,ATX,"Full Tower, mesh/airflow odaklı kasa",8.1,5323,2,Yok,Full Tower,,,,,,İncehesap
Toplama Bilgisayar,Monitör,MSI,ProArt 34 inç 1920x1080 180Hz,7450,Orta,Tasarım,,,25,,HDMI-DP,"IPS panel, 180Hz",8.1,6348,3,Yok,34 inç,1920x1080,180Hz,,,,Vatan
Toplama Bilgisayar,Klavye,Keychron,K2 RGB Low Profile TKL,3350,Üst,Günlük Kullanım,,,,,USB,Low Profile klavye,8.1,10141,2,Var,TKL,,,,,,GamingGenTR
Toplama Bilgisayar,Kasa,Xigmatek,O11 Dynamic,12550,Amiral,Tasarım,,,,,ATX,"Mid Tower, mesh/airflow odaklı kasa",9.6,4654,2,Var,Mid Tower,,,,,,GamingGenTR
Toplama Bilgisayar,Klavye,Razer,Alloy Origins RGB Mekanik 60%,550,Giriş,Oyun,,,,,Bluetooth,Mekanik klavye,7.2,3414,2,Var,60%,,,,,,Epey
Toplama Bilgisayar,Anakart,ASRock,Aorus Elite Z790 WiFi DDR5,10150,Üst,Video Edit,LGA1700,DDR5,,,LGA1700-DDR5,"Mini ITX, Z790 yonga seti, DDR5 bellek desteği",8.6,6138,3,Yok,Mini ITX,,,,,,Akakçe
Toplama Bilgisayar,Monitör,Lenovo,Aorus 23.8 inç 1920x1080 180Hz,5450,Orta,Ofis,,,50,,HDMI-DP,"VA panel, 180Hz",8.7,2552,2,Yok,23.8 inç,1920x1080,180Hz,,,,Epey
Toplama Bilgisayar,Kasa,Lian Li,4000D Airflow,4700,Üst,Yazılım,,,,,ATX,"Mid Tower, mesh/airflow odaklı kasa",9.1,344,2,Var,Mid Tower,,,,,,İtopya
Toplama Bilgisayar,Mouse,SteelSeries,Pulsefire Wireless 8000DPI,1550,Orta,Ofis,,,,,USB,"8000 DPI sensör, 90g",7.3,8343,2,Yok,,,,,,,Vatan
Toplama Bilgisayar,Güç Kaynağı,Thermaltake,Core Reactor 650W 80+ Bronze,4600,Orta,Ofis,,,650W,,80+ Bronze,"Yarı modüler PSU, 80+ Bronze",8.2,4779,5,Yok,,,,,,,Epey
Toplama Bilgisayar,Soğutucu,Cooler Master,H100i,5200,Üst,Oyun,,,,,AM4-AM5-LGA1700,280mm sıvı soğutma,9.3,2766,6,Yok,280mm,,,,,,Akakçe
Toplama Bilgisayar,İşlemci,Intel,Core i9-14900KF Box,28350,Amiral,Yapay Zeka,LGA1700,DDR5,125,,LGA1700-DDR5,24 çekirdek,9.1,2756,3,Yok,,,,,,,İtopya
Toplama Bilgisayar,Anakart,MSI,Creator B550 DDR4,5050,Orta,Yazılım,AM4,DDR4,,,AM4-DDR4,"ATX, B550 yonga seti, DDR4 bellek desteği",8.8,5933,3,Var,ATX,,,,,,GamingGenTR
Toplama Bilgisayar,Mouse,Cooler Master,Rival Mini 36000DPI,1550,Orta,Günlük Kullanım,,,,,USB,"36000 DPI sensör, 59g",7.3,7996,2,Var,,,,,,,Akakçe
Toplama Bilgisayar,SSD,Seagate,NV2 4TB NVMe,11500,Amiral,Tasarım,,,4,4TB,M2 NVMe,PCIe 4.0 NVMe SSD,9.8,531,5,Yok,,,,,5440 MB/s,4492 MB/s,GamingGenTR
Toplama Bilgisayar,Kasa,Lian Li,Eclipse Black,3350,Orta,Günlük Kullanım,,,,,Micro ATX,"Mini Tower, mesh/airflow odaklı kasa",8.4,6534,2,Var,Mini Tower,,,,,,Akakçe
Toplama Bilgisayar,Monitör,HP,Raptor 24.5 inç 3440x1440 165Hz,17750,Amiral,Tasarım,,,50,,HDMI-DP,"OLED panel, 165Hz",8.9,5197,3,Yok,24.5 inç,3440x1440,165Hz,,,,Sinerji
Toplama Bilgisayar,Kasa,Corsair,O11 Dynamic Black,2250,Giriş,Oyun,,,,,ATX,"Full Tower, mesh/airflow odaklı kasa",7.6,1487,2,Yok,Full Tower,,,,,,Vatan
Toplama Bilgisayar,Mouse,Corsair,Viper Mini 26000DPI,600,Giriş,Oyun,,,,,Bluetooth,"26000 DPI sensör, 75g",7.1,70,2,Yok,,,,,,,GamingGenTR
Toplama Bilgisayar,Kasa,Thermaltake,MAG Forge RGB,4250,Orta,Oyun,,,,,ATX,"Mid Tower, mesh/airflow odaklı kasa",8.5,7064,2,Var,Mid Tower,,,,,,İtopya
Toplama Bilgisayar,Klavye,Glorious,Ogre RGB Low Profile 75%,1950,Orta,Günlük Kullanım,,,,,USB,Low Profile klavye,7.2,6984,2,Var,75%,,,,,,Epey
Toplama Bilgisayar,Kasa,Fractal Design,MAG Forge Black,2150,Giriş,Ofis,,,,,ATX,"Mid Tower, mesh/airflow odaklı kasa",6.6,2407,2,Var,Mid Tower,,,,,,Epey
Toplama Bilgisayar,Mouse,Pulsar,Clutch GM 12000DPI,1150,Orta,Yazılım,,,,,Bluetooth,"12000 DPI sensör, 49g",7.7,5493,2,Yok,,,,,,,Sinerji
Toplama Bilgisayar,Mouse,Zowie,Model O Mini 16000DPI,3800,Üst,Oyun,,,,,Kablosuz,"16000 DPI sensör, 90g",9.3,1961,2,Var,,,,,,,Vatan
Toplama Bilgisayar,Kasa,Lian Li,Aquarius,2650,Orta,Yazılım,,,,,E-ATX,"Full Tower, mesh/airflow odaklı kasa",7.6,3257,2,Yok,Full Tower,,,,,,İtopya
Toplama Bilgisayar,Anakart,NZXT,TUF Gaming A520 DDR4,2950,Giriş,Yazılım,AM4,DDR4,,,AM4-DDR4,"Mini ITX, A520 yonga seti, DDR4 bellek desteği",8.0,25,3,Var,Mini ITX,,,,,,Sinerji
Toplama Bilgisayar,Mouse,Darmoshark,Pulsefire Mini 36000DPI,400,Giriş,Oyun,,,,,USB,"36000 DPI sensör, 90g",6.6,1008,2,Yok,,,,,,,Akakçe
Toplama Bilgisayar,Kasa,DarkFlash,CH370 White,11750,Amiral,Oyun,,,,,ATX,"Mini Tower, mesh/airflow odaklı kasa",9.8,2919,2,Var,Mini Tower,,,,,,Akakçe
Toplama Bilgisayar,Soğutucu,NZXT,SE-224-XT,1600,Orta,Yazılım,,,,,AM4-AM5-LGA1700,Hava soğutma,8.5,2013,2,Yok,,,,,,,Sinerji
Toplama Bilgisayar,Klavye,ASUS,Alloy Origins Wireless Low Profile TKL,4150,Üst,Yazılım,,,,,Bluetooth,Low Profile klavye,8.9,56,2,Var,TKL,,,,,,Sinerji
Toplama Bilgisayar,Mouse,Logitech,Rival 12000DPI,1000,Orta,Günlük Kullanım,,,,,USB,"12000 DPI sensör, 59g",8.7,3543,2,Var,,,,,,,GamingGenTR
Toplama Bilgisayar,Mouse,Razer,Model O 8000DPI,1700,Orta,Oyun,,,,,USB,"8000 DPI sensör, 49g",7.9,7962,2,Yok,,,,,,,Sinerji
Toplama Bilgisayar,Mouse,Logitech,Viper Pro 36000DPI,3600,Üst,Günlük Kullanım,,,,,USB,"36000 DPI sensör, 59g",9.4,11531,2,Yok,,,,,,,Akakçe
Toplama Bilgisayar,RAM,Corsair,Ripjaws 16GB 2x8GB DDR5 7200MHz,3850,Orta,Günlük Kullanım,,DDR5,,16GB,DDR5,7200MHz bellek kiti,7.3,3975,3,Var,,,,,,,Sinerji
Toplama Bilgisayar,Mouse,Redragon,Viper Mini 8000DPI,600,Giriş,Ofis,,,,,Kablosuz,"8000 DPI sensör, 63g",6.4,1968,2,Yok,,,,,,,Epey
Toplama Bilgisayar,Anakart,NZXT,Phantom Gaming X670 AX DDR5,9400,Üst,Oyun,AM5,DDR5,,,AM5-DDR5,"Mini ITX, X670 yonga seti, DDR5 bellek desteği",8.4,9214,3,Yok,Mini ITX,,,,,,GamingGenTR
Toplama Bilgisayar,Güç Kaynağı,NZXT,PF 450W 80+ Bronze,1650,Giriş,Ofis,,,450W,,80+ Bronze,"Yarı modüler PSU, 80+ Bronze",6.8,598,10,Yok,,,,,,,GamingGenTR
Toplama Bilgisayar,Mouse,Corsair,Harpoon Wireless 30000DPI,400,Giriş,Yazılım,,,,,Bluetooth,"30000 DPI sensör, 75g",7.9,431,2,Var,,,,,,,Akakçe
Toplama Bilgisayar,Klavye,Cooler Master,BlackWidow Wireless Membran Tam boy,500,Giriş,Oyun,,,,,Bluetooth,Membran klavye,8.0,1355,2,Yok,Tam boy,,,,,,Vatan
Toplama Bilgisayar,Anakart,Biostar,TUF Gaming B550 MAX DDR4,7000,Orta,Yazılım,AM4,DDR4,,,AM4-DDR4,"Micro ATX, B550 yonga seti, DDR4 bellek desteği",7.9,597,3,Var,Micro ATX,,,,,,İtopya
Toplama Bilgisayar,Kasa,Phanteks,North RGB,6750,Üst,Video Edit,,,,,E-ATX,"Mini Tower, mesh/airflow odaklı kasa",9.0,243,2,Var,Mini Tower,,,,,,Epey
Toplama Bilgisayar,Ekran Kartı,Galax,RX 7600 Merc 8GB,16200,Orta,Günlük Kullanım,,GDDR6,165,8GB,PCIe,1080p oyun,8.4,1391,3,Var,,,,8GB,,,Vatan
Toplama Bilgisayar,Mouse,Pulsar,G Pro X Superlight Mini 30000DPI,3900,Üst,Ofis,,,,,Kablosuz,"30000 DPI sensör, 63g",9.0,6654,2,Var,,,,,,,Akakçe
Toplama Bilgisayar,Monitör,LG,Raptor 23.8 inç 3840x2160 240Hz,37750,Amiral,Yazılım,,,35,,HDMI-DP,"VA panel, 240Hz",9.4,3909,3,Yok,23.8 inç,3840x2160,240Hz,,,,GamingGenTR
Toplama Bilgisayar,Ekran Kartı,PowerColor,RTX 4080 Super JetStream 16GB,79900,Amiral,Oyun,,GDDR6X,320,16GB,PCIe,4K oyun ve render,8.8,5801,3,Var,,,,16GB,,,GamingGenTR
Toplama Bilgisayar,Klavye,Redragon,BlackWidow Optik switch 60%,1450,Orta,Ofis,,,,,Kablosuz,Optik switch klavye,8.7,799,2,Yok,60%,,,,,,İtopya
Toplama Bilgisayar,Güç Kaynağı,NZXT,PF 1600W 80+ Gold,15550,Amiral,Yayıncılık,,,1600W,,80+ Gold,"Modüler PSU, 80+ Gold",9.3,2733,3,Yok,,,,,,,Epey
Toplama Bilgisayar,Monitör,AOC,ProArt 32 inç 1920x1080 180Hz,5450,Orta,Tasarım,,,50,,HDMI-DP,"VA panel, 180Hz",8.5,582,2,Yok,32 inç,1920x1080,180Hz,,,,Vatan
Toplama Bilgisayar,Kasa,Corsair,TD500,12250,Amiral,Oyun,,,,,E-ATX,"Mid Tower, mesh/airflow odaklı kasa",8.8,2486,2,Var,Mid Tower,,,,,,GamingGenTR
Toplama Bilgisayar,Kasa,Corsair,Lancool,7600,Üst,Tasarım,,,,,ATX,"Full Tower, mesh/airflow odaklı kasa",9.4,420,2,Yok,Full Tower,,,,,,İncehesap
Toplama Bilgisayar,Klavye,Corsair,Vigor GK Low Profile Tam boy,1700,Orta,Oyun,,,,,USB,Low Profile klavye,8.0,2726,2,Var,Tam boy,,,,,,Vatan
Toplama Bilgisayar,Kasa,Lian Li,H5 Flow Black,2550,Orta,Yazılım,,,,,E-ATX,"Mid Tower, mesh/airflow odaklı kasa",7.7,1411,2,Var,Mid Tower,,,,,,İtopya
Toplama Bilgisayar,Kasa,Lian Li,Meshify White,7650,Üst,Video Edit,,,,,Micro ATX,"Mid Tower, mesh/airflow odaklı kasa",9.5,1009,2,Yok,Mid Tower,,,,,,İtopya
Toplama Bilgisayar,Mouse,Corsair,ROG Keris Mini 8000DPI,450,Giriş,Ofis,,,,,USB,"8000 DPI sensör, 90g",6.8,173,2,Yok,,,,,,,Epey
Toplama Bilgisayar,Klavye,GamePower,RK61 Low Profile TKL,2400,Orta,Günlük Kullanım,,,,,Bluetooth,Low Profile klavye,8.3,5845,2,Var,TKL,,,,,,Sinerji
Toplama Bilgisayar,Kasa,Phanteks,H5 Flow,4300,Orta,Oyun,,,,,Micro ATX,"Mid Tower, mesh/airflow odaklı kasa",8.0,4814,2,Yok,Mid Tower,,,,,,İncehesap
Toplama Bilgisayar,Kasa,MSI,H5 Flow RGB,2450,Orta,Yazılım,,,,,ATX,"Mid Tower, mesh/airflow odaklı kasa",8.6,1583,2,Var,Mid Tower,,,,,,Akakçe
Toplama Bilgisayar,Anakart,ASRock,Aorus Elite X570 MAX DDR4,8200,Üst,Oyun,AM4,DDR4,,,AM4-DDR4,"Mini ITX, X570 yonga seti, DDR4 bellek desteği",9.4,10636,3,Yok,Mini ITX,,,,,,Epey
Toplama Bilgisayar,Kasa,Corsair,CH370 RGB,4350,Orta,Günlük Kullanım,,,,,Micro ATX,"Mini Tower, mesh/airflow odaklı kasa",8.7,6420,2,Var,Mini Tower,,,,,,Sinerji
Toplama Bilgisayar,Anakart,Colorful,Mortar B550 MAX DDR4,5150,Orta,Oyun,AM4,DDR4,,,AM4-DDR4,"Mini ITX, B550 yonga seti, DDR4 bellek desteği",8.5,6908,3,Yok,Mini ITX,,,,,,Vatan
Toplama Bilgisayar,Kasa,GamePower,O11 Dynamic,9350,Amiral,Yapay Zeka,,,,,E-ATX,"Full Tower, mesh/airflow odaklı kasa",9.2,6161,2,Yok,Full Tower,,,,,,Akakçe
Toplama Bilgisayar,Kasa,MSI,H5 Flow White,2300,Giriş,Oyun,,,,,ATX,"Mid Tower, mesh/airflow odaklı kasa",7.8,3273,2,Var,Mid Tower,,,,,,Vatan
Toplama Bilgisayar,Mouse,Glorious,Model O Mini 16000DPI,400,Giriş,Yazılım,,,,,Bluetooth,"16000 DPI sensör, 75g",7.8,2625,2,Var,,,,,,,Akakçe
Toplama Bilgisayar,Kasa,ASUS,TD500 Mesh,13150,Amiral,Tasarım,,,,,E-ATX,"Mid Tower, mesh/airflow odaklı kasa",9.6,4029,2,Yok,Mid Tower,,,,,,İncehesap
Toplama Bilgisayar,Anakart,Biostar,PRO A520 WiFi DDR4,3600,Giriş,Günlük Kullanım,AM4,DDR4,,,AM4-DDR4,"Micro ATX, A520 yonga seti, DDR4 bellek desteği",7.9,70,3,Var,Micro ATX,,,,,,Epey
Toplama Bilgisayar,HDD,Seagate,IronWolf 8TB 7200RPM,8000,Üst,Yayıncılık,,,9,8TB,SATA,3.5 inç mekanik disk,9.3,8676,2,Yok,,,,,,,Sinerji
Toplama Bilgisayar,Anakart,Colorful,Prime B650 MAX DDR5,6000,Orta,Yazılım,AM5,DDR5,,,AM5-DDR5,"ATX, B650 yonga seti, DDR5 bellek desteği",8.4,2349,3,Var,ATX,,,,,,GamingGenTR
Toplama Bilgisayar,SSD,Kingston,990 EVO 500GB NVMe,1150,Giriş,Günlük Kullanım,,,3,500GB,M2 NVMe,PCIe 3.0 NVMe SSD,7.8,3421,3,Yok,,,,,3345 MB/s,2933 MB/s,İncehesap
Toplama Bilgisayar,RAM,Corsair,NOX 16GB 2x8GB DDR5 5600MHz,3100,Orta,Yazılım,,DDR5,,16GB,DDR5,5600MHz bellek kiti,7.7,2343,3,Yok,,,,,,,İncehesap
Toplama Bilgisayar,Mouse,Zowie,DeathAdder Mini 26000DPI,600,Giriş,Ofis,,,,,Bluetooth,"26000 DPI sensör, 59g",6.4,2823,2,Yok,,,,,,,Vatan
Toplama Bilgisayar,Ekran Kartı,ASUS,RTX 4070 Nitro+ 12GB,42550,Üst,Yayıncılık,,GDDR6,200,12GB,PCIe,1440p oyun,8.2,6494,3,Yok,,,,12GB,,,Akakçe
Toplama Bilgisayar,Kasa,Thermaltake,MAG Forge Mesh,1300,Giriş,Ofis,,,,,Micro ATX,"Mini Tower, mesh/airflow odaklı kasa",7.5,2421,2,Var,Mini Tower,,,,,,İncehesap
Toplama Bilgisayar,Kasa,GamePower,H5 Flow RGB,3800,Orta,Yazılım,,,,,Micro ATX,"Mid Tower, mesh/airflow odaklı kasa",8.4,5731,2,Var,Mid Tower,,,,,,GamingGenTR
Toplama Bilgisayar,Anakart,Biostar,Taichi B760 AX DDR5,4900,Orta,Yazılım,LGA1700,DDR5,,,LGA1700-DDR5,"Mini ITX, B760 yonga seti, DDR5 bellek desteği",7.3,8065,3,Var,Mini ITX,,,,,,Sinerji
Toplama Bilgisayar,Kasa,DeepCool,H5 Flow Mesh,1450,Giriş,Günlük Kullanım,,,,,ATX,"Mini Tower, mesh/airflow odaklı kasa",7.9,3437,2,Yok,Mini Tower,,,,,,İtopya
Toplama Bilgisayar,Mouse,Darmoshark,DeathAdder 16000DPI,550,Giriş,Yazılım,,,,,USB,"16000 DPI sensör, 63g",6.9,1512,2,Yok,,,,,,,İtopya
Toplama Bilgisayar,Mouse,HyperX,Atlantis Wireless 36000DPI,3400,Üst,Ofis,,,,,USB,"36000 DPI sensör, 63g",8.4,5075,2,Yok,,,,,,,Sinerji
Toplama Bilgisayar,Kasa,Corsair,H5 Flow Black,2200,Giriş,Ofis,,,,,Micro ATX,"Mini Tower, mesh/airflow odaklı kasa",7.1,2277,2,Var,Mini Tower,,,,,,Vatan
Toplama Bilgisayar,Kasa,DeepCool,TD500 Mesh,3000,Orta,Günlük Kullanım,,,,,E-ATX,"Mini Tower, mesh/airflow odaklı kasa",7.8,1407,2,Var,Mini Tower,,,,,,Akakçe
Toplama Bilgisayar,Monitör,MSI,G-Master 32 inç 2560x1440 180Hz,9900,Üst,Yazılım,,,25,,HDMI-DP,"VA panel, 180Hz",8.8,9618,3,Yok,32 inç,2560x1440,180Hz,,,,Sinerji
Toplama Bilgisayar,Soğutucu,Noctua,Kraken 240,4000,Orta,Oyun,,,,,AM4-AM5-LGA1700,240mm sıvı soğutma,8.0,7835,5,Var,240mm,,,,,,Epey
Toplama Bilgisayar,Monitör,ASUS,ProArt 24.5 inç 3440x1440 165Hz,21700,Amiral,Ofis,,,35,,HDMI-DP,"OLED panel, 165Hz",9.2,4714,2,Yok,24.5 inç,3440x1440,165Hz,,,,Sinerji
Toplama Bilgisayar,Güç Kaynağı,Corsair,Focus GX 1600W 80+ Platinum,17650,Amiral,Yayıncılık,,,1600W,,80+ Platinum,"Modüler PSU, 80+ Platinum",9.2,3422,10,Yok,,,,,,,Akakçe
Toplama Bilgisayar,Kasa,DeepCool,View 270 RGB,1350,Giriş,Günlük Kullanım,,,,,E-ATX,"Full Tower, mesh/airflow odaklı kasa",6.4,807,2,Var,Full Tower,,,,,,Sinerji
Toplama Bilgisayar,Mouse,Cooler Master,G305 Pro 12000DPI,1500,Orta,Oyun,,,,,USB,"12000 DPI sensör, 90g",8.1,2230,2,Yok,,,,,,,Vatan
Toplama Bilgisayar,Monitör,HP,Predator 27 inç 3440x1440 165Hz,17250,Amiral,Tasarım,,,35,,HDMI-DP,"OLED panel, 165Hz",9.8,3231,3,Yok,27 inç,3440x1440,165Hz,,,,GamingGenTR
Toplama Bilgisayar,Mouse,Corsair,Atlantis Mini 12000DPI,3300,Üst,Ofis,,,,,USB,"12000 DPI sensör, 63g",9.0,1711,2,Var,,,,,,,İncehesap
Toplama Bilgisayar,Soğutucu,be quiet!,Frozen Notte 240,10250,Amiral,Video Edit,,,,,AM4-AM5-LGA1700,240mm sıvı soğutma,9.1,5299,3,Yok,240mm,,,,,,Sinerji
Toplama Bilgisayar,İşlemci,Intel,Core i3-12100F Pro Sistem,2750,Giriş,Ofis,LGA1700,DDR4,58,,LGA1700-DDR4,4 çekirdek 8 thread,6.8,1042,3,Yok,,,,,,,İncehesap
Toplama Bilgisayar,Mouse,Glorious,Rival 8000DPI,6800,Amiral,Günlük Kullanım,,,,,Bluetooth,"8000 DPI sensör, 75g",9.9,5422,2,Yok,,,,,,,Akakçe
Toplama Bilgisayar,Mouse,Razer,Viper 30000DPI,500,Giriş,Oyun,,,,,Kablosuz,"30000 DPI sensör, 49g",7.7,1053,2,Var,,,,,,,İncehesap
Toplama Bilgisayar,Kasa,Fractal Design,North Mesh,4650,Üst,Oyun,,,,,Micro ATX,"Full Tower, mesh/airflow odaklı kasa",9.2,2035,2,Var,Full Tower,,,,,,Sinerji
Toplama Bilgisayar,Klavye,Redragon,K380 Wireless Membran TKL,2400,Orta,Günlük Kullanım,,,,,USB,Membran klavye,7.2,7104,2,Var,TKL,,,,,,Akakçe
Toplama Bilgisayar,Monitör,Philips,G-Master 27 inç 1920x1080 180Hz,5300,Orta,Yazılım,,,50,,HDMI-DP,"IPS panel, 180Hz",7.9,7290,2,Yok,27 inç,1920x1080,180Hz,,,,Akakçe
Toplama Bilgisayar,Mouse,ASUS,MM712 16000DPI,1400,Orta,Ofis,,,,,USB,"16000 DPI sensör, 49g",7.9,3781,2,Yok,,,,,,,Akakçe
Toplama Bilgisayar,Mouse,Pulsar,Harpoon Wireless 36000DPI,1050,Orta,Yazılım,,,,,USB,"36000 DPI sensör, 75g",7.2,4893,2,Yok,,,,,,,Epey
Toplama Bilgisayar,Monitör,HP,G-Master 27 inç 1920x1080 144Hz,4050,Orta,Oyun,,,25,,HDMI-DP,"IPS panel, 144Hz",7.8,7920,2,Yok,27 inç,1920x1080,144Hz,,,,Akakçe
Toplama Bilgisayar,Soğutucu,be quiet!,LS720,7350,Üst,Oyun,,,,,AM4-AM5-LGA1700,360mm sıvı soğutma,8.5,1029,2,Var,360mm,,,,,,Epey
Toplama Bilgisayar,Mouse,Pulsar,G Pro X Superlight 26000DPI,450,Giriş,Oyun,,,,,USB,"26000 DPI sensör, 59g",6.8,1379,2,Var,,,,,,,GamingGenTR
Toplama Bilgisayar,Kasa,Phanteks,TD500 Mesh,4150,Orta,Günlük Kullanım,,,,,E-ATX,"Full Tower, mesh/airflow odaklı kasa",8.3,4303,2,Var,Full Tower,,,,,,GamingGenTR
Toplama Bilgisayar,Mouse,Zowie,Rival Mini 30000DPI,3500,Üst,Ofis,,,,,USB,"30000 DPI sensör, 90g",8.3,6037,2,Var,,,,,,,Akakçe
Toplama Bilgisayar,Klavye,Akko,MOD007 Pro Mekanik Tam boy,3900,Üst,Oyun,,,,,Kablosuz,Mekanik klavye,8.5,11559,2,Var,Tam boy,,,,,,GamingGenTR
Toplama Bilgisayar,Kasa,NZXT,Warcry RGB,6350,Üst,Video Edit,,,,,E-ATX,"Mini Tower, mesh/airflow odaklı kasa",9.0,6119,2,Var,Mini Tower,,,,,,Vatan
Toplama Bilgisayar,RAM,Patriot,Fury Beast 32GB 2x16GB DDR5 5200MHz,5450,Üst,Yazılım,,DDR5,,32GB,DDR5,5200MHz bellek kiti,8.4,8300,3,Yok,,,,,,,Sinerji
Toplama Bilgisayar,Kasa,MSI,Meshify RGB,3850,Orta,Oyun,,,,,Micro ATX,"Mid Tower, mesh/airflow odaklı kasa",7.5,748,2,Var,Mid Tower,,,,,,Vatan
Toplama Bilgisayar,Monitör,Acer,Alienware 23.8 inç 3840x2160 144Hz,22400,Amiral,Yazılım,,,35,,HDMI-DP,"OLED panel, 144Hz",9.8,1514,3,Yok,23.8 inç,3840x2160,144Hz,,,,GamingGenTR
Toplama Bilgisayar,HDD,Seagate,SkyHawk 4TB 7200RPM,3700,Orta,Video Edit,,,5,4TB,SATA,3.5 inç mekanik disk,8.7,1275,2,Yok,,,,,,,Vatan
Toplama Bilgisayar,Güç Kaynağı,GamePower,PF 850W 80+ Platinum,5850,Üst,Oyun,,,850W,,80+ Platinum,"Modüler PSU, 80+ Platinum",9.5,10374,10,Yok,,,,,,,GamingGenTR
Toplama Bilgisayar,Mouse,Pulsar,M711 Wireless 26000DPI,2650,Üst,Ofis,,,,,USB,"26000 DPI sensör, 63g",9.4,7397,2,Yok,,,,,,,Akakçe
Toplama Bilgisayar,Klavye,Redragon,GMMK Pro Low Profile TKL,4550,Üst,Oyun,,,,,Kablosuz,Low Profile klavye,8.8,6527,2,Var,TKL,,,,,,Epey
Toplama Bilgisayar,Kasa,Phanteks,O11 Dynamic Black,4450,Üst,Yayıncılık,,,,,E-ATX,"Mini Tower, mesh/airflow odaklı kasa",9.0,996,2,Yok,Mini Tower,,,,,,Akakçe
Toplama Bilgisayar,İşlemci,AMD,Ryzen 7 5700X,7200,Üst,Video Edit,AM4,DDR4,65,,AM4-DDR4,8 çekirdek 16 thread,9.5,2296,3,Yok,,,,,,,Vatan
Toplama Bilgisayar,İşlemci,Intel,Core i5-13400F Tray,6300,Orta,Oyun,LGA1700,DDR4,65,,LGA1700-DDR4,10 çekirdek,8.7,4623,3,Yok,,,,,,,İtopya
Toplama Bilgisayar,SSD,Kioxia,SN770 2TB NVMe,9300,Üst,Yayıncılık,,,4,2TB,M2 NVMe,PCIe 5.0 NVMe SSD,9.1,7304,5,Yok,,,,,9573 MB/s,8228 MB/s,Sinerji
Toplama Bilgisayar,Kasa,Phanteks,Warcry,5150,Üst,Oyun,,,,,E-ATX,"Mini Tower, mesh/airflow odaklı kasa",8.9,5146,2,Yok,Mini Tower,,,,,,Vatan
Toplama Bilgisayar,Kasa,Thermaltake,MAG Forge,2450,Orta,Günlük Kullanım,,,,,E-ATX,"Mid Tower, mesh/airflow odaklı kasa",8.0,7419,2,Yok,Mid Tower,,,,,,Vatan
Toplama Bilgisayar,SSD,Samsung,SN850X 2TB NVMe,3650,Üst,Yayıncılık,,,3,2TB,M2 NVMe,PCIe 3.0 NVMe SSD,9.3,874,5,Yok,,,,,3298 MB/s,2273 MB/s,İncehesap
Toplama Bilgisayar,RAM,Crucial,Ares 64GB 2x32GB DDR5 5600MHz,8550,Amiral,Oyun,,DDR5,,64GB,DDR5,5600MHz bellek kiti,9.4,1890,3,Yok,,,,,,,Vatan
Toplama Bilgisayar,Monitör,ViewSonic,ProArt 31.5 inç 1920x1080 180Hz,5200,Orta,Oyun,,,35,,HDMI-DP,"VA panel, 180Hz",8.5,2336,2,Yok,31.5 inç,1920x1080,180Hz,,,,İtopya
Toplama Bilgisayar,Mouse,Redragon,G305 Mini 30000DPI,500,Giriş,Yazılım,,,,,Kablosuz,"30000 DPI sensör, 90g",7.0,28,2,Var,,,,,,,Akakçe
Toplama Bilgisayar,Mouse,Razer,Harpoon Wireless 16000DPI,500,Giriş,Oyun,,,,,Kablosuz,"16000 DPI sensör, 75g",6.5,2994,2,Var,,,,,,,Vatan
Toplama Bilgisayar,Mouse,MSI,G102 26000DPI,1000,Orta,Oyun,,,,,Kablosuz,"26000 DPI sensör, 75g",8.5,3537,2,Yok,,,,,,,GamingGenTR
Toplama Bilgisayar,Mouse,Corsair,Model O 8000DPI,2750,Üst,Yazılım,,,,,Bluetooth,"8000 DPI sensör, 49g",8.5,3191,2,Yok,,,,,,,İtopya
Toplama Bilgisayar,Monitör,HP,Raptor 24.5 inç 1920x1080 144Hz,4300,Orta,Oyun,,,25,,HDMI-DP,"IPS panel, 144Hz",7.5,3081,2,Yok,24.5 inç,1920x1080,144Hz,,,,Vatan
Toplama Bilgisayar,Mouse,ASUS,Rival Mini 12000DPI,550,Giriş,Oyun,,,,,Bluetooth,"12000 DPI sensör, 63g",6.9,529,2,Yok,,,,,,,İncehesap
Toplama Bilgisayar,Mouse,Pulsar,G Pro X Superlight Pro 8000DPI,600,Giriş,Oyun,,,,,USB,"8000 DPI sensör, 90g",7.7,2575,2,Yok,,,,,,,İncehesap
Toplama Bilgisayar,Mouse,Lamzu,FK2 Wireless 8000DPI,3000,Üst,Günlük Kullanım,,,,,Kablosuz,"8000 DPI sensör, 75g",8.3,11379,2,Var,,,,,,,İtopya
Toplama Bilgisayar,Anakart,Colorful,Tomahawk B650E AX DDR5,13450,Üst,Video Edit,AM5,DDR5,,,AM5-DDR5,"Micro ATX, B650E yonga seti, DDR5 bellek desteği",9.1,3877,3,Yok,Micro ATX,,,,,,İncehesap
Toplama Bilgisayar,Monitör,Gigabyte,UltraGear 24.5 inç 1920x1080 180Hz,5300,Orta,Oyun,,,35,,HDMI-DP,"VA panel, 180Hz",8.8,656,2,Yok,24.5 inç,1920x1080,180Hz,,,,Vatan
Toplama Bilgisayar,Kasa,Xigmatek,Meshify RGB,7650,Üst,Oyun,,,,,Micro ATX,"Mini Tower, mesh/airflow odaklı kasa",9.2,5091,2,Var,Mini Tower,,,,,,Epey
Toplama Bilgisayar,Monitör,Gigabyte,Aorus 23.8 inç 2560x1440 180Hz,10050,Üst,Yazılım,,,35,,HDMI-DP,"IPS panel, 180Hz",9.3,11865,2,Yok,23.8 inç,2560x1440,180Hz,,,,Epey
Toplama Bilgisayar,Kasa,Fractal Design,Meshify RGB,4150,Orta,Oyun,,,,,ATX,"Mid Tower, mesh/airflow odaklı kasa",8.2,6350,2,Var,Mid Tower,,,,,,Epey
Toplama Bilgisayar,Klavye,Logitech,Alloy Origins Membran TKL,2050,Orta,Ofis,,,,,Bluetooth,Membran klavye,8.2,5929,2,Var,TKL,,,,,,Epey
Toplama Bilgisayar,Mouse,Logitech,Viper Mini 8000DPI,1800,Orta,Ofis,,,,,USB,"8000 DPI sensör, 59g",7.3,3240,2,Var,,,,,,,İtopya
Toplama Bilgisayar,Monitör,Samsung,Raptor 34 inç 2560x1440 180Hz,12450,Üst,Oyun,,,25,,HDMI-DP,"VA panel, 180Hz",8.3,11510,2,Yok,34 inç,2560x1440,180Hz,,,,Epey
Toplama Bilgisayar,Monitör,Samsung,Optix 24.5 inç 3840x2160 144Hz,24300,Amiral,Tasarım,,,25,,HDMI-DP,"VA panel, 144Hz",9.0,58,2,Yok,24.5 inç,3840x2160,144Hz,,,,Epey
Toplama Bilgisayar,Klavye,Glorious,Alloy Origins Wireless Low Profile 75%,2000,Orta,Yazılım,,,,,Kablosuz,Low Profile klavye,7.9,7060,2,Var,75%,,,,,,Vatan
Toplama Bilgisayar,Klavye,MSI,K2 Optik switch 75%,600,Giriş,Ofis,,,,,USB,Optik switch klavye,7.2,1404,2,Yok,75%,,,,,,İtopya
Toplama Bilgisayar,Mouse,Logitech,MM712 Wireless 26000DPI,600,Giriş,Günlük Kullanım,,,,,USB,"26000 DPI sensör, 75g",6.5,1510,2,Var,,,,,,,Sinerji
Toplama Bilgisayar,Soğutucu,Arctic,Frozr,2200,Orta,Oyun,,,,,AM4-AM5-LGA1700,Hava soğutma,7.3,5701,2,Var,,,,,,,İncehesap
Toplama Bilgisayar,Kasa,Lian Li,View 270 White,1550,Giriş,Oyun,,,,,ATX,"Mini Tower, mesh/airflow odaklı kasa",7.0,3398,2,Yok,Mini Tower,,,,,,Vatan
Toplama Bilgisayar,Mouse,Redragon,DeathAdder 8000DPI,1350,Orta,Yazılım,,,,,USB,"8000 DPI sensör, 75g",7.8,6820,2,Var,,,,,,,Epey
Toplama Bilgisayar,Klavye,SteelSeries,Alloy Origins Wireless Mekanik Tam boy,1550,Orta,Yazılım,,,,,Bluetooth,Mekanik klavye,8.4,798,2,Yok,Tam boy,,,,,,İncehesap
Toplama Bilgisayar,Klavye,Cooler Master,BlackWidow Pro Optik switch TKL,3500,Üst,Yazılım,,,,,Kablosuz,Optik switch klavye,8.9,6726,2,Var,TKL,,,,,,Epey
Toplama Bilgisayar,Ekran Kartı,MSI,RX 7700 XT GamingPro 12GB,27250,Üst,Yapay Zeka,,GDDR6,245,12GB,PCIe,1440p oyun,8.8,11866,3,Yok,,,,12GB,,,GamingGenTR
Toplama Bilgisayar,Ekran Kartı,PowerColor,RTX 5070 Nitro+ 12GB,60200,Üst,Yayıncılık,,GDDR6,250,12GB,PCIe,2026 yeni nesil 1440p,8.5,4294,3,Var,,,,12GB,,,İncehesap
Toplama Bilgisayar,Klavye,GamePower,CK RGB Optik switch TKL,700,Giriş,Günlük Kullanım,,,,,USB,Optik switch klavye,7.1,2324,2,Var,TKL,,,,,,Sinerji
Toplama Bilgisayar,Mouse,MSI,Rival Mini 8000DPI,400,Giriş,Oyun,,,,,Kablosuz,"8000 DPI sensör, 90g",6.8,2198,2,Yok,,,,,,,İtopya
Toplama Bilgisayar,Mouse,MSI,Viper Mini 26000DPI,550,Giriş,Günlük Kullanım,,,,,Bluetooth,"26000 DPI sensör, 49g",7.1,2507,2,Var,,,,,,,Epey
Toplama Bilgisayar,RAM,Kingston,T-Force Delta 32GB 2x16GB DDR4 3200MHz,2400,Üst,Video Edit,,DDR4,,32GB,DDR4,3200MHz bellek kiti,8.7,4196,2,Yok,,,,,,,Sinerji
Toplama Bilgisayar,Mouse,ASUS,Clutch GM Pro 30000DPI,1800,Orta,Günlük Kullanım,,,,,USB,"30000 DPI sensör, 75g",7.3,5890,2,Yok,,,,,,,GamingGenTR
Toplama Bilgisayar,Monitör,ASUS,Legion 24.5 inç 2560x1440 144Hz,9100,Üst,Video Edit,,,25,,HDMI-DP,"IPS panel, 144Hz",8.4,9177,3,Yok,24.5 inç,2560x1440,144Hz,,,,GamingGenTR
Toplama Bilgisayar,Ekran Kartı,ASUS,RX 7700 XT TUF 12GB,25850,Üst,Yapay Zeka,,GDDR6,245,12GB,PCIe,1440p oyun,8.1,10846,3,Var,,,,12GB,,,GamingGenTR
Toplama Bilgisayar,Klavye,ASUS,BlackWidow RGB Optik switch 75%,5600,Amiral,Oyun,,,,,Kablosuz,Optik switch klavye,9.8,5203,2,Var,75%,,,,,,Vatan
Toplama Bilgisayar,Monitör,Samsung,Predator 32 inç 3840x2160 144Hz,23400,Amiral,Video Edit,,,50,,HDMI-DP,"VA panel, 144Hz",9.0,3321,2,Yok,32 inç,3840x2160,144Hz,,,,Vatan
Toplama Bilgisayar,Mouse,MSI,G Pro X Superlight 30000DPI,450,Giriş,Günlük Kullanım,,,,,USB,"30000 DPI sensör, 75g",7.3,977,2,Yok,,,,,,,İncehesap
Toplama Bilgisayar,Anakart,Biostar,Phantom Gaming H610 MAX DDR4,3700,Giriş,Yazılım,LGA1700,DDR4,,,LGA1700-DDR4,"ATX, H610 yonga seti, DDR4 bellek desteği",7.6,1634,3,Yok,ATX,,,,,,Vatan
Toplama Bilgisayar,Monitör,Acer,Predator 23.8 inç 2560x1440 180Hz,9100,Üst,Yazılım,,,50,,HDMI-DP,"IPS panel, 180Hz",8.3,10538,3,Yok,23.8 inç,2560x1440,180Hz,,,,Epey
Toplama Bilgisayar,Kasa,DarkFlash,4000D Airflow,3350,Orta,Günlük Kullanım,,,,,E-ATX,"Full Tower, mesh/airflow odaklı kasa",7.9,7425,2,Yok,Full Tower,,,,,,İtopya
Toplama Bilgisayar,Kasa,Cooler Master,4000D Airflow White,5250,Üst,Oyun,,,,,E-ATX,"Mid Tower, mesh/airflow odaklı kasa",8.2,6211,2,Var,Mid Tower,,,,,,İtopya
Toplama Bilgisayar,Soğutucu,be quiet!,ML240L V2,2900,Orta,Ofis,,,,,AM4-AM5-LGA1700,240mm sıvı soğutma,7.4,4000,2,Var,240mm,,,,,,Sinerji
Toplama Bilgisayar,Monitör,Acer,Aorus 27 inç 3840x2160 144Hz,24750,Amiral,Video Edit,,,25,,HDMI-DP,"IPS panel, 144Hz",8.8,355,3,Yok,27 inç,3840x2160,144Hz,,,,Akakçe
Toplama Bilgisayar,Güç Kaynağı,Corsair,PF 450W 80+ Bronze,1500,Giriş,Oyun,,,450W,,80+ Bronze,"Yarı modüler PSU, 80+ Bronze",7.4,42,10,Yok,,,,,,,İtopya
Toplama Bilgisayar,Mouse,Darmoshark,X2V2 Mini 26000DPI,1000,Orta,Ofis,,,,,Bluetooth,"26000 DPI sensör, 59g",7.9,6475,2,Var,,,,,,,İtopya
Toplama Bilgisayar,Mouse,Corsair,G305 12000DPI,3700,Üst,Ofis,,,,,Bluetooth,"12000 DPI sensör, 63g",9.2,3820,2,Var,,,,,,,Akakçe
Toplama Bilgisayar,Kasa,Xigmatek,CH370,6000,Üst,Tasarım,,,,,Micro ATX,"Full Tower, mesh/airflow odaklı kasa",8.9,11835,2,Yok,Full Tower,,,,,,Sinerji
Toplama Bilgisayar,Güç Kaynağı,FSP,Strider 750W 80+ Platinum,3900,Orta,Oyun,,,750W,,80+ Platinum,"Sabit kablo PSU, 80+ Platinum",8.5,7427,10,Yok,,,,,,,Vatan
Toplama Bilgisayar,SSD,Kioxia,SN850X 500GB NVMe,1900,Giriş,Ofis,,,3,500GB,M2 NVMe,PCIe 5.0 NVMe SSD,7.1,360,5,Yok,,,,,12010 MB/s,9416 MB/s,Sinerji
Toplama Bilgisayar,SSD,ADATA,CS2241 1TB NVMe,2700,Orta,Yazılım,,,4,1TB,M2 NVMe,PCIe 4.0 NVMe SSD,8.0,2092,5,Yok,,,,,5043 MB/s,4593 MB/s,GamingGenTR
Toplama Bilgisayar,RAM,Kingston,Fury Beast 16GB 2x8GB DDR5 7200MHz,3800,Orta,Yazılım,,DDR5,,16GB,DDR5,7200MHz bellek kiti,8.1,2805,2,Yok,,,,,,,Sinerji
Toplama Bilgisayar,Kasa,Cooler Master,Meshify White,5750,Üst,Oyun,,,,,ATX,"Mini Tower, mesh/airflow odaklı kasa",9.4,937,2,Var,Mini Tower,,,,,,Vatan
Toplama Bilgisayar,Kasa,NZXT,Eclipse Black,7250,Üst,Tasarım,,,,,Micro ATX,"Mini Tower, mesh/airflow odaklı kasa",8.2,1753,2,Yok,Mini Tower,,,,,,Sinerji
Toplama Bilgisayar,Ekran Kartı,Gigabyte,RX 7900 XTX TUF 24GB,71450,Amiral,Yayıncılık,,GDDR6,355,24GB,PCIe,24GB VRAM 4K,9.1,5770,3,Var,,,,24GB,,,Sinerji
Toplama Bilgisayar,Mouse,Cooler Master,Viper Pro 12000DPI,2700,Üst,Ofis,,,,,Bluetooth,"12000 DPI sensör, 63g",9.3,8950,2,Var,,,,,,,Epey
Toplama Bilgisayar,SSD,Corsair,Viper VP4300 2TB NVMe,8950,Üst,Yayıncılık,,,3,2TB,M2 NVMe,PCIe 5.0 NVMe SSD,9.0,560,3,Yok,,,,,9436 MB/s,6564 MB/s,Epey
Toplama Bilgisayar,Güç Kaynağı,FSP,RM 450W 80+ Bronze,2100,Giriş,Oyun,,,450W,,80+ Bronze,"Yarı modüler PSU, 80+ Bronze",7.3,3261,2,Yok,,,,,,,GamingGenTR
Toplama Bilgisayar,Mouse,Cooler Master,Rival Pro 30000DPI,450,Giriş,Ofis,,,,,USB,"30000 DPI sensör, 49g",6.8,3403,2,Var,,,,,,,GamingGenTR
Toplama Bilgisayar,Klavye,Glorious,K2 Wireless Membran 60%,800,Giriş,Yazılım,,,,,USB,Membran klavye,7.7,88,2,Var,60%,,,,,,Epey
Toplama Bilgisayar,Kasa,DeepCool,O11 Dynamic Black,7000,Üst,Video Edit,,,,,Micro ATX,"Mini Tower, mesh/airflow odaklı kasa",9.3,2321,2,Yok,Mini Tower,,,,,,İncehesap
Toplama Bilgisayar,Kasa,NZXT,4000D Airflow,4100,Orta,Ofis,,,,,E-ATX,"Mid Tower, mesh/airflow odaklı kasa",7.7,6438,2,Yok,Mid Tower,,,,,,Akakçe
Toplama Bilgisayar,Kasa,GamePower,Meshify White,5700,Üst,Oyun,,,,,Micro ATX,"Mid Tower, mesh/airflow odaklı kasa",8.7,11532,2,Var,Mid Tower,,,,,,GamingGenTR
Toplama Bilgisayar,Kasa,Phanteks,Eclipse,2000,Giriş,Ofis,,,,,E-ATX,"Mini Tower, mesh/airflow odaklı kasa",6.5,1020,2,Var,Mini Tower,,,,,,Akakçe
Toplama Bilgisayar,Anakart,NZXT,Phantom Gaming B550 WiFi DDR4,7000,Orta,Ofis,AM4,DDR4,,,AM4-DDR4,"ATX, B550 yonga seti, DDR4 bellek desteği",7.4,3440,3,Var,ATX,,,,,,Epey
Toplama Bilgisayar,RAM,G.Skill,Ares 16GB 2x8GB DDR5 5200MHz,2200,Orta,Oyun,,DDR5,,16GB,DDR5,5200MHz bellek kiti,8.0,2671,5,Yok,,,,,,,Akakçe
Toplama Bilgisayar,Monitör,Dell,Odyssey 27 inç 1920x1080 75Hz,3700,Giriş,Oyun,,,25,,HDMI-DP,"VA panel, 75Hz",7.5,194,3,Yok,27 inç,1920x1080,75Hz,,,,GamingGenTR
Toplama Bilgisayar,Anakart,Colorful,Creator B650E WiFi DDR5,8450,Üst,Video Edit,AM5,DDR5,,,AM5-DDR5,"ATX, B650E yonga seti, DDR5 bellek desteği",9.2,6787,3,Var,ATX,,,,,,İtopya
Toplama Bilgisayar,Mouse,Zowie,Atlantis Pro 30000DPI,550,Giriş,Ofis,,,,,USB,"30000 DPI sensör, 59g",8.0,3144,2,Var,,,,,,,İtopya
Toplama Bilgisayar,Klavye,Razer,K380 Pro Mekanik TKL,2950,Üst,Ofis,,,,,Bluetooth,Mekanik klavye,9.0,9968,2,Yok,TKL,,,,,,İtopya
Toplama Bilgisayar,RAM,GoodRam,Viper Steel 32GB 2x16GB DDR4 3200MHz,2250,Üst,Yazılım,,DDR4,,32GB,DDR4,3200MHz bellek kiti,9.1,11033,2,Var,,,,,,,Epey
Toplama Bilgisayar,Monitör,LG,ProArt 24.5 inç 3840x2160 144Hz,21100,Amiral,Yazılım,,,50,,HDMI-DP,"OLED panel, 144Hz",9.7,454,3,Yok,24.5 inç,3840x2160,144Hz,,,,GamingGenTR
Toplama Bilgisayar,Ekran Kartı,Zotac,RTX 4060 Ti Twin Edge 8GB,24850,Orta,Oyun,,GDDR6,160,8GB,PCIe,1080p/1440p oyun,7.8,6230,3,Yok,,,,8GB,,,GamingGenTR
Toplama Bilgisayar,Soğutucu,DeepCool,Frozen Notte 240,3600,Orta,Yazılım,,,,,AM4-AM5-LGA1700,240mm sıvı soğutma,8.6,113,6,Var,240mm,,,,,,İtopya
Toplama Bilgisayar,Ekran Kartı,ASUS,RX 7900 XTX Aero OC 24GB,68450,Amiral,Video Edit,,GDDR6,355,24GB,PCIe,24GB VRAM 4K,9.8,83,3,Var,,,,24GB,,,GamingGenTR
Toplama Bilgisayar,Klavye,Corsair,GMMK RGB Mekanik Tam boy,4100,Üst,Yazılım,,,,,Kablosuz,Mekanik klavye,9.3,10964,2,Var,Tam boy,,,,,,Sinerji
Toplama Bilgisayar,Klavye,Logitech,CK Membran 60%,4750,Üst,Oyun,,,,,Bluetooth,Membran klavye,8.5,5809,2,Var,60%,,,,,,Epey
Toplama Bilgisayar,Klavye,HyperX,G Pro X Wireless Membran 75%,550,Giriş,Günlük Kullanım,,,,,Kablosuz,Membran klavye,7.8,1735,2,Yok,75%,,,,,,GamingGenTR
Toplama Bilgisayar,Mouse,SteelSeries,Harpoon Pro 36000DPI,1550,Orta,Yazılım,,,,,Kablosuz,"36000 DPI sensör, 75g",8.1,5884,2,Var,,,,,,,Sinerji
Toplama Bilgisayar,Güç Kaynağı,Thermaltake,Toughpower 1000W 80+ Gold,9200,Üst,Oyun,,,1000W,,80+ Gold,"Modüler PSU, 80+ Gold",9.3,10747,10,Yok,,,,,,,GamingGenTR
Toplama Bilgisayar,Monitör,ASUS,Raptor 32 inç 1920x1080 75Hz,3350,Giriş,Tasarım,,,50,,HDMI-DP,"IPS panel, 75Hz",7.6,643,2,Yok,32 inç,1920x1080,75Hz,,,,Epey
Toplama Bilgisayar,Mouse,Glorious,DeathAdder Pro 30000DPI,1700,Orta,Ofis,,,,,Kablosuz,"30000 DPI sensör, 90g",8.5,5994,2,Var,,,,,,,İncehesap
Toplama Bilgisayar,Klavye,Logitech,Apex Pro Membran 60%,1650,Orta,Günlük Kullanım,,,,,Kablosuz,Membran klavye,8.6,3004,2,Yok,60%,,,,,,İtopya
Toplama Bilgisayar,Mouse,HyperX,G Pro X Superlight Pro 26000DPI,550,Giriş,Yazılım,,,,,Kablosuz,"26000 DPI sensör, 75g",6.5,3185,2,Yok,,,,,,,Epey
Toplama Bilgisayar,Klavye,GamePower,Alloy Origins Wireless Optik switch 75%,1700,Orta,Oyun,,,,,USB,Optik switch klavye,7.6,3424,2,Var,75%,,,,,,Sinerji
Toplama Bilgisayar,Mouse,Razer,Atlantis Wireless 30000DPI,2650,Üst,Yazılım,,,,,Kablosuz,"30000 DPI sensör, 90g",9.1,1385,2,Var,,,,,,,GamingGenTR
Toplama Bilgisayar,SSD,Kingston,Legend 960 500GB NVMe,1100,Giriş,Ofis,,,4,500GB,M2 NVMe,PCIe 3.0 NVMe SSD,7.5,2238,3,Yok,,,,,3171 MB/s,2189 MB/s,GamingGenTR
Toplama Bilgisayar,Monitör,Samsung,Optix 32 inç 3840x2160 240Hz,47300,Amiral,Tasarım,,,25,,HDMI-DP,"Mini LED panel, 240Hz",9.7,223,2,Yok,32 inç,3840x2160,240Hz,,,,İtopya
Toplama Bilgisayar,Kasa,Corsair,Lancool Black,2900,Orta,Yazılım,,,,,E-ATX,"Full Tower, mesh/airflow odaklı kasa",7.8,3290,2,Var,Full Tower,,,,,,Epey
Toplama Bilgisayar,Soğutucu,Corsair,Kraken 240,14550,Amiral,Yapay Zeka,,,,,AM4-AM5-LGA1700,240mm sıvı soğutma,8.8,4425,2,Var,240mm,,,,,,Vatan
Toplama Bilgisayar,Ekran Kartı,Gigabyte,RTX 5080 Gaming OC 16GB,118550,Amiral,Yapay Zeka,,GDDR6X,360,16GB,PCIe,2026 4K üst seviye,8.9,3040,3,Yok,,,,16GB,,,Vatan
Toplama Bilgisayar,RAM,GoodRam,Viper Steel 32GB 2x16GB DDR5 5600MHz,5550,Üst,Yayıncılık,,DDR5,,32GB,DDR5,5600MHz bellek kiti,9.2,10273,2,Var,,,,,,,İtopya
Toplama Bilgisayar,Mouse,HyperX,G Pro X Superlight Mini 36000DPI,1550,Orta,Yazılım,,,,,Bluetooth,"36000 DPI sensör, 59g",8.3,7746,2,Yok,,,,,,,İtopya
Toplama Bilgisayar,Klavye,Logitech,RK61 Pro Low Profile Tam boy,4050,Üst,Günlük Kullanım,,,,,USB,Low Profile klavye,8.7,6698,2,Yok,Tam boy,,,,,,İncehesap
Toplama Bilgisayar,Ekran Kartı,Zotac,RTX 5080 Aero OC 16GB,110650,Amiral,Video Edit,,GDDR6X,360,16GB,PCIe,2026 4K üst seviye,9.1,602,3,Yok,,,,16GB,,,İncehesap
Toplama Bilgisayar,Kasa,Lian Li,Warcry White,3400,Orta,Günlük Kullanım,,,,,Micro ATX,"Mid Tower, mesh/airflow odaklı kasa",8.4,1109,2,Var,Mid Tower,,,,,,Akakçe
Toplama Bilgisayar,İşlemci,Intel,Core i5-14400F Kampanya,8150,Orta,Günlük Kullanım,LGA1700,DDR5,65,,LGA1700-DDR5,10 çekirdek,8.3,5394,3,Yok,,,,,,,GamingGenTR
Toplama Bilgisayar,Mouse,Corsair,M711 Mini 26000DPI,1600,Orta,Ofis,,,,,Bluetooth,"26000 DPI sensör, 90g",7.6,1789,2,Yok,,,,,,,Akakçe
Toplama Bilgisayar,Mouse,Cooler Master,Clutch GM Wireless 16000DPI,1400,Orta,Günlük Kullanım,,,,,USB,"16000 DPI sensör, 59g",7.9,307,2,Yok,,,,,,,Epey
Toplama Bilgisayar,RAM,Patriot,XPG Lancer 8GB 1x8GB DDR5 5600MHz,1400,Giriş,Yazılım,,DDR5,,8GB,DDR5,5600MHz bellek kiti,7.8,378,5,Yok,,,,,,,Epey
Toplama Bilgisayar,SSD,TeamGroup,Exceria Plus 2TB NVMe,7500,Üst,Tasarım,,,3,2TB,M2 NVMe,PCIe 5.0 NVMe SSD,9.4,3824,3,Yok,,,,,12489 MB/s,8604 MB/s,Epey
Toplama Bilgisayar,Mouse,HyperX,MM712 8000DPI,1200,Orta,Yazılım,,,,,USB,"8000 DPI sensör, 49g",7.2,4838,2,Var,,,,,,,Akakçe
Toplama Bilgisayar,Kasa,Xigmatek,Eclipse RGB,3000,Orta,Yazılım,,,,,E-ATX,"Mini Tower, mesh/airflow odaklı kasa",8.5,3066,2,Var,Mini Tower,,,,,,Epey
Toplama Bilgisayar,Mouse,Razer,Clutch GM 16000DPI,1300,Orta,Günlük Kullanım,,,,,Bluetooth,"16000 DPI sensör, 90g",8.0,6394,2,Yok,,,,,,,GamingGenTR
Toplama Bilgisayar,Kasa,ASUS,TUF GT White,3700,Orta,Günlük Kullanım,,,,,Micro ATX,"Mid Tower, mesh/airflow odaklı kasa",7.6,1517,2,Yok,Mid Tower,,,,,,Sinerji
Toplama Bilgisayar,Güç Kaynağı,FSP,Straight Power 550W 80+ Bronze,2450,Giriş,Ofis,,,550W,,80+ Bronze,"Sabit kablo PSU, 80+ Bronze",7.4,2647,5,Yok,,,,,,,İncehesap
Toplama Bilgisayar,Anakart,Gigabyte,Steel Legend B550 WiFi DDR4,6200,Orta,Ofis,AM4,DDR4,,,AM4-DDR4,"Micro ATX, B550 yonga seti, DDR4 bellek desteği",8.7,2896,3,Yok,Micro ATX,,,,,,Epey
Toplama Bilgisayar,Monitör,MSI,Mobiuz 32 inç 3840x2160 144Hz,24450,Amiral,Oyun,,,35,,HDMI-DP,"Mini LED panel, 144Hz",9.4,5257,3,Yok,32 inç,3840x2160,144Hz,,,,Sinerji
Toplama Bilgisayar,Kasa,ASUS,4000D Airflow Mesh,2350,Giriş,Oyun,,,,,ATX,"Mid Tower, mesh/airflow odaklı kasa",6.6,2533,2,Yok,Mid Tower,,,,,,Epey
Toplama Bilgisayar,Ekran Kartı,PowerColor,RTX 4090 Hellhound 24GB,153550,Amiral,Video Edit,,GDDR6X,450,24GB,PCIe,AI ve 4K üst seviye,9.9,6430,3,Yok,,,,24GB,,,GamingGenTR
Toplama Bilgisayar,Mouse,Logitech,Pulsefire Wireless 12000DPI,2200,Üst,Oyun,,,,,Kablosuz,"12000 DPI sensör, 75g",9.2,11319,2,Yok,,,,,,,Vatan
Toplama Bilgisayar,Soğutucu,SilverStone,Assassin X,1000,Giriş,Günlük Kullanım,,,,,AM4-AM5-LGA1700,Hava soğutma,8.1,836,2,Var,,,,,,,İncehesap
Toplama Bilgisayar,Monitör,Samsung,ProArt 27 inç 2560x1440 180Hz,12150,Üst,Video Edit,,,35,,HDMI-DP,"IPS panel, 180Hz",8.2,7082,3,Yok,27 inç,2560x1440,180Hz,,,,İncehesap
Toplama Bilgisayar,Anakart,Gigabyte,Phantom Gaming H610 AX DDR4,3050,Giriş,Günlük Kullanım,LGA1700,DDR4,,,LGA1700-DDR4,"ATX, H610 yonga seti, DDR4 bellek desteği",7.0,1461,3,Var,ATX,,,,,,İtopya
Toplama Bilgisayar,HDD,WD,Purple 8TB 7200RPM,8800,Üst,Yayıncılık,,,9,8TB,SATA,3.5 inç mekanik disk,8.3,588,2,Yok,,,,,,,Sinerji
Toplama Bilgisayar,Mouse,MSI,Harpoon 26000DPI,1300,Orta,Günlük Kullanım,,,,,Kablosuz,"26000 DPI sensör, 63g",8.1,1759,2,Var,,,,,,,İtopya
Toplama Bilgisayar,Klavye,Redragon,CK Wireless Low Profile 60%,2150,Orta,Yazılım,,,,,Kablosuz,Low Profile klavye,7.6,1308,2,Var,60%,,,,,,İtopya
Toplama Bilgisayar,Klavye,SteelSeries,BlackWidow Pro Membran 60%,550,Giriş,Günlük Kullanım,,,,,Kablosuz,Membran klavye,6.8,3266,2,Yok,60%,,,,,,İncehesap
Toplama Bilgisayar,Klavye,GamePower,Ogre Wireless Mekanik TKL,2200,Orta,Ofis,,,,,USB,Mekanik klavye,7.6,4176,2,Yok,TKL,,,,,,Vatan
Toplama Bilgisayar,Monitör,ASUS,Optix 34 inç 3840x2160 144Hz,30400,Amiral,Oyun,,,25,,HDMI-DP,"OLED panel, 144Hz",9.7,975,2,Yok,34 inç,3840x2160,144Hz,,,,İncehesap
Toplama Bilgisayar,Mouse,Logitech,G Pro X Superlight 30000DPI,1550,Orta,Oyun,,,,,Kablosuz,"30000 DPI sensör, 49g",7.5,1947,2,Var,,,,,,,Sinerji
Toplama Bilgisayar,Anakart,NZXT,Steel Legend A520 DDR4,4050,Giriş,Ofis,AM4,DDR4,,,AM4-DDR4,"Mini ITX, A520 yonga seti, DDR4 bellek desteği",7.9,1176,3,Var,Mini ITX,,,,,,Sinerji
Toplama Bilgisayar,Kasa,Cooler Master,Warcry Black,13050,Amiral,Yapay Zeka,,,,,Micro ATX,"Full Tower, mesh/airflow odaklı kasa",8.9,4106,2,Yok,Full Tower,,,,,,Sinerji
Toplama Bilgisayar,Ekran Kartı,ASUS,RX 7800 XT Gaming OC 16GB,36850,Üst,Oyun,,GDDR6,263,16GB,PCIe,16GB VRAM 1440p,8.2,2504,3,Var,,,,16GB,,,Akakçe
Toplama Bilgisayar,Mouse,Zowie,Rival Pro 30000DPI,1250,Orta,Yazılım,,,,,Bluetooth,"30000 DPI sensör, 49g",7.8,1692,2,Yok,,,,,,,GamingGenTR
Toplama Bilgisayar,Monitör,Lenovo,Mobiuz 23.8 inç 3840x2160 240Hz,56050,Amiral,Oyun,,,35,,HDMI-DP,"VA panel, 240Hz",9.1,3964,2,Yok,23.8 inç,3840x2160,240Hz,,,,Akakçe
Toplama Bilgisayar,HDD,Toshiba,Purple 1TB 7200RPM,1750,Giriş,Video Edit,,,5,1TB,SATA,3.5 inç mekanik disk,6.5,3481,3,Yok,,,,,,,GamingGenTR
Toplama Bilgisayar,Kasa,Xigmatek,Aquarius Black,1600,Giriş,Günlük Kullanım,,,,,ATX,"Mid Tower, mesh/airflow odaklı kasa",7.2,1311,2,Yok,Mid Tower,,,,,,Epey
Toplama Bilgisayar,Kasa,DeepCool,4000D Airflow Black,7800,Üst,Video Edit,,,,,ATX,"Mini Tower, mesh/airflow odaklı kasa",8.5,8695,2,Var,Mini Tower,,,,,,Sinerji
Toplama Bilgisayar,Monitör,AOC,Nitro 24.5 inç 2560x1440 180Hz,11950,Üst,Oyun,,,50,,HDMI-DP,"VA panel, 180Hz",8.8,8337,3,Yok,24.5 inç,2560x1440,180Hz,,,,GamingGenTR
Toplama Bilgisayar,Ekran Kartı,Gainward,RTX 4060 Ti GamingPro 8GB,27450,Orta,Oyun,,GDDR6,160,8GB,PCIe,1080p/1440p oyun,8.4,6848,3,Yok,,,,8GB,,,İtopya
Toplama Bilgisayar,Kasa,Thermaltake,MAG Forge Black,2600,Orta,Günlük Kullanım,,,,,E-ATX,"Mid Tower, mesh/airflow odaklı kasa",7.7,4631,2,Var,Mid Tower,,,,,,Vatan
Toplama Bilgisayar,Anakart,ASUS,Taichi B760 MAX DDR4,5100,Orta,Yazılım,LGA1700,DDR4,,,LGA1700-DDR4,"Mini ITX, B760 yonga seti, DDR4 bellek desteği",7.4,6351,3,Yok,Mini ITX,,,,,,Sinerji
Toplama Bilgisayar,Ekran Kartı,ASUS,RX 7600 Nitro+ 8GB,15750,Orta,Oyun,,GDDR6,165,8GB,PCIe,1080p oyun,8.8,7784,3,Var,,,,8GB,,,Akakçe
Toplama Bilgisayar,Ekran Kartı,Sapphire,RTX 4090 TUF 24GB,152350,Amiral,Yayıncılık,,GDDR6X,450,24GB,PCIe,AI ve 4K üst seviye,9.9,1640,3,Yok,,,,24GB,,,Sinerji
Toplama Bilgisayar,Kasa,Corsair,Warcry White,4250,Üst,Yazılım,,,,,ATX,"Full Tower, mesh/airflow odaklı kasa",9.5,999,2,Yok,Full Tower,,,,,,İncehesap
Toplama Bilgisayar,Kasa,Lian Li,View 270,3350,Orta,Oyun,,,,,Micro ATX,"Mini Tower, mesh/airflow odaklı kasa",8.4,5319,2,Yok,Mini Tower,,,,,,Akakçe
Toplama Bilgisayar,SSD,Crucial,MP600 4TB NVMe,13800,Amiral,Oyun,,,5,4TB,M2 NVMe,PCIe 4.0 NVMe SSD,8.9,4886,3,Yok,,,,,5211 MB/s,3887 MB/s,Akakçe
Toplama Bilgisayar,Anakart,Gigabyte,Gaming X A620 AX DDR5,2550,Giriş,Ofis,AM5,DDR5,,,AM5-DDR5,"Micro ATX, A620 yonga seti, DDR5 bellek desteği",6.9,1599,3,Yok,Micro ATX,,,,,,İncehesap
Toplama Bilgisayar,Kasa,Corsair,Meshify Mesh,3350,Orta,Günlük Kullanım,,,,,E-ATX,"Mid Tower, mesh/airflow odaklı kasa",8.3,732,2,Yok,Mid Tower,,,,,,Epey
Toplama Bilgisayar,Güç Kaynağı,MSI,Focus GX 1600W 80+ Platinum,14900,Amiral,Yapay Zeka,,,1600W,,80+ Platinum,"Modüler PSU, 80+ Platinum",9.0,5509,10,Yok,,,,,,,Epey
Toplama Bilgisayar,Klavye,MSI,K380 Membran 75%,500,Giriş,Oyun,,,,,Kablosuz,Membran klavye,6.6,1660,2,Yok,75%,,,,,,Sinerji
Toplama Bilgisayar,Anakart,MSI,Gaming X B650 MAX DDR5,5750,Orta,Günlük Kullanım,AM5,DDR5,,,AM5-DDR5,"Micro ATX, B650 yonga seti, DDR5 bellek desteği",7.5,4228,3,Var,Micro ATX,,,,,,Akakçe
Toplama Bilgisayar,Kasa,Xigmatek,North White,1500,Giriş,Günlük Kullanım,,,,,Micro ATX,"Full Tower, mesh/airflow odaklı kasa",7.2,2001,2,Yok,Full Tower,,,,,,Epey
Toplama Bilgisayar,Kasa,Phanteks,View 270 RGB,1600,Giriş,Oyun,,,,,E-ATX,"Mid Tower, mesh/airflow odaklı kasa",6.8,1265,2,Var,Mid Tower,,,,,,Sinerji
Toplama Bilgisayar,Kasa,MSI,Aquarius RGB,4350,Üst,Yayıncılık,,,,,ATX,"Mid Tower, mesh/airflow odaklı kasa",9.1,4267,2,Var,Mid Tower,,,,,,Sinerji
Toplama Bilgisayar,SSD,SK hynix,MP600 500GB NVMe,1550,Giriş,Ofis,,,4,500GB,M2 NVMe,PCIe 4.0 NVMe SSD,8.0,2744,3,Yok,,,,,6759 MB/s,5142 MB/s,GamingGenTR
Toplama Bilgisayar,İşlemci,Intel,Core i5-12400F Box,4850,Orta,Günlük Kullanım,LGA1700,DDR4,65,,LGA1700-DDR4,6 çekirdek 12 thread,8.5,6795,3,Yok,,,,,,,Sinerji
Toplama Bilgisayar,Kasa,NZXT,CH370 RGB,1400,Giriş,Günlük Kullanım,,,,,ATX,"Mini Tower, mesh/airflow odaklı kasa",8.0,1922,2,Var,Mini Tower,,,,,,GamingGenTR
Toplama Bilgisayar,HDD,Toshiba,SkyHawk 12TB 7200RPM,12400,Üst,Ofis,,,9,12TB,SATA,3.5 inç mekanik disk,9.2,1837,2,Yok,,,,,,,Vatan
Toplama Bilgisayar,Anakart,ASRock,Aorus Elite X870 MAX DDR5,14950,Amiral,Video Edit,AM5,DDR5,,,AM5-DDR5,"Micro ATX, X870 yonga seti, DDR5 bellek desteği",9.4,4577,3,Var,Micro ATX,,,,,,GamingGenTR
Toplama Bilgisayar,HDD,Seagate,Purple 8TB 7200RPM,6600,Üst,Yayıncılık,,,9,8TB,SATA,3.5 inç mekanik disk,8.5,3225,3,Yok,,,,,,,Sinerji
Toplama Bilgisayar,Kasa,Lian Li,CH370 Mesh,3150,Orta,Oyun,,,,,Micro ATX,"Full Tower, mesh/airflow odaklı kasa",8.5,2880,2,Var,Full Tower,,,,,,Epey
Toplama Bilgisayar,Klavye,GamePower,RK61 Pro Mekanik 60%,700,Giriş,Yazılım,,,,,Kablosuz,Mekanik klavye,6.9,3019,2,Var,60%,,,,,,Vatan
Toplama Bilgisayar,Kasa,Thermaltake,Lancool White,7050,Üst,Yazılım,,,,,ATX,"Full Tower, mesh/airflow odaklı kasa",8.5,5077,2,Var,Full Tower,,,,,,İtopya
Toplama Bilgisayar,Mouse,Logitech,G Pro X Superlight Mini 12000DPI,450,Giriş,Yazılım,,,,,USB,"12000 DPI sensör, 90g",7.8,2131,2,Var,,,,,,,İtopya
Toplama Bilgisayar,SSD,SK hynix,Legend 960 1TB NVMe,2350,Orta,Ofis,,,3,1TB,M2 NVMe,PCIe 4.0 NVMe SSD,8.4,3111,3,Yok,,,,,6185 MB/s,4624 MB/s,Epey
Toplama Bilgisayar,Mouse,HyperX,G Pro X Superlight Wireless 36000DPI,4050,Üst,Ofis,,,,,USB,"36000 DPI sensör, 59g",8.5,4177,2,Var,,,,,,,Epey
Toplama Bilgisayar,Klavye,SteelSeries,BlackWidow Optik switch 75%,1950,Orta,Oyun,,,,,Kablosuz,Optik switch klavye,8.3,5696,2,Var,75%,,,,,,Epey
Toplama Bilgisayar,Kasa,Thermaltake,TD500 RGB,2500,Orta,Günlük Kullanım,,,,,ATX,"Mini Tower, mesh/airflow odaklı kasa",7.8,1495,2,Var,Mini Tower,,,,,,İtopya
Toplama Bilgisayar,Güç Kaynağı,XPG,C Series 850W 80+ Platinum,7950,Üst,Oyun,,,850W,,80+ Platinum,"Modüler PSU, 80+ Platinum",8.9,8070,5,Yok,,,,,,,Epey
Toplama Bilgisayar,Mouse,Zowie,G305 Mini 12000DPI,1450,Orta,Günlük Kullanım,,,,,USB,"12000 DPI sensör, 59g",7.9,4749,2,Yok,,,,,,,İncehesap
Toplama Bilgisayar,Soğutucu,DeepCool,AK620,750,Giriş,Oyun,,,,,AM4-AM5-LGA1700,Hava soğutma,6.8,2220,2,Yok,,,,,,,Akakçe
Toplama Bilgisayar,RAM,ADATA,Dominator 16GB 2x8GB DDR5 6400MHz,2950,Orta,Oyun,,DDR5,,16GB,DDR5,6400MHz bellek kiti,8.7,4554,2,Var,,,,,,,Sinerji
Toplama Bilgisayar,HDD,WD,Purple 12TB 7200RPM,10750,Üst,Ofis,,,5,12TB,SATA,3.5 inç mekanik disk,9.1,10079,3,Yok,,,,,,,GamingGenTR
Toplama Bilgisayar,Klavye,MSI,K70 Pro Low Profile 75%,3200,Üst,Oyun,,,,,Bluetooth,Low Profile klavye,8.8,11437,2,Var,75%,,,,,,İtopya
Toplama Bilgisayar,Klavye,Glorious,K2 Pro Optik switch 75%,1850,Orta,Günlük Kullanım,,,,,Bluetooth,Optik switch klavye,7.8,526,2,Var,75%,,,,,,İncehesap
Toplama Bilgisayar,Kasa,NZXT,TUF GT White,1550,Giriş,Ofis,,,,,Micro ATX,"Full Tower, mesh/airflow odaklı kasa",7.8,2236,2,Yok,Full Tower,,,,,,İncehesap
Toplama Bilgisayar,Monitör,Gigabyte,Odyssey 31.5 inç 3440x1440 165Hz,17150,Amiral,Ofis,,,35,,HDMI-DP,"OLED panel, 165Hz",9.2,3276,2,Yok,31.5 inç,3440x1440,165Hz,,,,Epey
Toplama Bilgisayar,Mouse,Pulsar,Rival Wireless 36000DPI,2550,Üst,Ofis,,,,,Kablosuz,"36000 DPI sensör, 63g",9.2,11387,2,Var,,,,,,,Sinerji
Toplama Bilgisayar,Mouse,Logitech,G Pro X Superlight Pro 36000DPI,1500,Orta,Oyun,,,,,USB,"36000 DPI sensör, 49g",7.4,3680,2,Yok,,,,,,,Epey
Toplama Bilgisayar,Ekran Kartı,ASUS,RTX 4060 Ti GamingPro 8GB,27550,Orta,Günlük Kullanım,,GDDR6,160,8GB,PCIe,1080p/1440p oyun,8.5,651,3,Yok,,,,8GB,,,GamingGenTR
Toplama Bilgisayar,Mouse,ASUS,G102 Wireless 16000DPI,1100,Orta,Ofis,,,,,USB,"16000 DPI sensör, 90g",8.0,4775,2,Var,,,,,,,Epey
Toplama Bilgisayar,Ekran Kartı,MSI,RTX 4060 Ti Nitro+ 8GB,24750,Orta,Video Edit,,GDDR6,160,8GB,PCIe,1080p/1440p oyun,7.3,7799,3,Yok,,,,8GB,,,İncehesap
Toplama Bilgisayar,İşlemci,AMD,Ryzen 9 7950X,24800,Amiral,Oyun,AM5,DDR5,170,,AM5-DDR5,16 çekirdek 32 thread,9.8,4671,3,Yok,,,,,,,Epey
Toplama Bilgisayar,Ekran Kartı,Palit,RTX 4070 Super Aero OC 12GB,42050,Üst,Yayıncılık,,GDDR6,220,12GB,PCIe,1440p ultra oyun,9.1,10825,3,Var,,,,12GB,,,Vatan
Toplama Bilgisayar,İşlemci,AMD,Ryzen 7 5700X Box,7300,Üst,Tasarım,AM4,DDR4,65,,AM4-DDR4,8 çekirdek 16 thread,8.9,6334,3,Yok,,,,,,,GamingGenTR
Toplama Bilgisayar,Klavye,Cooler Master,K380 Optik switch TKL,2050,Orta,Oyun,,,,,Kablosuz,Optik switch klavye,8.1,2801,2,Var,TKL,,,,,,İtopya
Toplama Bilgisayar,Klavye,Royal Kludge,K70 Pro Low Profile 60%,1800,Orta,Günlük Kullanım,,,,,Kablosuz,Low Profile klavye,8.3,1521,2,Var,60%,,,,,,Sinerji
Toplama Bilgisayar,Mouse,SteelSeries,G Pro X Superlight Wireless 30000DPI,3100,Üst,Ofis,,,,,Bluetooth,"30000 DPI sensör, 59g",8.7,4527,2,Var,,,,,,,Sinerji
Toplama Bilgisayar,HDD,WD,SkyHawk 12TB 7200RPM,13800,Üst,Ofis,,,7,12TB,SATA,3.5 inç mekanik disk,8.8,10352,3,Yok,,,,,,,GamingGenTR
Toplama Bilgisayar,Mouse,Glorious,Pulsefire Pro 12000DPI,5600,Amiral,Ofis,,,,,USB,"12000 DPI sensör, 90g",9.2,2270,2,Var,,,,,,,Vatan
Toplama Bilgisayar,Mouse,Pulsar,G102 Pro 30000DPI,3250,Üst,Yazılım,,,,,Kablosuz,"30000 DPI sensör, 49g",8.9,6003,2,Var,,,,,,,Sinerji
Toplama Bilgisayar,Klavye,Royal Kludge,Ogre RGB Mekanik Tam boy,1400,Orta,Oyun,,,,,Kablosuz,Mekanik klavye,8.1,7108,2,Var,Tam boy,,,,,,GamingGenTR
Toplama Bilgisayar,Klavye,Razer,Vigor GK Wireless Low Profile TKL,850,Giriş,Ofis,,,,,USB,Low Profile klavye,8.1,1575,2,Var,TKL,,,,,,İncehesap
Toplama Bilgisayar,RAM,GoodRam,Viper Steel 32GB 2x16GB DDR5 5200MHz,3900,Üst,Yazılım,,DDR5,,32GB,DDR5,5200MHz bellek kiti,8.5,6506,5,Var,,,,,,,İncehesap
Toplama Bilgisayar,Klavye,ASUS,Ogre Wireless Membran 75%,1700,Orta,Ofis,,,,,Bluetooth,Membran klavye,7.9,2097,2,Var,75%,,,,,,Akakçe
Toplama Bilgisayar,Ekran Kartı,Galax,RTX 5080 Gaming OC 16GB,102850,Amiral,Yayıncılık,,GDDR6X,360,16GB,PCIe,2026 4K üst seviye,9.3,742,3,Yok,,,,16GB,,,GamingGenTR
Toplama Bilgisayar,Mouse,Zowie,Viper 16000DPI,1450,Orta,Yazılım,,,,,Bluetooth,"16000 DPI sensör, 75g",7.9,1622,2,Var,,,,,,,Vatan
Toplama Bilgisayar,Mouse,HyperX,FK2 36000DPI,1600,Orta,Ofis,,,,,Kablosuz,"36000 DPI sensör, 49g",7.5,5724,2,Yok,,,,,,,İtopya
Toplama Bilgisayar,Kasa,DeepCool,View 270 Mesh,2550,Orta,Günlük Kullanım,,,,,E-ATX,"Mid Tower, mesh/airflow odaklı kasa",8.5,1224,2,Yok,Mid Tower,,,,,,Sinerji
Toplama Bilgisayar,Soğutucu,Corsair,Freezer 36,1950,Orta,Yazılım,,,,,AM4-AM5-LGA1700,Hava soğutma,7.9,5039,5,Yok,,,,,,,Akakçe
Toplama Bilgisayar,Güç Kaynağı,GamePower,Core Reactor 1000W 80+ Gold,8850,Üst,Video Edit,,,1000W,,80+ Gold,"Modüler PSU, 80+ Gold",8.6,3950,7,Yok,,,,,,,Epey
Toplama Bilgisayar,Ekran Kartı,Gainward,RTX 4070 Ti Super Aero OC 16GB,64350,Üst,Yapay Zeka,,GDDR6X,285,16GB,PCIe,1440p/4K güçlü performans,8.1,2377,3,Yok,,,,16GB,,,Vatan
Toplama Bilgisayar,Kasa,MSI,4000D Airflow Black,2750,Orta,Ofis,,,,,ATX,"Mid Tower, mesh/airflow odaklı kasa",8.2,1936,2,Var,Mid Tower,,,,,,Epey
Toplama Bilgisayar,Mouse,HyperX,FK2 Wireless 16000DPI,1600,Orta,Günlük Kullanım,,,,,Kablosuz,"16000 DPI sensör, 63g",8.7,640,2,Yok,,,,,,,GamingGenTR
Toplama Bilgisayar,Monitör,Lenovo,TUF Gaming 27 inç 3840x2160 144Hz,22800,Amiral,Yazılım,,,25,,HDMI-DP,"Mini LED panel, 144Hz",9.7,5396,2,Yok,27 inç,3840x2160,144Hz,,,,Epey
Toplama Bilgisayar,HDD,Toshiba,Purple 6TB 7200RPM,5200,Orta,Yayıncılık,,,5,6TB,SATA,3.5 inç mekanik disk,7.6,5387,2,Yok,,,,,,,Vatan
Toplama Bilgisayar,Mouse,Glorious,Clutch GM Pro 26000DPI,450,Giriş,Oyun,,,,,Bluetooth,"26000 DPI sensör, 49g",7.5,1698,2,Yok,,,,,,,Akakçe
Toplama Bilgisayar,SSD,Lexar,P5 Plus 2TB NVMe,3950,Üst,Video Edit,,,5,2TB,M2 NVMe,PCIe 3.0 NVMe SSD,8.3,10962,5,Yok,,,,,3182 MB/s,2491 MB/s,İncehesap
Toplama Bilgisayar,Ekran Kartı,Palit,RX 6600 Twin Edge 8GB,9550,Giriş,Günlük Kullanım,,GDDR6,132,8GB,PCIe,1080p fiyat performans,7.9,386,3,Var,,,,8GB,,,İncehesap
Toplama Bilgisayar,Soğutucu,Cooler Master,SE-224-XT,750,Giriş,Oyun,,,,,AM4-AM5-LGA1700,Hava soğutma,6.7,944,5,Var,,,,,,,İncehesap
Toplama Bilgisayar,RAM,G.Skill,Ares 32GB 2x16GB DDR5 5600MHz,5150,Üst,Yazılım,,DDR5,,32GB,DDR5,5600MHz bellek kiti,8.2,2131,2,Var,,,,,,,İncehesap
Toplama Bilgisayar,RAM,Corsair,Dominator 16GB 2x8GB DDR4 3600MHz,1300,Orta,Yazılım,,DDR4,,16GB,DDR4,3600MHz bellek kiti,8.0,5613,3,Yok,,,,,,,Epey
Toplama Bilgisayar,Ekran Kartı,Inno3D,RTX 5080 Ventus 2X 16GB,91450,Amiral,Oyun,,GDDR6X,360,16GB,PCIe,2026 4K üst seviye,9.8,3430,3,Yok,,,,16GB,,,Epey
Toplama Bilgisayar,Klavye,Redragon,GMMK Wireless Optik switch Tam boy,1600,Orta,Oyun,,,,,Bluetooth,Optik switch klavye,7.6,4783,2,Var,Tam boy,,,,,,Akakçe
Toplama Bilgisayar,Ekran Kartı,Inno3D,RTX 4060 Eagle OC 8GB,18450,Orta,Oyun,,GDDR6,115,8GB,PCIe,DLSS 3 1080p oyun,7.7,3842,3,Yok,,,,8GB,,,İtopya
Toplama Bilgisayar,RAM,GoodRam,NOX 8GB 1x8GB DDR5 6400MHz,1400,Giriş,Ofis,,DDR5,,8GB,DDR5,6400MHz bellek kiti,7.8,3295,5,Yok,,,,,,,Sinerji
Toplama Bilgisayar,Monitör,Samsung,TUF Gaming 23.8 inç 2560x1440 144Hz,8950,Üst,Yazılım,,,25,,HDMI-DP,"IPS panel, 144Hz",9.2,1347,2,Yok,23.8 inç,2560x1440,144Hz,,,,GamingGenTR
Toplama Bilgisayar,Kasa,Xigmatek,TD500 RGB,5150,Üst,Tasarım,,,,,ATX,"Mid Tower, mesh/airflow odaklı kasa",8.3,3208,2,Var,Mid Tower,,,,,,İncehesap
Toplama Bilgisayar,Klavye,Glorious,K380 Wireless Mekanik 75%,500,Giriş,Oyun,,,,,USB,Mekanik klavye,7.5,228,2,Var,75%,,,,,,Sinerji
Toplama Bilgisayar,Kasa,Xigmatek,Eclipse White,14150,Amiral,Tasarım,,,,,ATX,"Mini Tower, mesh/airflow odaklı kasa",9.5,6184,2,Var,Mini Tower,,,,,,Vatan
Toplama Bilgisayar,SSD,Crucial,CS2241 4TB NVMe,13650,Amiral,Yapay Zeka,,,3,4TB,M2 NVMe,PCIe 4.0 NVMe SSD,9.6,6444,3,Yok,,,,,5764 MB/s,4251 MB/s,GamingGenTR
Toplama Bilgisayar,Klavye,SteelSeries,K2 Wireless Membran TKL,1850,Orta,Oyun,,,,,USB,Membran klavye,8.7,3577,2,Yok,TKL,,,,,,İtopya
Toplama Bilgisayar,Kasa,Fractal Design,Eclipse,2900,Orta,Günlük Kullanım,,,,,E-ATX,"Full Tower, mesh/airflow odaklı kasa",7.5,378,2,Yok,Full Tower,,,,,,Epey
Toplama Bilgisayar,Soğutucu,MSI,NH-D15,750,Giriş,Ofis,,,,,AM4-AM5-LGA1700,Hava soğutma,8.0,2532,2,Yok,,,,,,,Akakçe
Toplama Bilgisayar,Güç Kaynağı,XPG,MWE 1200W 80+ Gold,16400,Amiral,Yapay Zeka,,,1200W,,80+ Gold,"Modüler PSU, 80+ Gold",9.1,6092,10,Yok,,,,,,,Epey
Toplama Bilgisayar,Mouse,Logitech,G305 30000DPI,1200,Orta,Ofis,,,,,Kablosuz,"30000 DPI sensör, 59g",7.8,6696,2,Var,,,,,,,Vatan
Toplama Bilgisayar,Anakart,Gigabyte,Phantom Gaming B550 MAX DDR4,5000,Orta,Günlük Kullanım,AM4,DDR4,,,AM4-DDR4,"ATX, B550 yonga seti, DDR4 bellek desteği",7.2,4652,3,Var,ATX,,,,,,Akakçe
Toplama Bilgisayar,Ekran Kartı,Zotac,RTX 4070 Super JetStream 12GB,36950,Üst,Yapay Zeka,,GDDR6,220,12GB,PCIe,1440p ultra oyun,8.2,6927,3,Yok,,,,12GB,,,Vatan
Toplama Bilgisayar,Anakart,Colorful,Tomahawk X870 DDR5,17650,Amiral,Video Edit,AM5,DDR5,,,AM5-DDR5,"Micro ATX, X870 yonga seti, DDR5 bellek desteği",9.2,4685,3,Yok,Micro ATX,,,,,,Epey
Toplama Bilgisayar,Klavye,Razer,GMMK Membran Tam boy,4150,Üst,Oyun,,,,,Kablosuz,Membran klavye,9.3,8741,2,Yok,Tam boy,,,,,,Akakçe
Toplama Bilgisayar,Kasa,ASUS,View 270 Mesh,3000,Orta,Yazılım,,,,,Micro ATX,"Mid Tower, mesh/airflow odaklı kasa",8.2,3809,2,Var,Mid Tower,,,,,,İtopya
Toplama Bilgisayar,İşlemci,AMD,Ryzen 5 7600 Pro Sistem,9600,Orta,Ofis,AM5,DDR5,65,,AM5-DDR5,6 çekirdek 12 thread dahili grafik,7.6,7799,3,Yok,,,,,,,Sinerji
Toplama Bilgisayar,SSD,TeamGroup,Exceria Plus 500GB NVMe,1600,Giriş,Ofis,,,5,500GB,M2 NVMe,PCIe 4.0 NVMe SSD,7.5,3022,5,Yok,,,,,5006 MB/s,3520 MB/s,GamingGenTR
Toplama Bilgisayar,Klavye,SteelSeries,Vigor GK Pro Low Profile TKL,4550,Üst,Günlük Kullanım,,,,,USB,Low Profile klavye,8.8,8939,2,Yok,TKL,,,,,,Sinerji
Toplama Bilgisayar,Mouse,HyperX,Clutch GM Mini 16000DPI,400,Giriş,Ofis,,,,,Kablosuz,"16000 DPI sensör, 75g",6.6,197,2,Yok,,,,,,,GamingGenTR
Toplama Bilgisayar,Kasa,Corsair,4000D Airflow RGB,4450,Üst,Yayıncılık,,,,,ATX,"Mini Tower, mesh/airflow odaklı kasa",9.4,4553,2,Var,Mini Tower,,,,,,Vatan
Toplama Bilgisayar,SSD,Patriot,990 EVO 4TB NVMe,10350,Amiral,Video Edit,,,3,4TB,M2 NVMe,PCIe 4.0 NVMe SSD,9.1,6035,3,Yok,,,,,5935 MB/s,4783 MB/s,İtopya
Toplama Bilgisayar,Monitör,ASUS,G-Master 27 inç 3440x1440 165Hz,19800,Amiral,Yazılım,,,25,,HDMI-DP,"Mini LED panel, 165Hz",8.9,6481,2,Yok,27 inç,3440x1440,165Hz,,,,İncehesap
Toplama Bilgisayar,Monitör,LG,TUF Gaming 32 inç 3840x2160 144Hz,32150,Amiral,Oyun,,,25,,HDMI-DP,"Mini LED panel, 144Hz",9.3,310,3,Yok,32 inç,3840x2160,144Hz,,,,İtopya
Toplama Bilgisayar,Güç Kaynağı,XPG,CV 550W 80+ Bronze,2750,Giriş,Oyun,,,550W,,80+ Bronze,"Yarı modüler PSU, 80+ Bronze",7.6,3460,5,Yok,,,,,,,GamingGenTR
Toplama Bilgisayar,Ekran Kartı,Colorful,RX 7700 XT Dual 12GB,24850,Üst,Oyun,,GDDR6,245,12GB,PCIe,1440p oyun,8.4,9468,3,Yok,,,,12GB,,,İtopya
Toplama Bilgisayar,HDD,Toshiba,N300 12TB 7200RPM,12600,Üst,Ofis,,,9,12TB,SATA,3.5 inç mekanik disk,9.4,375,2,Yok,,,,,,,Sinerji
Toplama Bilgisayar,Mouse,Pulsar,G102 Wireless 26000DPI,2700,Üst,Yazılım,,,,,USB,"26000 DPI sensör, 63g",9.3,635,2,Yok,,,,,,,İtopya
Toplama Bilgisayar,Ekran Kartı,PNY,RTX 4080 Super TUF 16GB,73350,Amiral,Video Edit,,GDDR6X,320,16GB,PCIe,4K oyun ve render,9.6,5374,3,Var,,,,16GB,,,Akakçe
Toplama Bilgisayar,RAM,ADATA,XLR8 32GB 2x16GB DDR5 6400MHz,6200,Üst,Tasarım,,DDR5,,32GB,DDR5,6400MHz bellek kiti,9.2,10191,3,Yok,,,,,,,Vatan
Toplama Bilgisayar,Mouse,Cooler Master,X2V2 Pro 16000DPI,1750,Orta,Oyun,,,,,USB,"16000 DPI sensör, 75g",7.2,4026,2,Yok,,,,,,,Vatan
Toplama Bilgisayar,Ekran Kartı,XFX,RTX 4060 TUF 8GB,21100,Orta,Oyun,,GDDR6,115,8GB,PCIe,DLSS 3 1080p oyun,8.3,2118,3,Yok,,,,8GB,,,İncehesap
Toplama Bilgisayar,Anakart,Gigabyte,Phantom Gaming B660 AX DDR4,5650,Orta,Oyun,LGA1700,DDR4,,,LGA1700-DDR4,"ATX, B660 yonga seti, DDR4 bellek desteği",7.5,5586,3,Var,ATX,,,,,,İncehesap
Toplama Bilgisayar,SSD,TeamGroup,KC3000 1TB NVMe,2050,Orta,Yazılım,,,5,1TB,M2 NVMe,PCIe 3.0 NVMe SSD,7.6,6527,5,Yok,,,,,3420 MB/s,2427 MB/s,İtopya
Toplama Bilgisayar,Mouse,Pulsar,Harpoon Pro 26000DPI,5800,Amiral,Oyun,,,,,Bluetooth,"26000 DPI sensör, 59g",9.0,4492,2,Yok,,,,,,,İncehesap
Toplama Bilgisayar,Kasa,Lian Li,Eclipse,6550,Üst,Video Edit,,,,,Micro ATX,"Mini Tower, mesh/airflow odaklı kasa",8.2,3618,2,Var,Mini Tower,,,,,,Sinerji
Toplama Bilgisayar,Klavye,Glorious,Apex RGB Optik switch 75%,700,Giriş,Yazılım,,,,,USB,Optik switch klavye,6.8,3406,2,Var,75%,,,,,,Vatan
Toplama Bilgisayar,Klavye,HyperX,Vigor GK Wireless Mekanik Tam boy,1650,Orta,Oyun,,,,,Bluetooth,Mekanik klavye,8.4,1199,2,Var,Tam boy,,,,,,Akakçe
Toplama Bilgisayar,Ekran Kartı,Inno3D,RX 6600 Gaming OC 8GB,10250,Giriş,Video Edit,,GDDR6,132,8GB,PCIe,1080p fiyat performans,6.9,2646,3,Yok,,,,8GB,,,Vatan
Toplama Bilgisayar,Klavye,Razer,Apex Pro Low Profile TKL,3350,Üst,Ofis,,,,,Bluetooth,Low Profile klavye,8.9,9664,2,Yok,TKL,,,,,,İtopya
Toplama Bilgisayar,Mouse,Corsair,Rival Pro 30000DPI,450,Giriş,Oyun,,,,,Bluetooth,"30000 DPI sensör, 59g",7.4,3478,2,Var,,,,,,,Vatan
Toplama Bilgisayar,Monitör,ViewSonic,TUF Gaming 24.5 inç 2560x1440 144Hz,7400,Üst,Yazılım,,,50,,HDMI-DP,"VA panel, 144Hz",9.2,8626,2,Yok,24.5 inç,2560x1440,144Hz,,,,İncehesap
Toplama Bilgisayar,Monitör,AOC,UltraGear 31.5 inç 3440x1440 165Hz,14650,Amiral,Yazılım,,,35,,HDMI-DP,"Mini LED panel, 165Hz",9.7,5499,3,Yok,31.5 inç,3440x1440,165Hz,,,,İncehesap
Toplama Bilgisayar,Monitör,Philips,G-Master 23.8 inç 3440x1440 165Hz,15600,Amiral,Yazılım,,,35,,HDMI-DP,"OLED panel, 165Hz",9.5,1735,2,Yok,23.8 inç,3440x1440,165Hz,,,,Epey
Toplama Bilgisayar,Kasa,Lian Li,TUF GT RGB,1900,Giriş,Oyun,,,,,Micro ATX,"Mid Tower, mesh/airflow odaklı kasa",7.5,1641,2,Var,Mid Tower,,,,,,İncehesap
Toplama Bilgisayar,Mouse,Glorious,ROG Keris Pro 12000DPI,3550,Üst,Günlük Kullanım,,,,,Kablosuz,"12000 DPI sensör, 63g",9.3,6735,2,Yok,,,,,,,Sinerji
Toplama Bilgisayar,Mouse,Cooler Master,G Pro X Superlight 36000DPI,6450,Amiral,Yazılım,,,,,Kablosuz,"36000 DPI sensör, 63g",8.9,3595,2,Var,,,,,,,Vatan
Toplama Bilgisayar,Kasa,Lian Li,H5 Flow White,6450,Üst,Yazılım,,,,,Micro ATX,"Mid Tower, mesh/airflow odaklı kasa",9.5,6013,2,Var,Mid Tower,,,,,,Sinerji
Toplama Bilgisayar,Klavye,Glorious,K70 RGB Mekanik TKL,2400,Orta,Ofis,,,,,Kablosuz,Mekanik klavye,8.8,4234,2,Var,TKL,,,,,,Vatan
Toplama Bilgisayar,SSD,Kioxia,MP600 500GB NVMe,1700,Giriş,Ofis,,,4,500GB,M2 NVMe,PCIe 4.0 NVMe SSD,7.2,1751,3,Yok,,,,,6970 MB/s,4873 MB/s,Vatan
Toplama Bilgisayar,RAM,TeamGroup,NOX 32GB 2x16GB DDR5 7200MHz,6300,Üst,Tasarım,,DDR5,,32GB,DDR5,7200MHz bellek kiti,8.6,1238,2,Var,,,,,,,İtopya
Toplama Bilgisayar,Monitör,HP,Legion 31.5 inç 1920x1080 75Hz,2950,Giriş,Ofis,,,25,,HDMI-DP,"IPS panel, 75Hz",7.5,1331,3,Yok,31.5 inç,1920x1080,75Hz,,,,GamingGenTR
Toplama Bilgisayar,Mouse,Razer,DeathAdder Pro 12000DPI,3150,Üst,Günlük Kullanım,,,,,Bluetooth,"12000 DPI sensör, 63g",8.3,8563,2,Var,,,,,,,İncehesap
Toplama Bilgisayar,Klavye,Cooler Master,G Pro X RGB Mekanik 75%,1550,Orta,Ofis,,,,,Kablosuz,Mekanik klavye,8.6,155,2,Var,75%,,,,,,İtopya
Toplama Bilgisayar,Kasa,MSI,4000D Airflow Mesh,1400,Giriş,Günlük Kullanım,,,,,ATX,"Mid Tower, mesh/airflow odaklı kasa",6.6,2975,2,Var,Mid Tower,,,,,,Akakçe
Toplama Bilgisayar,Mouse,Glorious,Atlantis Pro 8000DPI,600,Giriş,Yazılım,,,,,USB,"8000 DPI sensör, 49g",7.1,1859,2,Yok,,,,,,,GamingGenTR
Toplama Bilgisayar,Klavye,Akko,GMMK Wireless Low Profile 60%,2100,Orta,Ofis,,,,,Kablosuz,Low Profile klavye,7.5,7603,2,Var,60%,,,,,,Epey
Toplama Bilgisayar,Klavye,Razer,RK61 Pro Membran 60%,1450,Orta,Günlük Kullanım,,,,,Kablosuz,Membran klavye,7.5,61,2,Yok,60%,,,,,,GamingGenTR
Toplama Bilgisayar,Mouse,MSI,Atlantis Mini 26000DPI,6200,Amiral,Günlük Kullanım,,,,,Bluetooth,"26000 DPI sensör, 90g",9.8,3350,2,Yok,,,,,,,İtopya
Toplama Bilgisayar,Monitör,HP,Nitro 31.5 inç 3840x2160 144Hz,20800,Amiral,Yazılım,,,25,,HDMI-DP,"VA panel, 144Hz",9.3,1710,2,Yok,31.5 inç,3840x2160,144Hz,,,,GamingGenTR
Toplama Bilgisayar,Kasa,Xigmatek,Lancool Mesh,1750,Giriş,Günlük Kullanım,,,,,E-ATX,"Mid Tower, mesh/airflow odaklı kasa",6.4,2570,2,Var,Mid Tower,,,,,,Sinerji
Toplama Bilgisayar,Kasa,ASUS,Aquarius White,4000,Orta,Oyun,,,,,ATX,"Full Tower, mesh/airflow odaklı kasa",7.2,326,2,Yok,Full Tower,,,,,,GamingGenTR
Toplama Bilgisayar,Ekran Kartı,Sapphire,RX 7900 XTX JetStream 24GB,60200,Amiral,Oyun,,GDDR6,355,24GB,PCIe,24GB VRAM 4K,9.5,5552,3,Yok,,,,24GB,,,Sinerji
Toplama Bilgisayar,Mouse,Corsair,Model O Pro 30000DPI,1150,Orta,Ofis,,,,,Bluetooth,"30000 DPI sensör, 49g",7.8,5308,2,Var,,,,,,,Epey
Toplama Bilgisayar,İşlemci,AMD,Ryzen 7 7800X3D,17950,Amiral,Oyun,AM5,DDR5,120,,AM5-DDR5,3D V-Cache üst seviye oyun,9.3,4513,3,Yok,,,,,,,Akakçe
Toplama Bilgisayar,Klavye,Glorious,Ogre Wireless Optik switch TKL,1550,Orta,Yazılım,,,,,Bluetooth,Optik switch klavye,8.6,2721,2,Var,TKL,,,,,,İtopya
Toplama Bilgisayar,Monitör,Dell,Predator 27 inç 1920x1080 144Hz,3750,Orta,Oyun,,,35,,HDMI-DP,"VA panel, 144Hz",7.8,304,3,Yok,27 inç,1920x1080,144Hz,,,,Vatan
Toplama Bilgisayar,Mouse,ASUS,G Pro X Superlight Pro 30000DPI,1600,Orta,Günlük Kullanım,,,,,Kablosuz,"30000 DPI sensör, 90g",7.9,1447,2,Var,,,,,,,Vatan
Toplama Bilgisayar,SSD,WD,SN770 4TB NVMe,18050,Amiral,Oyun,,,5,4TB,M2 NVMe,PCIe 5.0 NVMe SSD,9.7,1740,5,Yok,,,,,9408 MB/s,7827 MB/s,Epey
Toplama Bilgisayar,RAM,G.Skill,Ballistix 64GB 2x32GB DDR4 3600MHz,7200,Amiral,Yapay Zeka,,DDR4,,64GB,DDR4,3600MHz bellek kiti,9.3,1356,5,Yok,,,,,,,İtopya
Toplama Bilgisayar,Klavye,MSI,BlackWidow RGB Optik switch 75%,550,Giriş,Ofis,,,,,Bluetooth,Optik switch klavye,6.8,1679,2,Var,75%,,,,,,Sinerji
Toplama Bilgisayar,Mouse,Lamzu,DeathAdder 12000DPI,400,Giriş,Ofis,,,,,USB,"12000 DPI sensör, 90g",6.6,3150,2,Yok,,,,,,,GamingGenTR
Toplama Bilgisayar,Kasa,Xigmatek,North RGB,2350,Giriş,Günlük Kullanım,,,,,ATX,"Full Tower, mesh/airflow odaklı kasa",7.1,1614,2,Var,Full Tower,,,,,,İncehesap
Toplama Bilgisayar,Monitör,ASUS,Nitro 34 inç 1920x1080 75Hz,2950,Giriş,Ofis,,,35,,HDMI-DP,"IPS panel, 75Hz",6.7,1621,2,Yok,34 inç,1920x1080,75Hz,,,,Epey
Toplama Bilgisayar,Mouse,Logitech,DeathAdder Pro 30000DPI,2900,Üst,Oyun,,,,,Bluetooth,"30000 DPI sensör, 49g",9.0,9506,2,Yok,,,,,,,Akakçe
Toplama Bilgisayar,Kasa,MSI,TUF GT Black,7800,Üst,Tasarım,,,,,ATX,"Mid Tower, mesh/airflow odaklı kasa",8.2,4357,2,Var,Mid Tower,,,,,,Epey
Toplama Bilgisayar,Kasa,DeepCool,TD500 Black,4250,Orta,Oyun,,,,,Micro ATX,"Full Tower, mesh/airflow odaklı kasa",8.7,982,2,Yok,Full Tower,,,,,,GamingGenTR
Toplama Bilgisayar,HDD,Seagate,SkyHawk 6TB 7200RPM,5750,Orta,Video Edit,,,5,6TB,SATA,3.5 inç mekanik disk,8.7,4351,3,Yok,,,,,,,Sinerji
Toplama Bilgisayar,Kasa,DarkFlash,Lancool Mesh,5350,Üst,Tasarım,,,,,ATX,"Mini Tower, mesh/airflow odaklı kasa",8.2,9719,2,Var,Mini Tower,,,,,,İtopya
Toplama Bilgisayar,Ekran Kartı,Palit,RTX 4060 StormX 8GB,18850,Orta,Günlük Kullanım,,GDDR6,115,8GB,PCIe,DLSS 3 1080p oyun,7.4,5028,3,Var,,,,8GB,,,Akakçe
Toplama Bilgisayar,Monitör,BenQ,Odyssey 23.8 inç 2560x1440 180Hz,10450,Üst,Video Edit,,,35,,HDMI-DP,"VA panel, 180Hz",9.1,6687,3,Yok,23.8 inç,2560x1440,180Hz,,,,İtopya
Toplama Bilgisayar,Monitör,HP,Nitro 23.8 inç 1920x1080 144Hz,5500,Orta,Tasarım,,,50,,HDMI-DP,"IPS panel, 144Hz",7.8,4363,2,Yok,23.8 inç,1920x1080,144Hz,,,,Epey
Toplama Bilgisayar,Anakart,MSI,Steel Legend X670 AX DDR5,13550,Üst,Yayıncılık,AM5,DDR5,,,AM5-DDR5,"ATX, X670 yonga seti, DDR5 bellek desteği",8.4,6975,3,Yok,ATX,,,,,,Epey
Toplama Bilgisayar,Kasa,Lian Li,Lancool RGB,4250,Orta,Oyun,,,,,ATX,"Full Tower, mesh/airflow odaklı kasa",7.8,3175,2,Var,Full Tower,,,,,,GamingGenTR
Toplama Bilgisayar,Klavye,Corsair,GMMK Optik switch Tam boy,1800,Orta,Ofis,,,,,USB,Optik switch klavye,8.2,4719,2,Yok,Tam boy,,,,,,Akakçe
Toplama Bilgisayar,İşlemci,Intel,Core i7-13700KF Pro Sistem,18200,Üst,Oyun,LGA1700,DDR5,125,,LGA1700-DDR5,16 çekirdek,9.3,1776,3,Yok,,,,,,,Sinerji
Toplama Bilgisayar,Mouse,ASUS,G102 36000DPI,1750,Orta,Ofis,,,,,Kablosuz,"36000 DPI sensör, 90g",8.5,2685,2,Yok,,,,,,,İtopya
Toplama Bilgisayar,Anakart,Biostar,Tomahawk B550 AX DDR4,4950,Orta,Oyun,AM4,DDR4,,,AM4-DDR4,"ATX, B550 yonga seti, DDR4 bellek desteği",7.9,4395,3,Yok,ATX,,,,,,Epey
Toplama Bilgisayar,Soğutucu,Noctua,Freezer 36,2050,Orta,Yazılım,,,,,AM4-AM5-LGA1700,Hava soğutma,8.3,973,2,Var,,,,,,,Akakçe
Toplama Bilgisayar,Soğutucu,DeepCool,AK400,3250,Üst,Yazılım,,,,,AM4-AM5-LGA1700,Hava soğutma,9.2,2963,2,Yok,,,,,,,Akakçe
Toplama Bilgisayar,Kasa,Lian Li,Meshify,4550,Üst,Tasarım,,,,,Micro ATX,"Mini Tower, mesh/airflow odaklı kasa",8.3,5556,2,Var,Mini Tower,,,,,,Epey
Toplama Bilgisayar,Klavye,Corsair,Apex RGB Optik switch Tam boy,1600,Orta,Yazılım,,,,,USB,Optik switch klavye,7.2,3652,2,Var,Tam boy,,,,,,GamingGenTR
Toplama Bilgisayar,Güç Kaynağı,be quiet!,Core Reactor 850W 80+ Gold,5700,Üst,Yazılım,,,850W,,80+ Gold,"Modüler PSU, 80+ Gold",8.5,5196,5,Yok,,,,,,,GamingGenTR
Toplama Bilgisayar,Mouse,Cooler Master,M711 Pro 12000DPI,350,Giriş,Ofis,,,,,Kablosuz,"12000 DPI sensör, 63g",6.5,2551,2,Var,,,,,,,Vatan
Toplama Bilgisayar,Monitör,ViewSonic,Nitro 31.5 inç 1920x1080 75Hz,2300,Giriş,Yazılım,,,50,,HDMI-DP,"IPS panel, 75Hz",6.5,1918,3,Yok,31.5 inç,1920x1080,75Hz,,,,İtopya
Toplama Bilgisayar,Mouse,Cooler Master,Pulsefire Wireless 16000DPI,3350,Üst,Oyun,,,,,Kablosuz,"16000 DPI sensör, 75g",9.4,11334,2,Var,,,,,,,Vatan
Toplama Bilgisayar,İşlemci,Intel,Core i7-13700KF Kampanya,13450,Üst,Tasarım,LGA1700,DDR5,125,,LGA1700-DDR5,16 çekirdek,8.8,4027,3,Yok,,,,,,,Epey
Toplama Bilgisayar,Mouse,ASUS,Clutch GM 30000DPI,3300,Üst,Ofis,,,,,USB,"30000 DPI sensör, 59g",8.3,225,2,Yok,,,,,,,Epey
Toplama Bilgisayar,Soğutucu,SilverStone,MAG CoreLiquid 360,7250,Üst,Oyun,,,,,AM4-AM5-LGA1700,360mm sıvı soğutma,8.4,3948,2,Yok,360mm,,,,,,İtopya
Toplama Bilgisayar,Klavye,Royal Kludge,CK RGB Mekanik 60%,9500,Amiral,Günlük Kullanım,,,,,Bluetooth,Mekanik klavye,8.8,5350,2,Var,60%,,,,,,İncehesap
Toplama Bilgisayar,Anakart,Gigabyte,PRO A620 DDR5,3000,Giriş,Ofis,AM5,DDR5,,,AM5-DDR5,"ATX, A620 yonga seti, DDR5 bellek desteği",7.9,400,3,Yok,ATX,,,,,,İtopya
Toplama Bilgisayar,Klavye,ASUS,Apex Pro Low Profile 60%,2050,Orta,Günlük Kullanım,,,,,USB,Low Profile klavye,8.4,302,2,Yok,60%,,,,,,Epey
Toplama Bilgisayar,HDD,WD,Barracuda 1TB 7200RPM,1450,Giriş,Video Edit,,,5,1TB,SATA,3.5 inç mekanik disk,6.4,187,3,Yok,,,,,,,Epey
Toplama Bilgisayar,Mouse,SteelSeries,M711 8000DPI,450,Giriş,Ofis,,,,,Kablosuz,"8000 DPI sensör, 59g",6.5,1604,2,Yok,,,,,,,İncehesap
Toplama Bilgisayar,Klavye,Logitech,Alloy Origins Wireless Mekanik 75%,7650,Amiral,Yazılım,,,,,USB,Mekanik klavye,9.1,1150,2,Var,75%,,,,,,Vatan
Toplama Bilgisayar,Ekran Kartı,Gainward,RTX 4090 Aero OC 24GB,135350,Amiral,Yapay Zeka,,GDDR6X,450,24GB,PCIe,AI ve 4K üst seviye,9.8,4547,3,Yok,,,,24GB,,,Akakçe
Toplama Bilgisayar,Klavye,Glorious,Apex Wireless Mekanik Tam boy,2100,Orta,Oyun,,,,,Bluetooth,Mekanik klavye,8.0,1210,2,Var,Tam boy,,,,,,Vatan
Toplama Bilgisayar,Mouse,Pulsar,G102 Mini 16000DPI,3100,Üst,Yazılım,,,,,USB,"16000 DPI sensör, 90g",8.2,543,2,Yok,,,,,,,İncehesap
Toplama Bilgisayar,Mouse,Darmoshark,G305 Pro 36000DPI,1400,Orta,Yazılım,,,,,Kablosuz,"36000 DPI sensör, 90g",8.6,5984,2,Yok,,,,,,,GamingGenTR
Toplama Bilgisayar,HDD,Toshiba,P300 12TB 7200RPM,13500,Üst,Yayıncılık,,,9,12TB,SATA,3.5 inç mekanik disk,9.1,504,3,Yok,,,,,,,İtopya
Toplama Bilgisayar,Anakart,NZXT,Aorus Elite B650 AX DDR5,6150,Orta,Yazılım,AM5,DDR5,,,AM5-DDR5,"ATX, B650 yonga seti, DDR5 bellek desteği",8.5,2343,3,Var,ATX,,,,,,Vatan
Toplama Bilgisayar,RAM,G.Skill,Trident Z5 8GB 1x8GB DDR5 6400MHz,1300,Giriş,Yazılım,,DDR5,,8GB,DDR5,6400MHz bellek kiti,7.0,486,2,Var,,,,,,,Vatan
Toplama Bilgisayar,Kasa,DeepCool,View 270 White,6600,Üst,Oyun,,,,,ATX,"Full Tower, mesh/airflow odaklı kasa",8.3,5105,2,Yok,Full Tower,,,,,,İtopya
Toplama Bilgisayar,Klavye,GamePower,MOD007 Mekanik Tam boy,1950,Orta,Oyun,,,,,USB,Mekanik klavye,7.7,558,2,Yok,Tam boy,,,,,,Sinerji
Toplama Bilgisayar,Kasa,ASUS,Warcry RGB,14450,Amiral,Video Edit,,,,,E-ATX,"Mid Tower, mesh/airflow odaklı kasa",9.7,241,2,Var,Mid Tower,,,,,,GamingGenTR
Toplama Bilgisayar,Kasa,Corsair,Aquarius Black,5800,Üst,Tasarım,,,,,Micro ATX,"Mid Tower, mesh/airflow odaklı kasa",8.6,5371,2,Yok,Mid Tower,,,,,,İncehesap
Toplama Bilgisayar,Klavye,Keychron,BlackWidow Pro Mekanik 60%,850,Giriş,Yazılım,,,,,Kablosuz,Mekanik klavye,6.9,2495,2,Yok,60%,,,,,,Sinerji
Toplama Bilgisayar,Anakart,ASRock,Taichi X570 WiFi DDR4,9500,Üst,Yayıncılık,AM4,DDR4,,,AM4-DDR4,"Micro ATX, X570 yonga seti, DDR4 bellek desteği",8.7,6198,3,Yok,Micro ATX,,,,,,Sinerji
Toplama Bilgisayar,SSD,Patriot,Exceria Plus 1TB NVMe,2200,Orta,Yazılım,,,4,1TB,M2 NVMe,PCIe 3.0 NVMe SSD,8.7,1046,3,Yok,,,,,3170 MB/s,2611 MB/s,Sinerji
Toplama Bilgisayar,Mouse,Corsair,Rival Mini 30000DPI,550,Giriş,Oyun,,,,,USB,"30000 DPI sensör, 49g",8.1,2066,2,Var,,,,,,,İncehesap
Toplama Bilgisayar,Kasa,Lian Li,Aquarius White,2700,Orta,Oyun,,,,,Micro ATX,"Mid Tower, mesh/airflow odaklı kasa",8.5,3418,2,Var,Mid Tower,,,,,,Epey
Toplama Bilgisayar,Mouse,Lamzu,Harpoon Mini 26000DPI,3350,Üst,Oyun,,,,,Bluetooth,"26000 DPI sensör, 49g",8.1,4374,2,Var,,,,,,,İncehesap
Toplama Bilgisayar,Klavye,HyperX,GMMK Wireless Optik switch 75%,8900,Amiral,Oyun,,,,,Kablosuz,Optik switch klavye,9.3,6213,2,Yok,75%,,,,,,Vatan
Toplama Bilgisayar,Anakart,Colorful,Strix H610 AX DDR4,3150,Giriş,Ofis,LGA1700,DDR4,,,LGA1700-DDR4,"Micro ATX, H610 yonga seti, DDR4 bellek desteği",7.4,2041,3,Var,Micro ATX,,,,,,Epey
Toplama Bilgisayar,Güç Kaynağı,High Power,C Series 1200W 80+ Platinum,11450,Amiral,Oyun,,,1200W,,80+ Platinum,"Modüler PSU, 80+ Platinum",9.2,4171,5,Yok,,,,,,,İncehesap
Toplama Bilgisayar,Ekran Kartı,Gigabyte,RX 7900 GRE GamingPro 16GB,38950,Üst,Yayıncılık,,GDDR6,260,16GB,PCIe,1440p/4K,9.0,11748,3,Yok,,,,16GB,,,GamingGenTR
Toplama Bilgisayar,Mouse,MSI,Viper Pro 30000DPI,500,Giriş,Ofis,,,,,Kablosuz,"30000 DPI sensör, 90g",6.9,1149,2,Yok,,,,,,,Epey
Toplama Bilgisayar,Mouse,SteelSeries,Harpoon Wireless 16000DPI,1750,Orta,Ofis,,,,,USB,"16000 DPI sensör, 63g",8.8,3567,2,Yok,,,,,,,Epey
Toplama Bilgisayar,Kasa,DeepCool,TD500 White,3150,Orta,Oyun,,,,,Micro ATX,"Mid Tower, mesh/airflow odaklı kasa",8.7,1987,2,Var,Mid Tower,,,,,,İtopya
Toplama Bilgisayar,Ekran Kartı,ASUS,RTX 4070 StormX 12GB,35800,Üst,Oyun,,GDDR6,200,12GB,PCIe,1440p oyun,9.3,11895,3,Var,,,,12GB,,,İncehesap
Toplama Bilgisayar,Anakart,NZXT,Gaming X X570 WiFi DDR4,13150,Üst,Yazılım,AM4,DDR4,,,AM4-DDR4,"ATX, X570 yonga seti, DDR4 bellek desteği",9.3,6283,3,Var,ATX,,,,,,Vatan
Toplama Bilgisayar,Klavye,Glorious,K70 Pro Low Profile 60%,3850,Üst,Ofis,,,,,USB,Low Profile klavye,8.9,7495,2,Yok,60%,,,,,,Akakçe
Toplama Bilgisayar,Güç Kaynağı,be quiet!,MAG 550W 80+ Bronze,2150,Giriş,Ofis,,,550W,,80+ Bronze,"Sabit kablo PSU, 80+ Bronze",7.3,73,5,Yok,,,,,,,Vatan
Toplama Bilgisayar,SSD,WD,SN770 1TB NVMe,4950,Orta,Günlük Kullanım,,,4,1TB,M2 NVMe,PCIe 5.0 NVMe SSD,8.1,7289,3,Yok,,,,,12297 MB/s,8521 MB/s,İncehesap
Toplama Bilgisayar,Mouse,Zowie,Rival 12000DPI,1450,Orta,Ofis,,,,,USB,"12000 DPI sensör, 63g",8.4,888,2,Yok,,,,,,,Epey
Toplama Bilgisayar,Ekran Kartı,PowerColor,RTX 4070 Ti Super Nitro+ 16GB,57000,Üst,Oyun,,GDDR6X,285,16GB,PCIe,1440p/4K güçlü performans,9.3,11843,3,Yok,,,,16GB,,,Akakçe
Toplama Bilgisayar,Klavye,Redragon,Vigor GK Wireless Membran Tam boy,500,Giriş,Günlük Kullanım,,,,,Kablosuz,Membran klavye,6.5,2241,2,Yok,Tam boy,,,,,,Sinerji
Toplama Bilgisayar,Anakart,Biostar,Aorus Elite A620 WiFi DDR5,3650,Giriş,Günlük Kullanım,AM5,DDR5,,,AM5-DDR5,"ATX, A620 yonga seti, DDR5 bellek desteği",7.1,166,3,Var,ATX,,,,,,Vatan
Toplama Bilgisayar,Kasa,Phanteks,View 270 White,6550,Üst,Video Edit,,,,,E-ATX,"Full Tower, mesh/airflow odaklı kasa",9.2,1107,2,Yok,Full Tower,,,,,,Akakçe
Toplama Bilgisayar,Kasa,MSI,H5 Flow Mesh,7050,Üst,Yazılım,,,,,E-ATX,"Full Tower, mesh/airflow odaklı kasa",8.6,423,2,Var,Full Tower,,,,,,Akakçe
Toplama Bilgisayar,Klavye,Corsair,Vigor GK Wireless Low Profile 75%,1900,Orta,Ofis,,,,,Bluetooth,Low Profile klavye,7.9,3890,2,Yok,75%,,,,,,İncehesap
Toplama Bilgisayar,Mouse,Corsair,Atlantis Wireless 12000DPI,2800,Üst,Oyun,,,,,Kablosuz,"12000 DPI sensör, 90g",9.1,5264,2,Yok,,,,,,,Vatan
Toplama Bilgisayar,Mouse,Redragon,ROG Keris Pro 36000DPI,550,Giriş,Ofis,,,,,USB,"36000 DPI sensör, 75g",7.4,2619,2,Yok,,,,,,,Epey
Toplama Bilgisayar,Klavye,Glorious,Vigor GK Optik switch Tam boy,3700,Üst,Ofis,,,,,Bluetooth,Optik switch klavye,8.1,5208,2,Yok,Tam boy,,,,,,Epey
Toplama Bilgisayar,Anakart,Gigabyte,Strix Z790 AX DDR5,8100,Üst,Yazılım,LGA1700,DDR5,,,LGA1700-DDR5,"Micro ATX, Z790 yonga seti, DDR5 bellek desteği",9.0,4872,3,Yok,Micro ATX,,,,,,GamingGenTR
Toplama Bilgisayar,Soğutucu,ASUS,AK620,4150,Üst,Oyun,,,,,AM4-AM5-LGA1700,Hava soğutma,8.1,5522,2,Var,,,,,,,Sinerji
Toplama Bilgisayar,Soğutucu,Corsair,MAG CoreLiquid 360,14400,Amiral,Oyun,,,,,AM4-AM5-LGA1700,360mm sıvı soğutma,9.7,4377,6,Yok,360mm,,,,,,Akakçe
Toplama Bilgisayar,Kasa,Phanteks,H5 Flow White,2900,Orta,Ofis,,,,,ATX,"Full Tower, mesh/airflow odaklı kasa",7.9,2950,2,Var,Full Tower,,,,,,Epey
Toplama Bilgisayar,Kasa,DeepCool,North RGB,5950,Üst,Yayıncılık,,,,,ATX,"Mini Tower, mesh/airflow odaklı kasa",8.6,6407,2,Var,Mini Tower,,,,,,Sinerji
Toplama Bilgisayar,Anakart,NZXT,Mortar Z790 AX DDR5,8400,Üst,Yayıncılık,LGA1700,DDR5,,,LGA1700-DDR5,"Micro ATX, Z790 yonga seti, DDR5 bellek desteği",9.0,5862,3,Yok,Micro ATX,,,,,,Akakçe
Toplama Bilgisayar,Klavye,Logitech,GMMK Pro Low Profile 60%,600,Giriş,Günlük Kullanım,,,,,Bluetooth,Low Profile klavye,6.6,2344,2,Var,60%,,,,,,GamingGenTR
Toplama Bilgisayar,İşlemci,AMD,Ryzen 5 7500F Pro Sistem,7200,Orta,Günlük Kullanım,AM5,DDR5,65,,AM5-DDR5,6 çekirdek 12 thread,7.9,7447,3,Yok,,,,,,,Akakçe
Toplama Bilgisayar,Kasa,GamePower,Aquarius Mesh,1750,Giriş,Oyun,,,,,Micro ATX,"Full Tower, mesh/airflow odaklı kasa",7.2,971,2,Yok,Full Tower,,,,,,Akakçe
Toplama Bilgisayar,Mouse,Glorious,DeathAdder Wireless 26000DPI,1750,Orta,Oyun,,,,,USB,"26000 DPI sensör, 90g",7.8,1818,2,Yok,,,,,,,Sinerji
Toplama Bilgisayar,Mouse,Zowie,Model O Pro 36000DPI,1700,Orta,Oyun,,,,,Bluetooth,"36000 DPI sensör, 59g",8.5,5500,2,Yok,,,,,,,Akakçe
Toplama Bilgisayar,Kasa,Fractal Design,Meshify White,2750,Orta,Günlük Kullanım,,,,,Micro ATX,"Mini Tower, mesh/airflow odaklı kasa",8.7,4467,2,Yok,Mini Tower,,,,,,Epey
Toplama Bilgisayar,Mouse,Darmoshark,Rival Mini 12000DPI,1400,Orta,Günlük Kullanım,,,,,Kablosuz,"12000 DPI sensör, 75g",7.6,5498,2,Yok,,,,,,,Vatan
Toplama Bilgisayar,RAM,PNY,Trident Z5 32GB 2x16GB DDR4 3600MHz,3350,Üst,Video Edit,,DDR4,,32GB,DDR4,3600MHz bellek kiti,8.4,5036,2,Yok,,,,,,,İtopya
Toplama Bilgisayar,Ekran Kartı,Gigabyte,RTX 4080 Super Ventus 2X 16GB,80700,Amiral,Video Edit,,GDDR6X,320,16GB,PCIe,4K oyun ve render,9.9,3695,3,Var,,,,16GB,,,Akakçe
Toplama Bilgisayar,Monitör,LG,Raptor 23.8 inç 1920x1080 75Hz,3700,Giriş,Tasarım,,,35,,HDMI-DP,"VA panel, 75Hz",6.9,2755,3,Yok,23.8 inç,1920x1080,75Hz,,,,Sinerji
Toplama Bilgisayar,RAM,TeamGroup,Vengeance 32GB 2x16GB DDR5 5200MHz,5650,Üst,Video Edit,,DDR5,,32GB,DDR5,5200MHz bellek kiti,9.0,100,5,Var,,,,,,,Akakçe
Toplama Bilgisayar,Anakart,Colorful,Creator B660 WiFi DDR4,6150,Orta,Oyun,LGA1700,DDR4,,,LGA1700-DDR4,"ATX, B660 yonga seti, DDR4 bellek desteği",8.1,6616,3,Yok,ATX,,,,,,Vatan
Toplama Bilgisayar,Mouse,Glorious,Clutch GM Wireless 36000DPI,1800,Orta,Ofis,,,,,Kablosuz,"36000 DPI sensör, 63g",8.7,4715,2,Var,,,,,,,Akakçe
Toplama Bilgisayar,Anakart,Colorful,Prime A520 DDR4,2850,Giriş,Ofis,AM4,DDR4,,,AM4-DDR4,"Micro ATX, A520 yonga seti, DDR4 bellek desteği",7.6,3032,3,Yok,Micro ATX,,,,,,İtopya
Toplama Bilgisayar,Monitör,BenQ,G-Master 34 inç 2560x1440 144Hz,8400,Üst,Tasarım,,,50,,HDMI-DP,"IPS panel, 144Hz",9.1,11434,3,Yok,34 inç,2560x1440,144Hz,,,,GamingGenTR
Toplama Bilgisayar,Anakart,Biostar,Creator B760 WiFi DDR5,4850,Orta,Ofis,LGA1700,DDR5,,,LGA1700-DDR5,"ATX, B760 yonga seti, DDR5 bellek desteği",7.9,5679,3,Yok,ATX,,,,,,Epey
Toplama Bilgisayar,Mouse,SteelSeries,Viper Pro 26000DPI,600,Giriş,Ofis,,,,,Kablosuz,"26000 DPI sensör, 59g",7.4,89,2,Yok,,,,,,,GamingGenTR
Toplama Bilgisayar,RAM,Corsair,Dominator 8GB 1x8GB DDR5 7200MHz,1800,Giriş,Günlük Kullanım,,DDR5,,8GB,DDR5,7200MHz bellek kiti,7.0,584,2,Yok,,,,,,,Akakçe
Toplama Bilgisayar,Kasa,Xigmatek,Meshify,5400,Üst,Yayıncılık,,,,,E-ATX,"Full Tower, mesh/airflow odaklı kasa",8.6,4979,2,Var,Full Tower,,,,,,Sinerji
Toplama Bilgisayar,İşlemci,Intel,Core i7-14700KF Pro Sistem,20850,Amiral,Tasarım,LGA1700,DDR5,125,,LGA1700-DDR5,20 çekirdek,9.3,1308,3,Yok,,,,,,,İncehesap
Toplama Bilgisayar,Mouse,Redragon,G305 Wireless 8000DPI,600,Giriş,Yazılım,,,,,Kablosuz,"8000 DPI sensör, 49g",7.5,731,2,Yok,,,,,,,İtopya
Toplama Bilgisayar,Klavye,Akko,MOD007 Wireless Mekanik 75%,2000,Orta,Ofis,,,,,Kablosuz,Mekanik klavye,8.4,7339,2,Yok,75%,,,,,,Sinerji
Toplama Bilgisayar,Mouse,Cooler Master,Pulsefire Mini 36000DPI,3950,Amiral,Ofis,,,,,Kablosuz,"36000 DPI sensör, 90g",9.0,1683,2,Var,,,,,,,Epey
Toplama Bilgisayar,HDD,Seagate,Barracuda 2TB 7200RPM,2450,Giriş,Yayıncılık,,,5,2TB,SATA,3.5 inç mekanik disk,7.9,2640,2,Yok,,,,,,,Sinerji
Toplama Bilgisayar,Mouse,Redragon,G Pro X Superlight Mini 36000DPI,1750,Orta,Günlük Kullanım,,,,,USB,"36000 DPI sensör, 75g",8.8,1213,2,Var,,,,,,,İtopya
Toplama Bilgisayar,Ekran Kartı,PowerColor,RX 9070 XT Dual 16GB,68500,Amiral,Video Edit,,GDDR6,304,16GB,PCIe,2026 RDNA üst seviye,9.6,5544,3,Var,,,,16GB,,,GamingGenTR
Toplama Bilgisayar,Ekran Kartı,Palit,RX 7900 GRE JetStream 16GB,43400,Üst,Video Edit,,GDDR6,260,16GB,PCIe,1440p/4K,8.6,1529,3,Yok,,,,16GB,,,Akakçe
Toplama Bilgisayar,Monitör,AOC,Aorus 23.8 inç 2560x1440 180Hz,12800,Üst,Ofis,,,50,,HDMI-DP,"IPS panel, 180Hz",8.6,3392,2,Yok,23.8 inç,2560x1440,180Hz,,,,Vatan
Toplama Bilgisayar,Kasa,Corsair,Eclipse RGB,3250,Orta,Günlük Kullanım,,,,,ATX,"Mini Tower, mesh/airflow odaklı kasa",7.4,2906,2,Var,Mini Tower,,,,,,GamingGenTR
Toplama Bilgisayar,Monitör,ViewSonic,TUF Gaming 31.5 inç 2560x1440 144Hz,8850,Üst,Ofis,,,25,,HDMI-DP,"VA panel, 144Hz",8.3,4218,3,Yok,31.5 inç,2560x1440,144Hz,,,,İtopya
Toplama Bilgisayar,Mouse,HyperX,G Pro X Superlight 16000DPI,550,Giriş,Ofis,,,,,Bluetooth,"16000 DPI sensör, 49g",7.1,1629,2,Yok,,,,,,,GamingGenTR
Toplama Bilgisayar,Klavye,Razer,Ogre Pro Optik switch 75%,800,Giriş,Oyun,,,,,Kablosuz,Optik switch klavye,7.8,1769,2,Var,75%,,,,,,GamingGenTR
Toplama Bilgisayar,Kasa,Phanteks,4000D Airflow Black,7200,Üst,Yazılım,,,,,ATX,"Mid Tower, mesh/airflow odaklı kasa",9.4,845,2,Yok,Mid Tower,,,,,,Akakçe
Toplama Bilgisayar,Ekran Kartı,Gigabyte,RX 7900 XTX GamingPro 24GB,75400,Amiral,Oyun,,GDDR6,355,24GB,PCIe,24GB VRAM 4K,9.2,1619,3,Var,,,,24GB,,,GamingGenTR
Toplama Bilgisayar,Ekran Kartı,PNY,RX 7800 XT Ventus 2X 16GB,36250,Üst,Yapay Zeka,,GDDR6,263,16GB,PCIe,16GB VRAM 1440p,9.0,10677,3,Var,,,,16GB,,,Sinerji
Toplama Bilgisayar,RAM,Apacer,NOX 64GB 2x32GB DDR4 3200MHz,5850,Amiral,Oyun,,DDR4,,64GB,DDR4,3200MHz bellek kiti,8.9,1928,2,Var,,,,,,,GamingGenTR
Toplama Bilgisayar,Klavye,Logitech,Apex Optik switch TKL,1850,Orta,Ofis,,,,,Kablosuz,Optik switch klavye,7.9,758,2,Var,TKL,,,,,,Akakçe
Toplama Bilgisayar,Anakart,ASRock,PRO Z790 WiFi DDR5,9250,Üst,Tasarım,LGA1700,DDR5,,,LGA1700-DDR5,"Micro ATX, Z790 yonga seti, DDR5 bellek desteği",8.2,9707,3,Yok,Micro ATX,,,,,,Sinerji
Toplama Bilgisayar,Kasa,NZXT,H5 Flow RGB,7550,Üst,Yazılım,,,,,E-ATX,"Full Tower, mesh/airflow odaklı kasa",9.5,1227,2,Var,Full Tower,,,,,,Sinerji
Toplama Bilgisayar,Monitör,AOC,Predator 24.5 inç 3840x2160 144Hz,21200,Amiral,Yazılım,,,25,,HDMI-DP,"VA panel, 144Hz",9.6,6308,3,Yok,24.5 inç,3840x2160,144Hz,,,,Epey
Toplama Bilgisayar,Mouse,Razer,M711 36000DPI,600,Giriş,Günlük Kullanım,,,,,USB,"36000 DPI sensör, 63g",7.8,598,2,Var,,,,,,,GamingGenTR
Toplama Bilgisayar,Klavye,Keychron,K70 Pro Optik switch 60%,750,Giriş,Yazılım,,,,,USB,Optik switch klavye,6.7,1713,2,Var,60%,,,,,,İtopya
Toplama Bilgisayar,Soğutucu,be quiet!,ROG Ryujin 360,5550,Üst,Tasarım,,,,,AM4-AM5-LGA1700,360mm sıvı soğutma,8.2,5653,3,Yok,360mm,,,,,,İncehesap
Toplama Bilgisayar,Ekran Kartı,Gainward,RTX 4090 Gaming OC 24GB,144150,Amiral,Oyun,,GDDR6X,450,24GB,PCIe,AI ve 4K üst seviye,9.1,4210,3,Var,,,,24GB,,,Epey
Toplama Bilgisayar,Kasa,Fractal Design,TD500,6900,Üst,Oyun,,,,,ATX,"Full Tower, mesh/airflow odaklı kasa",8.9,1785,2,Yok,Full Tower,,,,,,Epey
Toplama Bilgisayar,Klavye,Keychron,ROG Strix Scope Wireless Membran 60%,700,Giriş,Oyun,,,,,USB,Membran klavye,6.9,931,2,Yok,60%,,,,,,Epey
Toplama Bilgisayar,Mouse,HyperX,ROG Keris Pro 30000DPI,3450,Üst,Oyun,,,,,USB,"30000 DPI sensör, 63g",9.2,8755,2,Var,,,,,,,Akakçe
Toplama Bilgisayar,Kasa,NZXT,Lancool RGB,7550,Üst,Oyun,,,,,E-ATX,"Mini Tower, mesh/airflow odaklı kasa",8.7,10217,2,Var,Mini Tower,,,,,,GamingGenTR
Toplama Bilgisayar,Mouse,Corsair,Pulsefire Pro 36000DPI,450,Giriş,Yazılım,,,,,USB,"36000 DPI sensör, 90g",7.3,2276,2,Yok,,,,,,,Epey
Toplama Bilgisayar,Güç Kaynağı,Corsair,Hydro K Pro 850W 80+ Gold,6900,Üst,Tasarım,,,850W,,80+ Gold,"Modüler PSU, 80+ Gold",8.6,7534,5,Yok,,,,,,,İncehesap
Toplama Bilgisayar,İşlemci,AMD,Ryzen 9 9900X Tray,21300,Amiral,Yapay Zeka,AM5,DDR5,120,,AM5-DDR5,Zen 5 12 çekirdek,9.1,1730,3,Yok,,,,,,,İncehesap
Toplama Bilgisayar,Klavye,Logitech,K2 RGB Membran 60%,800,Giriş,Ofis,,,,,Bluetooth,Membran klavye,7.3,1716,2,Var,60%,,,,,,Epey
Toplama Bilgisayar,Kasa,Lian Li,TUF GT Black,1800,Giriş,Günlük Kullanım,,,,,ATX,"Full Tower, mesh/airflow odaklı kasa",6.7,2161,2,Var,Full Tower,,,,,,Epey
Toplama Bilgisayar,Klavye,Royal Kludge,RK61 Wireless Mekanik TKL,550,Giriş,Günlük Kullanım,,,,,Kablosuz,Mekanik klavye,8.0,3178,2,Yok,TKL,,,,,,İncehesap
Toplama Bilgisayar,Monitör,Philips,Predator 32 inç 2560x1440 180Hz,13600,Üst,Oyun,,,25,,HDMI-DP,"IPS panel, 180Hz",9.5,9102,3,Yok,32 inç,2560x1440,180Hz,,,,Epey
Toplama Bilgisayar,Anakart,Colorful,Strix Z790 DDR5,10800,Üst,Yayıncılık,LGA1700,DDR5,,,LGA1700-DDR5,"Micro ATX, Z790 yonga seti, DDR5 bellek desteği",8.3,7270,3,Yok,Micro ATX,,,,,,Vatan
Toplama Bilgisayar,RAM,Patriot,T-Force Delta 64GB 2x32GB DDR4 3600MHz,5500,Amiral,Yayıncılık,,DDR4,,64GB,DDR4,3600MHz bellek kiti,9.6,3580,3,Var,,,,,,,Akakçe
Toplama Bilgisayar,Mouse,HyperX,Rival 30000DPI,1150,Orta,Oyun,,,,,Bluetooth,"30000 DPI sensör, 90g",7.7,5169,2,Var,,,,,,,İncehesap
Toplama Bilgisayar,Klavye,MSI,Alloy Origins Wireless Mekanik TKL,2250,Orta,Günlük Kullanım,,,,,Bluetooth,Mekanik klavye,7.7,1683,2,Yok,TKL,,,,,,Vatan
Toplama Bilgisayar,Klavye,Redragon,Ogre RGB Optik switch 60%,8000,Amiral,Günlük Kullanım,,,,,Bluetooth,Optik switch klavye,9.5,4255,2,Var,60%,,,,,,Vatan
Toplama Bilgisayar,SSD,Corsair,P5 Plus 4TB NVMe,9500,Amiral,Video Edit,,,3,4TB,M2 NVMe,PCIe 3.0 NVMe SSD,9.0,3026,3,Yok,,,,,3330 MB/s,2952 MB/s,Sinerji
Toplama Bilgisayar,Ekran Kartı,XFX,RX 7900 XTX Ventus 2X 24GB,68700,Amiral,Yayıncılık,,GDDR6,355,24GB,PCIe,24GB VRAM 4K,9.5,5012,3,Yok,,,,24GB,,,GamingGenTR
Toplama Bilgisayar,SSD,TeamGroup,NM790 1TB NVMe,1650,Orta,Yazılım,,,3,1TB,M2 NVMe,PCIe 3.0 NVMe SSD,7.7,2240,3,Yok,,,,,3362 MB/s,2888 MB/s,GamingGenTR
Toplama Bilgisayar,Klavye,Logitech,Vigor GK Pro Mekanik 60%,4000,Üst,Oyun,,,,,Kablosuz,Mekanik klavye,8.6,4775,2,Yok,60%,,,,,,GamingGenTR
Toplama Bilgisayar,Kasa,Corsair,TD500 Mesh,14200,Amiral,Oyun,,,,,ATX,"Mini Tower, mesh/airflow odaklı kasa",9.5,2714,2,Var,Mini Tower,,,,,,Epey
Toplama Bilgisayar,Mouse,Redragon,MM712 Wireless 26000DPI,1400,Orta,Yazılım,,,,,USB,"26000 DPI sensör, 90g",8.2,5773,2,Var,,,,,,,Vatan
Toplama Bilgisayar,Ekran Kartı,XFX,RTX 5080 Gaming OC 16GB,92250,Amiral,Oyun,,GDDR6X,360,16GB,PCIe,2026 4K üst seviye,9.5,6287,3,Yok,,,,16GB,,,Vatan
Toplama Bilgisayar,Kasa,GamePower,Eclipse Black,4950,Üst,Oyun,,,,,Micro ATX,"Mid Tower, mesh/airflow odaklı kasa",9.0,8050,2,Yok,Mid Tower,,,,,,Vatan
Toplama Bilgisayar,RAM,TeamGroup,Ares 8GB 1x8GB DDR4 3600MHz,850,Giriş,Günlük Kullanım,,DDR4,,8GB,DDR4,3600MHz bellek kiti,6.6,1181,3,Yok,,,,,,,GamingGenTR
Toplama Bilgisayar,Mouse,Zowie,Harpoon 12000DPI,1300,Orta,Günlük Kullanım,,,,,Kablosuz,"12000 DPI sensör, 90g",8.7,3495,2,Yok,,,,,,,İtopya
Toplama Bilgisayar,Monitör,Lenovo,Aorus 32 inç 3440x1440 165Hz,23100,Amiral,Ofis,,,50,,HDMI-DP,"IPS panel, 165Hz",9.0,4650,2,Yok,32 inç,3440x1440,165Hz,,,,İncehesap
Toplama Bilgisayar,Kasa,Fractal Design,H5 Flow,7250,Üst,Tasarım,,,,,E-ATX,"Full Tower, mesh/airflow odaklı kasa",9.2,6375,2,Var,Full Tower,,,,,,İtopya
Toplama Bilgisayar,Kasa,Cooler Master,Eclipse,3500,Orta,Oyun,,,,,Micro ATX,"Full Tower, mesh/airflow odaklı kasa",8.5,4425,2,Yok,Full Tower,,,,,,GamingGenTR
Toplama Bilgisayar,HDD,WD,P300 4TB 7200RPM,4350,Orta,Günlük Kullanım,,,5,4TB,SATA,3.5 inç mekanik disk,7.3,629,3,Yok,,,,,,,İtopya
Toplama Bilgisayar,Anakart,ASUS,Strix X870 DDR5,16800,Amiral,Yapay Zeka,AM5,DDR5,,,AM5-DDR5,"ATX, X870 yonga seti, DDR5 bellek desteği",9.0,5970,3,Yok,ATX,,,,,,Akakçe
Toplama Bilgisayar,Klavye,Logitech,G Pro X Wireless Low Profile TKL,1450,Orta,Ofis,,,,,USB,Low Profile klavye,8.5,8414,2,Yok,TKL,,,,,,Sinerji
Toplama Bilgisayar,Kasa,MSI,North,2850,Orta,Ofis,,,,,E-ATX,"Full Tower, mesh/airflow odaklı kasa",8.3,3784,2,Var,Full Tower,,,,,,Vatan
Toplama Bilgisayar,Kasa,Xigmatek,O11 Dynamic White,2900,Orta,Yazılım,,,,,Micro ATX,"Mini Tower, mesh/airflow odaklı kasa",7.5,6782,2,Var,Mini Tower,,,,,,İncehesap
Toplama Bilgisayar,Kasa,DeepCool,Eclipse,11200,Amiral,Yapay Zeka,,,,,ATX,"Mid Tower, mesh/airflow odaklı kasa",8.8,1154,2,Var,Mid Tower,,,,,,Epey
Toplama Bilgisayar,Mouse,Pulsar,FK2 8000DPI,450,Giriş,Yazılım,,,,,Bluetooth,"8000 DPI sensör, 49g",7.1,581,2,Yok,,,,,,,İncehesap
Toplama Bilgisayar,SSD,Corsair,Legend 960 500GB NVMe,2250,Giriş,Ofis,,,3,500GB,M2 NVMe,PCIe 5.0 NVMe SSD,7.7,3084,5,Yok,,,,,9364 MB/s,6613 MB/s,GamingGenTR
Toplama Bilgisayar,Mouse,HyperX,DeathAdder Mini 12000DPI,1250,Orta,Oyun,,,,,Kablosuz,"12000 DPI sensör, 75g",8.1,8002,2,Var,,,,,,,Sinerji
Toplama Bilgisayar,Klavye,Akko,GMMK Pro Optik switch 60%,2400,Orta,Oyun,,,,,USB,Optik switch klavye,8.6,8470,2,Var,60%,,,,,,Vatan
Toplama Bilgisayar,Monitör,BenQ,UltraGear 24.5 inç 3440x1440 165Hz,16950,Amiral,Video Edit,,,50,,HDMI-DP,"OLED panel, 165Hz",9.8,45,3,Yok,24.5 inç,3440x1440,165Hz,,,,Epey
Toplama Bilgisayar,Anakart,ASRock,PRO A620 WiFi DDR5,3450,Giriş,Günlük Kullanım,AM5,DDR5,,,AM5-DDR5,"Micro ATX, A620 yonga seti, DDR5 bellek desteği",7.8,697,3,Yok,Micro ATX,,,,,,Akakçe
Toplama Bilgisayar,Klavye,Corsair,BlackWidow RGB Optik switch Tam boy,6700,Amiral,Günlük Kullanım,,,,,Kablosuz,Optik switch klavye,9.0,3480,2,Var,Tam boy,,,,,,Epey
Toplama Bilgisayar,Ekran Kartı,Galax,RTX 4080 Super JetStream 16GB,76450,Amiral,Oyun,,GDDR6X,320,16GB,PCIe,4K oyun ve render,9.1,5933,3,Yok,,,,16GB,,,Sinerji
Toplama Bilgisayar,Mouse,Zowie,G305 Wireless 30000DPI,400,Giriş,Günlük Kullanım,,,,,USB,"30000 DPI sensör, 90g",7.5,2492,2,Yok,,,,,,,Vatan
Toplama Bilgisayar,Kasa,Cooler Master,Aquarius RGB,2900,Orta,Yazılım,,,,,ATX,"Full Tower, mesh/airflow odaklı kasa",8.3,7406,2,Var,Full Tower,,,,,,Epey
Toplama Bilgisayar,RAM,Apacer,Ripjaws 32GB 2x16GB DDR4 4000MHz,4050,Üst,Yazılım,,DDR4,,32GB,DDR4,4000MHz bellek kiti,9.1,3132,2,Yok,,,,,,,GamingGenTR
Toplama Bilgisayar,Monitör,Philips,Raptor 27 inç 3840x2160 240Hz,49450,Amiral,Video Edit,,,35,,HDMI-DP,"IPS panel, 240Hz",9.0,765,2,Yok,27 inç,3840x2160,240Hz,,,,Akakçe
Toplama Bilgisayar,Soğutucu,ASUS,Freezer 36,3650,Üst,Oyun,,,,,AM4-AM5-LGA1700,Hava soğutma,8.3,6573,3,Var,,,,,,,GamingGenTR
Toplama Bilgisayar,Kasa,ASUS,MAG Forge Black,4000,Orta,Günlük Kullanım,,,,,ATX,"Mid Tower, mesh/airflow odaklı kasa",7.6,4217,2,Var,Mid Tower,,,,,,İncehesap
Toplama Bilgisayar,Anakart,ASRock,Strix H610 AX DDR4,3350,Giriş,Günlük Kullanım,LGA1700,DDR4,,,LGA1700-DDR4,"Mini ITX, H610 yonga seti, DDR4 bellek desteği",6.8,126,3,Var,Mini ITX,,,,,,İtopya
Toplama Bilgisayar,Klavye,Corsair,Vigor GK Pro Low Profile Tam boy,4800,Üst,Oyun,,,,,Bluetooth,Low Profile klavye,9.1,3048,2,Yok,Tam boy,,,,,,İtopya
Toplama Bilgisayar,Kasa,ASUS,H5 Flow RGB,5650,Üst,Oyun,,,,,Micro ATX,"Mid Tower, mesh/airflow odaklı kasa",9.2,7963,2,Var,Mid Tower,,,,,,İncehesap
Toplama Bilgisayar,Monitör,ASUS,Raptor 31.5 inç 3840x2160 240Hz,52650,Amiral,Oyun,,,25,,HDMI-DP,"Mini LED panel, 240Hz",9.0,5850,3,Yok,31.5 inç,3840x2160,240Hz,,,,İncehesap
Toplama Bilgisayar,Mouse,HyperX,Harpoon Pro 30000DPI,400,Giriş,Günlük Kullanım,,,,,USB,"30000 DPI sensör, 75g",6.4,1702,2,Var,,,,,,,GamingGenTR
Toplama Bilgisayar,Kasa,Cooler Master,TD500 White,13000,Amiral,Oyun,,,,,ATX,"Mid Tower, mesh/airflow odaklı kasa",9.1,4547,2,Yok,Mid Tower,,,,,,Akakçe
Toplama Bilgisayar,Klavye,Razer,Apex Optik switch Tam boy,850,Giriş,Yazılım,,,,,Kablosuz,Optik switch klavye,7.6,1805,2,Yok,Tam boy,,,,,,Akakçe
Toplama Bilgisayar,Anakart,MSI,Gaming X X570 DDR4,10350,Üst,Yazılım,AM4,DDR4,,,AM4-DDR4,"ATX, X570 yonga seti, DDR4 bellek desteği",8.2,5461,3,Yok,ATX,,,,,,İncehesap
Toplama Bilgisayar,Monitör,ASUS,G-Master 31.5 inç 3840x2160 144Hz,19900,Amiral,Ofis,,,35,,HDMI-DP,"Mini LED panel, 144Hz",9.1,6346,3,Yok,31.5 inç,3840x2160,144Hz,,,,Akakçe
Toplama Bilgisayar,Mouse,SteelSeries,DeathAdder 36000DPI,1250,Orta,Günlük Kullanım,,,,,Kablosuz,"36000 DPI sensör, 90g",7.8,5597,2,Yok,,,,,,,Akakçe
Toplama Bilgisayar,Monitör,BenQ,Optix 24.5 inç 1920x1080 75Hz,2750,Giriş,Oyun,,,35,,HDMI-DP,"VA panel, 75Hz",7.5,3281,2,Yok,24.5 inç,1920x1080,75Hz,,,,İtopya
Toplama Bilgisayar,Kasa,MSI,Aquarius Mesh,1400,Giriş,Ofis,,,,,ATX,"Full Tower, mesh/airflow odaklı kasa",7.2,2280,2,Yok,Full Tower,,,,,,İncehesap
Toplama Bilgisayar,RAM,Kingston,Viper Steel 64GB 2x32GB DDR5 5200MHz,11250,Amiral,Oyun,,DDR5,,64GB,DDR5,5200MHz bellek kiti,9.2,6455,5,Var,,,,,,,Akakçe
Toplama Bilgisayar,Klavye,Glorious,K70 Wireless Mekanik 75%,6700,Amiral,Yazılım,,,,,Bluetooth,Mekanik klavye,9.4,3972,2,Yok,75%,,,,,,Sinerji
Toplama Bilgisayar,Anakart,ASRock,Creator B760 MAX DDR5,6250,Orta,Ofis,LGA1700,DDR5,,,LGA1700-DDR5,"Mini ITX, B760 yonga seti, DDR5 bellek desteği",8.4,5386,3,Var,Mini ITX,,,,,,Epey
Toplama Bilgisayar,Klavye,MSI,K2 Pro Mekanik TKL,4800,Üst,Günlük Kullanım,,,,,USB,Mekanik klavye,8.8,8106,2,Yok,TKL,,,,,,Akakçe
Toplama Bilgisayar,Anakart,NZXT,Phantom Gaming X570 AX DDR4,8400,Üst,Tasarım,AM4,DDR4,,,AM4-DDR4,"Mini ITX, X570 yonga seti, DDR4 bellek desteği",8.4,2792,3,Yok,Mini ITX,,,,,,Vatan
Toplama Bilgisayar,Kasa,Cooler Master,Lancool RGB,2550,Orta,Oyun,,,,,Micro ATX,"Mid Tower, mesh/airflow odaklı kasa",7.2,2741,2,Var,Mid Tower,,,,,,İncehesap
Toplama Bilgisayar,Kasa,Cooler Master,Warcry RGB,1400,Giriş,Günlük Kullanım,,,,,E-ATX,"Mid Tower, mesh/airflow odaklı kasa",7.3,73,2,Var,Mid Tower,,,,,,Epey
Toplama Bilgisayar,Klavye,GamePower,ROG Strix Scope Wireless Optik switch Tam boy,4450,Üst,Oyun,,,,,Kablosuz,Optik switch klavye,9.2,11335,2,Var,Tam boy,,,,,,Sinerji
Toplama Bilgisayar,SSD,TeamGroup,P5 Plus 4TB NVMe,17400,Amiral,Yayıncılık,,,5,4TB,M2 NVMe,PCIe 5.0 NVMe SSD,9.4,1975,3,Yok,,,,,12482 MB/s,11381 MB/s,Vatan
Toplama Bilgisayar,HDD,Seagate,Blue 12TB 7200RPM,12850,Üst,Ofis,,,5,12TB,SATA,3.5 inç mekanik disk,8.9,8364,2,Yok,,,,,,,Sinerji
Toplama Bilgisayar,Klavye,Glorious,Alloy Origins RGB Optik switch 60%,5150,Üst,Ofis,,,,,Kablosuz,Optik switch klavye,8.5,8430,2,Var,60%,,,,,,İtopya
Toplama Bilgisayar,Mouse,SteelSeries,Rival 16000DPI,1350,Orta,Ofis,,,,,USB,"16000 DPI sensör, 49g",8.5,8054,2,Yok,,,,,,,Akakçe
Toplama Bilgisayar,Klavye,Glorious,K380 Pro Optik switch TKL,750,Giriş,Yazılım,,,,,USB,Optik switch klavye,6.5,2783,2,Var,TKL,,,,,,Epey
Toplama Bilgisayar,SSD,Corsair,Viper VP4300 4TB NVMe,21000,Amiral,Oyun,,,3,4TB,M2 NVMe,PCIe 5.0 NVMe SSD,8.9,90,3,Yok,,,,,9497 MB/s,8379 MB/s,Epey
Toplama Bilgisayar,Mouse,Redragon,Viper Wireless 26000DPI,400,Giriş,Günlük Kullanım,,,,,USB,"26000 DPI sensör, 49g",6.5,1912,2,Yok,,,,,,,Vatan
Toplama Bilgisayar,İşlemci,AMD,Ryzen 7 9700X Box,16750,Üst,Yayıncılık,AM5,DDR5,65,,AM5-DDR5,Zen 5 8 çekirdek,8.5,7209,3,Yok,,,,,,,Sinerji
Toplama Bilgisayar,Klavye,Redragon,MOD007 Pro Membran 60%,8250,Amiral,Günlük Kullanım,,,,,Bluetooth,Membran klavye,9.1,452,2,Yok,60%,,,,,,GamingGenTR
Toplama Bilgisayar,Kasa,Fractal Design,4000D Airflow RGB,1950,Giriş,Günlük Kullanım,,,,,Micro ATX,"Full Tower, mesh/airflow odaklı kasa",6.6,1102,2,Var,Full Tower,,,,,,Sinerji
Toplama Bilgisayar,Klavye,MSI,Ogre Low Profile 75%,1800,Orta,Oyun,,,,,USB,Low Profile klavye,7.4,7981,2,Yok,75%,,,,,,Vatan
Toplama Bilgisayar,Klavye,Royal Kludge,Alloy Origins Membran Tam boy,2450,Orta,Ofis,,,,,Kablosuz,Membran klavye,8.0,5784,2,Yok,Tam boy,,,,,,Akakçe
Toplama Bilgisayar,Ekran Kartı,Inno3D,RTX 3050 Gaming OC 8GB,10200,Giriş,Günlük Kullanım,,GDDR6,130,8GB,PCIe,DLSS destekli giriş seviye,6.9,1025,3,Yok,,,,8GB,,,Sinerji
Toplama Bilgisayar,SSD,TeamGroup,Legend 960 2TB NVMe,9350,Üst,Yazılım,,,5,2TB,M2 NVMe,PCIe 5.0 NVMe SSD,8.7,2179,5,Yok,,,,,11679 MB/s,8336 MB/s,İtopya
Toplama Bilgisayar,SSD,Samsung,Viper VP4300 4TB NVMe,13300,Amiral,Yayıncılık,,,5,4TB,M2 NVMe,PCIe 4.0 NVMe SSD,8.9,1445,5,Yok,,,,,6680 MB/s,5106 MB/s,GamingGenTR
Toplama Bilgisayar,Güç Kaynağı,be quiet!,Core Reactor 450W 80+ Bronze,2000,Giriş,Oyun,,,450W,,80+ Bronze,"Yarı modüler PSU, 80+ Bronze",6.6,2260,7,Yok,,,,,,,GamingGenTR
Toplama Bilgisayar,Klavye,GamePower,MOD007 Pro Optik switch 75%,7550,Amiral,Oyun,,,,,Kablosuz,Optik switch klavye,9.7,1630,2,Var,75%,,,,,,İtopya
Toplama Bilgisayar,Mouse,Corsair,MM712 12000DPI,5850,Amiral,Oyun,,,,,Kablosuz,"12000 DPI sensör, 59g",9.4,2754,2,Yok,,,,,,,Akakçe
Toplama Bilgisayar,Anakart,Gigabyte,Tomahawk X870 WiFi DDR5,14150,Amiral,Video Edit,AM5,DDR5,,,AM5-DDR5,"Micro ATX, X870 yonga seti, DDR5 bellek desteği",8.8,5262,3,Var,Micro ATX,,,,,,Sinerji
Toplama Bilgisayar,Güç Kaynağı,GamePower,Focus GX 1200W 80+ Platinum,12200,Amiral,Tasarım,,,1200W,,80+ Platinum,"Modüler PSU, 80+ Platinum",9.1,3609,10,Yok,,,,,,,Akakçe
Toplama Bilgisayar,RAM,Kingston,Vengeance 64GB 2x32GB DDR5 5600MHz,10200,Amiral,Tasarım,,DDR5,,64GB,DDR5,5600MHz bellek kiti,9.3,3548,3,Yok,,,,,,,GamingGenTR
Toplama Bilgisayar,Kasa,Phanteks,O11 Dynamic RGB,2500,Orta,Oyun,,,,,E-ATX,"Mid Tower, mesh/airflow odaklı kasa",7.8,7268,2,Var,Mid Tower,,,,,,Akakçe
Toplama Bilgisayar,RAM,XPG,XPG Lancer 16GB 2x8GB DDR5 6000MHz,2550,Orta,Günlük Kullanım,,DDR5,,16GB,DDR5,6000MHz bellek kiti,8.0,2390,3,Yok,,,,,,,Epey
Toplama Bilgisayar,Monitör,MSI,Nitro 27 inç 1920x1080 180Hz,5550,Orta,Ofis,,,35,,HDMI-DP,"VA panel, 180Hz",7.8,7785,3,Yok,27 inç,1920x1080,180Hz,,,,Akakçe
Toplama Bilgisayar,Ekran Kartı,Gigabyte,RTX 4090 StormX 24GB,175450,Amiral,Oyun,,GDDR6X,450,24GB,PCIe,AI ve 4K üst seviye,9.8,223,3,Yok,,,,24GB,,,GamingGenTR
Toplama Bilgisayar,Kasa,Lian Li,MAG Forge RGB,3500,Orta,Günlük Kullanım,,,,,ATX,"Mini Tower, mesh/airflow odaklı kasa",7.4,5399,2,Var,Mini Tower,,,,,,Vatan
Toplama Bilgisayar,Anakart,ASUS,Mortar Z790 WiFi DDR5,13150,Üst,Tasarım,LGA1700,DDR5,,,LGA1700-DDR5,"Micro ATX, Z790 yonga seti, DDR5 bellek desteği",8.2,2959,3,Var,Micro ATX,,,,,,İtopya
Toplama Bilgisayar,Klavye,SteelSeries,Apex Wireless Low Profile 60%,6500,Amiral,Günlük Kullanım,,,,,Bluetooth,Low Profile klavye,9.8,6468,2,Yok,60%,,,,,,Epey
Toplama Bilgisayar,RAM,PNY,XPG Lancer 16GB 2x8GB DDR4 3200MHz,1350,Orta,Oyun,,DDR4,,16GB,DDR4,3200MHz bellek kiti,7.6,5163,5,Var,,,,,,,Vatan
Toplama Bilgisayar,Ekran Kartı,MSI,RX 7900 GRE Nitro+ 16GB,49450,Üst,Yayıncılık,,GDDR6,260,16GB,PCIe,1440p/4K,8.6,6467,3,Yok,,,,16GB,,,İtopya
Toplama Bilgisayar,Mouse,Darmoshark,Model O Mini 8000DPI,1200,Orta,Günlük Kullanım,,,,,Kablosuz,"8000 DPI sensör, 75g",8.8,6107,2,Yok,,,,,,,GamingGenTR
Toplama Bilgisayar,Kasa,MSI,Meshify Black,4000,Orta,Günlük Kullanım,,,,,Micro ATX,"Mini Tower, mesh/airflow odaklı kasa",7.9,1861,2,Var,Mini Tower,,,,,,Akakçe
Toplama Bilgisayar,RAM,PNY,Ballistix 32GB 2x16GB DDR4 4000MHz,3700,Üst,Oyun,,DDR4,,32GB,DDR4,4000MHz bellek kiti,8.5,2794,3,Var,,,,,,,Akakçe
Toplama Bilgisayar,Mouse,Darmoshark,FK2 Pro 36000DPI,1500,Orta,Yazılım,,,,,USB,"36000 DPI sensör, 90g",8.6,3662,2,Yok,,,,,,,Akakçe
Toplama Bilgisayar,Monitör,Philips,TUF Gaming 27 inç 1920x1080 144Hz,5300,Orta,Ofis,,,35,,HDMI-DP,"IPS panel, 144Hz",8.7,5035,3,Yok,27 inç,1920x1080,144Hz,,,,İncehesap
Toplama Bilgisayar,Klavye,Keychron,BlackWidow Wireless Optik switch 75%,3400,Üst,Günlük Kullanım,,,,,USB,Optik switch klavye,8.2,4879,2,Yok,75%,,,,,,İncehesap
Toplama Bilgisayar,Kasa,Lian Li,O11 Dynamic Black,3900,Orta,Oyun,,,,,E-ATX,"Mid Tower, mesh/airflow odaklı kasa",7.4,2322,2,Yok,Mid Tower,,,,,,Epey
Toplama Bilgisayar,Soğutucu,NZXT,Liquid Freezer III 240,4200,Orta,Oyun,,,,,AM4-AM5-LGA1700,240mm sıvı soğutma,8.6,620,3,Var,240mm,,,,,,İncehesap
Toplama Bilgisayar,SSD,Kioxia,Legend 960 500GB NVMe,1500,Giriş,Günlük Kullanım,,,4,500GB,M2 NVMe,PCIe 4.0 NVMe SSD,7.2,1877,5,Yok,,,,,7437 MB/s,6015 MB/s,İtopya
Toplama Bilgisayar,Soğutucu,Noctua,Liquid Freezer III 240,2900,Orta,Yazılım,,,,,AM4-AM5-LGA1700,240mm sıvı soğutma,8.6,1174,6,Var,240mm,,,,,,İncehesap
Toplama Bilgisayar,Mouse,Lamzu,G305 16000DPI,3350,Üst,Yazılım,,,,,Bluetooth,"16000 DPI sensör, 63g",8.3,2228,2,Var,,,,,,,Vatan
Toplama Bilgisayar,Mouse,MSI,Atlantis Wireless 30000DPI,1750,Orta,Oyun,,,,,Kablosuz,"30000 DPI sensör, 63g",8.4,3338,2,Yok,,,,,,,İtopya
Toplama Bilgisayar,İşlemci,AMD,Ryzen 5 5500 Box,3400,Orta,Günlük Kullanım,AM4,DDR4,65,,AM4-DDR4,6 çekirdek 12 thread,7.9,6027,3,Yok,,,,,,,Epey
Toplama Bilgisayar,Kasa,MSI,O11 Dynamic White,7050,Üst,Oyun,,,,,ATX,"Full Tower, mesh/airflow odaklı kasa",9.2,4651,2,Yok,Full Tower,,,,,,Epey
Toplama Bilgisayar,RAM,XPG,NOX 16GB 2x8GB DDR5 5200MHz,2700,Orta,Günlük Kullanım,,DDR5,,16GB,DDR5,5200MHz bellek kiti,8.6,5036,3,Yok,,,,,,,İncehesap
Toplama Bilgisayar,Klavye,Corsair,K380 RGB Optik switch 60%,1550,Orta,Oyun,,,,,USB,Optik switch klavye,7.8,1373,2,Var,60%,,,,,,İtopya
Toplama Bilgisayar,Mouse,Redragon,Pulsefire Wireless 16000DPI,3150,Üst,Ofis,,,,,Kablosuz,"16000 DPI sensör, 49g",8.9,1027,2,Yok,,,,,,,Vatan
Toplama Bilgisayar,Klavye,Razer,MOD007 Pro Membran Tam boy,5050,Üst,Oyun,,,,,Bluetooth,Membran klavye,8.2,888,2,Var,Tam boy,,,,,,Vatan
Toplama Bilgisayar,Mouse,Lamzu,DeathAdder Pro 30000DPI,2550,Üst,Oyun,,,,,Kablosuz,"30000 DPI sensör, 63g",8.7,600,2,Yok,,,,,,,Epey
Toplama Bilgisayar,Kasa,MSI,Meshify Mesh,1750,Giriş,Günlük Kullanım,,,,,E-ATX,"Mini Tower, mesh/airflow odaklı kasa",6.5,2968,2,Yok,Mini Tower,,,,,,Akakçe
Toplama Bilgisayar,Kasa,Xigmatek,MAG Forge,11250,Amiral,Video Edit,,,,,ATX,"Mid Tower, mesh/airflow odaklı kasa",9.0,1627,2,Var,Mid Tower,,,,,,GamingGenTR
Toplama Bilgisayar,Monitör,Gigabyte,Predator 23.8 inç 3840x2160 144Hz,27350,Amiral,Tasarım,,,35,,HDMI-DP,"OLED panel, 144Hz",9.7,3348,3,Yok,23.8 inç,3840x2160,144Hz,,,,Epey
Toplama Bilgisayar,RAM,GoodRam,Viper Steel 64GB 2x32GB DDR5 6400MHz,9800,Amiral,Oyun,,DDR5,,64GB,DDR5,6400MHz bellek kiti,8.8,5649,5,Var,,,,,,,Vatan
Toplama Bilgisayar,SSD,Kingston,Viper VP4300 2TB NVMe,4650,Üst,Yayıncılık,,,3,2TB,M2 NVMe,PCIe 3.0 NVMe SSD,9.2,183,3,Yok,,,,,3044 MB/s,2166 MB/s,Sinerji
Toplama Bilgisayar,Kasa,MSI,CH370 Mesh,3550,Orta,Ofis,,,,,Micro ATX,"Mini Tower, mesh/airflow odaklı kasa",8.1,7446,2,Var,Mini Tower,,,,,,İtopya
Toplama Bilgisayar,Mouse,ASUS,MM712 Wireless 30000DPI,7250,Amiral,Günlük Kullanım,,,,,USB,"30000 DPI sensör, 75g",9.4,428,2,Yok,,,,,,,Sinerji
Toplama Bilgisayar,Kasa,Lian Li,Aquarius RGB,6900,Üst,Video Edit,,,,,E-ATX,"Full Tower, mesh/airflow odaklı kasa",9.2,5943,2,Var,Full Tower,,,,,,GamingGenTR
Toplama Bilgisayar,Klavye,Glorious,Ogre Pro Low Profile 75%,850,Giriş,Günlük Kullanım,,,,,Kablosuz,Low Profile klavye,6.5,1709,2,Yok,75%,,,,,,Akakçe
Toplama Bilgisayar,Ekran Kartı,Palit,RTX 5090 StormX 32GB,186200,Amiral,Yapay Zeka,,GDDR6X,575,32GB,PCIe,2026 amiral seviye AI/4K,9.4,5946,3,Yok,,,,32GB,,,Sinerji
Toplama Bilgisayar,RAM,Patriot,Ballistix 32GB 2x16GB DDR4 4000MHz,2950,Üst,Yazılım,,DDR4,,32GB,DDR4,4000MHz bellek kiti,9.3,8126,3,Yok,,,,,,,Akakçe
Toplama Bilgisayar,Soğutucu,DeepCool,Kraken 240,3150,Orta,Günlük Kullanım,,,,,AM4-AM5-LGA1700,240mm sıvı soğutma,7.7,8006,3,Var,240mm,,,,,,Vatan
Toplama Bilgisayar,Mouse,Logitech,ROG Keris Pro 30000DPI,350,Giriş,Ofis,,,,,Bluetooth,"30000 DPI sensör, 63g",6.9,1490,2,Var,,,,,,,GamingGenTR
Toplama Bilgisayar,Güç Kaynağı,GamePower,RM 650W 80+ Bronze,3650,Orta,Oyun,,,650W,,80+ Bronze,"Sabit kablo PSU, 80+ Bronze",7.5,8266,2,Yok,,,,,,,Epey
Toplama Bilgisayar,Mouse,HyperX,Model O Pro 16000DPI,600,Giriş,Ofis,,,,,USB,"16000 DPI sensör, 63g",7.2,2781,2,Var,,,,,,,Vatan
Toplama Bilgisayar,Kasa,Lian Li,TUF GT White,13050,Amiral,Yapay Zeka,,,,,Micro ATX,"Mini Tower, mesh/airflow odaklı kasa",8.9,2819,2,Var,Mini Tower,,,,,,Sinerji
Toplama Bilgisayar,Anakart,ASUS,Taichi Z790 WiFi DDR5,9000,Üst,Oyun,LGA1700,DDR5,,,LGA1700-DDR5,"Micro ATX, Z790 yonga seti, DDR5 bellek desteği",8.8,3376,3,Var,Micro ATX,,,,,,Vatan
Toplama Bilgisayar,Kasa,Xigmatek,TD500,8100,Amiral,Oyun,,,,,Micro ATX,"Full Tower, mesh/airflow odaklı kasa",9.8,2923,2,Var,Full Tower,,,,,,Epey
Toplama Bilgisayar,Klavye,Corsair,ROG Strix Scope Wireless Mekanik TKL,1750,Orta,Yazılım,,,,,Bluetooth,Mekanik klavye,7.3,3444,2,Var,TKL,,,,,,İncehesap
Toplama Bilgisayar,Kasa,DarkFlash,TUF GT White,10050,Amiral,Oyun,,,,,E-ATX,"Mini Tower, mesh/airflow odaklı kasa",9.7,2816,2,Var,Mini Tower,,,,,,GamingGenTR
Toplama Bilgisayar,İşlemci,AMD,Ryzen 7 5800X3D Tray,11200,Üst,Yayıncılık,AM4,DDR4,105,,AM4-DDR4,3D V-Cache oyun işlemcisi,9.5,2957,3,Yok,,,,,,,Vatan
Toplama Bilgisayar,Kasa,Cooler Master,Eclipse Black,4050,Orta,Günlük Kullanım,,,,,E-ATX,"Mini Tower, mesh/airflow odaklı kasa",8.6,532,2,Yok,Mini Tower,,,,,,Sinerji
Toplama Bilgisayar,Ekran Kartı,Gigabyte,RTX 4070 Ti Super StormX 16GB,55250,Üst,Oyun,,GDDR6X,285,16GB,PCIe,1440p/4K güçlü performans,8.3,8755,3,Var,,,,16GB,,,İncehesap
Toplama Bilgisayar,Mouse,Razer,X2V2 Wireless 36000DPI,2400,Üst,Oyun,,,,,Kablosuz,"36000 DPI sensör, 63g",8.2,616,2,Yok,,,,,,,GamingGenTR
Toplama Bilgisayar,Güç Kaynağı,DeepCool,Straight Power 650W 80+ Bronze,4400,Orta,Oyun,,,650W,,80+ Bronze,"Sabit kablo PSU, 80+ Bronze",7.9,5533,3,Yok,,,,,,,İtopya
Toplama Bilgisayar,Anakart,ASUS,Strix B650 WiFi DDR5,4750,Orta,Ofis,AM5,DDR5,,,AM5-DDR5,"Mini ITX, B650 yonga seti, DDR5 bellek desteği",7.3,977,3,Var,Mini ITX,,,,,,Epey
Toplama Bilgisayar,Mouse,Zowie,Model O Wireless 36000DPI,2200,Üst,Ofis,,,,,USB,"36000 DPI sensör, 90g",9.0,1603,2,Yok,,,,,,,İtopya
Toplama Bilgisayar,Kasa,MSI,North White,3200,Orta,Oyun,,,,,ATX,"Full Tower, mesh/airflow odaklı kasa",7.7,3563,2,Var,Full Tower,,,,,,Sinerji
Toplama Bilgisayar,Monitör,Philips,UltraGear 32 inç 1920x1080 144Hz,3750,Orta,Tasarım,,,25,,HDMI-DP,"IPS panel, 144Hz",8.6,6158,3,Yok,32 inç,1920x1080,144Hz,,,,Akakçe
Toplama Bilgisayar,Klavye,Corsair,Ogre RGB Membran Tam boy,800,Giriş,Yazılım,,,,,Kablosuz,Membran klavye,6.6,2697,2,Var,Tam boy,,,,,,İncehesap
Toplama Bilgisayar,Kasa,Corsair,Meshify Black,7500,Üst,Yazılım,,,,,E-ATX,"Mini Tower, mesh/airflow odaklı kasa",9.1,8577,2,Yok,Mini Tower,,,,,,GamingGenTR
Toplama Bilgisayar,Anakart,Biostar,Steel Legend A520 WiFi DDR4,3000,Giriş,Günlük Kullanım,AM4,DDR4,,,AM4-DDR4,"ATX, A520 yonga seti, DDR4 bellek desteği",8.0,164,3,Var,ATX,,,,,,Vatan
Toplama Bilgisayar,RAM,Patriot,Viper Steel 16GB 2x8GB DDR4 3600MHz,1600,Orta,Günlük Kullanım,,DDR4,,16GB,DDR4,3600MHz bellek kiti,7.5,6641,3,Yok,,,,,,,İtopya
Toplama Bilgisayar,Anakart,ASUS,TUF Gaming X570 AX DDR4,11050,Üst,Oyun,AM4,DDR4,,,AM4-DDR4,"ATX, X570 yonga seti, DDR4 bellek desteği",8.3,2481,3,Yok,ATX,,,,,,Epey
Toplama Bilgisayar,Anakart,ASRock,Strix X870 WiFi DDR5,20600,Amiral,Oyun,AM5,DDR5,,,AM5-DDR5,"ATX, X870 yonga seti, DDR5 bellek desteği",9.4,3412,3,Yok,ATX,,,,,,Sinerji
Toplama Bilgisayar,Kasa,DarkFlash,Eclipse,14450,Amiral,Oyun,,,,,ATX,"Mini Tower, mesh/airflow odaklı kasa",9.6,5644,2,Yok,Mini Tower,,,,,,Vatan
Toplama Bilgisayar,Mouse,Cooler Master,M711 Wireless 36000DPI,600,Giriş,Ofis,,,,,USB,"36000 DPI sensör, 90g",6.6,3097,2,Yok,,,,,,,Epey
Toplama Bilgisayar,Anakart,Biostar,Mortar B760 DDR5,5550,Orta,Günlük Kullanım,LGA1700,DDR5,,,LGA1700-DDR5,"Mini ITX, B760 yonga seti, DDR5 bellek desteği",7.7,575,3,Var,Mini ITX,,,,,,İncehesap
Toplama Bilgisayar,Mouse,SteelSeries,FK2 36000DPI,1650,Orta,Yazılım,,,,,Kablosuz,"36000 DPI sensör, 49g",7.6,5237,2,Var,,,,,,,Sinerji
Toplama Bilgisayar,Kasa,Lian Li,Warcry Mesh,4250,Üst,Oyun,,,,,Micro ATX,"Full Tower, mesh/airflow odaklı kasa",8.9,5952,2,Yok,Full Tower,,,,,,İncehesap
Toplama Bilgisayar,Mouse,Darmoshark,Viper 30000DPI,3950,Amiral,Yazılım,,,,,USB,"30000 DPI sensör, 90g",9.6,988,2,Var,,,,,,,Vatan
Toplama Bilgisayar,Kasa,ASUS,TD500,6200,Üst,Video Edit,,,,,Micro ATX,"Mini Tower, mesh/airflow odaklı kasa",9.5,8452,2,Yok,Mini Tower,,,,,,Epey
Toplama Bilgisayar,HDD,WD,Red Plus 8TB 7200RPM,7750,Üst,Ofis,,,5,8TB,SATA,3.5 inç mekanik disk,8.8,8702,2,Yok,,,,,,,GamingGenTR
Toplama Bilgisayar,Kasa,Thermaltake,Meshify Black,2500,Orta,Günlük Kullanım,,,,,ATX,"Mini Tower, mesh/airflow odaklı kasa",8.1,5585,2,Yok,Mini Tower,,,,,,İncehesap
Toplama Bilgisayar,Mouse,SteelSeries,G305 Pro 30000DPI,3900,Üst,Oyun,,,,,Kablosuz,"30000 DPI sensör, 59g",8.8,11643,2,Yok,,,,,,,GamingGenTR
Toplama Bilgisayar,Kasa,DeepCool,TUF GT,2150,Giriş,Oyun,,,,,Micro ATX,"Mini Tower, mesh/airflow odaklı kasa",7.4,2963,2,Yok,Mini Tower,,,,,,GamingGenTR
Toplama Bilgisayar,RAM,Patriot,XPG Lancer 16GB 2x8GB DDR5 5600MHz,2550,Orta,Yazılım,,DDR5,,16GB,DDR5,5600MHz bellek kiti,8.5,1392,5,Yok,,,,,,,Akakçe
Toplama Bilgisayar,Mouse,Redragon,Rival Wireless 16000DPI,3500,Üst,Günlük Kullanım,,,,,Kablosuz,"16000 DPI sensör, 90g",9.0,11458,2,Yok,,,,,,,GamingGenTR
Toplama Bilgisayar,Klavye,ASUS,Apex Low Profile 60%,1600,Orta,Günlük Kullanım,,,,,Bluetooth,Low Profile klavye,8.0,8413,2,Var,60%,,,,,,GamingGenTR
Toplama Bilgisayar,Klavye,ASUS,K380 Mekanik 60%,5050,Üst,Günlük Kullanım,,,,,Bluetooth,Mekanik klavye,8.6,10120,2,Var,60%,,,,,,Akakçe
Toplama Bilgisayar,Kasa,Phanteks,Eclipse Mesh,2950,Orta,Ofis,,,,,ATX,"Full Tower, mesh/airflow odaklı kasa",7.6,3986,2,Yok,Full Tower,,,,,,GamingGenTR
Toplama Bilgisayar,Mouse,MSI,G Pro X Superlight Wireless 8000DPI,500,Giriş,Yazılım,,,,,USB,"8000 DPI sensör, 90g",6.8,1077,2,Yok,,,,,,,İncehesap
Toplama Bilgisayar,SSD,Seagate,SN770 2TB NVMe,5750,Üst,Tasarım,,,5,2TB,M2 NVMe,PCIe 4.0 NVMe SSD,8.6,9548,3,Yok,,,,,6714 MB/s,5450 MB/s,İncehesap
Toplama Bilgisayar,Kasa,Phanteks,Warcry Black,5050,Üst,Video Edit,,,,,E-ATX,"Full Tower, mesh/airflow odaklı kasa",8.8,6799,2,Yok,Full Tower,,,,,,Vatan
Toplama Bilgisayar,Monitör,ViewSonic,Raptor 34 inç 2560x1440 180Hz,11750,Üst,Yazılım,,,35,,HDMI-DP,"VA panel, 180Hz",8.6,2046,3,Yok,34 inç,2560x1440,180Hz,,,,Vatan
Toplama Bilgisayar,Klavye,Logitech,G Pro X RGB Low Profile 75%,4000,Üst,Günlük Kullanım,,,,,Kablosuz,Low Profile klavye,8.5,10332,2,Var,75%,,,,,,Epey
Toplama Bilgisayar,Monitör,Acer,Mobiuz 32 inç 1920x1080 180Hz,7350,Orta,Yazılım,,,35,,HDMI-DP,"VA panel, 180Hz",8.4,1235,2,Yok,32 inç,1920x1080,180Hz,,,,Vatan
Toplama Bilgisayar,Klavye,Logitech,Alloy Origins Pro Membran Tam boy,500,Giriş,Günlük Kullanım,,,,,Bluetooth,Membran klavye,8.0,744,2,Yok,Tam boy,,,,,,Akakçe
Toplama Bilgisayar,Klavye,Royal Kludge,K380 Pro Membran 75%,4750,Üst,Yazılım,,,,,Bluetooth,Membran klavye,8.4,2798,2,Yok,75%,,,,,,İncehesap
Toplama Bilgisayar,Mouse,ASUS,Atlantis Mini 30000DPI,1650,Orta,Oyun,,,,,Kablosuz,"30000 DPI sensör, 63g",7.4,5046,2,Var,,,,,,,Epey
Toplama Bilgisayar,Kasa,DeepCool,CH370 White,1750,Giriş,Günlük Kullanım,,,,,Micro ATX,"Mini Tower, mesh/airflow odaklı kasa",7.8,641,2,Var,Mini Tower,,,,,,GamingGenTR
Toplama Bilgisayar,Klavye,Corsair,G Pro X Pro Mekanik 60%,2250,Orta,Yazılım,,,,,Bluetooth,Mekanik klavye,7.8,1795,2,Var,60%,,,,,,Epey
Toplama Bilgisayar,Klavye,Cooler Master,G Pro X Pro Optik switch 60%,850,Giriş,Ofis,,,,,Kablosuz,Optik switch klavye,7.8,1984,2,Yok,60%,,,,,,Vatan
Toplama Bilgisayar,Monitör,Dell,Aorus 32 inç 2560x1440 180Hz,9850,Üst,Yazılım,,,35,,HDMI-DP,"VA panel, 180Hz",9.4,6584,3,Yok,32 inç,2560x1440,180Hz,,,,GamingGenTR
Toplama Bilgisayar,Klavye,Keychron,G Pro X Low Profile 60%,5100,Üst,Yazılım,,,,,Bluetooth,Low Profile klavye,9.2,5747,2,Var,60%,,,,,,Sinerji
Toplama Bilgisayar,SSD,TeamGroup,P3 Plus 4TB NVMe,13750,Amiral,Tasarım,,,4,4TB,M2 NVMe,PCIe 4.0 NVMe SSD,8.9,1217,3,Yok,,,,,6105 MB/s,5175 MB/s,Sinerji
Toplama Bilgisayar,Monitör,HP,G-Master 31.5 inç 3440x1440 165Hz,19100,Amiral,Video Edit,,,25,,HDMI-DP,"IPS panel, 165Hz",9.7,5721,3,Yok,31.5 inç,3440x1440,165Hz,,,,GamingGenTR
Toplama Bilgisayar,Kasa,Thermaltake,O11 Dynamic Mesh,2950,Orta,Günlük Kullanım,,,,,E-ATX,"Mid Tower, mesh/airflow odaklı kasa",8.2,1131,2,Var,Mid Tower,,,,,,İncehesap
Toplama Bilgisayar,RAM,Crucial,Dominator 16GB 2x8GB DDR5 5600MHz,2850,Orta,Ofis,,DDR5,,16GB,DDR5,5600MHz bellek kiti,8.0,7992,2,Var,,,,,,,İncehesap
Toplama Bilgisayar,Klavye,Razer,K2 Wireless Membran Tam boy,3150,Üst,Günlük Kullanım,,,,,Bluetooth,Membran klavye,8.3,10800,2,Var,Tam boy,,,,,,GamingGenTR
Toplama Bilgisayar,Kasa,DeepCool,Lancool Black,3700,Orta,Oyun,,,,,Micro ATX,"Mini Tower, mesh/airflow odaklı kasa",8.2,7912,2,Var,Mini Tower,,,,,,Akakçe
Toplama Bilgisayar,Kasa,ASUS,O11 Dynamic RGB,1900,Giriş,Ofis,,,,,Micro ATX,"Full Tower, mesh/airflow odaklı kasa",7.4,1572,2,Var,Full Tower,,,,,,GamingGenTR
Toplama Bilgisayar,Ekran Kartı,XFX,RTX 4060 StormX 8GB,17600,Orta,Günlük Kullanım,,GDDR6,115,8GB,PCIe,DLSS 3 1080p oyun,7.7,2123,3,Var,,,,8GB,,,İtopya
Toplama Bilgisayar,Klavye,Akko,Vigor GK Wireless Membran Tam boy,650,Giriş,Ofis,,,,,Kablosuz,Membran klavye,7.3,1464,2,Yok,Tam boy,,,,,,Epey
Toplama Bilgisayar,Anakart,ASRock,PRO X870 AX DDR5,21950,Amiral,Tasarım,AM5,DDR5,,,AM5-DDR5,"Micro ATX, X870 yonga seti, DDR5 bellek desteği",8.9,1897,3,Var,Micro ATX,,,,,,Vatan
Toplama Bilgisayar,Klavye,MSI,GMMK Pro Mekanik Tam boy,3850,Üst,Ofis,,,,,Kablosuz,Mekanik klavye,8.3,873,2,Yok,Tam boy,,,,,,GamingGenTR
Toplama Bilgisayar,RAM,Crucial,Ballistix 32GB 2x16GB DDR4 3200MHz,2300,Üst,Yazılım,,DDR4,,32GB,DDR4,3200MHz bellek kiti,8.5,6973,3,Var,,,,,,,GamingGenTR
Toplama Bilgisayar,Mouse,Redragon,M711 Wireless 8000DPI,3050,Üst,Oyun,,,,,Bluetooth,"8000 DPI sensör, 59g",9.1,1124,2,Var,,,,,,,Akakçe
Toplama Bilgisayar,Anakart,Gigabyte,Gaming X X570 MAX DDR4,10350,Üst,Oyun,AM4,DDR4,,,AM4-DDR4,"Mini ITX, X570 yonga seti, DDR4 bellek desteği",8.4,8038,3,Var,Mini ITX,,,,,,Vatan
Toplama Bilgisayar,Monitör,BenQ,ProArt 24.5 inç 3840x2160 144Hz,30050,Amiral,Ofis,,,35,,HDMI-DP,"IPS panel, 144Hz",9.8,5986,3,Yok,24.5 inç,3840x2160,144Hz,,,,Akakçe
Toplama Bilgisayar,Klavye,HyperX,Alloy Origins Pro Membran 60%,2200,Orta,Oyun,,,,,USB,Membran klavye,8.0,7680,2,Yok,60%,,,,,,GamingGenTR
Toplama Bilgisayar,Mouse,ASUS,ROG Keris Mini 12000DPI,550,Giriş,Ofis,,,,,USB,"12000 DPI sensör, 63g",6.7,3245,2,Yok,,,,,,,Epey
Toplama Bilgisayar,Anakart,Gigabyte,Steel Legend Z790 DDR5,9800,Üst,Oyun,LGA1700,DDR5,,,LGA1700-DDR5,"Mini ITX, Z790 yonga seti, DDR5 bellek desteği",9.4,2411,3,Yok,Mini ITX,,,,,,GamingGenTR
Toplama Bilgisayar,Mouse,Glorious,M711 Wireless 36000DPI,1000,Orta,Günlük Kullanım,,,,,Kablosuz,"36000 DPI sensör, 90g",8.6,8162,2,Yok,,,,,,,İncehesap
Toplama Bilgisayar,Mouse,Zowie,Rival Wireless 12000DPI,1150,Orta,Ofis,,,,,Bluetooth,"12000 DPI sensör, 49g",7.9,3175,2,Var,,,,,,,İtopya
Toplama Bilgisayar,Klavye,Redragon,Alloy Origins Mekanik TKL,750,Giriş,Yazılım,,,,,Kablosuz,Mekanik klavye,8.0,1208,2,Yok,TKL,,,,,,İtopya
Toplama Bilgisayar,Monitör,Lenovo,TUF Gaming 23.8 inç 1920x1080 75Hz,3550,Giriş,Tasarım,,,25,,HDMI-DP,"VA panel, 75Hz",6.8,2328,2,Yok,23.8 inç,1920x1080,75Hz,,,,İncehesap
Toplama Bilgisayar,Monitör,Gigabyte,Legion 32 inç 2560x1440 144Hz,7200,Üst,Tasarım,,,50,,HDMI-DP,"IPS panel, 144Hz",9.1,9673,2,Yok,32 inç,2560x1440,144Hz,,,,GamingGenTR
Toplama Bilgisayar,SSD,Crucial,SN850X 1TB NVMe,2600,Orta,Yazılım,,,4,1TB,M2 NVMe,PCIe 4.0 NVMe SSD,7.8,8054,3,Yok,,,,,7340 MB/s,5211 MB/s,Akakçe
Toplama Bilgisayar,Klavye,Corsair,K2 Wireless Mekanik 60%,4400,Üst,Yazılım,,,,,Kablosuz,Mekanik klavye,9.0,1552,2,Yok,60%,,,,,,GamingGenTR
Toplama Bilgisayar,Klavye,Razer,K380 Membran 60%,500,Giriş,Oyun,,,,,USB,Membran klavye,7.9,3401,2,Var,60%,,,,,,Epey
Toplama Bilgisayar,Klavye,ASUS,G Pro X RGB Optik switch TKL,1600,Orta,Yazılım,,,,,Bluetooth,Optik switch klavye,7.9,2050,2,Var,TKL,,,,,,Epey
Toplama Bilgisayar,Kasa,Thermaltake,CH370,12550,Amiral,Oyun,,,,,Micro ATX,"Mini Tower, mesh/airflow odaklı kasa",9.5,5594,2,Yok,Mini Tower,,,,,,İncehesap
Toplama Bilgisayar,Mouse,MSI,Atlantis 26000DPI,400,Giriş,Günlük Kullanım,,,,,Kablosuz,"26000 DPI sensör, 59g",7.5,3135,2,Yok,,,,,,,İncehesap
Toplama Bilgisayar,SSD,ADATA,NM790 500GB NVMe,1250,Giriş,Günlük Kullanım,,,4,500GB,M2 NVMe,PCIe 3.0 NVMe SSD,6.7,1807,3,Yok,,,,,3418 MB/s,3050 MB/s,İtopya
Toplama Bilgisayar,Kasa,Phanteks,CH370 Black,10850,Amiral,Tasarım,,,,,ATX,"Full Tower, mesh/airflow odaklı kasa",9.2,1245,2,Yok,Full Tower,,,,,,GamingGenTR
Toplama Bilgisayar,Kasa,NZXT,Warcry White,1900,Giriş,Günlük Kullanım,,,,,E-ATX,"Mini Tower, mesh/airflow odaklı kasa",6.7,2867,2,Var,Mini Tower,,,,,,GamingGenTR
Toplama Bilgisayar,RAM,Crucial,Viper Steel 32GB 2x16GB DDR5 6400MHz,6750,Üst,Tasarım,,DDR5,,32GB,DDR5,6400MHz bellek kiti,8.4,9853,2,Yok,,,,,,,Sinerji
Toplama Bilgisayar,Klavye,Cooler Master,MOD007 RGB Mekanik 60%,600,Giriş,Günlük Kullanım,,,,,Kablosuz,Mekanik klavye,6.5,3463,2,Var,60%,,,,,,İncehesap
Toplama Bilgisayar,Mouse,HyperX,G305 Wireless 16000DPI,3950,Üst,Yazılım,,,,,Kablosuz,"16000 DPI sensör, 90g",9.1,9478,2,Yok,,,,,,,Akakçe
Toplama Bilgisayar,Ekran Kartı,Colorful,RTX 4070 Hellhound 12GB,37200,Üst,Yapay Zeka,,GDDR6,200,12GB,PCIe,1440p oyun,9.4,5382,3,Var,,,,12GB,,,İncehesap
Toplama Bilgisayar,Monitör,MSI,Mobiuz 23.8 inç 3840x2160 240Hz,43250,Amiral,Yazılım,,,25,,HDMI-DP,"Mini LED panel, 240Hz",9.5,1789,3,Yok,23.8 inç,3840x2160,240Hz,,,,Vatan
Toplama Bilgisayar,Klavye,Logitech,BlackWidow RGB Mekanik 75%,550,Giriş,Oyun,,,,,Kablosuz,Mekanik klavye,7.4,1780,2,Var,75%,,,,,,Vatan
Toplama Bilgisayar,Klavye,Royal Kludge,Alloy Origins Wireless Mekanik TKL,3700,Üst,Yazılım,,,,,USB,Mekanik klavye,8.2,7197,2,Yok,TKL,,,,,,Epey
Toplama Bilgisayar,Güç Kaynağı,Corsair,Core Reactor 650W 80+ Bronze,4000,Orta,Oyun,,,650W,,80+ Bronze,"Yarı modüler PSU, 80+ Bronze",7.6,5795,5,Yok,,,,,,,Akakçe
Toplama Bilgisayar,Mouse,HyperX,G305 Mini 16000DPI,400,Giriş,Günlük Kullanım,,,,,Kablosuz,"16000 DPI sensör, 59g",7.9,985,2,Var,,,,,,,İtopya
Toplama Bilgisayar,HDD,Seagate,N300 1TB 7200RPM,1350,Giriş,Ofis,,,9,1TB,SATA,3.5 inç mekanik disk,7.5,2741,3,Yok,,,,,,,Epey
Toplama Bilgisayar,Kasa,DeepCool,Meshify Black,3600,Orta,Günlük Kullanım,,,,,E-ATX,"Mid Tower, mesh/airflow odaklı kasa",7.4,4620,2,Yok,Mid Tower,,,,,,Sinerji
Toplama Bilgisayar,Ekran Kartı,Gainward,GTX 1650 Aero OC 4GB,6850,Giriş,Günlük Kullanım,,GDDR6,75,4GB,PCIe,1080p giriş oyun,6.7,2507,3,Yok,,,,4GB,,,İncehesap
Toplama Bilgisayar,Anakart,ASUS,TUF Gaming A520 DDR4,3500,Giriş,Yazılım,AM4,DDR4,,,AM4-DDR4,"ATX, A520 yonga seti, DDR4 bellek desteği",6.4,1973,3,Var,ATX,,,,,,Akakçe
Toplama Bilgisayar,Ekran Kartı,Palit,RTX 4070 Ti Super Gaming OC 16GB,62750,Üst,Yapay Zeka,,GDDR6X,285,16GB,PCIe,1440p/4K güçlü performans,8.9,9231,3,Var,,,,16GB,,,Vatan
Toplama Bilgisayar,Anakart,Colorful,Mortar B760 AX DDR5,4500,Orta,Ofis,LGA1700,DDR5,,,LGA1700-DDR5,"Mini ITX, B760 yonga seti, DDR5 bellek desteği",8.3,3443,3,Yok,Mini ITX,,,,,,Sinerji
Toplama Bilgisayar,Soğutucu,ID-Cooling,AK620,800,Giriş,Ofis,,,,,AM4-AM5-LGA1700,Hava soğutma,7.4,1456,5,Yok,,,,,,,Akakçe
Toplama Bilgisayar,Mouse,Logitech,M711 Pro 16000DPI,600,Giriş,Oyun,,,,,Kablosuz,"16000 DPI sensör, 63g",6.9,631,2,Var,,,,,,,Epey
Toplama Bilgisayar,Mouse,MSI,G Pro X Superlight Mini 8000DPI,1700,Orta,Ofis,,,,,Bluetooth,"8000 DPI sensör, 59g",7.7,4524,2,Var,,,,,,,Vatan
Toplama Bilgisayar,Soğutucu,Noctua,Frozr,1500,Orta,Günlük Kullanım,,,,,AM4-AM5-LGA1700,Hava soğutma,7.4,5172,2,Yok,,,,,,,Akakçe
Toplama Bilgisayar,Klavye,Keychron,BlackWidow RGB Low Profile 75%,7500,Amiral,Yazılım,,,,,Bluetooth,Low Profile klavye,9.6,2057,2,Var,75%,,,,,,İncehesap
Toplama Bilgisayar,Soğutucu,SilverStone,H150i,12750,Amiral,Video Edit,,,,,AM4-AM5-LGA1700,360mm sıvı soğutma,8.9,797,3,Yok,360mm,,,,,,İncehesap
Toplama Bilgisayar,Ekran Kartı,Gigabyte,RX 9070 XT Merc 16GB,65350,Amiral,Oyun,,GDDR6,304,16GB,PCIe,2026 RDNA üst seviye,9.7,4638,3,Var,,,,16GB,,,İncehesap
Toplama Bilgisayar,Ekran Kartı,Inno3D,RX 9070 XT Dual 16GB,65600,Amiral,Yapay Zeka,,GDDR6,304,16GB,PCIe,2026 RDNA üst seviye,9.2,5772,3,Var,,,,16GB,,,İtopya
Toplama Bilgisayar,SSD,Corsair,P3 Plus 4TB NVMe,11000,Amiral,Tasarım,,,3,4TB,M2 NVMe,PCIe 4.0 NVMe SSD,9.1,3728,5,Yok,,,,,5326 MB/s,4332 MB/s,GamingGenTR
Toplama Bilgisayar,RAM,Crucial,NOX 8GB 1x8GB DDR5 5600MHz,1250,Giriş,Yazılım,,DDR5,,8GB,DDR5,5600MHz bellek kiti,7.0,3337,3,Yok,,,,,,,Epey
Toplama Bilgisayar,Ekran Kartı,Zotac,RX 7700 XT Aero OC 12GB,25500,Üst,Yapay Zeka,,GDDR6,245,12GB,PCIe,1440p oyun,9.5,8570,3,Var,,,,12GB,,,Epey
Toplama Bilgisayar,Anakart,Colorful,PRO B650 MAX DDR5,4600,Orta,Günlük Kullanım,AM5,DDR5,,,AM5-DDR5,"Micro ATX, B650 yonga seti, DDR5 bellek desteği",7.3,3437,3,Var,Micro ATX,,,,,,Vatan
Toplama Bilgisayar,Mouse,Darmoshark,DeathAdder Mini 26000DPI,4700,Amiral,Günlük Kullanım,,,,,USB,"26000 DPI sensör, 63g",9.5,3874,2,Yok,,,,,,,İtopya
Toplama Bilgisayar,Mouse,MSI,G102 Mini 26000DPI,3550,Üst,Oyun,,,,,Kablosuz,"26000 DPI sensör, 49g",8.1,4492,2,Var,,,,,,,GamingGenTR
Toplama Bilgisayar,Ekran Kartı,Inno3D,RTX 5080 Twin Edge 16GB,96300,Amiral,Yapay Zeka,,GDDR6X,360,16GB,PCIe,2026 4K üst seviye,9.1,2035,3,Var,,,,16GB,,,Epey
Toplama Bilgisayar,Klavye,Akko,Alloy Origins Wireless Membran 60%,550,Giriş,Ofis,,,,,Bluetooth,Membran klavye,7.7,3002,2,Yok,60%,,,,,,Epey
Toplama Bilgisayar,Klavye,Razer,CK Pro Membran 75%,2300,Orta,Yazılım,,,,,USB,Membran klavye,7.7,6651,2,Yok,75%,,,,,,GamingGenTR
Toplama Bilgisayar,Monitör,Samsung,Legion 23.8 inç 2560x1440 180Hz,11500,Üst,Tasarım,,,25,,HDMI-DP,"VA panel, 180Hz",9.4,1961,2,Yok,23.8 inç,2560x1440,180Hz,,,,Sinerji
Toplama Bilgisayar,Mouse,Logitech,Pulsefire 30000DPI,1800,Orta,Günlük Kullanım,,,,,USB,"30000 DPI sensör, 49g",7.5,1116,2,Yok,,,,,,,Epey
Toplama Bilgisayar,Kasa,Corsair,Warcry RGB,2350,Orta,Oyun,,,,,ATX,"Mini Tower, mesh/airflow odaklı kasa",7.7,5067,2,Var,Mini Tower,,,,,,Akakçe
Toplama Bilgisayar,Ekran Kartı,Palit,RX 7900 XTX Twin Edge 24GB,70600,Amiral,Video Edit,,GDDR6,355,24GB,PCIe,24GB VRAM 4K,9.2,6045,3,Yok,,,,24GB,,,Vatan
Toplama Bilgisayar,Soğutucu,Cooler Master,Frozr,4850,Üst,Video Edit,,,,,AM4-AM5-LGA1700,Hava soğutma,9.0,3369,5,Yok,,,,,,,Epey
Toplama Bilgisayar,Monitör,ViewSonic,Raptor 24.5 inç 3840x2160 144Hz,25300,Amiral,Oyun,,,25,,HDMI-DP,"IPS panel, 144Hz",9.6,1440,2,Yok,24.5 inç,3840x2160,144Hz,,,,Vatan
Toplama Bilgisayar,Kasa,Thermaltake,H5 Flow Black,6500,Üst,Yayıncılık,,,,,E-ATX,"Mini Tower, mesh/airflow odaklı kasa",9.4,6909,2,Var,Mini Tower,,,,,,Epey
Toplama Bilgisayar,RAM,G.Skill,Ares 16GB 2x8GB DDR4 3200MHz,1600,Orta,Oyun,,DDR4,,16GB,DDR4,3200MHz bellek kiti,8.0,6239,3,Yok,,,,,,,Vatan
Toplama Bilgisayar,Anakart,ASUS,Tomahawk B650E DDR5,11800,Üst,Yayıncılık,AM5,DDR5,,,AM5-DDR5,"ATX, B650E yonga seti, DDR5 bellek desteği",8.8,6195,3,Var,ATX,,,,,,Epey
Toplama Bilgisayar,Kasa,GamePower,4000D Airflow White,4050,Orta,Yazılım,,,,,ATX,"Full Tower, mesh/airflow odaklı kasa",8.5,6543,2,Var,Full Tower,,,,,,Akakçe
Toplama Bilgisayar,Mouse,Redragon,Clutch GM Wireless 30000DPI,600,Giriş,Günlük Kullanım,,,,,USB,"30000 DPI sensör, 49g",7.4,1330,2,Yok,,,,,,,GamingGenTR
Toplama Bilgisayar,Kasa,Phanteks,Aquarius,7400,Üst,Video Edit,,,,,Micro ATX,"Mini Tower, mesh/airflow odaklı kasa",8.6,8560,2,Var,Mini Tower,,,,,,Epey
Toplama Bilgisayar,Kasa,GamePower,TD500 Mesh,3450,Orta,Oyun,,,,,ATX,"Mini Tower, mesh/airflow odaklı kasa",8.3,8403,2,Yok,Mini Tower,,,,,,Epey
Toplama Bilgisayar,Mouse,Redragon,Viper Pro 26000DPI,1500,Orta,Yazılım,,,,,Bluetooth,"26000 DPI sensör, 90g",7.5,1060,2,Yok,,,,,,,İncehesap
Toplama Bilgisayar,Kasa,Fractal Design,O11 Dynamic,7150,Üst,Yazılım,,,,,E-ATX,"Full Tower, mesh/airflow odaklı kasa",9.3,8976,2,Var,Full Tower,,,,,,İtopya
Toplama Bilgisayar,Anakart,Colorful,Steel Legend H610 MAX DDR4,3450,Giriş,Günlük Kullanım,LGA1700,DDR4,,,LGA1700-DDR4,"ATX, H610 yonga seti, DDR4 bellek desteği",8.0,34,3,Var,ATX,,,,,,Vatan
Toplama Bilgisayar,Klavye,Razer,Vigor GK Pro Membran Tam boy,2950,Üst,Ofis,,,,,Kablosuz,Membran klavye,9.0,6933,2,Yok,Tam boy,,,,,,Akakçe
Toplama Bilgisayar,Mouse,Darmoshark,DeathAdder Wireless 36000DPI,350,Giriş,Ofis,,,,,Kablosuz,"36000 DPI sensör, 90g",8.0,1209,2,Yok,,,,,,,GamingGenTR
Toplama Bilgisayar,SSD,SK hynix,SN850X 1TB NVMe,3250,Orta,Ofis,,,3,1TB,M2 NVMe,PCIe 4.0 NVMe SSD,8.7,396,3,Yok,,,,,6637 MB/s,5312 MB/s,Epey
Toplama Bilgisayar,Mouse,Zowie,ROG Keris Wireless 8000DPI,500,Giriş,Yazılım,,,,,USB,"8000 DPI sensör, 49g",7.1,3190,2,Var,,,,,,,GamingGenTR
Toplama Bilgisayar,RAM,ADATA,XPG Lancer 16GB 2x8GB DDR4 3200MHz,1150,Orta,Ofis,,DDR4,,16GB,DDR4,3200MHz bellek kiti,7.6,7745,5,Yok,,,,,,,Vatan
Toplama Bilgisayar,Kasa,DarkFlash,H5 Flow Mesh,2350,Orta,Oyun,,,,,ATX,"Mid Tower, mesh/airflow odaklı kasa",7.4,7656,2,Yok,Mid Tower,,,,,,GamingGenTR
Toplama Bilgisayar,Monitör,Dell,TUF Gaming 34 inç 3840x2160 144Hz,31700,Amiral,Oyun,,,35,,HDMI-DP,"IPS panel, 144Hz",8.9,5397,3,Yok,34 inç,3840x2160,144Hz,,,,İncehesap
Toplama Bilgisayar,Mouse,Logitech,X2V2 30000DPI,2800,Üst,Ofis,,,,,Kablosuz,"30000 DPI sensör, 49g",8.6,9107,2,Yok,,,,,,,İncehesap
Toplama Bilgisayar,Mouse,ASUS,DeathAdder Wireless 12000DPI,500,Giriş,Ofis,,,,,Kablosuz,"12000 DPI sensör, 63g",7.6,2762,2,Var,,,,,,,İncehesap
Toplama Bilgisayar,Kasa,DarkFlash,4000D Airflow RGB,1700,Giriş,Ofis,,,,,E-ATX,"Full Tower, mesh/airflow odaklı kasa",7.1,783,2,Var,Full Tower,,,,,,GamingGenTR
Toplama Bilgisayar,Kasa,Fractal Design,TD500 RGB,3300,Orta,Yazılım,,,,,ATX,"Mini Tower, mesh/airflow odaklı kasa",8.4,7010,2,Var,Mini Tower,,,,,,İtopya
Toplama Bilgisayar,Kasa,Fractal Design,CH370 White,3800,Orta,Oyun,,,,,Micro ATX,"Mini Tower, mesh/airflow odaklı kasa",7.7,6785,2,Var,Mini Tower,,,,,,GamingGenTR
Toplama Bilgisayar,Kasa,MSI,MAG Forge Black,7150,Üst,Yayıncılık,,,,,E-ATX,"Full Tower, mesh/airflow odaklı kasa",9.3,8171,2,Var,Full Tower,,,,,,GamingGenTR
Toplama Bilgisayar,Monitör,Samsung,Predator 27 inç 3840x2160 240Hz,36500,Amiral,Oyun,,,35,,HDMI-DP,"VA panel, 240Hz",8.9,4754,3,Yok,27 inç,3840x2160,240Hz,,,,Akakçe
Toplama Bilgisayar,Monitör,Philips,TUF Gaming 31.5 inç 1920x1080 75Hz,3200,Giriş,Tasarım,,,35,,HDMI-DP,"IPS panel, 75Hz",7.0,2118,3,Yok,31.5 inç,1920x1080,75Hz,,,,İtopya
Toplama Bilgisayar,Klavye,MSI,Apex Pro Membran 60%,5100,Üst,Oyun,,,,,USB,Membran klavye,9.2,11043,2,Yok,60%,,,,,,Epey
Toplama Bilgisayar,Mouse,SteelSeries,MM712 Pro 30000DPI,1700,Orta,Yazılım,,,,,Kablosuz,"30000 DPI sensör, 49g",7.8,1096,2,Yok,,,,,,,Akakçe
Toplama Bilgisayar,HDD,WD,Red Plus 12TB 7200RPM,12700,Üst,Ofis,,,9,12TB,SATA,3.5 inç mekanik disk,8.8,10793,3,Yok,,,,,,,Epey
Toplama Bilgisayar,Mouse,Cooler Master,Model O 16000DPI,3700,Üst,Oyun,,,,,Kablosuz,"16000 DPI sensör, 75g",9.0,4478,2,Var,,,,,,,Vatan
Toplama Bilgisayar,Kasa,Phanteks,O11 Dynamic White,1950,Giriş,Ofis,,,,,ATX,"Mid Tower, mesh/airflow odaklı kasa",8.1,2710,2,Var,Mid Tower,,,,,,Akakçe
Toplama Bilgisayar,Klavye,Logitech,Apex RGB Mekanik TKL,1750,Orta,Oyun,,,,,Bluetooth,Mekanik klavye,7.6,7896,2,Var,TKL,,,,,,İncehesap
Toplama Bilgisayar,Klavye,Cooler Master,Alloy Origins Wireless Mekanik 60%,1450,Orta,Oyun,,,,,Bluetooth,Mekanik klavye,7.4,7132,2,Var,60%,,,,,,GamingGenTR
Toplama Bilgisayar,İşlemci,AMD,Ryzen 5 4500 Kampanya,2600,Giriş,Günlük Kullanım,AM4,DDR4,65,,AM4-DDR4,6 çekirdek 12 thread,7.6,2216,3,Yok,,,,,,,Akakçe
Toplama Bilgisayar,Mouse,Zowie,Clutch GM 12000DPI,2700,Üst,Oyun,,,,,Kablosuz,"12000 DPI sensör, 63g",9.0,8970,2,Yok,,,,,,,Vatan
Toplama Bilgisayar,Klavye,Corsair,Apex Wireless Optik switch 75%,1400,Orta,Ofis,,,,,Kablosuz,Optik switch klavye,7.7,6398,2,Yok,75%,,,,,,Vatan
Toplama Bilgisayar,Soğutucu,Thermalright,H100i,15000,Amiral,Yapay Zeka,,,,,AM4-AM5-LGA1700,280mm sıvı soğutma,9.5,4682,6,Yok,280mm,,,,,,İtopya
Toplama Bilgisayar,Mouse,MSI,G305 Mini 16000DPI,3550,Üst,Günlük Kullanım,,,,,Kablosuz,"16000 DPI sensör, 49g",8.7,8607,2,Yok,,,,,,,Epey
Toplama Bilgisayar,Klavye,Cooler Master,Ogre Mekanik TKL,2950,Üst,Günlük Kullanım,,,,,USB,Mekanik klavye,8.5,4102,2,Var,TKL,,,,,,İncehesap
Toplama Bilgisayar,Klavye,Royal Kludge,Ogre Wireless Membran 75%,6550,Amiral,Yazılım,,,,,Bluetooth,Membran klavye,9.9,3495,2,Yok,75%,,,,,,İncehesap
Toplama Bilgisayar,RAM,Patriot,T-Force Delta 16GB 2x8GB DDR4 4000MHz,2000,Orta,Günlük Kullanım,,DDR4,,16GB,DDR4,4000MHz bellek kiti,7.6,3918,3,Var,,,,,,,GamingGenTR
Toplama Bilgisayar,HDD,WD,SkyHawk 1TB 7200RPM,1850,Giriş,Video Edit,,,5,1TB,SATA,3.5 inç mekanik disk,7.6,1340,3,Yok,,,,,,,Sinerji
Toplama Bilgisayar,Mouse,Lamzu,Clutch GM Mini 36000DPI,500,Giriş,Oyun,,,,,Bluetooth,"36000 DPI sensör, 49g",7.5,740,2,Var,,,,,,,Vatan
Toplama Bilgisayar,Mouse,Cooler Master,ROG Keris Wireless 36000DPI,400,Giriş,Yazılım,,,,,Kablosuz,"36000 DPI sensör, 63g",7.0,2705,2,Var,,,,,,,Sinerji
Toplama Bilgisayar,Mouse,Logitech,Rival Pro 26000DPI,350,Giriş,Ofis,,,,,Kablosuz,"26000 DPI sensör, 49g",7.6,2681,2,Var,,,,,,,Epey
Toplama Bilgisayar,Monitör,ASUS,UltraGear 23.8 inç 1920x1080 180Hz,5550,Orta,Oyun,,,25,,HDMI-DP,"VA panel, 180Hz",8.2,4383,2,Yok,23.8 inç,1920x1080,180Hz,,,,Vatan
Toplama Bilgisayar,Anakart,ASRock,Tomahawk A620 AX DDR5,3250,Giriş,Yazılım,AM5,DDR5,,,AM5-DDR5,"Mini ITX, A620 yonga seti, DDR5 bellek desteği",7.1,2996,3,Var,Mini ITX,,,,,,Epey
Toplama Bilgisayar,Kasa,ASUS,TUF GT Mesh,6350,Üst,Video Edit,,,,,E-ATX,"Full Tower, mesh/airflow odaklı kasa",8.4,9336,2,Var,Full Tower,,,,,,Sinerji
Toplama Bilgisayar,HDD,WD,IronWolf 1TB 7200RPM,1800,Giriş,Ofis,,,5,1TB,SATA,3.5 inç mekanik disk,6.6,3022,3,Yok,,,,,,,Epey
Toplama Bilgisayar,Monitör,ASUS,ProArt 32 inç 1920x1080 144Hz,5200,Orta,Tasarım,,,35,,HDMI-DP,"IPS panel, 144Hz",8.1,4749,3,Yok,32 inç,1920x1080,144Hz,,,,İncehesap
Toplama Bilgisayar,Klavye,Cooler Master,G Pro X Wireless Low Profile 75%,3600,Üst,Günlük Kullanım,,,,,Kablosuz,Low Profile klavye,8.4,1937,2,Yok,75%,,,,,,Vatan
Toplama Bilgisayar,Mouse,Darmoshark,ROG Keris Wireless 30000DPI,1800,Orta,Yazılım,,,,,Bluetooth,"30000 DPI sensör, 59g",7.9,2702,2,Var,,,,,,,Epey
Toplama Bilgisayar,Ekran Kartı,Palit,RTX 4070 Ti Super Nitro+ 16GB,52050,Üst,Yayıncılık,,GDDR6X,285,16GB,PCIe,1440p/4K güçlü performans,8.2,1612,3,Var,,,,16GB,,,İncehesap
Toplama Bilgisayar,HDD,Toshiba,Blue 4TB 7200RPM,4750,Orta,Ofis,,,5,4TB,SATA,3.5 inç mekanik disk,8.1,3771,2,Yok,,,,,,,GamingGenTR
Toplama Bilgisayar,Anakart,Gigabyte,Aorus Elite B650 WiFi DDR5,5200,Orta,Günlük Kullanım,AM5,DDR5,,,AM5-DDR5,"ATX, B650 yonga seti, DDR5 bellek desteği",8.7,6193,3,Var,ATX,,,,,,Vatan
Toplama Bilgisayar,SSD,Kingston,990 EVO 1TB NVMe,2400,Orta,Ofis,,,3,1TB,M2 NVMe,PCIe 4.0 NVMe SSD,7.4,6548,3,Yok,,,,,7430 MB/s,5825 MB/s,GamingGenTR
Toplama Bilgisayar,Kasa,DarkFlash,MAG Forge RGB,2250,Giriş,Günlük Kullanım,,,,,Micro ATX,"Mini Tower, mesh/airflow odaklı kasa",7.8,2978,2,Var,Mini Tower,,,,,,GamingGenTR
Toplama Bilgisayar,Monitör,Gigabyte,Optix 23.8 inç 1920x1080 144Hz,4500,Orta,Oyun,,,35,,HDMI-DP,"IPS panel, 144Hz",7.6,1461,2,Yok,23.8 inç,1920x1080,144Hz,,,,Sinerji
Toplama Bilgisayar,Kasa,DarkFlash,TUF GT RGB,2900,Orta,Günlük Kullanım,,,,,E-ATX,"Full Tower, mesh/airflow odaklı kasa",8.4,2465,2,Var,Full Tower,,,,,,Epey
Toplama Bilgisayar,Ekran Kartı,MSI,RTX 5070 Ventus 2X 12GB,55550,Üst,Yapay Zeka,,GDDR6,250,12GB,PCIe,2026 yeni nesil 1440p,8.3,7302,3,Yok,,,,12GB,,,İtopya
Toplama Bilgisayar,Kasa,GamePower,O11 Dynamic Mesh,2450,Orta,Ofis,,,,,ATX,"Full Tower, mesh/airflow odaklı kasa",7.9,5907,2,Var,Full Tower,,,,,,İncehesap
Toplama Bilgisayar,Mouse,Corsair,Atlantis 16000DPI,2400,Üst,Ofis,,,,,Bluetooth,"16000 DPI sensör, 63g",8.7,5922,2,Var,,,,,,,İncehesap
Toplama Bilgisayar,Mouse,HyperX,X2V2 Mini 12000DPI,4900,Amiral,Yazılım,,,,,USB,"12000 DPI sensör, 63g",9.4,3399,2,Yok,,,,,,,GamingGenTR
Toplama Bilgisayar,Güç Kaynağı,Thermaltake,Performance GD 550W 80+ Bronze,2100,Giriş,Günlük Kullanım,,,550W,,80+ Bronze,"Sabit kablo PSU, 80+ Bronze",7.4,1565,3,Yok,,,,,,,Sinerji
Toplama Bilgisayar,Anakart,Biostar,Tomahawk A520 MAX DDR4,2900,Giriş,Ofis,AM4,DDR4,,,AM4-DDR4,"Micro ATX, A520 yonga seti, DDR4 bellek desteği",6.9,339,3,Yok,Micro ATX,,,,,,Vatan
Toplama Bilgisayar,Mouse,Redragon,Pulsefire Pro 30000DPI,1250,Orta,Günlük Kullanım,,,,,USB,"30000 DPI sensör, 59g",7.5,4578,2,Yok,,,,,,,İncehesap
Toplama Bilgisayar,Kasa,DeepCool,TUF GT Mesh,14400,Amiral,Tasarım,,,,,E-ATX,"Mid Tower, mesh/airflow odaklı kasa",9.0,6421,2,Yok,Mid Tower,,,,,,Epey
Toplama Bilgisayar,Klavye,Keychron,GMMK Membran 75%,5000,Üst,Ofis,,,,,USB,Membran klavye,9.5,5451,2,Var,75%,,,,,,Sinerji
Toplama Bilgisayar,Mouse,Lamzu,G305 Wireless 26000DPI,350,Giriş,Oyun,,,,,Kablosuz,"26000 DPI sensör, 75g",7.4,1506,2,Var,,,,,,,Sinerji
Toplama Bilgisayar,Kasa,Xigmatek,CH370 Black,14350,Amiral,Yapay Zeka,,,,,ATX,"Full Tower, mesh/airflow odaklı kasa",9.3,4627,2,Yok,Full Tower,,,,,,GamingGenTR
Toplama Bilgisayar,Kasa,Lian Li,Warcry RGB,2250,Giriş,Günlük Kullanım,,,,,E-ATX,"Mid Tower, mesh/airflow odaklı kasa",7.7,1781,2,Var,Mid Tower,,,,,,Akakçe
Toplama Bilgisayar,Ekran Kartı,PNY,RTX 4060 Twin Edge 8GB,20800,Orta,Günlük Kullanım,,GDDR6,115,8GB,PCIe,DLSS 3 1080p oyun,8.6,7075,3,Yok,,,,8GB,,,İtopya
Toplama Bilgisayar,Anakart,MSI,Phantom Gaming B660 DDR4,6400,Orta,Günlük Kullanım,LGA1700,DDR4,,,LGA1700-DDR4,"Micro ATX, B660 yonga seti, DDR4 bellek desteği",8.5,5092,3,Yok,Micro ATX,,,,,,İtopya
Toplama Bilgisayar,Mouse,ASUS,Viper Mini 16000DPI,1650,Orta,Yazılım,,,,,Kablosuz,"16000 DPI sensör, 63g",8.5,5811,2,Var,,,,,,,İncehesap
Toplama Bilgisayar,Kasa,DarkFlash,O11 Dynamic Mesh,5650,Üst,Yazılım,,,,,E-ATX,"Full Tower, mesh/airflow odaklı kasa",8.4,9982,2,Var,Full Tower,,,,,,Epey
Toplama Bilgisayar,İşlemci,AMD,Ryzen 7 7800X3D Kampanya,16100,Amiral,Oyun,AM5,DDR5,120,,AM5-DDR5,3D V-Cache üst seviye oyun,9.0,22,3,Yok,,,,,,,GamingGenTR
Toplama Bilgisayar,Anakart,MSI,Aorus Elite B650E AX DDR5,12200,Üst,Yayıncılık,AM5,DDR5,,,AM5-DDR5,"Micro ATX, B650E yonga seti, DDR5 bellek desteği",8.9,1157,3,Yok,Micro ATX,,,,,,Epey
Toplama Bilgisayar,Monitör,ViewSonic,Mobiuz 31.5 inç 3840x2160 240Hz,34300,Amiral,Oyun,,,50,,HDMI-DP,"VA panel, 240Hz",9.7,2019,3,Yok,31.5 inç,3840x2160,240Hz,,,,Epey
Toplama Bilgisayar,SSD,SK hynix,MP600 2TB NVMe,6700,Üst,Tasarım,,,5,2TB,M2 NVMe,PCIe 4.0 NVMe SSD,9.4,9348,3,Yok,,,,,6056 MB/s,5551 MB/s,GamingGenTR
Toplama Bilgisayar,Klavye,Keychron,MOD007 RGB Low Profile TKL,1500,Orta,Yazılım,,,,,USB,Low Profile klavye,8.3,260,2,Var,TKL,,,,,,Epey
Toplama Bilgisayar,Monitör,MSI,ProArt 32 inç 3840x2160 240Hz,44650,Amiral,Tasarım,,,25,,HDMI-DP,"VA panel, 240Hz",9.8,1710,2,Yok,32 inç,3840x2160,240Hz,,,,İncehesap
Toplama Bilgisayar,Ekran Kartı,ASUS,RX 7900 XTX Gaming OC 24GB,70900,Amiral,Yayıncılık,,GDDR6,355,24GB,PCIe,24GB VRAM 4K,9.4,4016,3,Var,,,,24GB,,,İtopya
Toplama Bilgisayar,Klavye,Razer,CK Wireless Membran 60%,500,Giriş,Oyun,,,,,USB,Membran klavye,7.1,2315,2,Var,60%,,,,,,Vatan
Toplama Bilgisayar,Klavye,Akko,K2 Mekanik 75%,3350,Üst,Oyun,,,,,USB,Mekanik klavye,8.9,3450,2,Var,75%,,,,,,İtopya
Toplama Bilgisayar,Anakart,Biostar,TUF Gaming H610 DDR4,2500,Giriş,Ofis,LGA1700,DDR4,,,LGA1700-DDR4,"Micro ATX, H610 yonga seti, DDR4 bellek desteği",7.6,1894,3,Yok,Micro ATX,,,,,,Epey
Toplama Bilgisayar,RAM,G.Skill,T-Force Delta 16GB 2x8GB DDR5 7200MHz,3400,Orta,Ofis,,DDR5,,16GB,DDR5,7200MHz bellek kiti,7.3,7662,5,Yok,,,,,,,Sinerji
Toplama Bilgisayar,Klavye,Cooler Master,K70 Pro Membran TKL,7100,Amiral,Oyun,,,,,Kablosuz,Membran klavye,8.9,725,2,Var,TKL,,,,,,Sinerji
Toplama Bilgisayar,Kasa,Fractal Design,Warcry Black,6200,Üst,Oyun,,,,,Micro ATX,"Mini Tower, mesh/airflow odaklı kasa",8.4,10956,2,Yok,Mini Tower,,,,,,GamingGenTR
Toplama Bilgisayar,Monitör,AOC,Mobiuz 34 inç 3840x2160 240Hz,52350,Amiral,Tasarım,,,50,,HDMI-DP,"OLED panel, 240Hz",9.7,5688,2,Yok,34 inç,3840x2160,240Hz,,,,İncehesap
Toplama Bilgisayar,RAM,G.Skill,Ballistix 64GB 2x32GB DDR4 3200MHz,5500,Amiral,Video Edit,,DDR4,,64GB,DDR4,3200MHz bellek kiti,8.9,3846,3,Yok,,,,,,,Epey
Toplama Bilgisayar,Kasa,Fractal Design,CH370 RGB,5200,Üst,Video Edit,,,,,E-ATX,"Full Tower, mesh/airflow odaklı kasa",8.3,6406,2,Var,Full Tower,,,,,,İtopya
Toplama Bilgisayar,Soğutucu,NZXT,LT720,2800,Orta,Ofis,,,,,AM4-AM5-LGA1700,360mm sıvı soğutma,8.1,2664,5,Var,360mm,,,,,,İtopya
Toplama Bilgisayar,SSD,Kingston,MP600 4TB NVMe,15650,Amiral,Yapay Zeka,,,3,4TB,M2 NVMe,PCIe 5.0 NVMe SSD,8.9,3588,3,Yok,,,,,10065 MB/s,8866 MB/s,Akakçe
Toplama Bilgisayar,Anakart,MSI,Mortar B760 DDR5,4600,Orta,Oyun,LGA1700,DDR5,,,LGA1700-DDR5,"Mini ITX, B760 yonga seti, DDR5 bellek desteği",8.0,3663,3,Var,Mini ITX,,,,,,Akakçe
Toplama Bilgisayar,Mouse,Pulsar,Atlantis Mini 8000DPI,1700,Orta,Ofis,,,,,Bluetooth,"8000 DPI sensör, 63g",7.7,642,2,Var,,,,,,,Vatan
Toplama Bilgisayar,Mouse,Pulsar,FK2 Mini 30000DPI,1450,Orta,Günlük Kullanım,,,,,Bluetooth,"30000 DPI sensör, 63g",8.6,6419,2,Var,,,,,,,Akakçe
Toplama Bilgisayar,Kasa,Fractal Design,TD500 Mesh,6500,Üst,Yazılım,,,,,E-ATX,"Mid Tower, mesh/airflow odaklı kasa",8.9,1604,2,Var,Mid Tower,,,,,,GamingGenTR
Toplama Bilgisayar,Mouse,SteelSeries,FK2 Mini 16000DPI,400,Giriş,Oyun,,,,,USB,"16000 DPI sensör, 59g",6.5,3067,2,Yok,,,,,,,Sinerji
Toplama Bilgisayar,Mouse,Zowie,DeathAdder Pro 26000DPI,2900,Üst,Yazılım,,,,,USB,"26000 DPI sensör, 49g",8.9,7610,2,Yok,,,,,,,İncehesap
Toplama Bilgisayar,Kasa,Fractal Design,MAG Forge RGB,1400,Giriş,Oyun,,,,,E-ATX,"Full Tower, mesh/airflow odaklı kasa",6.4,1147,2,Var,Full Tower,,,,,,Epey
Toplama Bilgisayar,Anakart,ASUS,Phantom Gaming H610 WiFi DDR4,3700,Giriş,Ofis,LGA1700,DDR4,,,LGA1700-DDR4,"ATX, H610 yonga seti, DDR4 bellek desteği",6.6,1714,3,Var,ATX,,,,,,GamingGenTR
Toplama Bilgisayar,Klavye,SteelSeries,G Pro X Wireless Membran 75%,700,Giriş,Yazılım,,,,,Bluetooth,Membran klavye,8.0,2318,2,Yok,75%,,,,,,Sinerji
Toplama Bilgisayar,Mouse,Corsair,G305 Mini 36000DPI,550,Giriş,Günlük Kullanım,,,,,Bluetooth,"36000 DPI sensör, 90g",7.4,604,2,Var,,,,,,,İncehesap
Toplama Bilgisayar,Anakart,NZXT,Prime B660 MAX DDR4,5150,Orta,Yazılım,LGA1700,DDR4,,,LGA1700-DDR4,"ATX, B660 yonga seti, DDR4 bellek desteği",8.6,4277,3,Var,ATX,,,,,,İtopya
Toplama Bilgisayar,Ekran Kartı,Inno3D,RX 7800 XT TUF 16GB,36800,Üst,Video Edit,,GDDR6,263,16GB,PCIe,16GB VRAM 1440p,9.4,4933,3,Yok,,,,16GB,,,Epey
Toplama Bilgisayar,RAM,Apacer,Ares 32GB 2x16GB DDR5 6400MHz,5300,Üst,Tasarım,,DDR5,,32GB,DDR5,6400MHz bellek kiti,8.4,2285,3,Yok,,,,,,,Sinerji
Toplama Bilgisayar,Mouse,Logitech,M711 Wireless 8000DPI,3900,Üst,Ofis,,,,,Kablosuz,"8000 DPI sensör, 63g",9.2,3117,2,Var,,,,,,,İncehesap
Toplama Bilgisayar,Mouse,Cooler Master,Clutch GM Mini 8000DPI,6600,Amiral,Oyun,,,,,Bluetooth,"8000 DPI sensör, 63g",9.7,501,2,Yok,,,,,,,İncehesap
Toplama Bilgisayar,Anakart,MSI,Strix B550 WiFi DDR4,4600,Orta,Ofis,AM4,DDR4,,,AM4-DDR4,"ATX, B550 yonga seti, DDR4 bellek desteği",8.0,6320,3,Yok,ATX,,,,,,İncehesap
Toplama Bilgisayar,Monitör,AOC,Mobiuz 23.8 inç 3840x2160 240Hz,33650,Amiral,Tasarım,,,35,,HDMI-DP,"Mini LED panel, 240Hz",9.9,2229,2,Yok,23.8 inç,3840x2160,240Hz,,,,Epey
Toplama Bilgisayar,Kasa,GamePower,View 270,6050,Üst,Oyun,,,,,E-ATX,"Mini Tower, mesh/airflow odaklı kasa",8.3,10301,2,Yok,Mini Tower,,,,,,Sinerji
Toplama Bilgisayar,Monitör,LG,Nitro 23.8 inç 2560x1440 180Hz,13300,Üst,Oyun,,,25,,HDMI-DP,"IPS panel, 180Hz",8.4,4511,2,Yok,23.8 inç,2560x1440,180Hz,,,,Akakçe
Toplama Bilgisayar,Anakart,ASUS,Strix H610 MAX DDR4,2600,Giriş,Günlük Kullanım,LGA1700,DDR4,,,LGA1700-DDR4,"Mini ITX, H610 yonga seti, DDR4 bellek desteği",6.7,1551,3,Var,Mini ITX,,,,,,Epey
Toplama Bilgisayar,Kasa,Corsair,Meshify RGB,3100,Orta,Ofis,,,,,ATX,"Mid Tower, mesh/airflow odaklı kasa",8.0,5317,2,Var,Mid Tower,,,,,,Vatan
Toplama Bilgisayar,Anakart,ASUS,Creator X570 MAX DDR4,13500,Üst,Video Edit,AM4,DDR4,,,AM4-DDR4,"Micro ATX, X570 yonga seti, DDR4 bellek desteği",9.2,2097,3,Var,Micro ATX,,,,,,Akakçe
Toplama Bilgisayar,Mouse,Zowie,FK2 12000DPI,500,Giriş,Oyun,,,,,USB,"12000 DPI sensör, 75g",7.2,1203,2,Var,,,,,,,İtopya
Toplama Bilgisayar,Klavye,Keychron,ROG Strix Scope RGB Low Profile Tam boy,700,Giriş,Oyun,,,,,Kablosuz,Low Profile klavye,7.4,1981,2,Var,Tam boy,,,,,,Akakçe
Toplama Bilgisayar,Monitör,Acer,G-Master 23.8 inç 1920x1080 180Hz,4650,Orta,Oyun,,,35,,HDMI-DP,"IPS panel, 180Hz",8.6,683,2,Yok,23.8 inç,1920x1080,180Hz,,,,Epey
Toplama Bilgisayar,Klavye,Royal Kludge,BlackWidow Pro Membran TKL,850,Giriş,Yazılım,,,,,USB,Membran klavye,7.7,2998,2,Yok,TKL,,,,,,Sinerji
Toplama Bilgisayar,HDD,Seagate,Barracuda 6TB 7200RPM,7250,Orta,Yayıncılık,,,7,6TB,SATA,3.5 inç mekanik disk,7.5,2296,2,Yok,,,,,,,Sinerji
Toplama Bilgisayar,Klavye,MSI,ROG Strix Scope Pro Low Profile 60%,750,Giriş,Oyun,,,,,Bluetooth,Low Profile klavye,7.1,2372,2,Var,60%,,,,,,Epey
Toplama Bilgisayar,Mouse,ASUS,X2V2 26000DPI,1800,Orta,Yazılım,,,,,Bluetooth,"26000 DPI sensör, 63g",8.2,7423,2,Var,,,,,,,Vatan
Toplama Bilgisayar,Anakart,Biostar,Strix Z790 MAX DDR5,10900,Üst,Video Edit,LGA1700,DDR5,,,LGA1700-DDR5,"Micro ATX, Z790 yonga seti, DDR5 bellek desteği",8.3,4571,3,Var,Micro ATX,,,,,,GamingGenTR
Toplama Bilgisayar,Klavye,ASUS,BlackWidow Wireless Membran 75%,7200,Amiral,Ofis,,,,,Kablosuz,Membran klavye,9.8,2163,2,Var,75%,,,,,,GamingGenTR
Toplama Bilgisayar,Monitör,Gigabyte,Legion 27 inç 1920x1080 75Hz,2700,Giriş,Oyun,,,35,,HDMI-DP,"VA panel, 75Hz",6.8,2931,3,Yok,27 inç,1920x1080,75Hz,,,,Epey
Toplama Bilgisayar,Monitör,LG,Optix 32 inç 3440x1440 165Hz,21700,Amiral,Oyun,,,25,,HDMI-DP,"IPS panel, 165Hz",9.1,6255,2,Yok,32 inç,3440x1440,165Hz,,,,Epey
Toplama Bilgisayar,Klavye,HyperX,Vigor GK RGB Low Profile 75%,4850,Üst,Oyun,,,,,USB,Low Profile klavye,8.9,9825,2,Var,75%,,,,,,Vatan
Toplama Bilgisayar,İşlemci,AMD,Ryzen 5 4500 Pro Sistem,3450,Giriş,Ofis,AM4,DDR4,65,,AM4-DDR4,6 çekirdek 12 thread,6.5,1220,3,Yok,,,,,,,Sinerji
Toplama Bilgisayar,HDD,WD,Blue 6TB 7200RPM,7350,Orta,Yayıncılık,,,7,6TB,SATA,3.5 inç mekanik disk,7.5,6297,3,Yok,,,,,,,GamingGenTR
Toplama Bilgisayar,SSD,Kingston,Exceria Plus 500GB NVMe,1250,Giriş,Ofis,,,3,500GB,M2 NVMe,PCIe 3.0 NVMe SSD,6.6,1747,3,Yok,,,,,3386 MB/s,2925 MB/s,Akakçe
Toplama Bilgisayar,Mouse,HyperX,Viper Pro 30000DPI,3150,Üst,Yazılım,,,,,Bluetooth,"30000 DPI sensör, 75g",8.5,10691,2,Var,,,,,,,Epey
Toplama Bilgisayar,Mouse,Razer,G Pro X Superlight Pro 30000DPI,1100,Orta,Ofis,,,,,Bluetooth,"30000 DPI sensör, 59g",8.6,2753,2,Yok,,,,,,,GamingGenTR
Toplama Bilgisayar,Klavye,Razer,K70 Wireless Optik switch 60%,500,Giriş,Günlük Kullanım,,,,,Kablosuz,Optik switch klavye,7.4,292,2,Var,60%,,,,,,İncehesap
Toplama Bilgisayar,Soğutucu,SilverStone,Hyper 212,4850,Üst,Tasarım,,,,,AM4-AM5-LGA1700,Hava soğutma,9.0,85,2,Var,,,,,,,Vatan
Toplama Bilgisayar,Güç Kaynağı,MSI,Hydro K Pro 550W 80+ Bronze,2200,Giriş,Günlük Kullanım,,,550W,,80+ Bronze,"Yarı modüler PSU, 80+ Bronze",6.7,1498,2,Yok,,,,,,,Vatan
Toplama Bilgisayar,Anakart,Biostar,Tomahawk X670 MAX DDR5,13600,Üst,Yazılım,AM5,DDR5,,,AM5-DDR5,"Micro ATX, X670 yonga seti, DDR5 bellek desteği",8.9,7510,3,Var,Micro ATX,,,,,,İncehesap
Toplama Bilgisayar,Mouse,HyperX,G102 Wireless 12000DPI,4000,Üst,Yazılım,,,,,Bluetooth,"12000 DPI sensör, 90g",8.9,4691,2,Var,,,,,,,Sinerji
Toplama Bilgisayar,Kasa,Corsair,4000D Airflow Black,5900,Üst,Yazılım,,,,,ATX,"Full Tower, mesh/airflow odaklı kasa",8.7,7204,2,Var,Full Tower,,,,,,GamingGenTR
Toplama Bilgisayar,SSD,ADATA,MP600 4TB NVMe,19000,Amiral,Oyun,,,4,4TB,M2 NVMe,PCIe 5.0 NVMe SSD,9.7,3405,3,Yok,,,,,11160 MB/s,7693 MB/s,İncehesap
Toplama Bilgisayar,Mouse,ASUS,M711 Wireless 26000DPI,1100,Orta,Ofis,,,,,USB,"26000 DPI sensör, 49g",8.5,7661,2,Yok,,,,,,,İtopya
Toplama Bilgisayar,SSD,ADATA,Exceria Plus 500GB NVMe,2200,Giriş,Yazılım,,,4,500GB,M2 NVMe,PCIe 5.0 NVMe SSD,7.5,1756,3,Yok,,,,,10427 MB/s,8365 MB/s,İncehesap
Toplama Bilgisayar,Monitör,ASUS,Odyssey 27 inç 2560x1440 144Hz,9300,Üst,Yazılım,,,25,,HDMI-DP,"VA panel, 144Hz",9.2,11161,3,Yok,27 inç,2560x1440,144Hz,,,,Epey
Toplama Bilgisayar,Klavye,Glorious,CK Optik switch TKL,4200,Üst,Oyun,,,,,Kablosuz,Optik switch klavye,8.7,5255,2,Yok,TKL,,,,,,İncehesap
Toplama Bilgisayar,RAM,Apacer,Trident Z5 64GB 2x32GB DDR4 3600MHz,7000,Amiral,Yapay Zeka,,DDR4,,64GB,DDR4,3600MHz bellek kiti,9.4,38,5,Var,,,,,,,Vatan
Toplama Bilgisayar,Mouse,Cooler Master,MM712 Mini 16000DPI,2600,Üst,Günlük Kullanım,,,,,Bluetooth,"16000 DPI sensör, 90g",8.2,2707,2,Var,,,,,,,GamingGenTR
Toplama Bilgisayar,RAM,XPG,Viper Steel 8GB 1x8GB DDR5 7200MHz,1650,Giriş,Günlük Kullanım,,DDR5,,8GB,DDR5,7200MHz bellek kiti,7.6,1719,3,Yok,,,,,,,İtopya
Toplama Bilgisayar,Anakart,ASRock,TUF Gaming H610 AX DDR4,3550,Giriş,Yazılım,LGA1700,DDR4,,,LGA1700-DDR4,"Mini ITX, H610 yonga seti, DDR4 bellek desteği",7.1,3174,3,Var,Mini ITX,,,,,,Epey
Toplama Bilgisayar,Kasa,NZXT,4000D Airflow RGB,5300,Üst,Oyun,,,,,ATX,"Mini Tower, mesh/airflow odaklı kasa",8.8,676,2,Var,Mini Tower,,,,,,Sinerji
Toplama Bilgisayar,Mouse,Cooler Master,G305 Mini 26000DPI,550,Giriş,Günlük Kullanım,,,,,USB,"26000 DPI sensör, 75g",8.0,1936,2,Var,,,,,,,Vatan
Toplama Bilgisayar,Mouse,Zowie,Clutch GM Pro 12000DPI,500,Giriş,Günlük Kullanım,,,,,Kablosuz,"12000 DPI sensör, 90g",7.8,77,2,Yok,,,,,,,GamingGenTR
Toplama Bilgisayar,Ekran Kartı,Gainward,RTX 4070 Ti Super StormX 16GB,59850,Üst,Oyun,,GDDR6X,285,16GB,PCIe,1440p/4K güçlü performans,8.1,4507,3,Yok,,,,16GB,,,İncehesap
Toplama Bilgisayar,Mouse,Razer,Harpoon Pro 8000DPI,6550,Amiral,Günlük Kullanım,,,,,Kablosuz,"8000 DPI sensör, 75g",9.1,5156,2,Var,,,,,,,Sinerji
Toplama Bilgisayar,HDD,Toshiba,Red Plus 8TB 7200RPM,8050,Üst,Yayıncılık,,,7,8TB,SATA,3.5 inç mekanik disk,8.6,2953,3,Yok,,,,,,,Epey
Toplama Bilgisayar,Klavye,Logitech,K380 Membran 75%,3000,Üst,Ofis,,,,,USB,Membran klavye,8.2,9110,2,Yok,75%,,,,,,İtopya
Toplama Bilgisayar,Ekran Kartı,Zotac,RTX 5080 Pulse 16GB,102850,Amiral,Oyun,,GDDR6X,360,16GB,PCIe,2026 4K üst seviye,9.5,2479,3,Yok,,,,16GB,,,GamingGenTR
Toplama Bilgisayar,Kasa,MSI,4000D Airflow,3650,Orta,Yazılım,,,,,ATX,"Mid Tower, mesh/airflow odaklı kasa",8.2,3266,2,Yok,Mid Tower,,,,,,Akakçe
Toplama Bilgisayar,Monitör,AOC,Alienware 24.5 inç 1920x1080 75Hz,2700,Giriş,Tasarım,,,25,,HDMI-DP,"IPS panel, 75Hz",7.9,1195,2,Yok,24.5 inç,1920x1080,75Hz,,,,Vatan
Toplama Bilgisayar,Anakart,NZXT,Tomahawk H610 DDR4,2850,Giriş,Günlük Kullanım,LGA1700,DDR4,,,LGA1700-DDR4,"ATX, H610 yonga seti, DDR4 bellek desteği",7.2,2666,3,Var,ATX,,,,,,GamingGenTR
Toplama Bilgisayar,Anakart,NZXT,Tomahawk B660 MAX DDR4,6600,Orta,Günlük Kullanım,LGA1700,DDR4,,,LGA1700-DDR4,"Micro ATX, B660 yonga seti, DDR4 bellek desteği",7.9,545,3,Yok,Micro ATX,,,,,,Akakçe
Toplama Bilgisayar,Klavye,MSI,Vigor GK RGB Mekanik 60%,4450,Üst,Yazılım,,,,,Kablosuz,Mekanik klavye,8.3,10876,2,Var,60%,,,,,,Akakçe
Toplama Bilgisayar,Anakart,Biostar,Taichi B650E WiFi DDR5,10300,Üst,Oyun,AM5,DDR5,,,AM5-DDR5,"Micro ATX, B650E yonga seti, DDR5 bellek desteği",9.3,7757,3,Var,Micro ATX,,,,,,Vatan
Toplama Bilgisayar,Mouse,HyperX,Model O 30000DPI,1650,Orta,Oyun,,,,,USB,"30000 DPI sensör, 75g",7.8,7987,2,Var,,,,,,,Sinerji
Toplama Bilgisayar,Mouse,Darmoshark,M711 Mini 8000DPI,450,Giriş,Oyun,,,,,Kablosuz,"8000 DPI sensör, 63g",7.2,698,2,Yok,,,,,,,Sinerji
Toplama Bilgisayar,Mouse,Darmoshark,Clutch GM Pro 8000DPI,550,Giriş,Oyun,,,,,Kablosuz,"8000 DPI sensör, 49g",7.7,3031,2,Var,,,,,,,Sinerji
Toplama Bilgisayar,Klavye,SteelSeries,Apex RGB Low Profile 75%,2350,Orta,Yazılım,,,,,Kablosuz,Low Profile klavye,7.7,1124,2,Var,75%,,,,,,İtopya
Toplama Bilgisayar,Mouse,Zowie,FK2 Pro 8000DPI,3500,Üst,Günlük Kullanım,,,,,Kablosuz,"8000 DPI sensör, 59g",9.4,8712,2,Yok,,,,,,,GamingGenTR
Toplama Bilgisayar,Klavye,SteelSeries,ROG Strix Scope Pro Low Profile TKL,1750,Orta,Günlük Kullanım,,,,,Kablosuz,Low Profile klavye,7.4,7162,2,Yok,TKL,,,,,,Sinerji
Toplama Bilgisayar,Klavye,Razer,Alloy Origins Optik switch 60%,1650,Orta,Oyun,,,,,Bluetooth,Optik switch klavye,7.8,1053,2,Var,60%,,,,,,Epey
Toplama Bilgisayar,SSD,ADATA,990 EVO 2TB NVMe,6700,Üst,Video Edit,,,5,2TB,M2 NVMe,PCIe 4.0 NVMe SSD,8.7,947,3,Yok,,,,,5376 MB/s,4328 MB/s,Epey
Toplama Bilgisayar,Klavye,Keychron,CK RGB Optik switch Tam boy,1450,Orta,Ofis,,,,,Bluetooth,Optik switch klavye,7.7,2677,2,Var,Tam boy,,,,,,Epey
Toplama Bilgisayar,Kasa,Thermaltake,Aquarius,3850,Orta,Günlük Kullanım,,,,,E-ATX,"Mid Tower, mesh/airflow odaklı kasa",8.2,7977,2,Yok,Mid Tower,,,,,,Epey
Toplama Bilgisayar,Anakart,Gigabyte,Steel Legend A620 MAX DDR5,3450,Giriş,Günlük Kullanım,AM5,DDR5,,,AM5-DDR5,"ATX, A620 yonga seti, DDR5 bellek desteği",6.6,2995,3,Var,ATX,,,,,,Akakçe
Toplama Bilgisayar,Mouse,Corsair,DeathAdder Pro 16000DPI,3150,Üst,Yazılım,,,,,Kablosuz,"16000 DPI sensör, 75g",8.6,5839,2,Yok,,,,,,,Vatan
Toplama Bilgisayar,SSD,ADATA,Exceria Plus 2TB NVMe,5150,Üst,Yazılım,,,5,2TB,M2 NVMe,PCIe 4.0 NVMe SSD,9.1,6971,5,Yok,,,,,7269 MB/s,6184 MB/s,Epey
Toplama Bilgisayar,Mouse,Logitech,Model O Pro 8000DPI,3000,Üst,Ofis,,,,,USB,"8000 DPI sensör, 49g",8.4,10232,2,Var,,,,,,,Vatan
Toplama Bilgisayar,Monitör,Dell,G-Master 31.5 inç 1920x1080 75Hz,2400,Giriş,Ofis,,,25,,HDMI-DP,"IPS panel, 75Hz",8.0,3193,2,Yok,31.5 inç,1920x1080,75Hz,,,,Akakçe
Toplama Bilgisayar,Ekran Kartı,Palit,RTX 5070 Gaming OC 12GB,52800,Üst,Yayıncılık,,GDDR6,250,12GB,PCIe,2026 yeni nesil 1440p,9.2,11942,3,Yok,,,,12GB,,,GamingGenTR
Toplama Bilgisayar,Monitör,Gigabyte,Aorus 24.5 inç 1920x1080 75Hz,3250,Giriş,Oyun,,,35,,HDMI-DP,"IPS panel, 75Hz",7.8,417,3,Yok,24.5 inç,1920x1080,75Hz,,,,Akakçe
Toplama Bilgisayar,Soğutucu,ID-Cooling,Hyper 212,900,Giriş,Oyun,,,,,AM4-AM5-LGA1700,Hava soğutma,6.6,554,3,Yok,,,,,,,GamingGenTR
Toplama Bilgisayar,Ekran Kartı,Gainward,RTX 4070 Hellhound 12GB,31450,Üst,Video Edit,,GDDR6,200,12GB,PCIe,1440p oyun,9.5,4931,3,Yok,,,,12GB,,,İncehesap
Toplama Bilgisayar,HDD,Seagate,Barracuda 4TB 7200RPM,4550,Orta,Günlük Kullanım,,,9,4TB,SATA,3.5 inç mekanik disk,8.2,1626,2,Yok,,,,,,,Epey
Toplama Bilgisayar,Monitör,ViewSonic,G-Master 27 inç 1920x1080 144Hz,4550,Orta,Tasarım,,,25,,HDMI-DP,"VA panel, 144Hz",8.2,2028,2,Yok,27 inç,1920x1080,144Hz,,,,İncehesap
Toplama Bilgisayar,Mouse,Zowie,ROG Keris 8000DPI,500,Giriş,Yazılım,,,,,Bluetooth,"8000 DPI sensör, 90g",6.7,2374,2,Yok,,,,,,,İtopya
Toplama Bilgisayar,Kasa,Thermaltake,North Mesh,6200,Üst,Video Edit,,,,,ATX,"Mid Tower, mesh/airflow odaklı kasa",9.3,4376,2,Var,Mid Tower,,,,,,Sinerji
Toplama Bilgisayar,Klavye,Keychron,MOD007 Optik switch TKL,1700,Orta,Yazılım,,,,,Bluetooth,Optik switch klavye,8.4,5411,2,Yok,TKL,,,,,,İtopya
Toplama Bilgisayar,Klavye,SteelSeries,ROG Strix Scope Membran Tam boy,2400,Orta,Oyun,,,,,Bluetooth,Membran klavye,7.5,1593,2,Yok,Tam boy,,,,,,İtopya
Toplama Bilgisayar,Soğutucu,ID-Cooling,AK400,2100,Orta,Ofis,,,,,AM4-AM5-LGA1700,Hava soğutma,8.2,3461,2,Yok,,,,,,,İncehesap
Toplama Bilgisayar,Mouse,Redragon,Model O Mini 16000DPI,4950,Amiral,Oyun,,,,,Kablosuz,"16000 DPI sensör, 90g",9.0,2056,2,Var,,,,,,,Akakçe
Toplama Bilgisayar,Anakart,Colorful,Strix X670 DDR5,10450,Üst,Tasarım,AM5,DDR5,,,AM5-DDR5,"ATX, X670 yonga seti, DDR5 bellek desteği",8.7,549,3,Yok,ATX,,,,,,İtopya
Toplama Bilgisayar,Ekran Kartı,Sapphire,RTX 4060 Aero OC 8GB,21050,Orta,Oyun,,GDDR6,115,8GB,PCIe,DLSS 3 1080p oyun,8.8,4465,3,Var,,,,8GB,,,Vatan
Toplama Bilgisayar,Klavye,Royal Kludge,Vigor GK RGB Mekanik 75%,3250,Üst,Yazılım,,,,,Kablosuz,Mekanik klavye,9.4,587,2,Var,75%,,,,,,Epey
Toplama Bilgisayar,Kasa,Corsair,MAG Forge Mesh,3550,Orta,Oyun,,,,,E-ATX,"Mini Tower, mesh/airflow odaklı kasa",8.7,3146,2,Yok,Mini Tower,,,,,,Sinerji
Toplama Bilgisayar,İşlemci,AMD,Ryzen 5 7500F Kampanya,5600,Orta,Ofis,AM5,DDR5,65,,AM5-DDR5,6 çekirdek 12 thread,8.7,3345,3,Yok,,,,,,,İncehesap
Toplama Bilgisayar,Kasa,Cooler Master,CH370,13900,Amiral,Video Edit,,,,,Micro ATX,"Mid Tower, mesh/airflow odaklı kasa",9.2,6493,2,Var,Mid Tower,,,,,,İtopya
Toplama Bilgisayar,Mouse,Redragon,Model O Pro 30000DPI,400,Giriş,Ofis,,,,,USB,"30000 DPI sensör, 59g",6.7,2800,2,Var,,,,,,,İncehesap
Toplama Bilgisayar,Soğutucu,Thermalright,AK620,3850,Üst,Tasarım,,,,,AM4-AM5-LGA1700,Hava soğutma,8.9,1099,2,Yok,,,,,,,İtopya
Toplama Bilgisayar,Mouse,Lamzu,ROG Keris Mini 36000DPI,1500,Orta,Yazılım,,,,,Kablosuz,"36000 DPI sensör, 90g",7.8,6805,2,Yok,,,,,,,Vatan
Toplama Bilgisayar,Anakart,ASRock,Gaming X B650E AX DDR5,12950,Üst,Tasarım,AM5,DDR5,,,AM5-DDR5,"ATX, B650E yonga seti, DDR5 bellek desteği",9.0,11181,3,Yok,ATX,,,,,,GamingGenTR
Toplama Bilgisayar,Kasa,DeepCool,Aquarius Black,7550,Üst,Yazılım,,,,,ATX,"Full Tower, mesh/airflow odaklı kasa",8.7,4949,2,Var,Full Tower,,,,,,İncehesap
Toplama Bilgisayar,Monitör,BenQ,Optix 23.8 inç 1920x1080 180Hz,4800,Orta,Yazılım,,,25,,HDMI-DP,"VA panel, 180Hz",8.3,1272,2,Yok,23.8 inç,1920x1080,180Hz,,,,İncehesap
Toplama Bilgisayar,Mouse,Redragon,Rival 12000DPI,3500,Üst,Yazılım,,,,,USB,"12000 DPI sensör, 59g",8.9,2809,2,Yok,,,,,,,Vatan
Toplama Bilgisayar,Monitör,ViewSonic,Optix 34 inç 3440x1440 165Hz,22800,Amiral,Tasarım,,,25,,HDMI-DP,"VA panel, 165Hz",9.0,5596,3,Yok,34 inç,3440x1440,165Hz,,,,Epey
Toplama Bilgisayar,Mouse,Corsair,DeathAdder Wireless 36000DPI,400,Giriş,Ofis,,,,,USB,"36000 DPI sensör, 90g",6.6,2649,2,Yok,,,,,,,Sinerji
Toplama Bilgisayar,Klavye,MSI,CK Pro Membran TKL,700,Giriş,Ofis,,,,,USB,Membran klavye,7.6,2565,2,Yok,TKL,,,,,,İncehesap
Toplama Bilgisayar,Anakart,ASRock,Gaming X B660 DDR4,6700,Orta,Ofis,LGA1700,DDR4,,,LGA1700-DDR4,"Micro ATX, B660 yonga seti, DDR4 bellek desteği",8.3,1947,3,Yok,Micro ATX,,,,,,Akakçe
Toplama Bilgisayar,Ekran Kartı,Colorful,RTX 5080 Hellhound 16GB,93450,Amiral,Yapay Zeka,,GDDR6X,360,16GB,PCIe,2026 4K üst seviye,9.6,1062,3,Var,,,,16GB,,,GamingGenTR
Toplama Bilgisayar,Mouse,Logitech,G305 Mini 16000DPI,550,Giriş,Ofis,,,,,Kablosuz,"16000 DPI sensör, 90g",6.8,1151,2,Yok,,,,,,,GamingGenTR
Toplama Bilgisayar,Klavye,Cooler Master,ROG Strix Scope Membran 60%,700,Giriş,Oyun,,,,,Kablosuz,Membran klavye,7.3,2607,2,Yok,60%,,,,,,İtopya
Toplama Bilgisayar,Kasa,Fractal Design,TUF GT,2800,Orta,Yazılım,,,,,ATX,"Mini Tower, mesh/airflow odaklı kasa",7.4,3395,2,Yok,Mini Tower,,,,,,İtopya
Toplama Bilgisayar,Klavye,GamePower,GMMK Wireless Mekanik Tam boy,700,Giriş,Günlük Kullanım,,,,,Bluetooth,Mekanik klavye,8.1,643,2,Var,Tam boy,,,,,,GamingGenTR
Toplama Bilgisayar,Monitör,Philips,UltraGear 34 inç 2560x1440 144Hz,9900,Üst,Video Edit,,,25,,HDMI-DP,"VA panel, 144Hz",9.2,499,2,Yok,34 inç,2560x1440,144Hz,,,,Sinerji
Toplama Bilgisayar,Kasa,Lian Li,MAG Forge Mesh,4000,Orta,Ofis,,,,,E-ATX,"Mini Tower, mesh/airflow odaklı kasa",7.2,7164,2,Yok,Mini Tower,,,,,,İncehesap
Toplama Bilgisayar,Kasa,Thermaltake,Lancool,3800,Orta,Yazılım,,,,,ATX,"Full Tower, mesh/airflow odaklı kasa",8.4,5406,2,Var,Full Tower,,,,,,İncehesap
Toplama Bilgisayar,Mouse,ASUS,G305 Pro 8000DPI,500,Giriş,Oyun,,,,,Bluetooth,"8000 DPI sensör, 49g",6.4,67,2,Var,,,,,,,GamingGenTR
Toplama Bilgisayar,Kasa,DeepCool,TUF GT RGB,7050,Üst,Yayıncılık,,,,,Micro ATX,"Mid Tower, mesh/airflow odaklı kasa",8.3,5386,2,Var,Mid Tower,,,,,,İncehesap
Toplama Bilgisayar,Mouse,Cooler Master,Viper 30000DPI,550,Giriş,Yazılım,,,,,Bluetooth,"30000 DPI sensör, 75g",6.9,1046,2,Var,,,,,,,Vatan
Toplama Bilgisayar,Kasa,DarkFlash,Meshify Mesh,2000,Giriş,Oyun,,,,,E-ATX,"Mid Tower, mesh/airflow odaklı kasa",7.1,3056,2,Var,Mid Tower,,,,,,İncehesap
Toplama Bilgisayar,Mouse,Razer,Pulsefire Pro 12000DPI,1750,Orta,Yazılım,,,,,USB,"12000 DPI sensör, 63g",7.8,7323,2,Yok,,,,,,,Vatan
Toplama Bilgisayar,Kasa,ASUS,Eclipse Black,4800,Üst,Oyun,,,,,ATX,"Mini Tower, mesh/airflow odaklı kasa",9.2,274,2,Var,Mini Tower,,,,,,Epey
Toplama Bilgisayar,Kasa,ASUS,4000D Airflow RGB,5350,Üst,Yazılım,,,,,Micro ATX,"Mid Tower, mesh/airflow odaklı kasa",8.9,11313,2,Var,Mid Tower,,,,,,Sinerji
Toplama Bilgisayar,Soğutucu,MSI,SE-224-XT,1450,Orta,Günlük Kullanım,,,,,AM4-AM5-LGA1700,Hava soğutma,7.3,5527,3,Var,,,,,,,Sinerji
Toplama Bilgisayar,Anakart,ASRock,Taichi Z790 MAX DDR5,9700,Üst,Tasarım,LGA1700,DDR5,,,LGA1700-DDR5,"ATX, Z790 yonga seti, DDR5 bellek desteği",8.3,9650,3,Yok,ATX,,,,,,Vatan
Toplama Bilgisayar,Kasa,MSI,TUF GT,3200,Orta,Yazılım,,,,,E-ATX,"Mini Tower, mesh/airflow odaklı kasa",8.3,8494,2,Yok,Mini Tower,,,,,,İncehesap
Toplama Bilgisayar,Ekran Kartı,PowerColor,GTX 1650 StormX 4GB,6900,Giriş,Video Edit,,GDDR6,75,4GB,PCIe,1080p giriş oyun,7.2,1137,3,Var,,,,4GB,,,GamingGenTR
Toplama Bilgisayar,Kasa,GamePower,O11 Dynamic White,2050,Giriş,Ofis,,,,,ATX,"Mini Tower, mesh/airflow odaklı kasa",7.7,1260,2,Var,Mini Tower,,,,,,Sinerji
Toplama Bilgisayar,RAM,Crucial,XPG Lancer 16GB 2x8GB DDR4 3200MHz,1300,Orta,Oyun,,DDR4,,16GB,DDR4,3200MHz bellek kiti,7.8,7064,5,Yok,,,,,,,İtopya
Toplama Bilgisayar,Mouse,Cooler Master,MM712 Wireless 26000DPI,350,Giriş,Yazılım,,,,,Bluetooth,"26000 DPI sensör, 75g",7.1,2518,2,Yok,,,,,,,GamingGenTR
Toplama Bilgisayar,Monitör,HP,Aorus 27 inç 2560x1440 180Hz,8750,Üst,Ofis,,,35,,HDMI-DP,"IPS panel, 180Hz",8.5,4397,3,Yok,27 inç,2560x1440,180Hz,,,,GamingGenTR
Toplama Bilgisayar,Klavye,Akko,ROG Strix Scope RGB Membran 60%,850,Giriş,Ofis,,,,,Kablosuz,Membran klavye,7.4,3294,2,Var,60%,,,,,,GamingGenTR
Toplama Bilgisayar,Mouse,MSI,Pulsefire Mini 26000DPI,600,Giriş,Oyun,,,,,Kablosuz,"26000 DPI sensör, 90g",6.7,1991,2,Yok,,,,,,,Vatan
Toplama Bilgisayar,Klavye,MSI,Ogre Wireless Low Profile 60%,1650,Orta,Ofis,,,,,Kablosuz,Low Profile klavye,7.7,2505,2,Yok,60%,,,,,,Vatan
Toplama Bilgisayar,Mouse,Logitech,FK2 Pro 30000DPI,1150,Orta,Yazılım,,,,,Bluetooth,"30000 DPI sensör, 59g",7.7,4890,2,Var,,,,,,,İncehesap
Toplama Bilgisayar,Ekran Kartı,Gainward,RX 7800 XT Dual 16GB,33600,Üst,Yayıncılık,,GDDR6,263,16GB,PCIe,16GB VRAM 1440p,8.2,184,3,Yok,,,,16GB,,,İncehesap
Toplama Bilgisayar,Mouse,Pulsar,G305 Wireless 8000DPI,1700,Orta,Oyun,,,,,Kablosuz,"8000 DPI sensör, 90g",8.3,8191,2,Var,,,,,,,İtopya
Toplama Bilgisayar,İşlemci,Intel,Core i7-13700KF Box,17800,Üst,Oyun,LGA1700,DDR5,125,,LGA1700-DDR5,16 çekirdek,8.7,10348,3,Yok,,,,,,,Vatan
Toplama Bilgisayar,Anakart,MSI,Creator Z790 WiFi DDR5,10100,Üst,Tasarım,LGA1700,DDR5,,,LGA1700-DDR5,"Micro ATX, Z790 yonga seti, DDR5 bellek desteği",9.0,2664,3,Var,Micro ATX,,,,,,İncehesap
Toplama Bilgisayar,Mouse,Glorious,Harpoon Pro 12000DPI,1550,Orta,Ofis,,,,,Bluetooth,"12000 DPI sensör, 49g",8.4,2116,2,Yok,,,,,,,Sinerji
Toplama Bilgisayar,Klavye,MSI,ROG Strix Scope Membran 60%,1550,Orta,Günlük Kullanım,,,,,Kablosuz,Membran klavye,8.7,7729,2,Var,60%,,,,,,GamingGenTR
Toplama Bilgisayar,Kasa,Phanteks,View 270 Mesh,4200,Üst,Yayıncılık,,,,,ATX,"Mini Tower, mesh/airflow odaklı kasa",9.4,3544,2,Var,Mini Tower,,,,,,GamingGenTR
Toplama Bilgisayar,Kasa,Lian Li,Eclipse White,2350,Orta,Ofis,,,,,E-ATX,"Mid Tower, mesh/airflow odaklı kasa",7.3,3328,2,Yok,Mid Tower,,,,,,Vatan
Toplama Bilgisayar,Anakart,Colorful,Tomahawk B760 DDR5,5500,Orta,Günlük Kullanım,LGA1700,DDR5,,,LGA1700-DDR5,"ATX, B760 yonga seti, DDR5 bellek desteği",7.6,1088,3,Yok,ATX,,,,,,İtopya
Toplama Bilgisayar,Klavye,Royal Kludge,GMMK RGB Low Profile TKL,1450,Orta,Oyun,,,,,Bluetooth,Low Profile klavye,8.0,563,2,Var,TKL,,,,,,Akakçe
Toplama Bilgisayar,Mouse,MSI,G305 Pro 26000DPI,3100,Üst,Yazılım,,,,,Kablosuz,"26000 DPI sensör, 59g",9.3,5891,2,Var,,,,,,,GamingGenTR
Toplama Bilgisayar,Anakart,ASUS,PRO B760 AX DDR4,5150,Orta,Ofis,LGA1700,DDR4,,,LGA1700-DDR4,"Micro ATX, B760 yonga seti, DDR4 bellek desteği",8.3,6702,3,Yok,Micro ATX,,,,,,GamingGenTR
Toplama Bilgisayar,Anakart,NZXT,Tomahawk B760 WiFi DDR5,5900,Orta,Günlük Kullanım,LGA1700,DDR5,,,LGA1700-DDR5,"Micro ATX, B760 yonga seti, DDR5 bellek desteği",8.3,449,3,Var,Micro ATX,,,,,,GamingGenTR
Toplama Bilgisayar,Kasa,Phanteks,Warcry RGB,7700,Üst,Yazılım,,,,,ATX,"Mini Tower, mesh/airflow odaklı kasa",9.5,3342,2,Var,Mini Tower,,,,,,Sinerji
Toplama Bilgisayar,Soğutucu,MSI,H100i,3000,Orta,Oyun,,,,,AM4-AM5-LGA1700,280mm sıvı soğutma,8.8,185,3,Yok,280mm,,,,,,İtopya
Toplama Bilgisayar,Ekran Kartı,Gainward,RTX 5070 GamingPro 12GB,57200,Üst,Yapay Zeka,,GDDR6,250,12GB,PCIe,2026 yeni nesil 1440p,8.4,2253,3,Yok,,,,12GB,,,Sinerji
Toplama Bilgisayar,Klavye,Cooler Master,BlackWidow Optik switch 60%,3000,Üst,Yazılım,,,,,USB,Optik switch klavye,8.4,9698,2,Yok,60%,,,,,,Epey
Toplama Bilgisayar,İşlemci,Intel,Core i5-12400F Kampanya,4050,Orta,Yazılım,LGA1700,DDR4,65,,LGA1700-DDR4,6 çekirdek 12 thread,7.6,1821,3,Yok,,,,,,,GamingGenTR
Toplama Bilgisayar,Soğutucu,Cooler Master,LS720,3300,Orta,Ofis,,,,,AM4-AM5-LGA1700,360mm sıvı soğutma,7.8,8200,3,Yok,360mm,,,,,,Epey
Toplama Bilgisayar,Kasa,MSI,O11 Dynamic RGB,1300,Giriş,Oyun,,,,,E-ATX,"Mid Tower, mesh/airflow odaklı kasa",7.1,2169,2,Var,Mid Tower,,,,,,Epey
Toplama Bilgisayar,Klavye,Cooler Master,CK Wireless Mekanik 75%,700,Giriş,Günlük Kullanım,,,,,Bluetooth,Mekanik klavye,7.0,954,2,Var,75%,,,,,,GamingGenTR
Toplama Bilgisayar,Anakart,Biostar,Steel Legend B760 WiFi DDR4,5700,Orta,Oyun,LGA1700,DDR4,,,LGA1700-DDR4,"Micro ATX, B760 yonga seti, DDR4 bellek desteği",7.8,4691,3,Yok,Micro ATX,,,,,,İtopya
Toplama Bilgisayar,Kasa,GamePower,Lancool White,5550,Üst,Oyun,,,,,E-ATX,"Mid Tower, mesh/airflow odaklı kasa",9.3,11224,2,Var,Mid Tower,,,,,,GamingGenTR
Toplama Bilgisayar,Mouse,Glorious,G305 Mini 12000DPI,3300,Üst,Yazılım,,,,,USB,"12000 DPI sensör, 59g",8.3,6115,2,Var,,,,,,,Akakçe
Toplama Bilgisayar,Soğutucu,NZXT,Peerless Assassin,1800,Orta,Günlük Kullanım,,,,,AM4-AM5-LGA1700,Hava soğutma,8.3,254,2,Var,,,,,,,Vatan
Toplama Bilgisayar,Kasa,Cooler Master,TUF GT,7450,Üst,Yazılım,,,,,ATX,"Mid Tower, mesh/airflow odaklı kasa",9.0,9223,2,Var,Mid Tower,,,,,,Sinerji
Toplama Bilgisayar,Klavye,MSI,Alloy Origins Optik switch 60%,700,Giriş,Oyun,,,,,Bluetooth,Optik switch klavye,7.0,257,2,Var,60%,,,,,,Epey
Toplama Bilgisayar,Kasa,Phanteks,4000D Airflow White,5700,Üst,Oyun,,,,,Micro ATX,"Mini Tower, mesh/airflow odaklı kasa",8.3,2258,2,Yok,Mini Tower,,,,,,İtopya
Toplama Bilgisayar,Mouse,SteelSeries,Rival Pro 8000DPI,2750,Üst,Ofis,,,,,USB,"8000 DPI sensör, 75g",8.3,7938,2,Yok,,,,,,,GamingGenTR
Toplama Bilgisayar,Anakart,NZXT,Aorus Elite X570 AX DDR4,9750,Üst,Oyun,AM4,DDR4,,,AM4-DDR4,"Mini ITX, X570 yonga seti, DDR4 bellek desteği",8.2,10423,3,Yok,Mini ITX,,,,,,Vatan
Toplama Bilgisayar,SSD,Corsair,SN770 1TB NVMe,2350,Orta,Oyun,,,4,1TB,M2 NVMe,PCIe 3.0 NVMe SSD,8.2,5432,3,Yok,,,,,3474 MB/s,3106 MB/s,İtopya
Toplama Bilgisayar,Soğutucu,Noctua,Hyper 212,850,Giriş,Günlük Kullanım,,,,,AM4-AM5-LGA1700,Hava soğutma,7.0,2474,5,Var,,,,,,,Akakçe
Toplama Bilgisayar,Klavye,Razer,Alloy Origins Pro Membran 60%,1850,Orta,Oyun,,,,,USB,Membran klavye,8.6,8262,2,Yok,60%,,,,,,İtopya
Toplama Bilgisayar,Klavye,MSI,K380 RGB Low Profile 75%,700,Giriş,Oyun,,,,,Bluetooth,Low Profile klavye,7.6,2065,2,Var,75%,,,,,,İtopya
Toplama Bilgisayar,Kasa,ASUS,Warcry,2050,Giriş,Ofis,,,,,E-ATX,"Mid Tower, mesh/airflow odaklı kasa",7.9,2532,2,Yok,Mid Tower,,,,,,GamingGenTR
Toplama Bilgisayar,Kasa,DeepCool,Meshify Mesh,7250,Üst,Video Edit,,,,,ATX,"Full Tower, mesh/airflow odaklı kasa",8.8,2540,2,Var,Full Tower,,,,,,Akakçe
Toplama Bilgisayar,SSD,PNY,Viper VP4300 1TB NVMe,3600,Orta,Oyun,,,3,1TB,M2 NVMe,PCIe 5.0 NVMe SSD,7.5,7353,3,Yok,,,,,10573 MB/s,7410 MB/s,Akakçe
Toplama Bilgisayar,Monitör,MSI,Mobiuz 24.5 inç 3840x2160 240Hz,43950,Amiral,Oyun,,,35,,HDMI-DP,"OLED panel, 240Hz",8.9,3653,3,Yok,24.5 inç,3840x2160,240Hz,,,,İncehesap
Toplama Bilgisayar,Mouse,Cooler Master,Clutch GM Pro 30000DPI,400,Giriş,Yazılım,,,,,Bluetooth,"30000 DPI sensör, 90g",6.8,114,2,Yok,,,,,,,İtopya
Toplama Bilgisayar,Monitör,AOC,Predator 24.5 inç 2560x1440 144Hz,7500,Üst,Oyun,,,35,,HDMI-DP,"IPS panel, 144Hz",8.9,1832,2,Yok,24.5 inç,2560x1440,144Hz,,,,Akakçe
Toplama Bilgisayar,Kasa,Lian Li,Aquarius Black,6550,Üst,Tasarım,,,,,ATX,"Mid Tower, mesh/airflow odaklı kasa",8.7,10702,2,Var,Mid Tower,,,,,,İncehesap
Toplama Bilgisayar,Anakart,ASRock,Phantom Gaming A520 DDR4,2500,Giriş,Günlük Kullanım,AM4,DDR4,,,AM4-DDR4,"ATX, A520 yonga seti, DDR4 bellek desteği",8.1,656,3,Var,ATX,,,,,,Vatan
Toplama Bilgisayar,Klavye,SteelSeries,GMMK Optik switch TKL,2350,Orta,Ofis,,,,,USB,Optik switch klavye,8.7,3550,2,Yok,TKL,,,,,,Sinerji
Toplama Bilgisayar,Kasa,Thermaltake,O11 Dynamic White,2250,Giriş,Günlük Kullanım,,,,,Micro ATX,"Mini Tower, mesh/airflow odaklı kasa",7.8,2498,2,Var,Mini Tower,,,,,,İncehesap
Toplama Bilgisayar,Mouse,HyperX,Harpoon 16000DPI,400,Giriş,Günlük Kullanım,,,,,Kablosuz,"16000 DPI sensör, 90g",6.7,1538,2,Var,,,,,,,Vatan
Toplama Bilgisayar,Mouse,Zowie,X2V2 Mini 26000DPI,550,Giriş,Günlük Kullanım,,,,,Kablosuz,"26000 DPI sensör, 90g",7.0,2845,2,Yok,,,,,,,GamingGenTR
Toplama Bilgisayar,Anakart,MSI,Mortar X670 MAX DDR5,8650,Üst,Yayıncılık,AM5,DDR5,,,AM5-DDR5,"Mini ITX, X670 yonga seti, DDR5 bellek desteği",8.4,4336,3,Yok,Mini ITX,,,,,,Epey
Toplama Bilgisayar,Anakart,NZXT,Prime B650 AX DDR5,5850,Orta,Günlük Kullanım,AM5,DDR5,,,AM5-DDR5,"ATX, B650 yonga seti, DDR5 bellek desteği",8.1,6021,3,Var,ATX,,,,,,Sinerji
Toplama Bilgisayar,RAM,GoodRam,Viper Steel 16GB 2x8GB DDR5 6400MHz,2450,Orta,Oyun,,DDR5,,16GB,DDR5,6400MHz bellek kiti,7.7,3042,5,Var,,,,,,,İtopya
Toplama Bilgisayar,Kasa,Phanteks,North Black,2000,Giriş,Günlük Kullanım,,,,,ATX,"Mini Tower, mesh/airflow odaklı kasa",6.8,1156,2,Var,Mini Tower,,,,,,İtopya
Toplama Bilgisayar,Klavye,MSI,ROG Strix Scope RGB Optik switch 60%,2050,Orta,Oyun,,,,,Bluetooth,Optik switch klavye,7.9,1586,2,Var,60%,,,,,,GamingGenTR
Toplama Bilgisayar,Anakart,MSI,Mortar X570 AX DDR4,12950,Üst,Oyun,AM4,DDR4,,,AM4-DDR4,"ATX, X570 yonga seti, DDR4 bellek desteği",8.3,7289,3,Var,ATX,,,,,,Sinerji
Toplama Bilgisayar,Kasa,GamePower,CH370 RGB,2400,Orta,Günlük Kullanım,,,,,Micro ATX,"Mini Tower, mesh/airflow odaklı kasa",7.4,2586,2,Var,Mini Tower,,,,,,Sinerji
Toplama Bilgisayar,RAM,Crucial,Viper Steel 16GB 2x8GB DDR5 7200MHz,3400,Orta,Oyun,,DDR5,,16GB,DDR5,7200MHz bellek kiti,7.7,6714,2,Var,,,,,,,GamingGenTR
Toplama Bilgisayar,SSD,Kioxia,P3 Plus 1TB NVMe,4550,Orta,Yazılım,,,5,1TB,M2 NVMe,PCIe 5.0 NVMe SSD,7.4,4430,3,Yok,,,,,9522 MB/s,7066 MB/s,Akakçe
Toplama Bilgisayar,Kasa,MSI,TUF GT Mesh,4550,Üst,Yazılım,,,,,ATX,"Full Tower, mesh/airflow odaklı kasa",8.4,11242,2,Yok,Full Tower,,,,,,İncehesap
Toplama Bilgisayar,SSD,Crucial,Exceria Plus 1TB NVMe,3600,Orta,Yazılım,,,5,1TB,M2 NVMe,PCIe 5.0 NVMe SSD,8.2,1488,3,Yok,,,,,10831 MB/s,9445 MB/s,Vatan
Toplama Bilgisayar,Klavye,Redragon,G Pro X Optik switch 75%,2000,Orta,Günlük Kullanım,,,,,USB,Optik switch klavye,7.7,3585,2,Yok,75%,,,,,,İncehesap
Toplama Bilgisayar,Klavye,SteelSeries,G Pro X Pro Mekanik Tam boy,600,Giriş,Oyun,,,,,USB,Mekanik klavye,7.5,1623,2,Var,Tam boy,,,,,,Sinerji
Toplama Bilgisayar,Mouse,Glorious,M711 Mini 8000DPI,600,Giriş,Ofis,,,,,Kablosuz,"8000 DPI sensör, 59g",6.6,1134,2,Yok,,,,,,,GamingGenTR
Toplama Bilgisayar,Soğutucu,Arctic,MAG CoreLiquid 360,11750,Amiral,Yayıncılık,,,,,AM4-AM5-LGA1700,360mm sıvı soğutma,9.0,321,6,Yok,360mm,,,,,,GamingGenTR
Toplama Bilgisayar,Klavye,Royal Kludge,ROG Strix Scope Mekanik 60%,3700,Üst,Günlük Kullanım,,,,,Bluetooth,Mekanik klavye,8.6,10635,2,Var,60%,,,,,,Epey
Toplama Bilgisayar,Kasa,Cooler Master,Warcry,2400,Giriş,Günlük Kullanım,,,,,Micro ATX,"Full Tower, mesh/airflow odaklı kasa",7.9,2982,2,Yok,Full Tower,,,,,,Akakçe
Toplama Bilgisayar,RAM,Apacer,Vengeance 8GB 1x8GB DDR5 6400MHz,1650,Giriş,Yazılım,,DDR5,,8GB,DDR5,6400MHz bellek kiti,7.9,2131,3,Var,,,,,,,Vatan
Toplama Bilgisayar,Anakart,Colorful,Phantom Gaming A620 MAX DDR5,2600,Giriş,Yazılım,AM5,DDR5,,,AM5-DDR5,"Micro ATX, A620 yonga seti, DDR5 bellek desteği",7.8,2263,3,Yok,Micro ATX,,,,,,Sinerji
Toplama Bilgisayar,Kasa,DarkFlash,H5 Flow,4200,Orta,Günlük Kullanım,,,,,ATX,"Mini Tower, mesh/airflow odaklı kasa",7.4,1552,2,Var,Mini Tower,,,,,,İncehesap
Toplama Bilgisayar,HDD,Seagate,Purple 6TB 7200RPM,5650,Orta,Yayıncılık,,,7,6TB,SATA,3.5 inç mekanik disk,8.6,6352,2,Yok,,,,,,,GamingGenTR
Toplama Bilgisayar,Kasa,MSI,CH370,8700,Amiral,Tasarım,,,,,ATX,"Mini Tower, mesh/airflow odaklı kasa",9.3,4572,2,Yok,Mini Tower,,,,,,GamingGenTR
Toplama Bilgisayar,Kasa,NZXT,MAG Forge Mesh,13250,Amiral,Yayıncılık,,,,,Micro ATX,"Mini Tower, mesh/airflow odaklı kasa",9.5,2041,2,Yok,Mini Tower,,,,,,Sinerji
Toplama Bilgisayar,Kasa,ASUS,CH370 Mesh,5550,Üst,Yazılım,,,,,Micro ATX,"Mini Tower, mesh/airflow odaklı kasa",8.8,8501,2,Var,Mini Tower,,,,,,İncehesap
Toplama Bilgisayar,Klavye,ASUS,GMMK Pro Membran 75%,5250,Üst,Günlük Kullanım,,,,,Bluetooth,Membran klavye,8.8,8101,2,Var,75%,,,,,,Akakçe
Toplama Bilgisayar,RAM,GoodRam,Ripjaws 8GB 1x8GB DDR5 7200MHz,1600,Giriş,Ofis,,DDR5,,8GB,DDR5,7200MHz bellek kiti,8.0,1832,3,Yok,,,,,,,Epey
Toplama Bilgisayar,Anakart,MSI,Mortar B650E DDR5,11650,Üst,Oyun,AM5,DDR5,,,AM5-DDR5,"Micro ATX, B650E yonga seti, DDR5 bellek desteği",8.2,4261,3,Var,Micro ATX,,,,,,Epey
Toplama Bilgisayar,Mouse,Zowie,M711 8000DPI,1800,Orta,Ofis,,,,,Kablosuz,"8000 DPI sensör, 49g",7.5,795,2,Yok,,,,,,,Sinerji
Toplama Bilgisayar,SSD,SanDisk,NV2 1TB NVMe,4850,Orta,Yazılım,,,3,1TB,M2 NVMe,PCIe 5.0 NVMe SSD,7.3,5319,3,Yok,,,,,10712 MB/s,7919 MB/s,Epey
Toplama Bilgisayar,Klavye,Redragon,Apex RGB Optik switch 60%,700,Giriş,Günlük Kullanım,,,,,Kablosuz,Optik switch klavye,7.0,2318,2,Var,60%,,,,,,İtopya
Toplama Bilgisayar,Anakart,Colorful,Aorus Elite A520 AX DDR4,2850,Giriş,Günlük Kullanım,AM4,DDR4,,,AM4-DDR4,"ATX, A520 yonga seti, DDR4 bellek desteği",6.6,3174,3,Var,ATX,,,,,,Vatan
Toplama Bilgisayar,Klavye,SteelSeries,CK Optik switch TKL,650,Giriş,Günlük Kullanım,,,,,USB,Optik switch klavye,8.1,595,2,Var,TKL,,,,,,Sinerji
Toplama Bilgisayar,RAM,TeamGroup,Ballistix 32GB 2x16GB DDR5 6000MHz,5800,Üst,Oyun,,DDR5,,32GB,DDR5,6000MHz bellek kiti,8.9,1431,5,Yok,,,,,,,Akakçe
Toplama Bilgisayar,Kasa,Phanteks,MAG Forge,1350,Giriş,Oyun,,,,,Micro ATX,"Full Tower, mesh/airflow odaklı kasa",7.5,404,2,Yok,Full Tower,,,,,,Epey
Toplama Bilgisayar,Mouse,Zowie,X2V2 Pro 30000DPI,1000,Orta,Ofis,,,,,Bluetooth,"30000 DPI sensör, 63g",8.4,1966,2,Var,,,,,,,GamingGenTR
Toplama Bilgisayar,Mouse,Redragon,Viper 26000DPI,500,Giriş,Yazılım,,,,,Bluetooth,"26000 DPI sensör, 59g",7.5,482,2,Var,,,,,,,Epey
Toplama Bilgisayar,Anakart,ASRock,Strix X570 AX DDR4,9500,Üst,Tasarım,AM4,DDR4,,,AM4-DDR4,"ATX, X570 yonga seti, DDR4 bellek desteği",9.0,10247,3,Yok,ATX,,,,,,GamingGenTR
Toplama Bilgisayar,Ekran Kartı,Gigabyte,RTX 4090 Pulse 24GB,155750,Amiral,Oyun,,GDDR6X,450,24GB,PCIe,AI ve 4K üst seviye,9.9,3076,3,Yok,,,,24GB,,,Epey
Toplama Bilgisayar,Mouse,Pulsar,M711 16000DPI,550,Giriş,Yazılım,,,,,Kablosuz,"16000 DPI sensör, 75g",6.5,629,2,Yok,,,,,,,İncehesap
Toplama Bilgisayar,Kasa,Cooler Master,North,2600,Orta,Ofis,,,,,E-ATX,"Full Tower, mesh/airflow odaklı kasa",8.1,5701,2,Yok,Full Tower,,,,,,GamingGenTR
Toplama Bilgisayar,Klavye,ASUS,RK61 Wireless Low Profile 75%,550,Giriş,Ofis,,,,,USB,Low Profile klavye,6.8,612,2,Yok,75%,,,,,,Vatan
Toplama Bilgisayar,Monitör,Gigabyte,ProArt 34 inç 3840x2160 240Hz,55050,Amiral,Video Edit,,,25,,HDMI-DP,"IPS panel, 240Hz",9.1,3250,3,Yok,34 inç,3840x2160,240Hz,,,,GamingGenTR
Toplama Bilgisayar,Monitör,Acer,G-Master 24.5 inç 3840x2160 144Hz,30900,Amiral,Oyun,,,25,,HDMI-DP,"OLED panel, 144Hz",9.4,3453,3,Yok,24.5 inç,3840x2160,144Hz,,,,Sinerji
Toplama Bilgisayar,Klavye,Royal Kludge,K380 Mekanik Tam boy,1450,Orta,Oyun,,,,,Kablosuz,Mekanik klavye,8.1,1744,2,Var,Tam boy,,,,,,Epey
Toplama Bilgisayar,Soğutucu,Noctua,Peerless Assassin,3350,Üst,Video Edit,,,,,AM4-AM5-LGA1700,Hava soğutma,9.4,1143,5,Var,,,,,,,İncehesap
Toplama Bilgisayar,Kasa,Fractal Design,O11 Dynamic Black,4550,Üst,Tasarım,,,,,ATX,"Full Tower, mesh/airflow odaklı kasa",8.5,6914,2,Yok,Full Tower,,,,,,Akakçe
Toplama Bilgisayar,Ekran Kartı,Colorful,RTX 4090 Twin Edge 24GB,158350,Amiral,Oyun,,GDDR6X,450,24GB,PCIe,AI ve 4K üst seviye,9.5,1268,3,Var,,,,24GB,,,Epey
Toplama Bilgisayar,SSD,PNY,P3 Plus 4TB NVMe,12900,Amiral,Yapay Zeka,,,4,4TB,M2 NVMe,PCIe 4.0 NVMe SSD,9.0,1672,3,Yok,,,,,6609 MB/s,4654 MB/s,İtopya
Toplama Bilgisayar,Klavye,Akko,GMMK Low Profile TKL,1900,Orta,Oyun,,,,,Bluetooth,Low Profile klavye,7.9,368,2,Yok,TKL,,,,,,İncehesap
Toplama Bilgisayar,Anakart,MSI,Aorus Elite H610 MAX DDR4,3600,Giriş,Günlük Kullanım,LGA1700,DDR4,,,LGA1700-DDR4,"Mini ITX, H610 yonga seti, DDR4 bellek desteği",7.0,2737,3,Var,Mini ITX,,,,,,Vatan
Toplama Bilgisayar,Mouse,ASUS,FK2 12000DPI,1200,Orta,Günlük Kullanım,,,,,USB,"12000 DPI sensör, 90g",8.7,2445,2,Yok,,,,,,,Akakçe
Toplama Bilgisayar,Anakart,NZXT,PRO H610 WiFi DDR4,3200,Giriş,Günlük Kullanım,LGA1700,DDR4,,,LGA1700-DDR4,"Mini ITX, H610 yonga seti, DDR4 bellek desteği",7.1,1344,3,Var,Mini ITX,,,,,,GamingGenTR
Toplama Bilgisayar,Mouse,Lamzu,Harpoon Wireless 8000DPI,2500,Üst,Yazılım,,,,,Bluetooth,"8000 DPI sensör, 63g",8.9,6503,2,Yok,,,,,,,Epey
Toplama Bilgisayar,Kasa,Corsair,View 270,14150,Amiral,Yayıncılık,,,,,ATX,"Mini Tower, mesh/airflow odaklı kasa",9.0,4909,2,Yok,Mini Tower,,,,,,Epey
Toplama Bilgisayar,Klavye,Akko,K70 Pro Optik switch 60%,500,Giriş,Yazılım,,,,,Kablosuz,Optik switch klavye,7.5,2649,2,Yok,60%,,,,,,İncehesap
Toplama Bilgisayar,RAM,TeamGroup,NOX 16GB 2x8GB DDR5 6400MHz,2700,Orta,Oyun,,DDR5,,16GB,DDR5,6400MHz bellek kiti,8.1,5110,2,Var,,,,,,,Vatan
Toplama Bilgisayar,Anakart,NZXT,Taichi B760 MAX DDR5,7150,Orta,Ofis,LGA1700,DDR5,,,LGA1700-DDR5,"Micro ATX, B760 yonga seti, DDR5 bellek desteği",8.5,6118,3,Var,Micro ATX,,,,,,İncehesap
Toplama Bilgisayar,Mouse,MSI,X2V2 Wireless 16000DPI,1000,Orta,Oyun,,,,,Bluetooth,"16000 DPI sensör, 59g",8.6,6980,2,Var,,,,,,,Epey
Toplama Bilgisayar,Ekran Kartı,Sapphire,RTX 5090 JetStream 32GB,178500,Amiral,Yayıncılık,,GDDR6X,575,32GB,PCIe,2026 amiral seviye AI/4K,8.8,5850,3,Var,,,,32GB,,,İtopya
Toplama Bilgisayar,Kasa,NZXT,TUF GT RGB,4450,Üst,Yayıncılık,,,,,Micro ATX,"Mini Tower, mesh/airflow odaklı kasa",9.4,701,2,Var,Mini Tower,,,,,,GamingGenTR
Toplama Bilgisayar,Anakart,ASUS,Steel Legend Z790 MAX DDR5,11100,Üst,Yazılım,LGA1700,DDR5,,,LGA1700-DDR5,"Mini ITX, Z790 yonga seti, DDR5 bellek desteği",8.7,6061,3,Yok,Mini ITX,,,,,,Sinerji
Toplama Bilgisayar,Klavye,Logitech,GMMK RGB Low Profile 60%,1500,Orta,Ofis,,,,,Bluetooth,Low Profile klavye,7.7,6072,2,Var,60%,,,,,,Sinerji
Toplama Bilgisayar,Mouse,Redragon,G102 Mini 30000DPI,400,Giriş,Günlük Kullanım,,,,,Kablosuz,"30000 DPI sensör, 63g",6.7,3349,2,Yok,,,,,,,Akakçe
Toplama Bilgisayar,Klavye,Glorious,MOD007 Wireless Membran TKL,2050,Orta,Ofis,,,,,Bluetooth,Membran klavye,8.3,7919,2,Yok,TKL,,,,,,Epey
Toplama Bilgisayar,Anakart,ASRock,Phantom Gaming H610 WiFi DDR4,3850,Giriş,Ofis,LGA1700,DDR4,,,LGA1700-DDR4,"ATX, H610 yonga seti, DDR4 bellek desteği",6.9,3074,3,Yok,ATX,,,,,,Sinerji
Toplama Bilgisayar,Mouse,Lamzu,FK2 Mini 36000DPI,550,Giriş,Ofis,,,,,Bluetooth,"36000 DPI sensör, 59g",7.8,1481,2,Var,,,,,,,Epey
Toplama Bilgisayar,Mouse,SteelSeries,G102 Mini 8000DPI,1550,Orta,Ofis,,,,,USB,"8000 DPI sensör, 59g",7.4,5903,2,Var,,,,,,,Epey
Toplama Bilgisayar,Anakart,NZXT,Taichi H610 AX DDR4,3450,Giriş,Yazılım,LGA1700,DDR4,,,LGA1700-DDR4,"Mini ITX, H610 yonga seti, DDR4 bellek desteği",7.6,526,3,Var,Mini ITX,,,,,,Akakçe
Toplama Bilgisayar,RAM,PNY,Fury Beast 8GB 1x8GB DDR5 7200MHz,1850,Giriş,Yazılım,,DDR5,,8GB,DDR5,7200MHz bellek kiti,7.3,704,2,Var,,,,,,,İncehesap
Toplama Bilgisayar,İşlemci,AMD,Ryzen 7 9700X,13500,Üst,Yazılım,AM5,DDR5,65,,AM5-DDR5,Zen 5 8 çekirdek,9.5,1668,3,Yok,,,,,,,Akakçe
Toplama Bilgisayar,Kasa,Cooler Master,CH370 Black,1600,Giriş,Günlük Kullanım,,,,,ATX,"Mini Tower, mesh/airflow odaklı kasa",7.9,2638,2,Var,Mini Tower,,,,,,Sinerji
Toplama Bilgisayar,Güç Kaynağı,GamePower,Focus GX 850W 80+ Gold,6450,Üst,Tasarım,,,850W,,80+ Gold,"Modüler PSU, 80+ Gold",8.8,2815,3,Yok,,,,,,,İncehesap
Toplama Bilgisayar,İşlemci,AMD,Ryzen 7 7700,11250,Üst,Oyun,AM5,DDR5,65,,AM5-DDR5,8 çekirdek 16 thread,8.2,7092,3,Yok,,,,,,,İtopya
Toplama Bilgisayar,Klavye,Royal Kludge,GMMK Wireless Low Profile Tam boy,1950,Orta,Ofis,,,,,Kablosuz,Low Profile klavye,8.5,4735,2,Var,Tam boy,,,,,,GamingGenTR
Toplama Bilgisayar,Monitör,Dell,Mobiuz 23.8 inç 2560x1440 144Hz,10450,Üst,Video Edit,,,35,,HDMI-DP,"VA panel, 144Hz",9.5,6585,2,Yok,23.8 inç,2560x1440,144Hz,,,,Sinerji
Toplama Bilgisayar,Anakart,ASUS,Strix A520 DDR4,2750,Giriş,Yazılım,AM4,DDR4,,,AM4-DDR4,"Mini ITX, A520 yonga seti, DDR4 bellek desteği",6.4,2869,3,Yok,Mini ITX,,,,,,İtopya
Toplama Bilgisayar,Soğutucu,Arctic,Kraken 240,9800,Amiral,Video Edit,,,,,AM4-AM5-LGA1700,240mm sıvı soğutma,9.3,245,3,Yok,240mm,,,,,,İtopya
Toplama Bilgisayar,Kasa,DarkFlash,Lancool,3350,Orta,Yazılım,,,,,Micro ATX,"Full Tower, mesh/airflow odaklı kasa",7.9,3477,2,Yok,Full Tower,,,,,,Epey
Toplama Bilgisayar,Soğutucu,be quiet!,NH-D15,2150,Orta,Oyun,,,,,AM4-AM5-LGA1700,Hava soğutma,8.2,8105,2,Var,,,,,,,Sinerji
Toplama Bilgisayar,Klavye,Corsair,G Pro X Mekanik 75%,1550,Orta,Günlük Kullanım,,,,,USB,Mekanik klavye,8.0,1375,2,Var,75%,,,,,,Sinerji
Toplama Bilgisayar,Klavye,HyperX,BlackWidow RGB Optik switch Tam boy,4050,Üst,Yazılım,,,,,Kablosuz,Optik switch klavye,9.2,2067,2,Var,Tam boy,,,,,,İtopya
Toplama Bilgisayar,İşlemci,AMD,Ryzen 3 4100 Pro Sistem,2700,Giriş,Ofis,AM4,DDR4,65,,AM4-DDR4,4 çekirdek 8 thread,6.8,2433,3,Yok,,,,,,,İtopya
Toplama Bilgisayar,Anakart,MSI,Prime B660 WiFi DDR4,7050,Orta,Ofis,LGA1700,DDR4,,,LGA1700-DDR4,"Mini ITX, B660 yonga seti, DDR4 bellek desteği",7.3,5778,3,Yok,Mini ITX,,,,,,Vatan
Toplama Bilgisayar,Mouse,Darmoshark,G305 Mini 8000DPI,500,Giriş,Günlük Kullanım,,,,,Kablosuz,"8000 DPI sensör, 90g",6.5,1802,2,Yok,,,,,,,Epey
Toplama Bilgisayar,Mouse,Darmoshark,Harpoon Mini 16000DPI,3550,Üst,Günlük Kullanım,,,,,Bluetooth,"16000 DPI sensör, 59g",8.3,8575,2,Yok,,,,,,,Epey
Toplama Bilgisayar,Mouse,MSI,MM712 Wireless 30000DPI,1500,Orta,Yazılım,,,,,USB,"30000 DPI sensör, 90g",7.6,114,2,Var,,,,,,,İtopya
Toplama Bilgisayar,Klavye,Keychron,G Pro X Pro Optik switch Tam boy,6950,Amiral,Oyun,,,,,Kablosuz,Optik switch klavye,9.8,2621,2,Yok,Tam boy,,,,,,GamingGenTR
Toplama Bilgisayar,Kasa,NZXT,Meshify Mesh,5550,Üst,Video Edit,,,,,E-ATX,"Mid Tower, mesh/airflow odaklı kasa",9.1,590,2,Yok,Mid Tower,,,,,,İncehesap
Toplama Bilgisayar,Anakart,ASUS,Steel Legend B650E WiFi DDR5,9900,Üst,Yazılım,AM5,DDR5,,,AM5-DDR5,"Mini ITX, B650E yonga seti, DDR5 bellek desteği",9.3,4344,3,Yok,Mini ITX,,,,,,Vatan
Toplama Bilgisayar,Kasa,Corsair,North,5950,Üst,Video Edit,,,,,Micro ATX,"Full Tower, mesh/airflow odaklı kasa",8.5,9235,2,Yok,Full Tower,,,,,,Epey
Toplama Bilgisayar,Klavye,Redragon,Vigor GK RGB Membran TKL,700,Giriş,Günlük Kullanım,,,,,Bluetooth,Membran klavye,7.3,3179,2,Var,TKL,,,,,,İtopya
Toplama Bilgisayar,Klavye,ASUS,BlackWidow Membran 60%,2200,Orta,Oyun,,,,,Kablosuz,Membran klavye,8.1,2892,2,Var,60%,,,,,,Sinerji
Toplama Bilgisayar,Kasa,DarkFlash,CH370,3600,Orta,Ofis,,,,,Micro ATX,"Mini Tower, mesh/airflow odaklı kasa",7.7,2211,2,Yok,Mini Tower,,,,,,Sinerji
Toplama Bilgisayar,Monitör,BenQ,TUF Gaming 31.5 inç 3440x1440 165Hz,19600,Amiral,Yazılım,,,35,,HDMI-DP,"IPS panel, 165Hz",9.7,1092,3,Yok,31.5 inç,3440x1440,165Hz,,,,İtopya
Toplama Bilgisayar,Soğutucu,DeepCool,Peerless Assassin,1650,Orta,Günlük Kullanım,,,,,AM4-AM5-LGA1700,Hava soğutma,7.3,6411,2,Var,,,,,,,Epey
Toplama Bilgisayar,Mouse,Lamzu,G102 Mini 16000DPI,600,Giriş,Oyun,,,,,Bluetooth,"16000 DPI sensör, 59g",7.4,2507,2,Var,,,,,,,İncehesap
Toplama Bilgisayar,Mouse,Redragon,Rival Pro 26000DPI,500,Giriş,Ofis,,,,,USB,"26000 DPI sensör, 90g",6.9,1977,2,Yok,,,,,,,Vatan
Toplama Bilgisayar,SSD,WD,SN850X 4TB NVMe,17300,Amiral,Yapay Zeka,,,3,4TB,M2 NVMe,PCIe 5.0 NVMe SSD,9.1,5400,5,Yok,,,,,11882 MB/s,10317 MB/s,İtopya
Toplama Bilgisayar,RAM,Kingston,T-Force Delta 32GB 2x16GB DDR4 4000MHz,3850,Üst,Video Edit,,DDR4,,32GB,DDR4,4000MHz bellek kiti,9.1,6289,3,Yok,,,,,,,Epey
Toplama Bilgisayar,Kasa,Thermaltake,CH370 Mesh,2700,Orta,Günlük Kullanım,,,,,E-ATX,"Full Tower, mesh/airflow odaklı kasa",7.7,4090,2,Yok,Full Tower,,,,,,İncehesap
Toplama Bilgisayar,SSD,PNY,MP600 4TB NVMe,12700,Amiral,Video Edit,,,4,4TB,M2 NVMe,PCIe 4.0 NVMe SSD,9.0,2726,3,Yok,,,,,6250 MB/s,5528 MB/s,GamingGenTR
Toplama Bilgisayar,Kasa,Cooler Master,Eclipse RGB,13550,Amiral,Yayıncılık,,,,,E-ATX,"Mini Tower, mesh/airflow odaklı kasa",9.0,670,2,Var,Mini Tower,,,,,,İncehesap
Toplama Bilgisayar,Anakart,MSI,Phantom Gaming A620 MAX DDR5,2750,Giriş,Günlük Kullanım,AM5,DDR5,,,AM5-DDR5,"ATX, A620 yonga seti, DDR5 bellek desteği",7.9,3441,3,Var,ATX,,,,,,Vatan
Toplama Bilgisayar,Anakart,ASRock,TUF Gaming B660 DDR4,5800,Orta,Oyun,LGA1700,DDR4,,,LGA1700-DDR4,"Micro ATX, B660 yonga seti, DDR4 bellek desteği",8.6,2574,3,Yok,Micro ATX,,,,,,Epey
Toplama Bilgisayar,RAM,Crucial,Dominator 16GB 2x8GB DDR4 4000MHz,1800,Orta,Ofis,,DDR4,,16GB,DDR4,4000MHz bellek kiti,7.5,4518,3,Var,,,,,,,Epey
Toplama Bilgisayar,Soğutucu,Arctic,Liquid Freezer III 240,4000,Orta,Yazılım,,,,,AM4-AM5-LGA1700,240mm sıvı soğutma,8.7,7196,2,Yok,240mm,,,,,,Sinerji
Toplama Bilgisayar,Anakart,Gigabyte,Taichi Z790 MAX DDR5,8850,Üst,Yazılım,LGA1700,DDR5,,,LGA1700-DDR5,"Micro ATX, Z790 yonga seti, DDR5 bellek desteği",8.5,6610,3,Var,Micro ATX,,,,,,Vatan
Toplama Bilgisayar,Mouse,Logitech,G102 Mini 26000DPI,1600,Orta,Oyun,,,,,USB,"26000 DPI sensör, 59g",7.3,6438,2,Var,,,,,,,İtopya
Toplama Bilgisayar,Anakart,Biostar,PRO B760 DDR4,4500,Orta,Oyun,LGA1700,DDR4,,,LGA1700-DDR4,"Micro ATX, B760 yonga seti, DDR4 bellek desteği",8.7,3602,3,Var,Micro ATX,,,,,,Vatan
Toplama Bilgisayar,Kasa,Fractal Design,Eclipse Black,4200,Orta,Oyun,,,,,E-ATX,"Mid Tower, mesh/airflow odaklı kasa",7.4,931,2,Yok,Mid Tower,,,,,,Epey
Toplama Bilgisayar,Klavye,SteelSeries,Ogre RGB Mekanik TKL,2150,Orta,Ofis,,,,,Bluetooth,Mekanik klavye,7.8,955,2,Var,TKL,,,,,,Epey
Toplama Bilgisayar,RAM,G.Skill,Ballistix 32GB 2x16GB DDR4 3600MHz,2600,Üst,Video Edit,,DDR4,,32GB,DDR4,3600MHz bellek kiti,9.3,11265,2,Var,,,,,,,GamingGenTR
Toplama Bilgisayar,Mouse,MSI,G102 Pro 12000DPI,1400,Orta,Yazılım,,,,,Bluetooth,"12000 DPI sensör, 90g",8.2,7321,2,Yok,,,,,,,Sinerji
Toplama Bilgisayar,Mouse,ASUS,FK2 Pro 36000DPI,1350,Orta,Oyun,,,,,Kablosuz,"36000 DPI sensör, 75g",8.1,5946,2,Yok,,,,,,,Vatan
Toplama Bilgisayar,Klavye,GamePower,BlackWidow RGB Mekanik 75%,500,Giriş,Oyun,,,,,Bluetooth,Mekanik klavye,7.9,1501,2,Var,75%,,,,,,İncehesap
Toplama Bilgisayar,Mouse,MSI,Harpoon Wireless 12000DPI,500,Giriş,Günlük Kullanım,,,,,Kablosuz,"12000 DPI sensör, 75g",7.6,2163,2,Yok,,,,,,,Epey
Toplama Bilgisayar,Soğutucu,Corsair,H100i,6100,Üst,Yazılım,,,,,AM4-AM5-LGA1700,280mm sıvı soğutma,9.3,2965,2,Var,280mm,,,,,,İtopya
Toplama Bilgisayar,RAM,XPG,T-Force Delta 8GB 1x8GB DDR5 6400MHz,1250,Giriş,Günlük Kullanım,,DDR5,,8GB,DDR5,6400MHz bellek kiti,8.1,3234,3,Yok,,,,,,,İtopya
Toplama Bilgisayar,Klavye,Razer,GMMK RGB Low Profile TKL,750,Giriş,Günlük Kullanım,,,,,Kablosuz,Low Profile klavye,6.6,3175,2,Var,TKL,,,,,,GamingGenTR
Toplama Bilgisayar,HDD,Seagate,Barracuda 1TB 7200RPM,1650,Giriş,Ofis,,,7,1TB,SATA,3.5 inç mekanik disk,7.5,600,2,Yok,,,,,,,İtopya
Toplama Bilgisayar,Monitör,AOC,Legion 32 inç 2560x1440 144Hz,7000,Üst,Video Edit,,,35,,HDMI-DP,"VA panel, 144Hz",8.1,3899,3,Yok,32 inç,2560x1440,144Hz,,,,İtopya
Toplama Bilgisayar,Mouse,SteelSeries,G305 Wireless 36000DPI,3950,Üst,Ofis,,,,,USB,"36000 DPI sensör, 75g",8.8,2068,2,Yok,,,,,,,Sinerji
Toplama Bilgisayar,Mouse,SteelSeries,Pulsefire 16000DPI,500,Giriş,Ofis,,,,,USB,"16000 DPI sensör, 75g",7.4,933,2,Yok,,,,,,,GamingGenTR
Toplama Bilgisayar,RAM,ADATA,NOX 32GB 2x16GB DDR5 5600MHz,4550,Üst,Tasarım,,DDR5,,32GB,DDR5,5600MHz bellek kiti,8.5,11565,3,Var,,,,,,,İncehesap
Toplama Bilgisayar,SSD,Crucial,NV2 2TB NVMe,9900,Üst,Tasarım,,,3,2TB,M2 NVMe,PCIe 5.0 NVMe SSD,9.4,423,3,Yok,,,,,10215 MB/s,7197 MB/s,Epey
Toplama Bilgisayar,Güç Kaynağı,SilverStone,MWE 850W 80+ Gold,6250,Üst,Oyun,,,850W,,80+ Gold,"Modüler PSU, 80+ Gold",9.0,4531,7,Yok,,,,,,,İtopya
Toplama Bilgisayar,Monitör,MSI,Odyssey 27 inç 3440x1440 165Hz,16950,Amiral,Video Edit,,,35,,HDMI-DP,"OLED panel, 165Hz",9.6,4908,2,Yok,27 inç,3440x1440,165Hz,,,,GamingGenTR
Toplama Bilgisayar,Mouse,SteelSeries,M711 Mini 16000DPI,1400,Orta,Oyun,,,,,USB,"16000 DPI sensör, 75g",7.7,2208,2,Yok,,,,,,,GamingGenTR
Toplama Bilgisayar,Anakart,Biostar,Phantom Gaming X870 AX DDR5,20300,Amiral,Yayıncılık,AM5,DDR5,,,AM5-DDR5,"ATX, X870 yonga seti, DDR5 bellek desteği",9.5,4618,3,Yok,ATX,,,,,,Vatan
Toplama Bilgisayar,Mouse,Darmoshark,MM712 Mini 16000DPI,1200,Orta,Yazılım,,,,,Bluetooth,"16000 DPI sensör, 90g",8.4,8343,2,Yok,,,,,,,Akakçe
Toplama Bilgisayar,Monitör,Lenovo,Nitro 24.5 inç 2560x1440 144Hz,9950,Üst,Oyun,,,50,,HDMI-DP,"VA panel, 144Hz",9.2,7347,3,Yok,24.5 inç,2560x1440,144Hz,,,,Vatan
Toplama Bilgisayar,Ekran Kartı,Sapphire,RX 7700 XT Merc 12GB,26600,Üst,Video Edit,,GDDR6,245,12GB,PCIe,1440p oyun,8.9,4667,3,Var,,,,12GB,,,GamingGenTR
Toplama Bilgisayar,Kasa,Xigmatek,Eclipse Mesh,4400,Üst,Video Edit,,,,,E-ATX,"Mid Tower, mesh/airflow odaklı kasa",9.5,5560,2,Yok,Mid Tower,,,,,,Epey
Toplama Bilgisayar,Anakart,Biostar,Prime X670 DDR5,9700,Üst,Video Edit,AM5,DDR5,,,AM5-DDR5,"Mini ITX, X670 yonga seti, DDR5 bellek desteği",8.8,2825,3,Var,Mini ITX,,,,,,Akakçe
Toplama Bilgisayar,Kasa,Phanteks,O11 Dynamic Mesh,4350,Üst,Tasarım,,,,,ATX,"Mini Tower, mesh/airflow odaklı kasa",9.2,9756,2,Var,Mini Tower,,,,,,İtopya
Toplama Bilgisayar,Mouse,Glorious,G305 Wireless 26000DPI,1450,Orta,Günlük Kullanım,,,,,USB,"26000 DPI sensör, 75g",7.9,3965,2,Var,,,,,,,GamingGenTR
Toplama Bilgisayar,Klavye,Redragon,CK Pro Mekanik 75%,2000,Orta,Yazılım,,,,,Bluetooth,Mekanik klavye,8.1,154,2,Var,75%,,,,,,GamingGenTR
Toplama Bilgisayar,Klavye,Keychron,ROG Strix Scope Membran 75%,5050,Üst,Günlük Kullanım,,,,,Kablosuz,Membran klavye,8.5,11233,2,Var,75%,,,,,,Vatan
Toplama Bilgisayar,Monitör,Lenovo,Predator 27 inç 1920x1080 144Hz,5400,Orta,Ofis,,,50,,HDMI-DP,"VA panel, 144Hz",7.4,6935,3,Yok,27 inç,1920x1080,144Hz,,,,Epey
Toplama Bilgisayar,Güç Kaynağı,Seasonic,Toughpower 1000W 80+ Titanium,7400,Üst,Tasarım,,,1000W,,80+ Titanium,"Modüler PSU, 80+ Titanium",8.4,505,7,Yok,,,,,,,Vatan
Toplama Bilgisayar,HDD,WD,Purple 2TB 7200RPM,2200,Giriş,Ofis,,,7,2TB,SATA,3.5 inç mekanik disk,7.0,2912,2,Yok,,,,,,,Vatan
Toplama Bilgisayar,Kasa,Xigmatek,H5 Flow Mesh,5700,Üst,Oyun,,,,,Micro ATX,"Full Tower, mesh/airflow odaklı kasa",8.5,9993,2,Var,Full Tower,,,,,,Akakçe
Toplama Bilgisayar,HDD,Toshiba,IronWolf 2TB 7200RPM,2700,Giriş,Ofis,,,5,2TB,SATA,3.5 inç mekanik disk,7.6,1593,2,Yok,,,,,,,Sinerji
Toplama Bilgisayar,Ekran Kartı,Zotac,RTX 4070 GamingPro 12GB,39350,Üst,Oyun,,GDDR6,200,12GB,PCIe,1440p oyun,8.5,9302,3,Yok,,,,12GB,,,Sinerji
Toplama Bilgisayar,Mouse,Lamzu,G Pro X Superlight Wireless 36000DPI,1350,Orta,Ofis,,,,,USB,"36000 DPI sensör, 63g",7.3,1057,2,Var,,,,,,,İtopya
Toplama Bilgisayar,Soğutucu,ASUS,AK400,700,Giriş,Günlük Kullanım,,,,,AM4-AM5-LGA1700,Hava soğutma,8.0,2326,2,Yok,,,,,,,Akakçe
Toplama Bilgisayar,Klavye,HyperX,GMMK RGB Membran Tam boy,700,Giriş,Ofis,,,,,Bluetooth,Membran klavye,7.7,2362,2,Var,Tam boy,,,,,,Akakçe
Toplama Bilgisayar,Klavye,SteelSeries,K70 Low Profile TKL,750,Giriş,Günlük Kullanım,,,,,Bluetooth,Low Profile klavye,6.7,1725,2,Yok,TKL,,,,,,Sinerji
Toplama Bilgisayar,Anakart,Gigabyte,Phantom Gaming A520 WiFi DDR4,3200,Giriş,Günlük Kullanım,AM4,DDR4,,,AM4-DDR4,"Micro ATX, A520 yonga seti, DDR4 bellek desteği",7.2,2452,3,Var,Micro ATX,,,,,,Akakçe
Toplama Bilgisayar,Anakart,ASRock,TUF Gaming B760 MAX DDR4,6500,Orta,Yazılım,LGA1700,DDR4,,,LGA1700-DDR4,"Micro ATX, B760 yonga seti, DDR4 bellek desteği",8.1,5703,3,Var,Micro ATX,,,,,,Akakçe
Toplama Bilgisayar,Mouse,Logitech,Viper 30000DPI,3750,Üst,Yazılım,,,,,Bluetooth,"30000 DPI sensör, 59g",8.2,7125,2,Yok,,,,,,,Sinerji
Toplama Bilgisayar,Monitör,HP,G-Master 24.5 inç 3840x2160 144Hz,25150,Amiral,Video Edit,,,35,,HDMI-DP,"VA panel, 144Hz",9.1,4737,3,Yok,24.5 inç,3840x2160,144Hz,,,,Akakçe
Toplama Bilgisayar,Mouse,MSI,Pulsefire 16000DPI,3000,Üst,Günlük Kullanım,,,,,USB,"16000 DPI sensör, 90g",9.0,2337,2,Yok,,,,,,,İtopya
Toplama Bilgisayar,Güç Kaynağı,Seasonic,Hydro K Pro 650W 80+ Bronze,3050,Orta,Oyun,,,650W,,80+ Bronze,"Yarı modüler PSU, 80+ Bronze",8.6,2559,10,Yok,,,,,,,İncehesap
Toplama Bilgisayar,SSD,WD,P3 Plus 2TB NVMe,9550,Üst,Yazılım,,,3,2TB,M2 NVMe,PCIe 5.0 NVMe SSD,9.4,4246,5,Yok,,,,,11692 MB/s,10697 MB/s,Sinerji
Toplama Bilgisayar,Ekran Kartı,Palit,RTX 4080 Super Hellhound 16GB,81600,Amiral,Yapay Zeka,,GDDR6X,320,16GB,PCIe,4K oyun ve render,9.4,2547,3,Yok,,,,16GB,,,GamingGenTR
Toplama Bilgisayar,Kasa,DeepCool,MAG Forge RGB,7100,Üst,Yayıncılık,,,,,E-ATX,"Mini Tower, mesh/airflow odaklı kasa",8.6,3973,2,Var,Mini Tower,,,,,,GamingGenTR
Toplama Bilgisayar,RAM,Crucial,Fury Beast 8GB 1x8GB DDR4 3600MHz,800,Giriş,Yazılım,,DDR4,,8GB,DDR4,3600MHz bellek kiti,7.7,2906,2,Yok,,,,,,,İtopya
Toplama Bilgisayar,Kasa,Thermaltake,Meshify Mesh,3450,Orta,Ofis,,,,,Micro ATX,"Full Tower, mesh/airflow odaklı kasa",7.8,8072,2,Var,Full Tower,,,,,,Vatan
Toplama Bilgisayar,Güç Kaynağı,High Power,Core Reactor 450W 80+ Bronze,1800,Giriş,Ofis,,,450W,,80+ Bronze,"Yarı modüler PSU, 80+ Bronze",8.0,3144,7,Yok,,,,,,,Vatan
Toplama Bilgisayar,Monitör,ViewSonic,Alienware 23.8 inç 3840x2160 240Hz,38300,Amiral,Tasarım,,,25,,HDMI-DP,"Mini LED panel, 240Hz",9.8,4152,3,Yok,23.8 inç,3840x2160,240Hz,,,,İncehesap
Toplama Bilgisayar,Kasa,DeepCool,TD500 RGB,4200,Orta,Ofis,,,,,E-ATX,"Mid Tower, mesh/airflow odaklı kasa",7.5,7096,2,Var,Mid Tower,,,,,,Sinerji
Toplama Bilgisayar,Klavye,Cooler Master,ROG Strix Scope Wireless Mekanik Tam boy,4900,Üst,Günlük Kullanım,,,,,USB,Mekanik klavye,8.5,2731,2,Yok,Tam boy,,,,,,Akakçe
Toplama Bilgisayar,Klavye,Royal Kludge,Apex RGB Optik switch Tam boy,7150,Amiral,Günlük Kullanım,,,,,Bluetooth,Optik switch klavye,9.4,893,2,Var,Tam boy,,,,,,Sinerji
Toplama Bilgisayar,Anakart,Colorful,PRO X870 WiFi DDR5,16900,Amiral,Oyun,AM5,DDR5,,,AM5-DDR5,"Mini ITX, X870 yonga seti, DDR5 bellek desteği",9.4,6344,3,Yok,Mini ITX,,,,,,İncehesap
Toplama Bilgisayar,Monitör,Lenovo,Predator 24.5 inç 3840x2160 240Hz,39950,Amiral,Ofis,,,35,,HDMI-DP,"VA panel, 240Hz",8.8,3016,3,Yok,24.5 inç,3840x2160,240Hz,,,,Vatan
Toplama Bilgisayar,Monitör,BenQ,Alienware 32 inç 3840x2160 144Hz,25100,Amiral,Tasarım,,,25,,HDMI-DP,"IPS panel, 144Hz",9.7,2198,3,Yok,32 inç,3840x2160,144Hz,,,,Epey
Toplama Bilgisayar,Kasa,Lian Li,North Mesh,3650,Orta,Günlük Kullanım,,,,,E-ATX,"Mini Tower, mesh/airflow odaklı kasa",7.7,7900,2,Var,Mini Tower,,,,,,Epey
Toplama Bilgisayar,Klavye,ASUS,Apex RGB Membran TKL,2250,Orta,Oyun,,,,,USB,Membran klavye,8.8,3220,2,Var,TKL,,,,,,Vatan
Toplama Bilgisayar,SSD,WD,MP600 4TB NVMe,9600,Amiral,Yayıncılık,,,3,4TB,M2 NVMe,PCIe 4.0 NVMe SSD,8.8,6480,3,Yok,,,,,6698 MB/s,5636 MB/s,İtopya
Toplama Bilgisayar,Monitör,ViewSonic,Legion 32 inç 1920x1080 75Hz,3100,Giriş,Video Edit,,,50,,HDMI-DP,"VA panel, 75Hz",6.8,479,3,Yok,32 inç,1920x1080,75Hz,,,,Vatan
Toplama Bilgisayar,Kasa,GamePower,Aquarius,5100,Üst,Video Edit,,,,,E-ATX,"Mid Tower, mesh/airflow odaklı kasa",8.9,4400,2,Yok,Mid Tower,,,,,,Vatan
Toplama Bilgisayar,Klavye,Redragon,MOD007 Wireless Low Profile Tam boy,1850,Orta,Ofis,,,,,Bluetooth,Low Profile klavye,8.5,7566,2,Yok,Tam boy,,,,,,Vatan
Toplama Bilgisayar,Klavye,HyperX,K2 Membran 60%,5050,Üst,Oyun,,,,,Kablosuz,Membran klavye,8.5,7913,2,Yok,60%,,,,,,İncehesap
Toplama Bilgisayar,Monitör,ASUS,UltraGear 32 inç 2560x1440 180Hz,10500,Üst,Tasarım,,,25,,HDMI-DP,"IPS panel, 180Hz",9.5,1813,3,Yok,32 inç,2560x1440,180Hz,,,,Sinerji
Toplama Bilgisayar,İşlemci,AMD,Ryzen 7 7800X3D Tray,14550,Amiral,Tasarım,AM5,DDR5,120,,AM5-DDR5,3D V-Cache üst seviye oyun,9.7,769,3,Yok,,,,,,,Sinerji
Toplama Bilgisayar,İşlemci,Intel,Core i7-13700KF,14700,Üst,Video Edit,LGA1700,DDR5,125,,LGA1700-DDR5,16 çekirdek,9.0,3710,3,Yok,,,,,,,Sinerji
Toplama Bilgisayar,Anakart,NZXT,Strix B650 AX DDR5,6550,Orta,Günlük Kullanım,AM5,DDR5,,,AM5-DDR5,"Micro ATX, B650 yonga seti, DDR5 bellek desteği",7.9,5927,3,Yok,Micro ATX,,,,,,Sinerji
Toplama Bilgisayar,Ekran Kartı,Galax,RTX 4080 Super Pulse 16GB,83350,Amiral,Yapay Zeka,,GDDR6X,320,16GB,PCIe,4K oyun ve render,9.7,5307,3,Var,,,,16GB,,,İtopya
Toplama Bilgisayar,Mouse,Darmoshark,Atlantis 16000DPI,3700,Üst,Yazılım,,,,,USB,"16000 DPI sensör, 59g",8.5,11103,2,Yok,,,,,,,Akakçe
Toplama Bilgisayar,RAM,G.Skill,T-Force Delta 8GB 1x8GB DDR4 3600MHz,800,Giriş,Ofis,,DDR4,,8GB,DDR4,3600MHz bellek kiti,7.8,2990,2,Var,,,,,,,GamingGenTR
Toplama Bilgisayar,Monitör,MSI,Mobiuz 31.5 inç 1920x1080 75Hz,3450,Giriş,Oyun,,,25,,HDMI-DP,"VA panel, 75Hz",7.9,657,3,Yok,31.5 inç,1920x1080,75Hz,,,,Sinerji
Toplama Bilgisayar,Ekran Kartı,Colorful,RX 7800 XT Pulse 16GB,37150,Üst,Video Edit,,GDDR6,263,16GB,PCIe,16GB VRAM 1440p,8.8,5696,3,Var,,,,16GB,,,Akakçe
Toplama Bilgisayar,Kasa,Fractal Design,Aquarius White,3250,Orta,Günlük Kullanım,,,,,Micro ATX,"Full Tower, mesh/airflow odaklı kasa",7.2,238,2,Yok,Full Tower,,,,,,Sinerji
Toplama Bilgisayar,Klavye,GamePower,Apex Pro Mekanik TKL,1600,Orta,Yazılım,,,,,USB,Mekanik klavye,8.4,2519,2,Yok,TKL,,,,,,Akakçe
Toplama Bilgisayar,Soğutucu,Arctic,NH-D15,2050,Orta,Ofis,,,,,AM4-AM5-LGA1700,Hava soğutma,8.2,333,2,Yok,,,,,,,İtopya
Toplama Bilgisayar,Kasa,Xigmatek,4000D Airflow Black,3100,Orta,Yazılım,,,,,E-ATX,"Full Tower, mesh/airflow odaklı kasa",7.3,3376,2,Yok,Full Tower,,,,,,Akakçe
Toplama Bilgisayar,RAM,Kingston,Vengeance 8GB 1x8GB DDR5 6000MHz,1350,Giriş,Ofis,,DDR5,,8GB,DDR5,6000MHz bellek kiti,6.9,2675,5,Var,,,,,,,GamingGenTR
Toplama Bilgisayar,Mouse,Zowie,DeathAdder Wireless 30000DPI,600,Giriş,Ofis,,,,,USB,"30000 DPI sensör, 49g",8.1,3046,2,Yok,,,,,,,Sinerji
Toplama Bilgisayar,Anakart,Biostar,Taichi X870 WiFi DDR5,13500,Amiral,Yapay Zeka,AM5,DDR5,,,AM5-DDR5,"Mini ITX, X870 yonga seti, DDR5 bellek desteği",9.4,2477,3,Var,Mini ITX,,,,,,Akakçe
Toplama Bilgisayar,Klavye,Royal Kludge,MOD007 Pro Low Profile TKL,550,Giriş,Günlük Kullanım,,,,,Kablosuz,Low Profile klavye,6.7,442,2,Yok,TKL,,,,,,İtopya
Toplama Bilgisayar,Anakart,ASRock,Creator X570 WiFi DDR4,11000,Üst,Yayıncılık,AM4,DDR4,,,AM4-DDR4,"Micro ATX, X570 yonga seti, DDR4 bellek desteği",8.5,1801,3,Yok,Micro ATX,,,,,,GamingGenTR
Toplama Bilgisayar,İşlemci,AMD,Ryzen 7 9700X Kampanya,13400,Üst,Yayıncılık,AM5,DDR5,65,,AM5-DDR5,Zen 5 8 çekirdek,9.0,10744,3,Yok,,,,,,,Vatan
Toplama Bilgisayar,Mouse,Lamzu,Viper Wireless 30000DPI,3450,Üst,Ofis,,,,,Bluetooth,"30000 DPI sensör, 59g",8.4,10601,2,Yok,,,,,,,İncehesap
Toplama Bilgisayar,Güç Kaynağı,MSI,Toughpower 750W 80+ Titanium,4250,Orta,Ofis,,,750W,,80+ Titanium,"Sabit kablo PSU, 80+ Titanium",7.3,8071,5,Yok,,,,,,,GamingGenTR
Toplama Bilgisayar,SSD,Patriot,NM790 2TB NVMe,6050,Üst,Yayıncılık,,,5,2TB,M2 NVMe,PCIe 4.0 NVMe SSD,9.5,2089,3,Yok,,,,,5465 MB/s,4755 MB/s,İncehesap
Toplama Bilgisayar,Ekran Kartı,Galax,RX 9070 XT Gaming OC 16GB,63550,Amiral,Oyun,,GDDR6,304,16GB,PCIe,2026 RDNA üst seviye,9.6,3028,3,Yok,,,,16GB,,,GamingGenTR
Toplama Bilgisayar,Kasa,Phanteks,Aquarius White,1500,Giriş,Oyun,,,,,ATX,"Mid Tower, mesh/airflow odaklı kasa",6.7,1787,2,Var,Mid Tower,,,,,,İncehesap
Toplama Bilgisayar,Anakart,NZXT,Taichi B660 WiFi DDR4,5650,Orta,Ofis,LGA1700,DDR4,,,LGA1700-DDR4,"ATX, B660 yonga seti, DDR4 bellek desteği",7.7,3296,3,Yok,ATX,,,,,,İncehesap
Toplama Bilgisayar,Monitör,Acer,TUF Gaming 23.8 inç 2560x1440 144Hz,11050,Üst,Video Edit,,,50,,HDMI-DP,"IPS panel, 144Hz",8.3,8562,2,Yok,23.8 inç,2560x1440,144Hz,,,,Vatan
Toplama Bilgisayar,RAM,Kingston,Fury Beast 64GB 2x32GB DDR4 3200MHz,5200,Amiral,Tasarım,,DDR4,,64GB,DDR4,3200MHz bellek kiti,9.1,2571,3,Var,,,,,,,Akakçe
Toplama Bilgisayar,Kasa,GamePower,MAG Forge White,3250,Orta,Oyun,,,,,E-ATX,"Full Tower, mesh/airflow odaklı kasa",8.0,5660,2,Var,Full Tower,,,,,,Vatan
Toplama Bilgisayar,Kasa,GamePower,4000D Airflow Black,4100,Orta,Günlük Kullanım,,,,,E-ATX,"Full Tower, mesh/airflow odaklı kasa",8.7,2426,2,Var,Full Tower,,,,,,Vatan
Toplama Bilgisayar,Klavye,SteelSeries,Vigor GK RGB Mekanik TKL,3700,Üst,Oyun,,,,,Kablosuz,Mekanik klavye,9.0,5017,2,Var,TKL,,,,,,İtopya
Toplama Bilgisayar,Klavye,Logitech,MOD007 Wireless Optik switch 60%,1500,Orta,Günlük Kullanım,,,,,Bluetooth,Optik switch klavye,8.3,1742,2,Var,60%,,,,,,GamingGenTR
Toplama Bilgisayar,RAM,G.Skill,Vengeance 32GB 2x16GB DDR5 6400MHz,6150,Üst,Oyun,,DDR5,,32GB,DDR5,6400MHz bellek kiti,9.4,2094,5,Var,,,,,,,İncehesap
Toplama Bilgisayar,Kasa,MSI,Lancool White,3100,Orta,Yazılım,,,,,E-ATX,"Full Tower, mesh/airflow odaklı kasa",7.6,7083,2,Yok,Full Tower,,,,,,Akakçe
Toplama Bilgisayar,Klavye,Logitech,RK61 Wireless Mekanik 60%,3400,Üst,Yazılım,,,,,USB,Mekanik klavye,8.5,9131,2,Var,60%,,,,,,İncehesap
Toplama Bilgisayar,Anakart,Biostar,Aorus Elite B650E MAX DDR5,11550,Üst,Yazılım,AM5,DDR5,,,AM5-DDR5,"ATX, B650E yonga seti, DDR5 bellek desteği",9.1,9818,3,Yok,ATX,,,,,,Akakçe
Toplama Bilgisayar,Kasa,NZXT,Aquarius,2400,Orta,Oyun,,,,,E-ATX,"Full Tower, mesh/airflow odaklı kasa",8.5,1665,2,Yok,Full Tower,,,,,,Vatan
Toplama Bilgisayar,Anakart,Gigabyte,Creator A520 WiFi DDR4,3950,Giriş,Günlük Kullanım,AM4,DDR4,,,AM4-DDR4,"ATX, A520 yonga seti, DDR4 bellek desteği",7.9,2348,3,Yok,ATX,,,,,,GamingGenTR
Toplama Bilgisayar,Klavye,Logitech,K70 Mekanik 75%,3500,Üst,Yazılım,,,,,Kablosuz,Mekanik klavye,8.3,4969,2,Var,75%,,,,,,Vatan
Toplama Bilgisayar,Mouse,Zowie,G102 26000DPI,6600,Amiral,Günlük Kullanım,,,,,USB,"26000 DPI sensör, 63g",9.4,6168,2,Yok,,,,,,,Epey
Toplama Bilgisayar,HDD,Seagate,Blue 2TB 7200RPM,2100,Giriş,Video Edit,,,9,2TB,SATA,3.5 inç mekanik disk,7.8,2574,2,Yok,,,,,,,İncehesap
Toplama Bilgisayar,Klavye,Cooler Master,GMMK RGB Optik switch Tam boy,6600,Amiral,Yazılım,,,,,Bluetooth,Optik switch klavye,9.7,4837,2,Var,Tam boy,,,,,,Sinerji
Toplama Bilgisayar,İşlemci,AMD,Ryzen 9 7950X Kampanya,24100,Amiral,Yapay Zeka,AM5,DDR5,170,,AM5-DDR5,16 çekirdek 32 thread,9.1,3247,3,Yok,,,,,,,Epey
Toplama Bilgisayar,Güç Kaynağı,be quiet!,RM 550W 80+ Bronze,1850,Giriş,Ofis,,,550W,,80+ Bronze,"Sabit kablo PSU, 80+ Bronze",7.1,2868,7,Yok,,,,,,,İncehesap
Toplama Bilgisayar,Soğutucu,ASUS,Kraken 240,5350,Üst,Oyun,,,,,AM4-AM5-LGA1700,240mm sıvı soğutma,8.5,11661,2,Yok,240mm,,,,,,Sinerji
Toplama Bilgisayar,Kasa,NZXT,North Mesh,9550,Amiral,Video Edit,,,,,E-ATX,"Mid Tower, mesh/airflow odaklı kasa",9.9,220,2,Var,Mid Tower,,,,,,GamingGenTR
Toplama Bilgisayar,Güç Kaynağı,XPG,PF 1600W 80+ Platinum,18600,Amiral,Yapay Zeka,,,1600W,,80+ Platinum,"Modüler PSU, 80+ Platinum",9.4,2392,10,Yok,,,,,,,İncehesap
Toplama Bilgisayar,Anakart,NZXT,Strix H610 WiFi DDR4,3150,Giriş,Yazılım,LGA1700,DDR4,,,LGA1700-DDR4,"Micro ATX, H610 yonga seti, DDR4 bellek desteği",7.9,389,3,Var,Micro ATX,,,,,,İtopya
Toplama Bilgisayar,Ekran Kartı,XFX,RTX 4090 Nitro+ 24GB,168000,Amiral,Yapay Zeka,,GDDR6X,450,24GB,PCIe,AI ve 4K üst seviye,9.6,1141,3,Yok,,,,24GB,,,Sinerji
Toplama Bilgisayar,Klavye,Corsair,CK Mekanik 75%,2300,Orta,Yazılım,,,,,USB,Mekanik klavye,8.5,3035,2,Yok,75%,,,,,,İncehesap
Toplama Bilgisayar,Soğutucu,DeepCool,Liquid Freezer III 240,14200,Amiral,Oyun,,,,,AM4-AM5-LGA1700,240mm sıvı soğutma,9.7,3662,2,Yok,240mm,,,,,,Epey
Toplama Bilgisayar,Anakart,ASUS,Prime X870 DDR5,20350,Amiral,Video Edit,AM5,DDR5,,,AM5-DDR5,"ATX, X870 yonga seti, DDR5 bellek desteği",9.3,5624,3,Var,ATX,,,,,,Vatan
Toplama Bilgisayar,Ekran Kartı,Gainward,RX 7900 XTX Hellhound 24GB,61450,Amiral,Oyun,,GDDR6,355,24GB,PCIe,24GB VRAM 4K,9.4,4254,3,Var,,,,24GB,,,Vatan
Toplama Bilgisayar,Mouse,Glorious,G305 Pro 36000DPI,450,Giriş,Günlük Kullanım,,,,,Kablosuz,"36000 DPI sensör, 49g",7.6,497,2,Var,,,,,,,Sinerji
Toplama Bilgisayar,Ekran Kartı,Sapphire,RTX 4060 Ventus 2X 8GB,20700,Orta,Oyun,,GDDR6,115,8GB,PCIe,DLSS 3 1080p oyun,8.2,473,3,Yok,,,,8GB,,,Akakçe
Toplama Bilgisayar,Kasa,Thermaltake,View 270 Black,7700,Üst,Yayıncılık,,,,,ATX,"Mini Tower, mesh/airflow odaklı kasa",9.1,10570,2,Var,Mini Tower,,,,,,Sinerji
Toplama Bilgisayar,Klavye,ASUS,MOD007 Wireless Low Profile TKL,650,Giriş,Ofis,,,,,Kablosuz,Low Profile klavye,7.7,30,2,Yok,TKL,,,,,,GamingGenTR
Toplama Bilgisayar,Klavye,ASUS,MOD007 RGB Mekanik 60%,2250,Orta,Oyun,,,,,Bluetooth,Mekanik klavye,8.5,1689,2,Var,60%,,,,,,Vatan
Toplama Bilgisayar,Monitör,HP,Nitro 24.5 inç 1920x1080 180Hz,4850,Orta,Oyun,,,25,,HDMI-DP,"IPS panel, 180Hz",8.1,3475,3,Yok,24.5 inç,1920x1080,180Hz,,,,Epey
Toplama Bilgisayar,RAM,Corsair,NOX 8GB 1x8GB DDR4 3600MHz,800,Giriş,Günlük Kullanım,,DDR4,,8GB,DDR4,3600MHz bellek kiti,6.5,835,5,Var,,,,,,,İtopya
Toplama Bilgisayar,Kasa,DeepCool,Warcry Black,4200,Orta,Yazılım,,,,,ATX,"Mini Tower, mesh/airflow odaklı kasa",8.8,2441,2,Yok,Mini Tower,,,,,,İncehesap
Toplama Bilgisayar,Kasa,Corsair,4000D Airflow,4600,Üst,Yazılım,,,,,ATX,"Full Tower, mesh/airflow odaklı kasa",9.1,11786,2,Yok,Full Tower,,,,,,İncehesap
Toplama Bilgisayar,Güç Kaynağı,Seasonic,MAG 850W 80+ Titanium,7900,Üst,Yazılım,,,850W,,80+ Titanium,"Modüler PSU, 80+ Titanium",8.6,3597,7,Yok,,,,,,,GamingGenTR
Toplama Bilgisayar,Kasa,ASUS,TUF GT,3950,Orta,Ofis,,,,,E-ATX,"Mid Tower, mesh/airflow odaklı kasa",8.0,2589,2,Yok,Mid Tower,,,,,,Sinerji
Toplama Bilgisayar,İşlemci,AMD,Ryzen 5 5600 Pro Sistem,5100,Orta,Günlük Kullanım,AM4,DDR4,65,,AM4-DDR4,6 çekirdek 12 thread,8.4,7069,3,Yok,,,,,,,Vatan
Toplama Bilgisayar,Mouse,SteelSeries,Atlantis Mini 12000DPI,2550,Üst,Oyun,,,,,Kablosuz,"12000 DPI sensör, 59g",8.6,393,2,Yok,,,,,,,GamingGenTR
Toplama Bilgisayar,Monitör,BenQ,Predator 32 inç 1920x1080 144Hz,4750,Orta,Video Edit,,,50,,HDMI-DP,"IPS panel, 144Hz",7.3,5210,3,Yok,32 inç,1920x1080,144Hz,,,,Sinerji
Toplama Bilgisayar,Kasa,GamePower,4000D Airflow RGB,7800,Üst,Yazılım,,,,,ATX,"Mini Tower, mesh/airflow odaklı kasa",8.8,9458,2,Var,Mini Tower,,,,,,Akakçe
Toplama Bilgisayar,Anakart,NZXT,Phantom Gaming B650E DDR5,13350,Üst,Yazılım,AM5,DDR5,,,AM5-DDR5,"ATX, B650E yonga seti, DDR5 bellek desteği",8.5,6700,3,Var,ATX,,,,,,Vatan
Toplama Bilgisayar,Anakart,NZXT,Strix B660 MAX DDR4,5500,Orta,Ofis,LGA1700,DDR4,,,LGA1700-DDR4,"Micro ATX, B660 yonga seti, DDR4 bellek desteği",7.7,5761,3,Var,Micro ATX,,,,,,Vatan
Toplama Bilgisayar,SSD,Lexar,990 EVO 1TB NVMe,3500,Orta,Oyun,,,3,1TB,M2 NVMe,PCIe 5.0 NVMe SSD,7.7,3576,3,Yok,,,,,9405 MB/s,7891 MB/s,Epey
Toplama Bilgisayar,Klavye,Keychron,BlackWidow Mekanik Tam boy,1500,Orta,Oyun,,,,,Kablosuz,Mekanik klavye,8.3,3129,2,Yok,Tam boy,,,,,,İtopya
Toplama Bilgisayar,RAM,Lexar,Ripjaws 32GB 2x16GB DDR4 4000MHz,4150,Üst,Yazılım,,DDR4,,32GB,DDR4,4000MHz bellek kiti,9.4,9180,2,Var,,,,,,,İncehesap
Toplama Bilgisayar,Güç Kaynağı,Corsair,Focus GX 750W 80+ Platinum,4550,Orta,Yazılım,,,750W,,80+ Platinum,"Sabit kablo PSU, 80+ Platinum",7.5,4974,10,Yok,,,,,,,Vatan
Toplama Bilgisayar,Anakart,Gigabyte,Aorus Elite A520 AX DDR4,3250,Giriş,Yazılım,AM4,DDR4,,,AM4-DDR4,"Micro ATX, A520 yonga seti, DDR4 bellek desteği",7.7,1230,3,Var,Micro ATX,,,,,,İncehesap
Toplama Bilgisayar,Ekran Kartı,Galax,RTX 4090 Hellhound 24GB,135750,Amiral,Yayıncılık,,GDDR6X,450,24GB,PCIe,AI ve 4K üst seviye,9.5,139,3,Yok,,,,24GB,,,İncehesap
Toplama Bilgisayar,Klavye,GamePower,Apex Mekanik TKL,5050,Üst,Ofis,,,,,Kablosuz,Mekanik klavye,8.7,1444,2,Var,TKL,,,,,,Vatan
Toplama Bilgisayar,Mouse,SteelSeries,X2V2 Mini 30000DPI,2250,Üst,Oyun,,,,,Bluetooth,"30000 DPI sensör, 59g",8.8,11819,2,Yok,,,,,,,İtopya
Toplama Bilgisayar,Ekran Kartı,XFX,GTX 1650 JetStream 4GB,6450,Giriş,Günlük Kullanım,,GDDR6,75,4GB,PCIe,1080p giriş oyun,6.9,1617,3,Yok,,,,4GB,,,Sinerji
Toplama Bilgisayar,Ekran Kartı,Colorful,RX 6600 Ventus 2X 8GB,10350,Giriş,Günlük Kullanım,,GDDR6,132,8GB,PCIe,1080p fiyat performans,6.8,3411,3,Yok,,,,8GB,,,Vatan
Toplama Bilgisayar,Monitör,ViewSonic,G-Master 23.8 inç 3840x2160 144Hz,22450,Amiral,Tasarım,,,35,,HDMI-DP,"OLED panel, 144Hz",9.5,4958,3,Yok,23.8 inç,3840x2160,144Hz,,,,Vatan
Toplama Bilgisayar,Mouse,SteelSeries,G102 Pro 26000DPI,1200,Orta,Oyun,,,,,USB,"26000 DPI sensör, 63g",7.9,1972,2,Var,,,,,,,Sinerji
Toplama Bilgisayar,Mouse,Redragon,G102 Wireless 12000DPI,1300,Orta,Oyun,,,,,Kablosuz,"12000 DPI sensör, 59g",7.6,5998,2,Yok,,,,,,,Sinerji
Toplama Bilgisayar,Kasa,Fractal Design,4000D Airflow White,3150,Orta,Oyun,,,,,Micro ATX,"Full Tower, mesh/airflow odaklı kasa",7.7,1574,2,Yok,Full Tower,,,,,,Sinerji
Toplama Bilgisayar,Mouse,Pulsar,X2V2 12000DPI,2650,Üst,Oyun,,,,,Bluetooth,"12000 DPI sensör, 49g",9.1,6082,2,Yok,,,,,,,GamingGenTR
Toplama Bilgisayar,Monitör,MSI,Odyssey 34 inç 2560x1440 144Hz,6850,Üst,Oyun,,,25,,HDMI-DP,"IPS panel, 144Hz",8.9,1252,3,Yok,34 inç,2560x1440,144Hz,,,,Sinerji
Toplama Bilgisayar,Kasa,ASUS,CH370 RGB,1950,Giriş,Ofis,,,,,ATX,"Mid Tower, mesh/airflow odaklı kasa",6.6,744,2,Var,Mid Tower,,,,,,İtopya
Toplama Bilgisayar,Ekran Kartı,Galax,RTX 4060 JetStream 8GB,18150,Orta,Günlük Kullanım,,GDDR6,115,8GB,PCIe,DLSS 3 1080p oyun,7.6,7877,3,Var,,,,8GB,,,Akakçe
Toplama Bilgisayar,Monitör,BenQ,Predator 27 inç 3840x2160 240Hz,48400,Amiral,Yazılım,,,25,,HDMI-DP,"OLED panel, 240Hz",9.5,2763,3,Yok,27 inç,3840x2160,240Hz,,,,Vatan
Toplama Bilgisayar,Mouse,Pulsar,FK2 Pro 36000DPI,1450,Orta,Ofis,,,,,Kablosuz,"36000 DPI sensör, 63g",7.3,4432,2,Var,,,,,,,Vatan
Toplama Bilgisayar,Monitör,Dell,TUF Gaming 34 inç 1920x1080 75Hz,3050,Giriş,Oyun,,,50,,HDMI-DP,"IPS panel, 75Hz",7.3,288,2,Yok,34 inç,1920x1080,75Hz,,,,GamingGenTR
Toplama Bilgisayar,Mouse,Logitech,G Pro X Superlight Wireless 12000DPI,1650,Orta,Yazılım,,,,,Bluetooth,"12000 DPI sensör, 90g",8.8,6747,2,Yok,,,,,,,İncehesap
Toplama Bilgisayar,Kasa,DeepCool,Lancool White,1450,Giriş,Ofis,,,,,E-ATX,"Full Tower, mesh/airflow odaklı kasa",6.8,682,2,Yok,Full Tower,,,,,,GamingGenTR
Toplama Bilgisayar,Mouse,ASUS,X2V2 Mini 26000DPI,400,Giriş,Yazılım,,,,,Bluetooth,"26000 DPI sensör, 49g",7.1,299,2,Var,,,,,,,Sinerji
Toplama Bilgisayar,Klavye,HyperX,Alloy Origins Low Profile 60%,850,Giriş,Yazılım,,,,,Bluetooth,Low Profile klavye,7.1,576,2,Yok,60%,,,,,,GamingGenTR
Toplama Bilgisayar,Klavye,SteelSeries,MOD007 Low Profile TKL,650,Giriş,Ofis,,,,,Kablosuz,Low Profile klavye,7.0,776,2,Yok,TKL,,,,,,Vatan
Toplama Bilgisayar,Kasa,Corsair,Lancool Mesh,12950,Amiral,Video Edit,,,,,Micro ATX,"Mid Tower, mesh/airflow odaklı kasa",9.7,2978,2,Var,Mid Tower,,,,,,Vatan
Toplama Bilgisayar,Klavye,MSI,Ogre Pro Membran Tam boy,850,Giriş,Günlük Kullanım,,,,,Bluetooth,Membran klavye,7.9,3057,2,Yok,Tam boy,,,,,,GamingGenTR
Toplama Bilgisayar,Kasa,MSI,4000D Airflow White,3800,Orta,Oyun,,,,,ATX,"Full Tower, mesh/airflow odaklı kasa",7.5,7592,2,Var,Full Tower,,,,,,GamingGenTR
Toplama Bilgisayar,HDD,WD,Red Plus 6TB 7200RPM,5650,Orta,Ofis,,,7,6TB,SATA,3.5 inç mekanik disk,7.2,195,3,Yok,,,,,,,GamingGenTR
Toplama Bilgisayar,Klavye,Royal Kludge,GMMK Optik switch TKL,1650,Orta,Günlük Kullanım,,,,,USB,Optik switch klavye,8.2,4263,2,Yok,TKL,,,,,,Vatan
Toplama Bilgisayar,Anakart,ASUS,TUF Gaming B550 WiFi DDR4,4900,Orta,Günlük Kullanım,AM4,DDR4,,,AM4-DDR4,"Micro ATX, B550 yonga seti, DDR4 bellek desteği",7.5,5420,3,Var,Micro ATX,,,,,,Epey
Toplama Bilgisayar,Mouse,Zowie,Harpoon Mini 26000DPI,400,Giriş,Günlük Kullanım,,,,,Kablosuz,"26000 DPI sensör, 59g",6.6,665,2,Var,,,,,,,İncehesap
Toplama Bilgisayar,Mouse,Redragon,FK2 Pro 16000DPI,3050,Üst,Yazılım,,,,,USB,"16000 DPI sensör, 59g",8.3,4648,2,Var,,,,,,,Akakçe
Toplama Bilgisayar,Klavye,Akko,MOD007 Mekanik Tam boy,5000,Üst,Yazılım,,,,,Bluetooth,Mekanik klavye,8.7,4613,2,Var,Tam boy,,,,,,Epey
Toplama Bilgisayar,Kasa,Thermaltake,North Black,1750,Giriş,Günlük Kullanım,,,,,ATX,"Full Tower, mesh/airflow odaklı kasa",7.0,2750,2,Var,Full Tower,,,,,,Vatan
Toplama Bilgisayar,Monitör,ViewSonic,Mobiuz 34 inç 3840x2160 144Hz,19700,Amiral,Ofis,,,50,,HDMI-DP,"VA panel, 144Hz",9.2,2635,3,Yok,34 inç,3840x2160,144Hz,,,,Sinerji
Toplama Bilgisayar,Kasa,DarkFlash,North Mesh,4450,Üst,Oyun,,,,,ATX,"Full Tower, mesh/airflow odaklı kasa",9.3,1576,2,Var,Full Tower,,,,,,Sinerji
Toplama Bilgisayar,Klavye,Corsair,K380 Optik switch TKL,4900,Üst,Yazılım,,,,,Bluetooth,Optik switch klavye,8.9,10967,2,Yok,TKL,,,,,,İncehesap
Toplama Bilgisayar,Mouse,Cooler Master,M711 36000DPI,600,Giriş,Ofis,,,,,Bluetooth,"36000 DPI sensör, 90g",7.3,2333,2,Var,,,,,,,Akakçe
Toplama Bilgisayar,Mouse,Corsair,M711 Wireless 12000DPI,3300,Üst,Günlük Kullanım,,,,,Kablosuz,"12000 DPI sensör, 75g",9.5,3084,2,Yok,,,,,,,Vatan
Toplama Bilgisayar,Anakart,ASRock,Mortar X870 WiFi DDR5,18550,Amiral,Yayıncılık,AM5,DDR5,,,AM5-DDR5,"Mini ITX, X870 yonga seti, DDR5 bellek desteği",9.8,1371,3,Yok,Mini ITX,,,,,,Sinerji
Toplama Bilgisayar,Kasa,DeepCool,H5 Flow Black,2450,Orta,Oyun,,,,,Micro ATX,"Mini Tower, mesh/airflow odaklı kasa",8.5,2978,2,Var,Mini Tower,,,,,,Vatan
Toplama Bilgisayar,Kasa,Phanteks,TUF GT RGB,2700,Orta,Oyun,,,,,Micro ATX,"Mid Tower, mesh/airflow odaklı kasa",8.1,3060,2,Var,Mid Tower,,,,,,Vatan
Toplama Bilgisayar,Monitör,Lenovo,Alienware 27 inç 2560x1440 180Hz,11450,Üst,Tasarım,,,25,,HDMI-DP,"VA panel, 180Hz",9.1,6560,2,Yok,27 inç,2560x1440,180Hz,,,,Akakçe
Toplama Bilgisayar,Mouse,Razer,Clutch GM Wireless 30000DPI,1800,Orta,Oyun,,,,,Kablosuz,"30000 DPI sensör, 63g",8.5,3959,2,Yok,,,,,,,İtopya
Toplama Bilgisayar,Kasa,Xigmatek,O11 Dynamic Black,2650,Orta,Yazılım,,,,,ATX,"Mid Tower, mesh/airflow odaklı kasa",8.6,6363,2,Yok,Mid Tower,,,,,,Epey
Toplama Bilgisayar,Mouse,Glorious,Pulsefire 30000DPI,1450,Orta,Yazılım,,,,,USB,"30000 DPI sensör, 75g",8.3,6571,2,Var,,,,,,,İtopya
Toplama Bilgisayar,Kasa,Fractal Design,TUF GT White,3700,Orta,Ofis,,,,,ATX,"Full Tower, mesh/airflow odaklı kasa",7.3,2631,2,Var,Full Tower,,,,,,Epey
Toplama Bilgisayar,Kasa,Xigmatek,Warcry Mesh,4300,Üst,Yayıncılık,,,,,Micro ATX,"Mid Tower, mesh/airflow odaklı kasa",9.3,11953,2,Yok,Mid Tower,,,,,,GamingGenTR
Toplama Bilgisayar,RAM,ADATA,Ballistix 16GB 2x8GB DDR4 3600MHz,1450,Orta,Ofis,,DDR4,,16GB,DDR4,3600MHz bellek kiti,8.2,1284,2,Yok,,,,,,,Sinerji
Toplama Bilgisayar,Mouse,Zowie,Atlantis Mini 16000DPI,550,Giriş,Yazılım,,,,,USB,"16000 DPI sensör, 59g",6.7,2477,2,Yok,,,,,,,Sinerji
Toplama Bilgisayar,Kasa,Cooler Master,View 270,1750,Giriş,Oyun,,,,,ATX,"Mini Tower, mesh/airflow odaklı kasa",7.4,214,2,Yok,Mini Tower,,,,,,Vatan
Toplama Bilgisayar,Soğutucu,ID-Cooling,Peerless Assassin,1400,Orta,Oyun,,,,,AM4-AM5-LGA1700,Hava soğutma,7.7,1539,2,Var,,,,,,,Epey
Toplama Bilgisayar,Mouse,Pulsar,Pulsefire Mini 12000DPI,600,Giriş,Ofis,,,,,Kablosuz,"12000 DPI sensör, 75g",7.6,1950,2,Var,,,,,,,Epey
Toplama Bilgisayar,Klavye,Akko,CK Membran TKL,4050,Üst,Yazılım,,,,,Bluetooth,Membran klavye,9.1,1041,2,Var,TKL,,,,,,İtopya
Toplama Bilgisayar,Mouse,Lamzu,G Pro X Superlight 30000DPI,3750,Üst,Yazılım,,,,,Kablosuz,"30000 DPI sensör, 75g",9.3,6944,2,Var,,,,,,,İncehesap
Toplama Bilgisayar,HDD,Seagate,N300 6TB 7200RPM,6800,Orta,Ofis,,,5,6TB,SATA,3.5 inç mekanik disk,8.4,7161,3,Yok,,,,,,,Sinerji
Toplama Bilgisayar,Kasa,NZXT,Aquarius Black,1900,Giriş,Oyun,,,,,E-ATX,"Mini Tower, mesh/airflow odaklı kasa",7.1,1632,2,Yok,Mini Tower,,,,,,İncehesap
Toplama Bilgisayar,SSD,Kioxia,NV2 2TB NVMe,4800,Üst,Yazılım,,,3,2TB,M2 NVMe,PCIe 4.0 NVMe SSD,9.3,2621,5,Yok,,,,,6522 MB/s,4519 MB/s,Akakçe
Toplama Bilgisayar,HDD,Toshiba,Blue 6TB 7200RPM,5300,Orta,Günlük Kullanım,,,5,6TB,SATA,3.5 inç mekanik disk,8.1,737,3,Yok,,,,,,,Vatan
Toplama Bilgisayar,Soğutucu,SilverStone,Liquid Freezer III 240,5900,Üst,Video Edit,,,,,AM4-AM5-LGA1700,240mm sıvı soğutma,9.5,3128,5,Var,240mm,,,,,,İncehesap
Toplama Bilgisayar,RAM,Lexar,NOX 64GB 2x32GB DDR4 3600MHz,7650,Amiral,Video Edit,,DDR4,,64GB,DDR4,3600MHz bellek kiti,8.9,1222,5,Yok,,,,,,,Akakçe
Toplama Bilgisayar,Mouse,Cooler Master,G Pro X Superlight Pro 8000DPI,6050,Amiral,Ofis,,,,,Bluetooth,"8000 DPI sensör, 90g",9.4,5594,2,Yok,,,,,,,İncehesap
Toplama Bilgisayar,Kasa,GamePower,CH370,2750,Orta,Ofis,,,,,ATX,"Full Tower, mesh/airflow odaklı kasa",7.2,2153,2,Yok,Full Tower,,,,,,Vatan
Toplama Bilgisayar,Klavye,Glorious,GMMK Membran TKL,2250,Orta,Günlük Kullanım,,,,,USB,Membran klavye,7.7,2724,2,Yok,TKL,,,,,,Sinerji
Toplama Bilgisayar,HDD,Toshiba,Blue 2TB 7200RPM,2500,Giriş,Yayıncılık,,,5,2TB,SATA,3.5 inç mekanik disk,6.5,3021,2,Yok,,,,,,,Epey
Toplama Bilgisayar,Kasa,GamePower,MAG Forge Black,7250,Üst,Yazılım,,,,,Micro ATX,"Mid Tower, mesh/airflow odaklı kasa",9.4,7729,2,Yok,Mid Tower,,,,,,Vatan
Toplama Bilgisayar,Anakart,Gigabyte,Phantom Gaming X570 MAX DDR4,13550,Üst,Tasarım,AM4,DDR4,,,AM4-DDR4,"Micro ATX, X570 yonga seti, DDR4 bellek desteği",8.6,4267,3,Yok,Micro ATX,,,,,,İncehesap
Toplama Bilgisayar,HDD,Toshiba,SkyHawk 4TB 7200RPM,4450,Orta,Video Edit,,,9,4TB,SATA,3.5 inç mekanik disk,8.6,4051,3,Yok,,,,,,,Vatan
Toplama Bilgisayar,Mouse,MSI,M711 Mini 8000DPI,350,Giriş,Oyun,,,,,USB,"8000 DPI sensör, 63g",7.8,931,2,Yok,,,,,,,İncehesap
Toplama Bilgisayar,Mouse,Cooler Master,Rival Wireless 8000DPI,450,Giriş,Oyun,,,,,Bluetooth,"8000 DPI sensör, 49g",6.7,44,2,Yok,,,,,,,İncehesap
Toplama Bilgisayar,Mouse,ASUS,Atlantis 26000DPI,1300,Orta,Ofis,,,,,Kablosuz,"26000 DPI sensör, 63g",8.4,3663,2,Var,,,,,,,İncehesap
Toplama Bilgisayar,Klavye,Keychron,Ogre RGB Membran Tam boy,7950,Amiral,Ofis,,,,,USB,Membran klavye,8.9,54,2,Var,Tam boy,,,,,,İtopya
Toplama Bilgisayar,Soğutucu,ASUS,Hyper 212,2250,Orta,Oyun,,,,,AM4-AM5-LGA1700,Hava soğutma,7.9,5178,2,Yok,,,,,,,Akakçe
Toplama Bilgisayar,Mouse,HyperX,M711 16000DPI,1150,Orta,Yazılım,,,,,Kablosuz,"16000 DPI sensör, 49g",7.4,3541,2,Var,,,,,,,Vatan
Toplama Bilgisayar,Kasa,ASUS,North White,4300,Üst,Oyun,,,,,ATX,"Mini Tower, mesh/airflow odaklı kasa",8.7,11524,2,Var,Mini Tower,,,,,,Sinerji
Toplama Bilgisayar,Mouse,Razer,Atlantis Mini 8000DPI,1800,Orta,Oyun,,,,,Kablosuz,"8000 DPI sensör, 59g",7.9,5657,2,Yok,,,,,,,Epey
Toplama Bilgisayar,Kasa,ASUS,Aquarius Mesh,10850,Amiral,Oyun,,,,,Micro ATX,"Full Tower, mesh/airflow odaklı kasa",8.8,5649,2,Yok,Full Tower,,,,,,Akakçe
Toplama Bilgisayar,HDD,Toshiba,IronWolf 8TB 7200RPM,8450,Üst,Yayıncılık,,,7,8TB,SATA,3.5 inç mekanik disk,8.3,11867,3,Yok,,,,,,,Vatan
Toplama Bilgisayar,İşlemci,AMD,Ryzen 9 7950X Pro Sistem,30000,Amiral,Yapay Zeka,AM5,DDR5,170,,AM5-DDR5,16 çekirdek 32 thread,9.3,6164,3,Yok,,,,,,,Akakçe
Toplama Bilgisayar,Mouse,Logitech,M711 30000DPI,1700,Orta,Yazılım,,,,,USB,"30000 DPI sensör, 75g",7.8,976,2,Var,,,,,,,İtopya
Toplama Bilgisayar,Ekran Kartı,Inno3D,RX 6600 GamingPro 8GB,11100,Giriş,Video Edit,,GDDR6,132,8GB,PCIe,1080p fiyat performans,7.9,57,3,Yok,,,,8GB,,,İtopya
Toplama Bilgisayar,Klavye,SteelSeries,Alloy Origins Pro Mekanik TKL,1400,Orta,Yazılım,,,,,Kablosuz,Mekanik klavye,8.1,5803,2,Var,TKL,,,,,,Akakçe
Toplama Bilgisayar,HDD,Toshiba,Blue 8TB 7200RPM,8750,Üst,Ofis,,,9,8TB,SATA,3.5 inç mekanik disk,9.1,9689,2,Yok,,,,,,,Sinerji
Toplama Bilgisayar,Klavye,Razer,ROG Strix Scope Wireless Membran 75%,550,Giriş,Ofis,,,,,Kablosuz,Membran klavye,6.8,2796,2,Var,75%,,,,,,Akakçe
Toplama Bilgisayar,Monitör,Samsung,Aorus 23.8 inç 3840x2160 144Hz,27950,Amiral,Tasarım,,,35,,HDMI-DP,"OLED panel, 144Hz",9.4,288,3,Yok,23.8 inç,3840x2160,144Hz,,,,Vatan
Toplama Bilgisayar,Ekran Kartı,PowerColor,RX 9070 XT Pulse 16GB,71000,Amiral,Yapay Zeka,,GDDR6,304,16GB,PCIe,2026 RDNA üst seviye,9.6,1092,3,Var,,,,16GB,,,Epey
Toplama Bilgisayar,Ekran Kartı,MSI,RTX 4070 Ti Super Hellhound 16GB,56850,Üst,Oyun,,GDDR6X,285,16GB,PCIe,1440p/4K güçlü performans,8.2,8721,3,Var,,,,16GB,,,Epey
Toplama Bilgisayar,SSD,SanDisk,P5 Plus 2TB NVMe,7350,Üst,Tasarım,,,3,2TB,M2 NVMe,PCIe 5.0 NVMe SSD,9.3,3684,5,Yok,,,,,9032 MB/s,6476 MB/s,GamingGenTR
Toplama Bilgisayar,İşlemci,Intel,Core i5-13400F Box,7550,Orta,Ofis,LGA1700,DDR4,65,,LGA1700-DDR4,10 çekirdek,8.3,5475,3,Yok,,,,,,,Akakçe
Toplama Bilgisayar,Güç Kaynağı,be quiet!,Strider 1000W 80+ Gold,6900,Üst,Yayıncılık,,,1000W,,80+ Gold,"Modüler PSU, 80+ Gold",8.7,11647,2,Yok,,,,,,,GamingGenTR
Toplama Bilgisayar,Ekran Kartı,Gigabyte,RTX 4060 Merc 8GB,21100,Orta,Video Edit,,GDDR6,115,8GB,PCIe,DLSS 3 1080p oyun,8.7,3291,3,Var,,,,8GB,,,GamingGenTR
Toplama Bilgisayar,Güç Kaynağı,GamePower,Hydro K Pro 1200W 80+ Titanium,13450,Amiral,Yapay Zeka,,,1200W,,80+ Titanium,"Modüler PSU, 80+ Titanium",9.1,4364,5,Yok,,,,,,,Epey
Toplama Bilgisayar,Kasa,ASUS,Meshify White,10900,Amiral,Yayıncılık,,,,,Micro ATX,"Mini Tower, mesh/airflow odaklı kasa",9.7,5236,2,Yok,Mini Tower,,,,,,Sinerji
Toplama Bilgisayar,Anakart,Colorful,Gaming X X670 WiFi DDR5,8400,Üst,Tasarım,AM5,DDR5,,,AM5-DDR5,"Micro ATX, X670 yonga seti, DDR5 bellek desteği",8.9,3005,3,Var,Micro ATX,,,,,,Epey
Toplama Bilgisayar,Klavye,Akko,Vigor GK Pro Low Profile 60%,700,Giriş,Günlük Kullanım,,,,,Bluetooth,Low Profile klavye,7.4,2773,2,Var,60%,,,,,,İtopya
Toplama Bilgisayar,Mouse,MSI,DeathAdder Wireless 26000DPI,450,Giriş,Günlük Kullanım,,,,,Kablosuz,"26000 DPI sensör, 75g",7.3,3451,2,Yok,,,,,,,Epey
Toplama Bilgisayar,Anakart,MSI,TUF Gaming A520 DDR4,2950,Giriş,Günlük Kullanım,AM4,DDR4,,,AM4-DDR4,"ATX, A520 yonga seti, DDR4 bellek desteği",8.0,2543,3,Var,ATX,,,,,,İncehesap
Toplama Bilgisayar,Güç Kaynağı,NZXT,Hydro K Pro 1200W 80+ Platinum,11600,Amiral,Yayıncılık,,,1200W,,80+ Platinum,"Modüler PSU, 80+ Platinum",9.5,535,2,Yok,,,,,,,İtopya
Toplama Bilgisayar,Klavye,Royal Kludge,G Pro X Pro Mekanik Tam boy,3200,Üst,Ofis,,,,,Kablosuz,Mekanik klavye,8.5,6285,2,Yok,Tam boy,,,,,,İncehesap
Toplama Bilgisayar,Kasa,GamePower,H5 Flow,7700,Üst,Video Edit,,,,,ATX,"Mini Tower, mesh/airflow odaklı kasa",9.1,61,2,Yok,Mini Tower,,,,,,İncehesap
Toplama Bilgisayar,Klavye,Redragon,RK61 RGB Optik switch Tam boy,2400,Orta,Ofis,,,,,Bluetooth,Optik switch klavye,7.2,1570,2,Var,Tam boy,,,,,,İtopya
Toplama Bilgisayar,Ekran Kartı,Gainward,RX 7600 Pulse 8GB,17100,Orta,Oyun,,GDDR6,165,8GB,PCIe,1080p oyun,8.0,3698,3,Yok,,,,8GB,,,Sinerji
Toplama Bilgisayar,Kasa,Phanteks,MAG Forge White,4350,Üst,Tasarım,,,,,ATX,"Mid Tower, mesh/airflow odaklı kasa",8.1,6707,2,Var,Mid Tower,,,,,,GamingGenTR
Toplama Bilgisayar,RAM,ADATA,Ballistix 32GB 2x16GB DDR4 3200MHz,3100,Üst,Oyun,,DDR4,,32GB,DDR4,3200MHz bellek kiti,8.8,1508,5,Yok,,,,,,,Epey
Toplama Bilgisayar,HDD,Seagate,SkyHawk 1TB 7200RPM,1850,Giriş,Video Edit,,,7,1TB,SATA,3.5 inç mekanik disk,8.0,2063,2,Yok,,,,,,,İncehesap
Toplama Bilgisayar,Mouse,Zowie,Viper Wireless 12000DPI,6600,Amiral,Ofis,,,,,USB,"12000 DPI sensör, 49g",8.9,5843,2,Yok,,,,,,,Epey
Toplama Bilgisayar,Mouse,Darmoshark,MM712 16000DPI,500,Giriş,Yazılım,,,,,USB,"16000 DPI sensör, 63g",7.5,88,2,Var,,,,,,,İncehesap
Toplama Bilgisayar,Anakart,Gigabyte,Steel Legend B660 AX DDR4,6850,Orta,Ofis,LGA1700,DDR4,,,LGA1700-DDR4,"ATX, B660 yonga seti, DDR4 bellek desteği",8.5,4954,3,Var,ATX,,,,,,Vatan
Toplama Bilgisayar,Mouse,Glorious,MM712 Wireless 26000DPI,1800,Orta,Yazılım,,,,,USB,"26000 DPI sensör, 75g",7.5,7321,2,Var,,,,,,,Epey
Toplama Bilgisayar,Klavye,ASUS,ROG Strix Scope Pro Optik switch TKL,1850,Orta,Oyun,,,,,Bluetooth,Optik switch klavye,8.2,8127,2,Yok,TKL,,,,,,GamingGenTR
Toplama Bilgisayar,Kasa,Corsair,TUF GT,3450,Orta,Yazılım,,,,,Micro ATX,"Mid Tower, mesh/airflow odaklı kasa",8.6,4159,2,Var,Mid Tower,,,,,,Epey
Toplama Bilgisayar,Mouse,Cooler Master,DeathAdder Pro 36000DPI,400,Giriş,Günlük Kullanım,,,,,Kablosuz,"36000 DPI sensör, 59g",7.1,208,2,Yok,,,,,,,İtopya
Toplama Bilgisayar,Ekran Kartı,Palit,RX 7900 XTX Nitro+ 24GB,76000,Amiral,Yayıncılık,,GDDR6,355,24GB,PCIe,24GB VRAM 4K,9.7,5163,3,Var,,,,24GB,,,Epey
Toplama Bilgisayar,Monitör,HP,ProArt 31.5 inç 1920x1080 144Hz,5450,Orta,Video Edit,,,25,,HDMI-DP,"VA panel, 144Hz",8.7,2312,3,Yok,31.5 inç,1920x1080,144Hz,,,,Epey
Toplama Bilgisayar,Klavye,ASUS,ROG Strix Scope Membran 60%,2150,Orta,Ofis,,,,,Bluetooth,Membran klavye,8.0,2451,2,Yok,60%,,,,,,Akakçe
Toplama Bilgisayar,Klavye,SteelSeries,G Pro X RGB Low Profile 60%,5250,Üst,Yazılım,,,,,Bluetooth,Low Profile klavye,8.1,2344,2,Var,60%,,,,,,Vatan
Toplama Bilgisayar,Mouse,MSI,X2V2 Pro 12000DPI,1400,Orta,Yazılım,,,,,Bluetooth,"12000 DPI sensör, 63g",8.7,5468,2,Yok,,,,,,,İtopya
Toplama Bilgisayar,Mouse,Lamzu,M711 Mini 12000DPI,2750,Üst,Yazılım,,,,,Kablosuz,"12000 DPI sensör, 90g",8.8,1032,2,Yok,,,,,,,İtopya
Toplama Bilgisayar,Güç Kaynağı,Seasonic,C Series 550W 80+ Bronze,2750,Giriş,Ofis,,,550W,,80+ Bronze,"Yarı modüler PSU, 80+ Bronze",7.8,1765,5,Yok,,,,,,,Vatan
Toplama Bilgisayar,Monitör,Dell,ProArt 32 inç 3840x2160 240Hz,55400,Amiral,Ofis,,,50,,HDMI-DP,"IPS panel, 240Hz",8.9,4661,3,Yok,32 inç,3840x2160,240Hz,,,,Sinerji
Toplama Bilgisayar,Mouse,Logitech,G305 Wireless 8000DPI,1650,Orta,Günlük Kullanım,,,,,Kablosuz,"8000 DPI sensör, 59g",8.5,8314,2,Var,,,,,,,GamingGenTR
Toplama Bilgisayar,Ekran Kartı,Palit,RTX 5090 Twin Edge 32GB,187750,Amiral,Yayıncılık,,GDDR6X,575,32GB,PCIe,2026 amiral seviye AI/4K,9.3,141,3,Yok,,,,32GB,,,İtopya
Toplama Bilgisayar,Anakart,Biostar,TUF Gaming X570 DDR4,12200,Üst,Video Edit,AM4,DDR4,,,AM4-DDR4,"ATX, X570 yonga seti, DDR4 bellek desteği",9.4,11037,3,Yok,ATX,,,,,,İtopya
Toplama Bilgisayar,Mouse,ASUS,Atlantis Wireless 36000DPI,5500,Amiral,Ofis,,,,,Kablosuz,"36000 DPI sensör, 59g",8.9,2988,2,Yok,,,,,,,GamingGenTR
Toplama Bilgisayar,SSD,Samsung,KC3000 500GB NVMe,1250,Giriş,Yazılım,,,3,500GB,M2 NVMe,PCIe 4.0 NVMe SSD,7.6,198,5,Yok,,,,,6575 MB/s,5908 MB/s,Epey
Toplama Bilgisayar,Klavye,Razer,RK61 RGB Membran 60%,1800,Orta,Günlük Kullanım,,,,,Bluetooth,Membran klavye,8.5,8485,2,Var,60%,,,,,,Akakçe
Toplama Bilgisayar,Ekran Kartı,Inno3D,RTX 4060 TUF 8GB,16950,Orta,Video Edit,,GDDR6,115,8GB,PCIe,DLSS 3 1080p oyun,7.5,1279,3,Var,,,,8GB,,,Epey
Toplama Bilgisayar,Mouse,SteelSeries,Pulsefire Mini 8000DPI,600,Giriş,Ofis,,,,,USB,"8000 DPI sensör, 63g",7.1,218,2,Var,,,,,,,Akakçe
Toplama Bilgisayar,Mouse,Logitech,Harpoon Wireless 36000DPI,600,Giriş,Ofis,,,,,USB,"36000 DPI sensör, 59g",6.7,1482,2,Var,,,,,,,Vatan
Toplama Bilgisayar,Soğutucu,MSI,AK620,3150,Üst,Yazılım,,,,,AM4-AM5-LGA1700,Hava soğutma,8.8,7516,2,Yok,,,,,,,Akakçe
Toplama Bilgisayar,Anakart,Biostar,Mortar B650E DDR5,10900,Üst,Oyun,AM5,DDR5,,,AM5-DDR5,"Mini ITX, B650E yonga seti, DDR5 bellek desteği",9.3,8519,3,Var,Mini ITX,,,,,,İtopya
Toplama Bilgisayar,Ekran Kartı,Inno3D,RTX 5070 JetStream 12GB,49750,Üst,Oyun,,GDDR6,250,12GB,PCIe,2026 yeni nesil 1440p,8.1,1131,3,Yok,,,,12GB,,,Epey
Toplama Bilgisayar,Kasa,Phanteks,Meshify White,3500,Orta,Günlük Kullanım,,,,,Micro ATX,"Mini Tower, mesh/airflow odaklı kasa",7.4,8133,2,Var,Mini Tower,,,,,,İncehesap
Toplama Bilgisayar,Mouse,MSI,M711 Wireless 16000DPI,1750,Orta,Günlük Kullanım,,,,,Kablosuz,"16000 DPI sensör, 90g",7.5,6433,2,Var,,,,,,,GamingGenTR
Toplama Bilgisayar,Anakart,NZXT,PRO B550 AX DDR4,7200,Orta,Yazılım,AM4,DDR4,,,AM4-DDR4,"Micro ATX, B550 yonga seti, DDR4 bellek desteği",8.1,1575,3,Var,Micro ATX,,,,,,İtopya
Toplama Bilgisayar,Anakart,NZXT,Steel Legend X570 MAX DDR4,9900,Üst,Video Edit,AM4,DDR4,,,AM4-DDR4,"Micro ATX, X570 yonga seti, DDR4 bellek desteği",8.8,10368,3,Var,Micro ATX,,,,,,Epey
Toplama Bilgisayar,Mouse,Darmoshark,Rival 26000DPI,1650,Orta,Günlük Kullanım,,,,,USB,"26000 DPI sensör, 90g",8.3,4839,2,Var,,,,,,,İtopya
Toplama Bilgisayar,Klavye,ASUS,K380 Pro Optik switch 60%,1400,Orta,Yazılım,,,,,Bluetooth,Optik switch klavye,7.6,1464,2,Var,60%,,,,,,İncehesap
Toplama Bilgisayar,Ekran Kartı,XFX,RX 7700 XT Pulse 12GB,29350,Üst,Video Edit,,GDDR6,245,12GB,PCIe,1440p oyun,8.9,6854,3,Var,,,,12GB,,,Vatan
Toplama Bilgisayar,Monitör,MSI,Alienware 27 inç 3840x2160 144Hz,24450,Amiral,Oyun,,,35,,HDMI-DP,"VA panel, 144Hz",8.8,1672,2,Yok,27 inç,3840x2160,144Hz,,,,Akakçe
Toplama Bilgisayar,Kasa,Fractal Design,O11 Dynamic RGB,3150,Orta,Oyun,,,,,Micro ATX,"Mid Tower, mesh/airflow odaklı kasa",7.5,4106,2,Var,Mid Tower,,,,,,Akakçe
Toplama Bilgisayar,Anakart,NZXT,TUF Gaming B760 MAX DDR4,4850,Orta,Ofis,LGA1700,DDR4,,,LGA1700-DDR4,"Micro ATX, B760 yonga seti, DDR4 bellek desteği",8.2,1790,3,Var,Micro ATX,,,,,,GamingGenTR
Toplama Bilgisayar,Klavye,MSI,CK Membran 60%,9500,Amiral,Günlük Kullanım,,,,,Kablosuz,Membran klavye,9.0,2725,2,Yok,60%,,,,,,Epey
Toplama Bilgisayar,SSD,ADATA,P5 Plus 1TB NVMe,2250,Orta,Ofis,,,5,1TB,M2 NVMe,PCIe 3.0 NVMe SSD,7.6,743,5,Yok,,,,,3194 MB/s,2870 MB/s,Vatan
Toplama Bilgisayar,Mouse,Glorious,Harpoon 16000DPI,5650,Amiral,Günlük Kullanım,,,,,USB,"16000 DPI sensör, 90g",9.0,5607,2,Var,,,,,,,GamingGenTR
Toplama Bilgisayar,Anakart,ASUS,Prime Z790 WiFi DDR5,9150,Üst,Oyun,LGA1700,DDR5,,,LGA1700-DDR5,"ATX, Z790 yonga seti, DDR5 bellek desteği",9.3,8543,3,Var,ATX,,,,,,İncehesap
Toplama Bilgisayar,Monitör,MSI,Optix 31.5 inç 3440x1440 165Hz,21750,Amiral,Video Edit,,,25,,HDMI-DP,"OLED panel, 165Hz",9.4,630,2,Yok,31.5 inç,3440x1440,165Hz,,,,GamingGenTR
Toplama Bilgisayar,SSD,Crucial,SN770 1TB NVMe,2400,Orta,Günlük Kullanım,,,4,1TB,M2 NVMe,PCIe 4.0 NVMe SSD,7.9,51,3,Yok,,,,,5143 MB/s,3601 MB/s,Epey
Toplama Bilgisayar,RAM,XPG,T-Force Delta 64GB 2x32GB DDR5 5200MHz,11150,Amiral,Video Edit,,DDR5,,64GB,DDR5,5200MHz bellek kiti,9.0,181,3,Var,,,,,,,Epey
Toplama Bilgisayar,Mouse,Glorious,MM712 36000DPI,3200,Üst,Oyun,,,,,USB,"36000 DPI sensör, 59g",8.1,9497,2,Var,,,,,,,Vatan
Toplama Bilgisayar,Mouse,SteelSeries,DeathAdder Mini 26000DPI,7050,Amiral,Günlük Kullanım,,,,,Kablosuz,"26000 DPI sensör, 90g",9.2,2729,2,Var,,,,,,,Vatan
Toplama Bilgisayar,Kasa,DarkFlash,North Black,3650,Orta,Yazılım,,,,,ATX,"Full Tower, mesh/airflow odaklı kasa",7.9,1295,2,Yok,Full Tower,,,,,,İtopya
Toplama Bilgisayar,SSD,WD,Viper VP4300 1TB NVMe,2450,Orta,Yazılım,,,5,1TB,M2 NVMe,PCIe 4.0 NVMe SSD,7.8,1720,3,Yok,,,,,6192 MB/s,5543 MB/s,İncehesap
Toplama Bilgisayar,HDD,Toshiba,Red Plus 6TB 7200RPM,5900,Orta,Yayıncılık,,,5,6TB,SATA,3.5 inç mekanik disk,8.6,2394,3,Yok,,,,,,,Akakçe
Toplama Bilgisayar,Klavye,HyperX,Apex RGB Mekanik Tam boy,4750,Üst,Yazılım,,,,,Kablosuz,Mekanik klavye,8.9,6212,2,Var,Tam boy,,,,,,Vatan
Toplama Bilgisayar,SSD,SK hynix,KC3000 500GB NVMe,1650,Giriş,Günlük Kullanım,,,3,500GB,M2 NVMe,PCIe 4.0 NVMe SSD,7.9,1665,5,Yok,,,,,5234 MB/s,4784 MB/s,İncehesap
Toplama Bilgisayar,Ekran Kartı,Gigabyte,RTX 5090 Dual 32GB,190950,Amiral,Video Edit,,GDDR6X,575,32GB,PCIe,2026 amiral seviye AI/4K,9.4,2575,3,Yok,,,,32GB,,,Epey
Toplama Bilgisayar,Klavye,SteelSeries,K70 RGB Optik switch Tam boy,2350,Orta,Ofis,,,,,USB,Optik switch klavye,7.5,6743,2,Var,Tam boy,,,,,,Sinerji
Toplama Bilgisayar,Kasa,Phanteks,TD500 White,9100,Amiral,Yapay Zeka,,,,,E-ATX,"Mini Tower, mesh/airflow odaklı kasa",9.2,492,2,Var,Mini Tower,,,,,,Akakçe
Toplama Bilgisayar,Anakart,ASRock,Strix B550 DDR4,5400,Orta,Günlük Kullanım,AM4,DDR4,,,AM4-DDR4,"ATX, B550 yonga seti, DDR4 bellek desteği",7.5,79,3,Var,ATX,,,,,,İncehesap
Toplama Bilgisayar,Monitör,Dell,Alienware 24.5 inç 3840x2160 144Hz,30900,Amiral,Tasarım,,,50,,HDMI-DP,"Mini LED panel, 144Hz",9.9,2503,2,Yok,24.5 inç,3840x2160,144Hz,,,,İncehesap
Toplama Bilgisayar,Monitör,Acer,Alienware 31.5 inç 3440x1440 165Hz,20200,Amiral,Yazılım,,,50,,HDMI-DP,"IPS panel, 165Hz",9.4,2945,3,Yok,31.5 inç,3440x1440,165Hz,,,,GamingGenTR
Toplama Bilgisayar,Kasa,DeepCool,4000D Airflow Mesh,3950,Orta,Yazılım,,,,,ATX,"Mid Tower, mesh/airflow odaklı kasa",8.2,6071,2,Var,Mid Tower,,,,,,Sinerji
Toplama Bilgisayar,Güç Kaynağı,DeepCool,Focus GX 550W 80+ Bronze,2300,Giriş,Günlük Kullanım,,,550W,,80+ Bronze,"Sabit kablo PSU, 80+ Bronze",8.0,2969,5,Yok,,,,,,,Sinerji
Toplama Bilgisayar,Klavye,ASUS,K2 Pro Mekanik TKL,2300,Orta,Ofis,,,,,Kablosuz,Mekanik klavye,8.4,3613,2,Var,TKL,,,,,,Vatan
Toplama Bilgisayar,Mouse,SteelSeries,Atlantis Wireless 12000DPI,350,Giriş,Yazılım,,,,,USB,"12000 DPI sensör, 75g",6.5,1026,2,Var,,,,,,,Akakçe
Toplama Bilgisayar,İşlemci,Intel,Core i7-14700KF,18600,Amiral,Video Edit,LGA1700,DDR5,125,,LGA1700-DDR5,20 çekirdek,9.7,5705,3,Yok,,,,,,,Vatan
Toplama Bilgisayar,Klavye,MSI,CK Wireless Membran 60%,800,Giriş,Ofis,,,,,USB,Membran klavye,7.1,34,2,Var,60%,,,,,,Epey
Toplama Bilgisayar,Monitör,Acer,Odyssey 23.8 inç 1920x1080 75Hz,3750,Giriş,Yazılım,,,25,,HDMI-DP,"VA panel, 75Hz",7.6,2275,3,Yok,23.8 inç,1920x1080,75Hz,,,,Epey
Toplama Bilgisayar,Ekran Kartı,Zotac,RTX 4070 StormX 12GB,32900,Üst,Oyun,,GDDR6,200,12GB,PCIe,1440p oyun,8.9,11486,3,Yok,,,,12GB,,,İtopya
Toplama Bilgisayar,Anakart,Gigabyte,Phantom Gaming X870 AX DDR5,14050,Amiral,Oyun,AM5,DDR5,,,AM5-DDR5,"Micro ATX, X870 yonga seti, DDR5 bellek desteği",9.7,1068,3,Var,Micro ATX,,,,,,Epey
Toplama Bilgisayar,Soğutucu,Arctic,LS720,5800,Üst,Tasarım,,,,,AM4-AM5-LGA1700,360mm sıvı soğutma,9.1,5365,5,Yok,360mm,,,,,,İtopya
Toplama Bilgisayar,Anakart,Colorful,Aorus Elite X870 WiFi DDR5,18050,Amiral,Yapay Zeka,AM5,DDR5,,,AM5-DDR5,"ATX, X870 yonga seti, DDR5 bellek desteği",9.2,5721,3,Var,ATX,,,,,,Epey
Toplama Bilgisayar,Kasa,Cooler Master,North Mesh,2300,Giriş,Ofis,,,,,E-ATX,"Mid Tower, mesh/airflow odaklı kasa",7.7,2753,2,Var,Mid Tower,,,,,,Vatan
Toplama Bilgisayar,Kasa,Fractal Design,CH370 Mesh,3300,Orta,Günlük Kullanım,,,,,Micro ATX,"Full Tower, mesh/airflow odaklı kasa",7.3,100,2,Var,Full Tower,,,,,,GamingGenTR
Toplama Bilgisayar,Mouse,Logitech,Atlantis Mini 26000DPI,2850,Üst,Yazılım,,,,,Kablosuz,"26000 DPI sensör, 63g",9.4,3528,2,Yok,,,,,,,Akakçe
Toplama Bilgisayar,Monitör,ViewSonic,Odyssey 23.8 inç 2560x1440 144Hz,9550,Üst,Tasarım,,,35,,HDMI-DP,"IPS panel, 144Hz",8.9,957,3,Yok,23.8 inç,2560x1440,144Hz,,,,İncehesap
Toplama Bilgisayar,Anakart,Biostar,Prime B660 DDR4,5500,Orta,Günlük Kullanım,LGA1700,DDR4,,,LGA1700-DDR4,"Mini ITX, B660 yonga seti, DDR4 bellek desteği",7.4,4691,3,Yok,Mini ITX,,,,,,Vatan
Toplama Bilgisayar,Mouse,Redragon,Clutch GM Pro 12000DPI,2800,Üst,Ofis,,,,,Bluetooth,"12000 DPI sensör, 90g",8.6,4087,2,Yok,,,,,,,İtopya
Toplama Bilgisayar,Mouse,Logitech,X2V2 Pro 30000DPI,3200,Üst,Yazılım,,,,,Kablosuz,"30000 DPI sensör, 59g",9.1,8231,2,Yok,,,,,,,GamingGenTR
Toplama Bilgisayar,Mouse,Pulsar,G305 36000DPI,350,Giriş,Yazılım,,,,,USB,"36000 DPI sensör, 63g",7.3,3497,2,Yok,,,,,,,İncehesap
Toplama Bilgisayar,Kasa,DeepCool,Eclipse RGB,3700,Orta,Günlük Kullanım,,,,,E-ATX,"Mid Tower, mesh/airflow odaklı kasa",7.8,3272,2,Var,Mid Tower,,,,,,GamingGenTR
Toplama Bilgisayar,Kasa,MSI,Lancool,3700,Orta,Yazılım,,,,,Micro ATX,"Mid Tower, mesh/airflow odaklı kasa",8.4,5850,2,Yok,Mid Tower,,,,,,Akakçe
Toplama Bilgisayar,Monitör,Dell,G-Master 34 inç 3840x2160 240Hz,40450,Amiral,Tasarım,,,25,,HDMI-DP,"VA panel, 240Hz",9.5,5816,3,Yok,34 inç,3840x2160,240Hz,,,,İncehesap
Toplama Bilgisayar,RAM,Patriot,XLR8 8GB 1x8GB DDR4 4000MHz,900,Giriş,Ofis,,DDR4,,8GB,DDR4,4000MHz bellek kiti,6.7,1882,3,Yok,,,,,,,Akakçe
Toplama Bilgisayar,Anakart,ASRock,Phantom Gaming B650 DDR5,5750,Orta,Oyun,AM5,DDR5,,,AM5-DDR5,"Mini ITX, B650 yonga seti, DDR5 bellek desteği",8.1,7180,3,Var,Mini ITX,,,,,,İncehesap
Toplama Bilgisayar,Mouse,Lamzu,Atlantis Mini 12000DPI,2600,Üst,Yazılım,,,,,Kablosuz,"12000 DPI sensör, 59g",9.1,6721,2,Yok,,,,,,,Epey
Toplama Bilgisayar,Monitör,BenQ,TUF Gaming 31.5 inç 3840x2160 240Hz,41800,Amiral,Tasarım,,,35,,HDMI-DP,"Mini LED panel, 240Hz",9.1,4178,3,Yok,31.5 inç,3840x2160,240Hz,,,,Akakçe
Toplama Bilgisayar,Mouse,MSI,Clutch GM Pro 16000DPI,400,Giriş,Yazılım,,,,,Kablosuz,"16000 DPI sensör, 49g",8.0,2458,2,Yok,,,,,,,Sinerji
Toplama Bilgisayar,Mouse,Corsair,G102 Mini 12000DPI,550,Giriş,Oyun,,,,,Kablosuz,"12000 DPI sensör, 49g",7.9,2472,2,Yok,,,,,,,Epey
Toplama Bilgisayar,Kasa,Lian Li,View 270 RGB,3900,Orta,Günlük Kullanım,,,,,Micro ATX,"Mini Tower, mesh/airflow odaklı kasa",8.8,3327,2,Var,Mini Tower,,,,,,Sinerji
Toplama Bilgisayar,RAM,Crucial,Viper Steel 8GB 1x8GB DDR5 5200MHz,1050,Giriş,Günlük Kullanım,,DDR5,,8GB,DDR5,5200MHz bellek kiti,7.8,2162,5,Yok,,,,,,,GamingGenTR
Toplama Bilgisayar,Anakart,MSI,Gaming X B550 DDR4,5350,Orta,Ofis,AM4,DDR4,,,AM4-DDR4,"Mini ITX, B550 yonga seti, DDR4 bellek desteği",7.3,4633,3,Yok,Mini ITX,,,,,,GamingGenTR
Toplama Bilgisayar,Mouse,Cooler Master,Model O Pro 36000DPI,350,Giriş,Günlük Kullanım,,,,,Bluetooth,"36000 DPI sensör, 90g",8.0,2241,2,Var,,,,,,,İncehesap
Toplama Bilgisayar,RAM,Corsair,Trident Z5 64GB 2x32GB DDR5 7200MHz,12350,Amiral,Yayıncılık,,DDR5,,64GB,DDR5,7200MHz bellek kiti,9.9,1062,3,Var,,,,,,,Vatan
Toplama Bilgisayar,Klavye,MSI,BlackWidow Wireless Membran TKL,4850,Üst,Yazılım,,,,,Bluetooth,Membran klavye,8.1,4488,2,Yok,TKL,,,,,,Epey
Toplama Bilgisayar,Kasa,Fractal Design,Eclipse RGB,4100,Orta,Yazılım,,,,,ATX,"Full Tower, mesh/airflow odaklı kasa",8.7,8379,2,Var,Full Tower,,,,,,Sinerji
Toplama Bilgisayar,SSD,Kingston,NM790 4TB NVMe,10200,Amiral,Yayıncılık,,,5,4TB,M2 NVMe,PCIe 3.0 NVMe SSD,9.2,2611,3,Yok,,,,,3591 MB/s,2811 MB/s,Vatan
Toplama Bilgisayar,İşlemci,Intel,Core i5-14600KF Box,15000,Üst,Yazılım,LGA1700,DDR5,125,,LGA1700-DDR5,14 çekirdek yüksek frekans,9.0,7648,3,Yok,,,,,,,GamingGenTR
Toplama Bilgisayar,Mouse,Redragon,G Pro X Superlight Wireless 36000DPI,350,Giriş,Yazılım,,,,,Bluetooth,"36000 DPI sensör, 59g",6.8,3051,2,Var,,,,,,,Epey
Toplama Bilgisayar,Kasa,ASUS,Warcry Mesh,2150,Giriş,Ofis,,,,,ATX,"Mid Tower, mesh/airflow odaklı kasa",7.9,774,2,Yok,Mid Tower,,,,,,Sinerji
Toplama Bilgisayar,Klavye,Corsair,BlackWidow Optik switch 60%,5100,Üst,Ofis,,,,,Kablosuz,Optik switch klavye,8.8,7546,2,Var,60%,,,,,,Akakçe
Toplama Bilgisayar,Klavye,SteelSeries,ROG Strix Scope Wireless Membran Tam boy,850,Giriş,Ofis,,,,,Bluetooth,Membran klavye,7.6,2823,2,Var,Tam boy,,,,,,Epey
Toplama Bilgisayar,Anakart,MSI,Phantom Gaming Z790 DDR5,9550,Üst,Video Edit,LGA1700,DDR5,,,LGA1700-DDR5,"ATX, Z790 yonga seti, DDR5 bellek desteği",8.9,598,3,Var,ATX,,,,,,İncehesap
Toplama Bilgisayar,Ekran Kartı,PNY,RTX 3050 Ventus 2X 8GB,9650,Giriş,Günlük Kullanım,,GDDR6,130,8GB,PCIe,DLSS destekli giriş seviye,7.4,2756,3,Yok,,,,8GB,,,GamingGenTR
Toplama Bilgisayar,Mouse,HyperX,ROG Keris 30000DPI,2650,Üst,Yazılım,,,,,USB,"30000 DPI sensör, 75g",8.2,9964,2,Var,,,,,,,Sinerji
Toplama Bilgisayar,Anakart,ASUS,TUF Gaming B760 AX DDR4,6650,Orta,Günlük Kullanım,LGA1700,DDR4,,,LGA1700-DDR4,"ATX, B760 yonga seti, DDR4 bellek desteği",8.1,8412,3,Var,ATX,,,,,,GamingGenTR
Toplama Bilgisayar,Soğutucu,Noctua,H150i,10950,Amiral,Yapay Zeka,,,,,AM4-AM5-LGA1700,360mm sıvı soğutma,9.4,253,3,Yok,360mm,,,,,,Epey
Toplama Bilgisayar,Anakart,ASRock,TUF Gaming B760 DDR5,7300,Orta,Oyun,LGA1700,DDR5,,,LGA1700-DDR5,"Mini ITX, B760 yonga seti, DDR5 bellek desteği",7.7,7171,3,Yok,Mini ITX,,,,,,İtopya
Toplama Bilgisayar,Güç Kaynağı,FSP,MWE 1600W 80+ Platinum,15150,Amiral,Oyun,,,1600W,,80+ Platinum,"Modüler PSU, 80+ Platinum",9.9,6005,5,Yok,,,,,,,GamingGenTR
Toplama Bilgisayar,Güç Kaynağı,XPG,MWE 750W 80+ Gold,4150,Orta,Yazılım,,,750W,,80+ Gold,"Sabit kablo PSU, 80+ Gold",7.4,5146,7,Yok,,,,,,,GamingGenTR
Toplama Bilgisayar,Kasa,Lian Li,TD500 Mesh,6800,Üst,Yazılım,,,,,ATX,"Full Tower, mesh/airflow odaklı kasa",9.2,4111,2,Var,Full Tower,,,,,,GamingGenTR
Toplama Bilgisayar,Mouse,Cooler Master,Viper Mini 8000DPI,1450,Orta,Ofis,,,,,Kablosuz,"8000 DPI sensör, 75g",7.9,1166,2,Yok,,,,,,,Sinerji
Toplama Bilgisayar,Mouse,Glorious,Atlantis 36000DPI,3350,Üst,Yazılım,,,,,Bluetooth,"36000 DPI sensör, 59g",8.4,6286,2,Var,,,,,,,Epey
Toplama Bilgisayar,Kasa,NZXT,Aquarius White,7300,Üst,Yazılım,,,,,E-ATX,"Mid Tower, mesh/airflow odaklı kasa",8.2,6562,2,Yok,Mid Tower,,,,,,Sinerji
Toplama Bilgisayar,Ekran Kartı,Zotac,RX 7600 Twin Edge 8GB,14100,Orta,Video Edit,,GDDR6,165,8GB,PCIe,1080p oyun,7.3,8411,3,Yok,,,,8GB,,,GamingGenTR
Toplama Bilgisayar,Kasa,Xigmatek,North Black,4150,Orta,Ofis,,,,,Micro ATX,"Full Tower, mesh/airflow odaklı kasa",8.1,7486,2,Yok,Full Tower,,,,,,GamingGenTR
Toplama Bilgisayar,Kasa,Fractal Design,H5 Flow White,10700,Amiral,Oyun,,,,,Micro ATX,"Full Tower, mesh/airflow odaklı kasa",9.7,703,2,Yok,Full Tower,,,,,,Epey
Toplama Bilgisayar,Monitör,Samsung,Optix 34 inç 3840x2160 144Hz,20150,Amiral,Oyun,,,35,,HDMI-DP,"OLED panel, 144Hz",9.2,491,3,Yok,34 inç,3840x2160,144Hz,,,,Akakçe
Toplama Bilgisayar,Ekran Kartı,Gainward,GTX 1650 TUF 4GB,5900,Giriş,Video Edit,,GDDR6,75,4GB,PCIe,1080p giriş oyun,8.0,462,3,Var,,,,4GB,,,Vatan
Toplama Bilgisayar,Klavye,Akko,G Pro X Mekanik Tam boy,2200,Orta,Yazılım,,,,,USB,Mekanik klavye,8.3,5478,2,Var,Tam boy,,,,,,GamingGenTR
Toplama Bilgisayar,Mouse,Logitech,FK2 Mini 36000DPI,400,Giriş,Oyun,,,,,USB,"36000 DPI sensör, 63g",8.0,2803,2,Yok,,,,,,,Vatan
Toplama Bilgisayar,Anakart,NZXT,Taichi Z790 AX DDR5,11400,Üst,Video Edit,LGA1700,DDR5,,,LGA1700-DDR5,"Micro ATX, Z790 yonga seti, DDR5 bellek desteği",8.7,11388,3,Yok,Micro ATX,,,,,,Epey
Toplama Bilgisayar,Kasa,NZXT,TUF GT Mesh,6500,Üst,Tasarım,,,,,E-ATX,"Mid Tower, mesh/airflow odaklı kasa",8.3,11658,2,Var,Mid Tower,,,,,,İncehesap
Toplama Bilgisayar,RAM,GoodRam,Ripjaws 16GB 2x8GB DDR5 5200MHz,2350,Orta,Yazılım,,DDR5,,16GB,DDR5,5200MHz bellek kiti,8.3,6677,5,Yok,,,,,,,Sinerji
Toplama Bilgisayar,Klavye,SteelSeries,Apex Pro Optik switch 60%,2350,Orta,Yazılım,,,,,Bluetooth,Optik switch klavye,8.4,4435,2,Yok,60%,,,,,,Vatan
Toplama Bilgisayar,Anakart,Gigabyte,Tomahawk B650E DDR5,12950,Üst,Yazılım,AM5,DDR5,,,AM5-DDR5,"Mini ITX, B650E yonga seti, DDR5 bellek desteği",9.3,9950,3,Yok,Mini ITX,,,,,,Akakçe
Toplama Bilgisayar,Güç Kaynağı,Thermaltake,Strider 850W 80+ Platinum,6750,Üst,Video Edit,,,850W,,80+ Platinum,"Modüler PSU, 80+ Platinum",8.5,11316,7,Yok,,,,,,,Sinerji
Toplama Bilgisayar,Ekran Kartı,Zotac,RTX 5070 JetStream 12GB,49650,Üst,Yapay Zeka,,GDDR6,250,12GB,PCIe,2026 yeni nesil 1440p,8.9,10561,3,Yok,,,,12GB,,,Epey
Toplama Bilgisayar,Güç Kaynağı,NZXT,CV 650W 80+ Bronze,3250,Orta,Oyun,,,650W,,80+ Bronze,"Yarı modüler PSU, 80+ Bronze",8.5,3613,3,Yok,,,,,,,İncehesap
Toplama Bilgisayar,Kasa,Corsair,H5 Flow RGB,5550,Üst,Video Edit,,,,,Micro ATX,"Mid Tower, mesh/airflow odaklı kasa",8.9,1292,2,Var,Mid Tower,,,,,,İncehesap
Toplama Bilgisayar,Mouse,Corsair,G Pro X Superlight 8000DPI,450,Giriş,Günlük Kullanım,,,,,Bluetooth,"8000 DPI sensör, 49g",7.7,423,2,Var,,,,,,,Akakçe
Toplama Bilgisayar,Klavye,Redragon,ROG Strix Scope RGB Optik switch TKL,1750,Orta,Günlük Kullanım,,,,,USB,Optik switch klavye,7.4,2592,2,Var,TKL,,,,,,GamingGenTR
Toplama Bilgisayar,Klavye,MSI,K380 Pro Optik switch Tam boy,1850,Orta,Yazılım,,,,,Bluetooth,Optik switch klavye,8.5,1701,2,Var,Tam boy,,,,,,Akakçe
Toplama Bilgisayar,Klavye,Corsair,Alloy Origins Wireless Mekanik 75%,2200,Orta,Günlük Kullanım,,,,,Kablosuz,Mekanik klavye,8.0,1605,2,Yok,75%,,,,,,Vatan
Toplama Bilgisayar,Kasa,GamePower,TD500 White,2550,Orta,Günlük Kullanım,,,,,E-ATX,"Full Tower, mesh/airflow odaklı kasa",8.0,5019,2,Var,Full Tower,,,,,,Sinerji
Toplama Bilgisayar,Soğutucu,SilverStone,LT720,6100,Üst,Tasarım,,,,,AM4-AM5-LGA1700,360mm sıvı soğutma,9.4,9978,5,Yok,360mm,,,,,,Vatan
Toplama Bilgisayar,İşlemci,AMD,Ryzen 5 7600 Box,7800,Orta,Oyun,AM5,DDR5,65,,AM5-DDR5,6 çekirdek 12 thread dahili grafik,8.6,1210,3,Yok,,,,,,,Vatan
Toplama Bilgisayar,Kasa,Thermaltake,H5 Flow Mesh,2350,Giriş,Günlük Kullanım,,,,,Micro ATX,"Mini Tower, mesh/airflow odaklı kasa",7.7,2430,2,Yok,Mini Tower,,,,,,Vatan
Toplama Bilgisayar,Mouse,Corsair,ROG Keris Pro 12000DPI,550,Giriş,Günlük Kullanım,,,,,Kablosuz,"12000 DPI sensör, 49g",6.7,3337,2,Var,,,,,,,GamingGenTR
Toplama Bilgisayar,Klavye,HyperX,K380 RGB Low Profile 75%,550,Giriş,Günlük Kullanım,,,,,USB,Low Profile klavye,8.0,1186,2,Var,75%,,,,,,İncehesap
Toplama Bilgisayar,Klavye,Corsair,Apex Mekanik 75%,600,Giriş,Yazılım,,,,,USB,Mekanik klavye,7.4,2198,2,Var,75%,,,,,,İncehesap
Toplama Bilgisayar,SSD,WD,990 Pro 4TB NVMe,10450,Amiral,Yayıncılık,,,3,4TB,M2 NVMe,PCIe 4.0 NVMe SSD,9.9,3805,5,Yok,,,,,7259 MB/s,5600 MB/s,GamingGenTR
Toplama Bilgisayar,Mouse,SteelSeries,Viper Mini 16000DPI,600,Giriş,Günlük Kullanım,,,,,Bluetooth,"16000 DPI sensör, 63g",7.4,3039,2,Yok,,,,,,,GamingGenTR
Toplama Bilgisayar,Monitör,AOC,Legion 27 inç 1920x1080 144Hz,5250,Orta,Ofis,,,50,,HDMI-DP,"IPS panel, 144Hz",7.9,226,3,Yok,27 inç,1920x1080,144Hz,,,,Epey
Toplama Bilgisayar,Mouse,Razer,ROG Keris Pro 12000DPI,1400,Orta,Yazılım,,,,,Bluetooth,"12000 DPI sensör, 63g",8.5,3237,2,Yok,,,,,,,Sinerji
Toplama Bilgisayar,Klavye,ASUS,Apex Wireless Optik switch 75%,4550,Üst,Yazılım,,,,,USB,Optik switch klavye,8.4,10827,2,Yok,75%,,,,,,Akakçe
Toplama Bilgisayar,Kasa,NZXT,4000D Airflow White,3900,Orta,Günlük Kullanım,,,,,E-ATX,"Full Tower, mesh/airflow odaklı kasa",8.6,2550,2,Var,Full Tower,,,,,,Epey
Toplama Bilgisayar,Anakart,Biostar,Creator B650 MAX DDR5,7100,Orta,Yazılım,AM5,DDR5,,,AM5-DDR5,"Mini ITX, B650 yonga seti, DDR5 bellek desteği",7.5,4190,3,Var,Mini ITX,,,,,,Epey
Toplama Bilgisayar,Güç Kaynağı,GamePower,Strider 1000W 80+ Platinum,9150,Üst,Video Edit,,,1000W,,80+ Platinum,"Modüler PSU, 80+ Platinum",8.3,1091,5,Yok,,,,,,,Akakçe
Toplama Bilgisayar,Kasa,Thermaltake,North RGB,4250,Orta,Yazılım,,,,,ATX,"Full Tower, mesh/airflow odaklı kasa",7.4,1664,2,Var,Full Tower,,,,,,Epey
Toplama Bilgisayar,Kasa,Phanteks,TD500,8250,Amiral,Video Edit,,,,,ATX,"Full Tower, mesh/airflow odaklı kasa",9.5,3331,2,Yok,Full Tower,,,,,,İncehesap
Toplama Bilgisayar,Mouse,Lamzu,Clutch GM 36000DPI,3050,Üst,Oyun,,,,,Kablosuz,"36000 DPI sensör, 63g",9.2,2819,2,Var,,,,,,,İtopya
Toplama Bilgisayar,SSD,Crucial,Viper VP4300 2TB NVMe,5750,Üst,Yayıncılık,,,5,2TB,M2 NVMe,PCIe 4.0 NVMe SSD,8.1,759,3,Yok,,,,,5632 MB/s,4159 MB/s,Akakçe
Toplama Bilgisayar,Kasa,Phanteks,North Mesh,1600,Giriş,Oyun,,,,,E-ATX,"Mini Tower, mesh/airflow odaklı kasa",6.7,557,2,Var,Mini Tower,,,,,,Epey
Toplama Bilgisayar,Klavye,Glorious,BlackWidow Pro Low Profile 60%,600,Giriş,Oyun,,,,,Bluetooth,Low Profile klavye,7.0,1066,2,Var,60%,,,,,,İtopya
Toplama Bilgisayar,Klavye,Keychron,Vigor GK Wireless Optik switch TKL,7200,Amiral,Günlük Kullanım,,,,,Kablosuz,Optik switch klavye,9.6,1777,2,Var,TKL,,,,,,Epey
Toplama Bilgisayar,Mouse,Cooler Master,M711 Mini 8000DPI,450,Giriş,Yazılım,,,,,Kablosuz,"8000 DPI sensör, 59g",6.5,1941,2,Var,,,,,,,İncehesap
Toplama Bilgisayar,Klavye,Logitech,Vigor GK Wireless Optik switch 75%,3050,Üst,Ofis,,,,,Kablosuz,Optik switch klavye,9.5,5094,2,Yok,75%,,,,,,Akakçe
Toplama Bilgisayar,Kasa,Phanteks,Aquarius RGB,12300,Amiral,Tasarım,,,,,E-ATX,"Mini Tower, mesh/airflow odaklı kasa",9.5,558,2,Var,Mini Tower,,,,,,İtopya
Toplama Bilgisayar,RAM,ADATA,T-Force Delta 16GB 2x8GB DDR5 5200MHz,2800,Orta,Oyun,,DDR5,,16GB,DDR5,5200MHz bellek kiti,7.8,2114,2,Yok,,,,,,,Vatan
Toplama Bilgisayar,Mouse,HyperX,G305 36000DPI,1100,Orta,Ofis,,,,,Bluetooth,"36000 DPI sensör, 90g",7.6,6367,2,Var,,,,,,,GamingGenTR
Toplama Bilgisayar,Mouse,Corsair,Model O Mini 30000DPI,1050,Orta,Günlük Kullanım,,,,,Bluetooth,"30000 DPI sensör, 49g",7.3,3140,2,Yok,,,,,,,İtopya
Toplama Bilgisayar,Monitör,MSI,ProArt 24.5 inç 1920x1080 180Hz,4700,Orta,Video Edit,,,50,,HDMI-DP,"VA panel, 180Hz",7.6,6024,2,Yok,24.5 inç,1920x1080,180Hz,,,,İncehesap
Toplama Bilgisayar,Klavye,Cooler Master,MOD007 Pro Membran 60%,1600,Orta,Ofis,,,,,Kablosuz,Membran klavye,7.6,910,2,Yok,60%,,,,,,İncehesap
Toplama Bilgisayar,Kasa,Phanteks,TUF GT Black,2350,Orta,Ofis,,,,,Micro ATX,"Mid Tower, mesh/airflow odaklı kasa",7.9,2625,2,Var,Mid Tower,,,,,,İtopya
Toplama Bilgisayar,Klavye,Redragon,ROG Strix Scope Wireless Low Profile Tam boy,2400,Orta,Günlük Kullanım,,,,,Kablosuz,Low Profile klavye,8.8,6821,2,Yok,Tam boy,,,,,,Sinerji
Toplama Bilgisayar,Klavye,Cooler Master,K380 Pro Mekanik 60%,750,Giriş,Yazılım,,,,,Kablosuz,Mekanik klavye,7.1,1624,2,Yok,60%,,,,,,İtopya
Toplama Bilgisayar,Klavye,Keychron,K2 Membran 75%,700,Giriş,Yazılım,,,,,USB,Membran klavye,7.8,181,2,Var,75%,,,,,,GamingGenTR
Toplama Bilgisayar,Klavye,Keychron,Ogre Wireless Low Profile Tam boy,600,Giriş,Oyun,,,,,Kablosuz,Low Profile klavye,7.1,604,2,Var,Tam boy,,,,,,Vatan
Toplama Bilgisayar,RAM,ADATA,Dominator 16GB 2x8GB DDR5 6000MHz,3250,Orta,Ofis,,DDR5,,16GB,DDR5,6000MHz bellek kiti,8.4,8320,3,Var,,,,,,,İncehesap
Toplama Bilgisayar,Klavye,HyperX,G Pro X Pro Low Profile TKL,1650,Orta,Yazılım,,,,,Kablosuz,Low Profile klavye,8.2,7176,2,Var,TKL,,,,,,Vatan
Toplama Bilgisayar,SSD,SK hynix,NV2 2TB NVMe,3850,Üst,Yayıncılık,,,4,2TB,M2 NVMe,PCIe 3.0 NVMe SSD,8.2,11673,3,Yok,,,,,3302 MB/s,2373 MB/s,Sinerji
Toplama Bilgisayar,Kasa,Fractal Design,4000D Airflow Black,2900,Orta,Ofis,,,,,ATX,"Mid Tower, mesh/airflow odaklı kasa",8.8,6010,2,Var,Mid Tower,,,,,,Akakçe
Toplama Bilgisayar,Kasa,Fractal Design,View 270 Black,4250,Orta,Oyun,,,,,E-ATX,"Mini Tower, mesh/airflow odaklı kasa",7.3,2294,2,Yok,Mini Tower,,,,,,Epey
Toplama Bilgisayar,Klavye,Akko,Apex RGB Membran 60%,1500,Orta,Ofis,,,,,Kablosuz,Membran klavye,8.2,4927,2,Var,60%,,,,,,Sinerji
Toplama Bilgisayar,SSD,Lexar,990 Pro 4TB NVMe,7350,Amiral,Yayıncılık,,,4,4TB,M2 NVMe,PCIe 3.0 NVMe SSD,9.5,3698,5,Yok,,,,,3498 MB/s,3183 MB/s,Sinerji
Toplama Bilgisayar,Klavye,GamePower,RK61 RGB Membran 75%,6700,Amiral,Ofis,,,,,Bluetooth,Membran klavye,9.6,4797,2,Var,75%,,,,,,Epey
Toplama Bilgisayar,Klavye,Corsair,MOD007 Membran TKL,500,Giriş,Yazılım,,,,,USB,Membran klavye,7.1,1026,2,Yok,TKL,,,,,,Epey
Toplama Bilgisayar,SSD,Crucial,P5 Plus 2TB NVMe,3550,Üst,Oyun,,,4,2TB,M2 NVMe,PCIe 3.0 NVMe SSD,8.2,5497,5,Yok,,,,,3503 MB/s,2524 MB/s,Akakçe
Toplama Bilgisayar,Kasa,Fractal Design,MAG Forge White,10800,Amiral,Yapay Zeka,,,,,Micro ATX,"Mid Tower, mesh/airflow odaklı kasa",9.6,4562,2,Var,Mid Tower,,,,,,İncehesap
Toplama Bilgisayar,Anakart,MSI,Strix Z790 AX DDR5,13600,Üst,Video Edit,LGA1700,DDR5,,,LGA1700-DDR5,"Micro ATX, Z790 yonga seti, DDR5 bellek desteği",8.4,704,3,Var,Micro ATX,,,,,,İtopya
Toplama Bilgisayar,Mouse,MSI,M711 Pro 16000DPI,1450,Orta,Ofis,,,,,Bluetooth,"16000 DPI sensör, 59g",7.5,885,2,Yok,,,,,,,Sinerji
Toplama Bilgisayar,Mouse,Razer,ROG Keris 26000DPI,2550,Üst,Ofis,,,,,Bluetooth,"26000 DPI sensör, 75g",8.1,9634,2,Yok,,,,,,,GamingGenTR
Toplama Bilgisayar,Kasa,Corsair,CH370 Mesh,3000,Orta,Günlük Kullanım,,,,,ATX,"Mini Tower, mesh/airflow odaklı kasa",7.6,8090,2,Var,Mini Tower,,,,,,Epey
Toplama Bilgisayar,Güç Kaynağı,SilverStone,C Series 550W 80+ Bronze,2800,Giriş,Oyun,,,550W,,80+ Bronze,"Sabit kablo PSU, 80+ Bronze",7.5,1959,10,Yok,,,,,,,Epey
Toplama Bilgisayar,Ekran Kartı,Palit,RTX 5070 GamingPro 12GB,53650,Üst,Oyun,,GDDR6,250,12GB,PCIe,2026 yeni nesil 1440p,8.9,5292,3,Var,,,,12GB,,,Akakçe
Toplama Bilgisayar,Kasa,DarkFlash,TD500 White,7450,Üst,Oyun,,,,,Micro ATX,"Mid Tower, mesh/airflow odaklı kasa",8.5,645,2,Yok,Mid Tower,,,,,,İtopya
Toplama Bilgisayar,Kasa,NZXT,MAG Forge White,1350,Giriş,Oyun,,,,,E-ATX,"Mid Tower, mesh/airflow odaklı kasa",7.5,875,2,Var,Mid Tower,,,,,,İncehesap
Toplama Bilgisayar,Güç Kaynağı,Corsair,C Series 750W 80+ Platinum,4000,Orta,Yazılım,,,750W,,80+ Platinum,"Sabit kablo PSU, 80+ Platinum",7.4,7027,10,Yok,,,,,,,Sinerji
Toplama Bilgisayar,Klavye,Razer,ROG Strix Scope RGB Optik switch 60%,2400,Orta,Oyun,,,,,Bluetooth,Optik switch klavye,8.5,7049,2,Var,60%,,,,,,Akakçe
Toplama Bilgisayar,SSD,Crucial,P3 Plus 2TB NVMe,6000,Üst,Video Edit,,,5,2TB,M2 NVMe,PCIe 4.0 NVMe SSD,9.1,11742,5,Yok,,,,,6578 MB/s,4705 MB/s,Sinerji
Toplama Bilgisayar,Anakart,Gigabyte,TUF Gaming B650 MAX DDR5,4550,Orta,Yazılım,AM5,DDR5,,,AM5-DDR5,"ATX, B650 yonga seti, DDR5 bellek desteği",8.0,1622,3,Yok,ATX,,,,,,Epey
Toplama Bilgisayar,Klavye,Royal Kludge,G Pro X Wireless Optik switch 75%,5150,Üst,Günlük Kullanım,,,,,USB,Optik switch klavye,9.3,5627,2,Yok,75%,,,,,,Vatan
Toplama Bilgisayar,SSD,Patriot,NV2 2TB NVMe,5050,Üst,Video Edit,,,4,2TB,M2 NVMe,PCIe 4.0 NVMe SSD,8.9,3571,3,Yok,,,,,7369 MB/s,5183 MB/s,İtopya
Toplama Bilgisayar,Klavye,Redragon,Alloy Origins RGB Membran 60%,1800,Orta,Günlük Kullanım,,,,,USB,Membran klavye,8.0,7886,2,Var,60%,,,,,,Epey
Toplama Bilgisayar,İşlemci,Intel,Core i9-14900KF Kampanya,26000,Amiral,Oyun,LGA1700,DDR5,125,,LGA1700-DDR5,24 çekirdek,9.0,1899,3,Yok,,,,,,,GamingGenTR
Toplama Bilgisayar,HDD,Toshiba,N300 4TB 7200RPM,4700,Orta,Video Edit,,,9,4TB,SATA,3.5 inç mekanik disk,7.3,6781,2,Yok,,,,,,,İncehesap
Toplama Bilgisayar,Mouse,MSI,DeathAdder Pro 8000DPI,1550,Orta,Günlük Kullanım,,,,,Kablosuz,"8000 DPI sensör, 75g",8.2,8103,2,Yok,,,,,,,Sinerji
Toplama Bilgisayar,Kasa,MSI,MAG Forge White,6550,Üst,Oyun,,,,,ATX,"Full Tower, mesh/airflow odaklı kasa",8.7,7222,2,Yok,Full Tower,,,,,,İncehesap
Toplama Bilgisayar,Mouse,HyperX,Viper Mini 26000DPI,1050,Orta,Günlük Kullanım,,,,,Bluetooth,"26000 DPI sensör, 59g",7.3,1371,2,Var,,,,,,,İncehesap
Toplama Bilgisayar,Anakart,ASUS,Phantom Gaming X570 MAX DDR4,13700,Üst,Tasarım,AM4,DDR4,,,AM4-DDR4,"Micro ATX, X570 yonga seti, DDR4 bellek desteği",9.5,10306,3,Var,Micro ATX,,,,,,Epey
Toplama Bilgisayar,Mouse,Corsair,Harpoon 12000DPI,1000,Orta,Yazılım,,,,,Kablosuz,"12000 DPI sensör, 90g",8.6,865,2,Yok,,,,,,,Akakçe
Toplama Bilgisayar,Mouse,Redragon,DeathAdder Pro 16000DPI,450,Giriş,Günlük Kullanım,,,,,Kablosuz,"16000 DPI sensör, 49g",7.0,56,2,Var,,,,,,,Akakçe
Toplama Bilgisayar,Klavye,Corsair,K380 Wireless Optik switch TKL,700,Giriş,Günlük Kullanım,,,,,Bluetooth,Optik switch klavye,7.3,2913,2,Yok,TKL,,,,,,İtopya
Toplama Bilgisayar,Monitör,Lenovo,Raptor 23.8 inç 2560x1440 180Hz,10750,Üst,Tasarım,,,50,,HDMI-DP,"VA panel, 180Hz",8.8,9049,2,Yok,23.8 inç,2560x1440,180Hz,,,,Vatan
Toplama Bilgisayar,İşlemci,AMD,Ryzen 9 7900X Pro Sistem,23050,Amiral,Oyun,AM5,DDR5,170,,AM5-DDR5,12 çekirdek 24 thread,9.5,5536,3,Yok,,,,,,,Sinerji
Toplama Bilgisayar,Monitör,Samsung,ProArt 34 inç 1920x1080 180Hz,6900,Orta,Oyun,,,25,,HDMI-DP,"IPS panel, 180Hz",7.4,4444,3,Yok,34 inç,1920x1080,180Hz,,,,Sinerji
Toplama Bilgisayar,Mouse,Logitech,ROG Keris Mini 36000DPI,6950,Amiral,Ofis,,,,,Kablosuz,"36000 DPI sensör, 75g",9.5,5142,2,Var,,,,,,,Vatan
Toplama Bilgisayar,SSD,SanDisk,NV2 500GB NVMe,1300,Giriş,Yazılım,,,4,500GB,M2 NVMe,PCIe 4.0 NVMe SSD,7.5,207,3,Yok,,,,,7109 MB/s,5538 MB/s,Sinerji
Toplama Bilgisayar,Monitör,BenQ,TUF Gaming 27 inç 1920x1080 75Hz,2650,Giriş,Yazılım,,,50,,HDMI-DP,"IPS panel, 75Hz",7.2,3127,3,Yok,27 inç,1920x1080,75Hz,,,,İtopya
Toplama Bilgisayar,RAM,G.Skill,Ares 64GB 2x32GB DDR5 5600MHz,12350,Amiral,Yayıncılık,,DDR5,,64GB,DDR5,5600MHz bellek kiti,9.7,6484,2,Var,,,,,,,İncehesap
Toplama Bilgisayar,Kasa,MSI,View 270 Black,7200,Üst,Tasarım,,,,,ATX,"Full Tower, mesh/airflow odaklı kasa",8.1,4388,2,Var,Full Tower,,,,,,GamingGenTR
Toplama Bilgisayar,Monitör,Dell,Legion 27 inç 2560x1440 144Hz,7400,Üst,Oyun,,,35,,HDMI-DP,"VA panel, 144Hz",8.6,2208,2,Yok,27 inç,2560x1440,144Hz,,,,Sinerji
